176.0295494488543,154.99178499049802,151.6842686084818,170.4918300204483,163.3499037874702,178.44574315618692,180.20345723944013,1
178.1826177282678,151.6249970575337,151.62149461579162,166.91195931105173,165.0845839947089,174.66647683760763,176.57187107915215,1
178.0471076630874,158.89014800435245,159.22681254783387,165.11461949094146,171.36187107251382,176.81128744178915,176.52108307150849,1
177.46203942568485,156.44006011993505,155.08489210115806,169.05039317138244,167.19330840048266,177.1150388097889,177.23077799219035,1
173.70591049670148,158.59707702774043,157.0228436785548,165.10833377837122,166.40287601325423,176.64684936988127,173.77781967452668,1
175.88364981678168,153.4426764657632,154.148685880935,169.73325289547427,168.37672767538382,174.08018275755495,176.100868463742,1
175.73538370432433,157.95002835969007,159.70084073689998,167.84599728368065,168.40804452085078,179.4516857252624,175.88525818177774,1
175.56535433976114,149.02409141867287,151.7034839160487,164.99455637186634,160.78484657767945,176.69823359979077,179.58619757846608,1
179.51707654494726,155.89682548464367,156.84974325083664,164.5978787138049,168.00464025825266,176.10022261592636,178.66827029636897,1
176.3149728548835,152.22270139976794,150.46455789390566,162.83287430211539,163.10537880092124,176.8596002352522,177.61152213162407,1
178.67063487796892,154.58736217281006,152.61190319740643,162.89317648662322,158.93831800295487,177.89574012317047,179.48323961892467,1
175.94689006684095,149.8063448087654,146.17471984998394,164.0083720969773,159.75013843750003,177.03705207961025,178.74966056332636,1
174.90525493139765,154.27238205303925,156.62028060449617,161.20627464781143,163.52273549110953,178.45426635796878,175.791706786927,1
176.34473296225318,152.10608850371642,151.78992203658578,161.31960158602362,157.60211642926433,177.7354352411553,176.1290120260597,1
177.96411495612722,156.66726277497696,159.26913470486397,159.51097303112655,161.59948928970942,176.13725450651094,176.17794586657146,1
176.59452077755154,148.70538124588302,147.8552481298077,158.64375156197914,160.28182039433736,177.7793576084559,177.32943705930396,1
178.15793592895974,152.1474574075683,155.55073613563377,161.76719663778746,161.1163254299586,175.85418793697693,175.09533554778932,1
176.4751171962724,152.0738069853442,149.14405423477493,158.95203585617736,160.4143462778682,177.30047053659197,177.27324104241941,1
176.86996328774657,147.2271442426008,147.11396987447185,160.01782287255003,164.42084672126285,178.0339654568196,177.4026196162242,1
176.9988672034035,154.01305083940332,150.64482949743913,157.3210475277383,160.33051864647226,178.31600038888962,174.82252646520527,1
176.40844764843067,149.82091303294266,151.59574906998176,156.87279674326348,155.7776424123232,176.49678071278183,176.10027815894938,1
177.71768985121435,150.39107131664906,151.3818900588529,152.60101906708732,151.70258885528492,177.38127854726162,176.84799420865622,1
175.9189246356099,147.9802988240893,149.25625156184495,153.40248090619153,150.22563144679393,174.45268215025325,175.60373628756915,1
176.92341034711714,145.99302647266464,146.51764158887403,154.27870153081258,157.44017757229932,177.67877062581258,179.31544258074376,1
176.8850192057054,148.2594018008759,146.69512649069398,149.1693426092755,145.49781281229357,177.21937944105466,175.063650356241,1
176.08125917343204,147.78225236482317,146.94325755180438,148.25250687657453,151.23605368537008,176.5458654679101,176.15460763014687,1
175.989740062159,146.4756663009332,146.30475821246344,153.0478674237578,151.25304420553698,173.8439474105842,175.1137279769373,1
176.83604839783015,147.26730751455472,145.48932921510755,144.9188111070455,145.97700728349093,177.16787728329024,175.1576733917344,1
177.01371282094186,148.4522630389937,148.05133203479198,147.32692194062005,145.68250649301638,178.2407467508438,177.32435460039682,1
176.02453815285483,140.8899847604914,143.39375983210942,145.49105690139805,139.76616515720852,177.05163557062707,176.14771362711315,1
177.25957949593504,140.79673893622052,142.97002996597269,146.7817013027466,141.321785873874,175.02043272579365,177.99834175797307,1
171.73926661459586,147.62944710110543,148.57060710390977,143.39723211218168,146.92905685356982,176.5952207842902,178.12698560205504,1
174.08010814195615,142.83274590880387,145.0338575818217,137.2718279921574,135.93854379421376,177.92671388330217,178.1285333503849,1
173.9439956852922,144.71679672064485,148.46266483597648,140.882351172759,136.5648535972666,176.8801007562024,176.6787278515939,1
173.70249283003224,147.15684889505314,144.7579560434688,139.82220954372931,136.07889783457847,178.2371601816714,176.04024054897832,1
174.3745861756204,139.15275478428765,136.11689283725292,131.85793847136927,133.9584671777006,176.57563475843543,174.79473550351017,1
173.83293658295747,135.54879798569326,135.68388118235367,132.6556893603349,125.94513018855865,174.60897007179707,178.51846324165672,1
175.8759129317169,133.32929328279312,134.4060140910487,135.90703187762062,134.0567601925127,177.54029468859227,178.23535313556187,1
174.82165671742018,143.28346458990276,144.4261589554587,138.2265838607037,137.9964427010927,176.80066763178743,178.93536146167494,1
176.5328408175372,132.9951279209813,134.31124315072913,135.77111215246484,139.39790314235378,178.37542633661715,176.77820084045476,1
174.69019424742703,138.7616530896794,138.76530809269929,126.9058863480211,128.5757717275012,175.15388136396282,179.0143168444183,1
173.54315713867874,127.32768211704375,127.19590223207372,132.24651017214578,135.70706899731118,174.74511724799987,175.07960635270953,1
173.52139617307654,133.30818195009388,134.51402043779143,127.88458353554333,124.65375644109005,174.12811955793737,177.8374448244291,1
174.38977754274947,137.24447246599348,135.89182593557243,130.7638916237928,125.89174223567004,177.3471710439736,175.49685451079145,1
174.34119286110032,126.22589919021051,126.51583525885839,119.96426779316077,115.63060506792446,179.01949985265426,178.8361270092775,1
173.34294357556814,128.3480708797857,130.45578687326378,128.17257971715935,130.38973737493717,174.2066518884138,176.78927605882012,1
174.1364768902837,134.71922604416508,133.71151111644704,119.06704605772865,118.98105929072977,179.46637955014168,175.94833637886995,1
175.4119062080864,136.31020536139735,139.40520353239995,118.22510597900059,115.40409339842587,174.93842916155012,177.43131521316397,1
171.9695001428537,127.78923421256063,125.2284863998118,112.6386121376145,115.11051349885152,176.23463706202364,178.77681562673857,1
175.22721446194117,136.26438250150198,133.01139398120125,123.9221744418827,127.13114485290285,177.44431932020245,175.9060803111927,1
172.3241935913401,121.49584403085782,120.89302812074244,125.9427588179414,126.52888815555639,176.27072350819884,177.95738204080098,1
173.6215743548745,135.9839364629622,136.37612766375614,130.0288310438435,129.10426817905798,177.06100489447275,176.80730970860034,1
174.03629236733747,122.45569142886598,123.94485078801362,110.9176844278061,105.89663352360472,175.88742603006992,176.52811714028152,1
174.6580023146599,127.14407185428728,127.11736569666722,103.96982747156976,104.86269911842815,179.43138886031304,174.0556982662031,1
173.3680645283038,119.43660280231627,121.04647989242831,126.37702246307363,123.64813687181123,179.33055391681654,177.60403097749116,1
174.79203432438413,121.19916118466406,122.71855663182497,112.4396860015357,111.94108857965053,179.72649551249185,177.65078301588431,1
173.68607313961206,131.92842746885128,132.20817381605994,117.36682687855824,121.23835707753184,177.84680020166599,179.40498517507623,1
173.62289181572564,118.76398707517318,119.37410010167783,117.00715262309927,119.76318632074188,177.8093395453965,177.73353714150832,1
172.006721594079,125.05151929221269,125.13820808132327,123.06785153819119,125.35710908622842,175.70235499349178,176.58495995544732,1
174.39644346766545,120.86606625777543,118.58920058786539,103.99999886932922,107.15901776446863,179.8464116539289,176.31913181663674,1
173.56660679617116,121.8651802360049,122.28844024238958,99.13820322167302,99.75120117994429,178.449201142525,178.9386344286367,1
176.1239273319037,127.89061863535714,129.20499415645185,120.91826711405352,124.53115558258634,176.5832941172215,176.35203856640604,1
172.06249529328662,124.24276861063922,123.90552520546052,103.90059463463139,109.51990229086394,177.49095485872127,177.76894775516928,1
171.27163295425999,124.10918212754326,122.79644599849286,112.02707334142286,113.65798301430682,178.1701314431553,177.6542791158266,1
173.49554030282206,114.28414416206977,115.63026316084483,107.23181156950766,101.09130298291612,176.8063382795787,177.84531270325493,1
169.9193281917353,114.4613854809825,117.98468151261407,118.27387001787801,116.01947955218547,176.36559836202164,176.1584289583405,1
174.35486484955777,119.43919944496123,117.7896365782064,104.46727411753136,110.81646045482161,177.24674702560148,175.88392531790223,1
170.99623740287672,112.00839428090859,109.6713695680763,118.80588458757178,121.54947599794906,179.0272098613839,177.30693997833353,1
171.38336850220756,125.60136965906787,125.5500660559388,102.26418802672653,103.01091288468191,175.1751922193733,175.9963940894397,1
175.5910849381384,115.84664913916427,113.6473411533678,105.05461000447708,105.2862004447721,176.29356256308498,178.51528567191554,1
173.13324493959388,119.71599187282092,122.19260752389442,97.80753128433508,99.44624434980084,176.13678417386885,176.92204427482756,1
170.8192171087605,114.3385674118719,116.7954250635661,93.13396466596097,96.12523826945832,173.7071015091063,179.08350412373315,1
170.46496803060256,113.3048770637836,114.86861883948012,105.25102527159667,106.45889032634234,173.8701708242043,178.94638439038272,1
175.81776864040202,119.6340786716408,118.70648535177678,107.42251173320136,106.2560978818852,177.2199101387872,177.80029319652516,1
169.42262591372344,122.35317108127099,125.73306540551634,92.2619647663849,98.14866925241958,177.30802631262114,178.8147797567833,1
171.6240356910951,111.78791847752373,114.58743575356958,101.96041614991061,107.57468285407222,174.99884832289976,178.21582302345763,1
173.82595261256157,127.51007767884883,123.89644366446169,119.695072585492,119.48982106482461,176.58003377889696,178.86548574244296,1
171.67442419312007,128.6695333449959,129.6457409974421,96.23768344700954,98.57629776657186,177.0661971176925,174.1956284355221,1
175.44605546571816,111.54728446694415,111.63272225457673,120.82964137684745,121.25952987559877,178.9152030001142,179.88861759129603,1
171.25015579248614,126.07818320557621,127.44303127020179,107.5182589285127,112.37413876386452,177.33943851744323,174.44065337512055,1
174.04531882316167,120.02749531963781,120.9084208688215,116.6377476825666,117.84087302091082,179.29333688428355,175.25262917799273,1
172.74033022413474,114.4324014018557,110.44374579828484,106.14130983848757,112.31128053892719,179.50856830688446,177.66202697254153,1
172.92185461624996,118.03448645796365,120.49210799084412,97.2687358026574,98.14313533599052,177.62464129650104,176.48934052329056,1
175.51330952670946,114.94460855349095,114.94371980769739,120.82936234332524,120.88287670067291,177.27770655500552,177.09989240703493,1
172.08439058350183,114.5513820128067,114.04566950462512,101.01026058791716,106.87190414618411,175.91042583590098,175.2879888565103,1
174.63017591235595,127.53459693464777,128.39571826301182,120.85949680296252,122.17157643920949,179.07653654319824,176.99475485817106,1
170.36319613862466,129.6820774329561,132.39714305011648,111.83806797656116,108.7026239588991,177.1783345178185,174.38512985311962,1
170.45846204086564,114.38644577545446,116.23931618591799,97.38134997398834,96.69348299393005,176.26498484972413,177.90290834980357,1
171.22774219848975,113.7617053589732,113.45401479936358,109.30293298205217,111.39325730223317,174.8980901038178,174.35430031634226,1
173.66151250831413,128.7961329671398,132.11827208050025,115.97958459385629,113.81282620831364,176.75204202156328,174.5938200701923,1
172.15084499402033,120.74839192583876,121.69244595357735,107.29067269722668,104.40050909314601,177.90376755379356,177.53585361660308,1
170.39896813826653,123.31574047651345,121.55558815898011,104.66283774319882,103.23916828357274,177.47036084249447,175.84594545240594,1
175.99568353727557,116.30435152476281,116.69512357452781,115.77641210713533,116.64204535255611,174.96568420241087,179.34248787812868,1
172.16440143110665,132.91571576179462,132.22400498137344,122.3737594116456,119.2498376183989,176.17012466057434,176.8811164152639,1
174.03916806343494,120.26871801072295,117.9443403107647,103.12823853711328,101.1735526063423,176.0365197609806,175.23314911220083,1
173.5345708110201,121.75140296829318,124.04963493196229,118.33399487032757,116.2026504337594,179.92693810433965,174.92516968853295,1
171.28322327958026,122.24543585775038,122.31508984151,120.85274335313834,122.55061082461069,175.29934663343033,176.3112667558285,1
174.3429378275987,120.66149744087191,120.88494411215065,127.04422553328759,130.8368644084338,176.11336139322623,176.5232223537895,1
175.16499131166663,134.58186233985631,130.36757741271063,115.62358418876042,116.16376338778855,174.0343375099652,177.899382077318,1
175.28307130730119,128.7411806978694,132.28708845964067,110.94524702694439,108.16318227911961,178.2425781501318,175.20393223482859,1
172.7164495280712,125.0150741247486,121.95085450971756,119.58977684319964,114.30397551080576,178.63114339776232,177.38707624055192,1
174.14470984807582,130.10536386756078,126.70088454200966,122.44949706328838,120.73192778389986,176.0378769986746,175.95502016634973,1
173.0364072557153,128.78888475754067,132.0239653154478,131.37763103094204,136.40022274664,175.75555980211755,176.21256638232086,1
171.77652907671165,134.62465998974116,133.74740773897727,118.13713828438235,124.48929878700834,177.03983956077792,176.41403908602126,1
174.79465374820458,134.73821776289884,135.58521806181196,135.7100152262608,136.51994854338835,177.37875053613533,176.9256821402909,1
174.79505007860905,126.77877836557651,127.28283188252026,124.13836083391274,126.66578346405275,176.42420667446214,175.4326271882845,1
174.9709412643588,132.35452571555615,136.9057986802337,126.97842259401543,121.43252832927523,176.66209079986393,174.76498678468303,1
174.5891364769661,128.62509005434765,130.2485039300908,135.1041363991805,136.5164721572843,178.61994120790297,177.31386257929324,1
174.56126453970265,133.18214132747266,135.5028666731333,136.56521935813328,132.97827894236153,173.85535378644585,173.8553270536097,1
175.31993113446939,129.15081617076368,130.0222811377753,131.26655974795912,129.38144517293426,178.98867046456857,176.81836623691498,1
175.40699212754993,135.0308100968322,138.42156997446773,132.38149398101308,133.8063637657608,177.46507263668443,176.88930585401505,1
172.7485051803252,138.42683424922726,140.1186971899061,127.68219095532034,124.15234189629821,177.1302552630771,175.4100764599667,1
174.6184127273886,139.39786635539227,139.16556243840816,134.71942870488533,133.49219919018867,177.57056873747564,175.99411077220125,1
174.00988681108166,143.39055659865676,147.83930072694875,137.416538287807,141.74554049350579,176.88535305882453,176.327616259185,1
175.96588023944403,136.85646683899262,135.78419998120248,141.8680825306258,140.10900378887897,179.0194750980081,179.3432675721499,1
174.46208282820925,135.6645221171284,133.8911533441904,142.97037104758633,147.86155298231802,179.401597235981,175.83773707123763,1
174.99133573918192,144.5560836282242,141.06962656416232,144.08286214004355,142.34508749971326,178.37438660907728,178.9274676570816,1
175.7732227880834,141.50914234257388,141.37761007457985,140.96897479062167,141.56284607294327,178.8050532752805,179.15018575777935,1
176.84969066744534,137.1569327466699,139.63896090603004,144.972747828065,140.59335930688437,177.47088448791553,177.77838088664157,1
174.96013606485522,141.61660510566983,140.40041302064583,146.9237169327132,152.65136899426207,179.49923968082746,177.124352594153,1
177.53456486178237,140.48419792500718,140.80038233523175,145.10725100919345,148.7806215111358,177.04497605349607,177.1991600089791,1
177.604921537876,142.94287408376172,147.59840455641333,147.39307231802633,145.97124636542742,174.22760226951036,178.42574555275814,1
174.92794394064475,142.42782699083196,144.33821264716417,152.34670893193285,151.0626848161117,180.02398724230102,177.50829914727416,1
176.30442355564236,147.4208441498392,149.92981571099847,152.96123902436338,148.32344717688565,177.05399852934772,177.41591735917584,1
175.4129650016595,143.3883874258972,142.23479440219174,149.96806958369095,153.76562875386716,174.556852450829,179.7611052781217,1
174.55759345024518,142.38163927215672,145.2972371583753,153.0770265158166,154.8104321971293,174.98983121620674,178.38763276801984,1
175.2093091927439,148.11144338224244,146.7389245910999,155.5587235073314,156.4941469073859,177.98507814478677,177.0405972913832,1
177.01708744007752,150.54699895975907,151.24792718007322,155.85103174690445,157.2218754597734,179.93447608599482,177.4424393366238,1
176.55552555327816,144.77854830967152,141.56965725663107,157.89361120108862,157.49199417895602,177.7153189777825,175.29295453459716,1
176.29786987830354,146.32719465277265,149.3460472796387,153.66250062589376,148.92020622286543,178.123724866407,178.46240628830424,1
177.27523003525963,148.64838832683577,150.18535579948053,157.06668270791934,159.0847575633989,173.82733662990276,179.45525445761132,1
176.91320292740068,150.85260840694943,154.77366823719746,157.36212022674292,155.47749628776677,175.74353626932296,176.97512488869796,1
178.02585480816495,150.08100123875707,149.18593279027556,162.28205774767736,164.67409307548598,175.2998458609025,176.52351799722962,1
174.52220495828323,151.55447150288796,150.00111086343892,162.29771633638615,162.91806224593893,175.28763942094957,176.5888263483471,1
178.80941759153288,152.607244461999,151.8453216326172,163.49877999549912,164.88060913910186,178.82719077145094,175.90975391191495,1
176.01250414784806,149.87208252554774,149.45775580330476,163.60438794909084,165.6568522470348,174.9420649967142,177.08982773446544,1
177.65275538061914,154.67968239029057,158.62507811164946,160.60962833475546,163.78920285689202,174.1235091965355,175.37422701695786,1
177.8448173738162,154.28620710619833,153.1029801372398,160.68605400215623,163.3637699548941,178.60475535344833,176.35616737036528,1
178.43334401762075,156.68335981485947,154.49434422709436,167.49283918399496,162.6309118842138,174.49248416745547,176.55549596455458,1
176.66364560316683,153.12317190718434,154.84907171060257,163.66060342708326,160.60451454463885,175.76944153893925,175.4472831864826,1
177.27832517222637,152.9037392188955,157.0875698889162,165.34693193542236,166.70868130345727,178.71119355963958,177.10816154806668,1
177.8588231167903,154.35818624858902,152.66248423206096,165.35845050260488,168.8365687544032,175.016545764956,177.55488777598165,1
176.6010586944008,157.0984511270127,159.10347103830438,165.8323400334654,166.98590016788583,178.34305486941926,177.56221702663296,1
179.8222371296751,149.84605192220928,152.77472854910616,169.21426025668404,168.02623529473618,173.94256602282098,175.70680504591348,1
176.71543873456875,156.23982585471293,153.67063731219173,165.5576436336988,166.77094617046237,175.23901249140727,176.19195880089535,1
175.41612397191727,155.2801500959951,154.09749866335514,167.83790916760103,169.97290714891506,177.98180295072038,177.35066085531508,1
177.55559560040012,151.58184039534117,150.86105820668905,165.897112752475,168.70854648089554,175.39159823460432,176.10060274015564,1
175.5140890929513,149.6850346793423,150.14543874911297,166.49391883828966,170.2886550842749,178.68603845018166,175.82340573939538,1
175.29320068020309,154.6100232549326,155.83148106077755,167.4044259114943,168.23264564394034,177.93337690991294,176.34091628046085,1
176.20297886078734,149.23076341003195,148.45093286952385,169.251652018398,163.77643903023636,176.36807382969636,174.1202543920849,1
178.68926285183986,155.02694003280288,154.4734517958021,168.11588668359914,172.45007401292003,179.28632985782747,177.45303659646416,1
176.39200983650983,159.7475700835538,158.6262193147599,169.93974972274592,170.22914995429718,176.67922715858546,174.91504280138355,1
176.5402109459581,154.06391818639068,156.84512971424266,167.2577534803504,170.21017403712128,177.94840999061336,176.8010820383297,1
177.29880173241418,155.0305838578841,153.94384763797513,167.59498882676257,171.71802032704863,178.55618784584158,178.81970688269377,1
174.82336550759385,158.51521079202274,159.70342820748533,169.93734868729842,164.68890010975178,175.5198719348042,176.1316377843787,1
177.40455957204864,156.75290267565612,155.49598228656876,165.24259398700895,164.23793173083155,177.13310065349197,176.34571915213274,1
176.34202853594965,150.97118877875275,151.59706611688122,163.8146184969001,167.75151124645163,178.29421316844332,177.08456793046338,1
176.32386953401206,154.7948239362859,155.86779060359902,168.5857772658529,168.38212994262602,176.66324821064194,175.35331961946315,1
175.38231731489816,158.86482431594655,159.92143557178386,163.46327550868,160.1253510077232,175.81798530445326,177.6992592355331,1
176.65410626911662,152.81562112181265,149.74995272339004,167.26325391417862,167.1122629995345,176.11478198316715,176.38588810616332,1
178.08277226072184,151.09722206637016,149.60156105335543,164.8587843620653,165.62653382936807,177.58834965767846,177.5733313473835,1
178.12611285897722,150.02673016818082,153.69263829948827,163.25937694989082,164.14729618728174,178.82692374039752,177.46082433825228,1
176.62370274704838,154.05244901201368,155.69241749779462,163.24384458720047,159.31781535102812,175.70052621413564,177.29403393676574,1
173.79997824663187,152.6985829697225,152.781335834609,164.8693119226641,163.60635471104666,176.91368683983472,174.62867583124958,1
176.18772341475486,155.8339583813545,153.99114914861667,162.2797170116721,159.03121238540498,175.9736580350369,175.1598276306319,1
174.82701253780547,148.329335024169,150.2945054033759,161.85177403893107,157.47328246368912,179.18587663219722,174.20180091388065,1
177.26924440127877,151.53633441278936,147.77635318125525,159.66157833068473,161.01530372636134,177.81982763036223,175.93960154739696,1
175.2798064124951,148.76892783954412,148.19013388220756,158.01748369491511,155.2841738186455,178.83382459424593,178.00711946684137,1
176.64702657791295,148.6933905452841,145.77933897310209,161.37831840840238,162.8385488982528,174.91688669192104,177.9226953523446,1
175.89819288523202,145.44750051257645,143.31181055863993,157.83953121814523,158.53758239993803,176.39475996445205,176.50003897919285,1
177.20554139890714,144.2370557289525,144.9937693711133,161.82052380504857,164.81606498866807,176.35714306354558,178.5378238418741,1
177.79829272913594,144.15409823531797,147.24854272604043,153.8393306859262,151.96871617929403,177.20662007806948,175.8953196873386,1
174.60191083317397,146.40467644112954,147.13630984156225,154.86508591839598,152.94266592374623,179.4714394075855,177.01310996464073,1
176.27380778623146,145.34700866281412,145.42427253823834,158.7193972688659,155.88686341548623,176.03617961900315,178.3777325786598,1
177.93667584801332,149.1663322775108,149.84192578437094,153.72181277078337,153.11527551725106,176.1564447758806,177.60095628628886,1
177.81177485986944,147.57589176298006,148.36170924605256,151.09605614003914,147.16902759989378,177.08179751578444,173.9675868081771,1
176.4633054867026,143.23488681861255,138.94799178423543,149.30375722599578,144.9918528541799,177.95066170756056,175.42008263027782,1
176.35584554749653,145.89502552731335,142.53438521318486,148.7005118887161,144.4058322204666,176.53940253983689,174.56487001769133,1
175.98532940707258,141.61491868642847,139.3240070191238,150.85585298405425,152.23057833526033,177.78931643999616,177.79639018819125,1
176.43597946492383,138.05315073465852,142.23351406863407,143.6170523590735,141.6066071353391,175.77778197986672,179.40088946200876,1
178.36451290935918,140.0481097838301,142.08114105289417,153.0808440087501,156.6077440988449,176.63246549453996,178.7625048637664,1
176.49691481387734,144.72931078197234,144.6105051680651,148.44238210837347,153.9293328164938,177.5272140029998,175.3910868409311,1
176.2047016755081,141.0843880547495,141.28220492434042,139.25972902593963,143.65574136205453,177.36098726725592,177.79497973129543,1
174.3931204288192,139.32185384198485,139.94272083191225,139.07031822677757,132.8963458983304,175.24559444873813,176.70451794108772,1
175.93291061041606,139.97646114547447,142.4572153808035,140.72090753808433,138.90490752787258,177.79955185495905,176.63184432260658,1
176.74323223712906,135.3496878692506,134.42207928820255,136.25557853740406,132.98613951294175,177.6320200358701,177.03794239504364,1
175.85390935233985,141.2983848916855,143.7758216365308,137.71185926798285,133.26334892560595,176.6069242971074,175.9049094132944,1
174.2314912386632,139.96678104300753,138.37361734676526,140.84170367577795,138.80280316942935,176.5494461042525,177.92822058350458,1
174.14216542791476,135.2669160234275,136.3889108797726,130.9095283663266,130.0954704551969,178.09934434740285,178.6941538611433,1
172.76882981476555,137.1153406099666,135.39441232082336,138.25877511247538,135.30246917618058,175.06343678854972,177.31345078863697,1
171.9929278448498,140.53654134317907,140.48392626700735,139.7486122283214,138.28919297064206,178.1935221666364,175.8385899091823,1
172.9998293049941,136.9941978682804,133.44686716094276,126.32314436931196,121.56252521772291,179.99962840976036,178.0388032945821,1
175.5951065947241,135.88993236623148,133.6142777574175,135.50769673282485,130.50164717811703,175.6900193089995,178.99309410435356,1
173.01005254066803,129.55714750437988,131.3586281020645,120.67434552414885,125.45641319543236,177.38667923368934,176.04447089739338,1
173.57912209879208,134.3629799286934,136.32547435190628,127.25905189705853,131.5838214059051,179.43201032295374,179.16069763929238,1
174.8169792016375,130.0216783087392,128.4363582873422,120.78725696215534,122.96981715752335,178.6017076545368,175.69768708631395,1
173.74376363968568,135.78975199474496,138.65576389567858,116.91899169753935,123.71875769838432,177.35735389805177,175.0041437872786,1
171.55779305240037,131.86441696438237,133.01348854464257,117.79928869618561,119.88435385631135,177.22800837353068,177.52786529374413,1
174.93047295220887,133.4581224996984,137.08084510770732,119.49600212999803,120.42267300658455,178.4058666405046,176.45011351888863,1
173.59305172382267,134.42082418990717,135.19057833446226,120.4643320474439,122.02496586122587,179.06420654667355,176.84463655119347,1
172.77494011944887,125.91841283879587,125.72478093506754,117.88263956441834,117.40794650242994,177.647472923422,174.84831126739414,1
172.52715829874555,131.38756086023056,131.181830078816,108.32758401110767,112.64941550326843,176.0145292959759,176.39573267668564,1
173.68769755490547,125.2050710692498,122.67467669207885,113.21446375599555,114.32906601795068,177.92730865653198,177.11480545362028,1
171.1296224106539,126.53704672823086,124.67278797274606,118.9912227352193,115.23330665713108,176.1211224629174,176.9306929060413,1
174.27762785839406,122.9054158729449,124.98148543687637,124.30069687311807,125.9455362049647,176.415720175783,177.24843616757954,1
173.00781260896792,121.72013253648876,123.82933883829111,127.53923288196589,127.75353852120308,178.49240802438516,180.0569069035736,1
174.7024811616495,127.36730207067677,126.41056035612986,106.32495212917897,104.80158360949044,176.5111255305835,176.1731181117988,1
172.61758480608162,127.03063587740445,126.38466699101353,111.7830426842991,105.48169207547036,178.40339357884076,177.99907571277615,1
173.7307084391199,129.88097279295135,127.94013836529955,125.42400078781662,120.69852400790381,176.18343009735162,178.06240245638585,1
174.11572410048507,117.57444021393187,118.42595507624395,113.78147771101382,111.90829501652821,178.2390829962116,178.36629412714308,1
172.68031949557212,118.1774683975077,120.76215130220407,103.37228967161244,108.52331382179341,179.39792125606002,177.6358525663023,1
172.97524284114178,120.24664557870092,120.21022517594905,120.00945445348094,118.63778212246505,178.54236756713877,175.3662635586701,1
171.94765814018265,119.94717634193749,118.66937562993134,109.7143726727932,110.89534032475015,178.10001091461262,176.69961244710024,1
174.0360037459423,130.17604020387233,126.81301210681613,116.29499640210776,113.42524199521314,175.9050181379228,174.67358738797228,1
172.09757324718385,124.61108031693144,122.32289675683164,112.17708277643995,115.44294951882088,175.79331067176443,179.74885531866792,1
172.4592155802654,114.74919542253495,111.77099355474115,121.31056623713741,119.90460732262751,175.18945993726217,175.56501799973836,1
170.95634840627628,121.46966701047494,123.74439143387119,104.35332398430104,98.71948307013272,177.04641636542914,177.8429890020758,1
174.43121912444377,122.1489452082497,124.4932134436207,117.91828896400611,119.06202788113822,176.5250000717367,174.6677176261285,1
171.11000918348768,122.23886184682502,123.33366920321046,96.18686392203759,98.45938033623153,175.00044867289643,178.5221492252149,1
175.4931136472576,125.53459598597101,123.0019681943047,115.8464976622855,116.54196101370873,176.6391645631381,178.87471673223396,1
171.16482389109237,117.22780528622012,115.05324223621898,92.491936841229,93.76544206048439,178.90310466654802,175.22378212910453,1
170.65900329941513,122.99256464701172,123.29360383687417,113.1246531181097,115.84664022315184,178.4611222330279,178.75831011748255,1
173.28838328976082,130.39716677716675,126.27120336395575,91.83723377617983,93.61238394107406,173.90649756098242,178.7310083392927,1
170.61230069072653,117.38421777118978,118.20476545015457,103.64300798441293,106.5970728930487,177.7930290111729,175.25795516897458,1
173.69530098332066,128.6610575727372,128.57513512150675,99.97838002127722,97.31898202208112,178.34480397903732,176.44083168275316,1
171.08235897615958,129.7292539357157,129.09495116634577,91.03641126768616,86.45210100655049,174.54190749754954,177.81587435599994,1
173.8858207332494,128.43470981127516,125.19989043661107,98.0295759064095,99.42089440044495,177.70604121821916,175.55143358561995,1
171.59021663187374,127.17605968564907,129.54896873167186,121.22866807137414,122.09877139627055,177.26940494377575,175.05229686351876,1
171.6028482150256,122.63452511703032,126.403292131224,110.37630275482562,108.38757822855297,175.62864482309342,177.61761997708183,1
170.8242321852815,123.58956344076164,119.33699080971729,115.95263007169402,114.0479250509179,177.5268287614435,175.59215659646523,1
172.82464225148735,119.49069244220465,122.19846902565988,103.4177585493499,107.00573245454834,175.457582604116,178.11949420429838,1
170.0689379139892,112.35346671848487,109.21399448733281,102.27469173117528,102.9250374926166,175.96510251131457,177.87474662723113,1
171.4903188785414,118.40022122780076,115.57303512716962,93.41432601612027,97.69277558258017,176.9403484489787,177.86641626320105,1
174.6575084538449,118.98609574878307,120.55960277354829,113.13151805571704,119.34438387889067,175.39346855496757,176.87823662946153,1
170.5860739186873,116.75724178465592,115.3608910059456,122.21558224681462,118.63510397002702,177.27142926901377,177.5074793106719,1
175.24533943955205,127.49081324955884,126.8789616509276,98.7745165035956,102.2717486712854,177.2596817810116,178.0615647852934,1
174.65031180437467,125.70543396794051,125.01028129337641,107.27961923964615,104.46453357409492,176.7071134874839,175.956600434084,1
175.82624814681913,117.3743874733637,119.3940545669455,115.98358401960633,116.02762853885109,176.1285893121136,179.26843694117028,1
174.03037198346323,131.23773246769733,128.0782580592949,117.68895530600284,118.9060939730703,175.61675355675663,176.79018315764796,1
172.4862286631962,124.64848249658282,123.0446694201154,109.86366689324795,111.27906921574092,178.78142058514322,177.16177852008656,1
175.62734902737628,128.16624176429653,132.68236668569352,113.24787204792989,116.9810907989914,176.83547481470757,177.27392673651664,1
169.86437511337292,128.72405495635857,128.0086899550307,106.00337764354185,105.16205269883592,177.02016412898254,176.70445678232156,1
174.45689686315242,123.8665098657255,123.78145883279012,113.84345866190893,114.82067628902404,175.47393014568647,177.5617255136999,1
171.98766653945037,130.88414386116781,132.07664328258045,104.91352548272855,101.71838318144036,175.65049726342443,176.83547562151475,1
173.1126467459268,121.38671630202596,122.65381046086435,117.59909524980975,119.24300654260024,176.79100438460438,175.5591156176528,1
174.05912389721308,129.89867858002685,127.63986230691208,111.37666437248589,108.84668065122487,175.74661356354648,178.23090360867926,1
172.48196530877982,134.67232122775908,133.0900821360079,107.21667649148324,109.63268835157488,177.76151731168153,177.850426983283,1
173.29523762323583,130.49134667817427,133.73026864694285,121.64701667363872,122.28848603488261,175.7445539714166,175.46437683460636,1
173.97681729488778,124.25508335264874,126.92810077072157,124.39905347390227,124.7915711866218,176.6030604552038,178.00708724046106,1
173.4111856092054,124.41598761654419,122.87585216671057,110.94809055413178,110.79784547686417,175.8195652668846,176.93346339114905,1
172.55285967950445,135.16920625650246,137.3095566088375,108.95895293687592,110.6247663005857,176.42175702865615,176.11082302862644,1
174.67896696623333,126.34696529822482,125.60238880524084,119.77851682451254,123.8653485957031,174.93231440541302,177.87589074269164,1
173.92252128490875,129.3441344985558,128.0994588354018,113.71190407045236,109.34707897329224,176.85864323416882,174.1591298479922,1
175.03401040601082,134.39680442590847,135.53966596112824,119.97881622302478,119.71997999017988,179.31003093936175,178.7479427885835,1
171.10587000639927,131.00843094553514,134.21957048956529,131.65989605600532,128.95648007006557,176.71261692122047,177.34205502046396,1
176.22333269522335,129.47014950484777,127.43399284190802,121.90506488911632,121.90260337442109,177.12230643903473,176.85465324283825,1
172.95845777787466,134.62628043072564,135.7211082039252,133.56476913585436,134.12649432941006,175.43209332242444,177.02324963302797,1
174.61934594584244,128.17153788955127,129.98111328991217,134.4346886886418,138.55461019228596,176.0684461982624,175.30915052134455,1
172.71860296963118,131.11993051358385,128.6720800545252,138.687773296235,141.7151472964222,179.3741115964743,177.19656592996435,1
174.80687560561307,135.34623389359908,136.21391806750395,134.0976279823828,139.6203736306712,176.93687756357568,179.05575099307345,1
175.01320340446438,140.88528941318094,139.05506957052316,137.79199848123812,138.66467727668388,175.07312623668736,175.05924497992697,1
175.3839407811192,141.80281922810715,142.74021027557416,128.68187712980782,124.83595752547443,176.80338826832445,178.83878580823725,1
176.74375095468326,145.15123610065987,141.76787307831776,144.7965305062732,144.17657732398916,176.15201815024045,176.42054526872462,1
174.94978210381612,141.78784058145536,139.22019426943385,129.91480149210582,125.35473299964568,176.24977957671706,176.82997222373837,1
176.63015713575513,141.4318389184697,140.26337667685232,145.8815297566612,149.4076216309036,176.4659780023644,177.0363549099017,1
176.9217627026988,139.27060709269142,140.58877804166315,138.47167581141773,136.26371148833786,175.83293541365643,177.05884425332852,1
176.45606523002886,145.98286954303873,145.008208037478,136.03999925576542,132.10123072437156,176.12691783538784,177.44602806120804,1
176.46430323195676,144.7471769802321,144.6761615160508,145.07527555606802,147.92084177780123,177.45069306729582,177.00185102015092,1
175.6647379884019,144.07747271816626,144.71936754748458,144.49970521020012,147.4359263500293,175.30585549950746,177.208647499369,1
176.55553396451066,147.87590967898404,148.8432344916013,142.81627719360756,141.22132024314524,176.13780217836236,177.56355994561767,1
173.55074020573875,142.8214083275328,143.2761965515741,148.98686433855528,149.1546254339481,174.98311719486904,174.7846695296046,1
174.6424258085691,142.9149882557727,144.88469435189154,151.5230991980567,154.69878110039156,178.79049612718617,177.69066715444754,1
175.4366777684006,148.48227948796566,148.8165584746402,147.2349512656454,147.24351735809088,178.76333686192996,176.79624581553958,1
175.03672505668354,147.8958769135819,149.6835505828761,149.27936761676517,150.70822907463278,176.26795838508488,176.46732282620002,1
175.37499313776235,142.8702040031701,141.54985142759426,150.59637800834275,151.68344894299653,179.18399353235944,179.48316026243393,1
175.2325474177817,150.35981033141925,149.31839621628637,150.043422239734,148.46695442475192,175.90556494861008,177.07196935269445,1
177.3466625630058,143.2264236511162,144.36454039723174,157.03249685646256,155.50293199945276,176.43579357358283,175.37243761555345,1
175.7169586948841,149.997549935532,152.1435270112075,156.04630583036183,154.83717022535515,178.7759222647106,177.19613999695517,1
174.79550064503889,144.39747631239453,144.50480949691988,158.96374661280709,159.9541212229614,175.28970061970296,178.78716436680915,1
175.72272583296453,148.70289872313165,150.16115202991188,161.46011816603018,160.07472397596814,176.68624115772298,174.00455095163895,1
177.44724223353973,153.87031688721606,156.16253581728193,159.12392873758057,155.9251518752547,175.032691139138,178.3548137971753,1
179.13659535687322,146.05425447197527,146.15220347787482,158.46053066962617,159.53764845618016,178.72040134095164,177.48491064504745,1
176.89892716786176,148.7854970778776,148.18450092084822,159.418916098941,160.18225812655254,177.6212294948978,175.46143765071315,1
173.8839103198287,145.93186022752764,149.90140864873436,157.4481558757835,155.23442929339149,178.61674809494346,176.29018323769773,1
177.34795209797477,150.47576308583203,149.68712531192904,161.98237825091388,164.10479375747158,174.92901285522,174.8706314516343,1
178.50973481311857,152.4166204914318,149.07576651504277,163.09615577835612,158.5730535648089,174.6663806814502,178.46506820907987,1
176.71195368507017,155.40718593883918,156.48978095037077,164.1261548045087,170.20259450090307,178.01990369111365,176.90983787142673,1
175.71066854572186,155.09696889675834,155.91095324498295,162.7771136740057,166.01091759095874,178.17455821924207,177.69420450161155,1
177.13964353408545,153.81513857755883,155.1879011196388,165.0585934036382,164.5871956636379,176.06594487404942,176.62471511886184,1
177.70379506772744,159.21359759289453,156.4731938383514,167.4420376720946,169.34707509969067,175.94795921238293,175.2961702143813,1
176.98097638998254,157.21388189075705,159.65570563328143,165.32297503871015,159.87314229716455,174.722302297449,176.94716976827874,1
174.98821107824998,157.50766260495027,160.3374563066078,166.98451412033086,168.80176805839878,175.75396665734075,179.3647143939142,1
175.49715206698846,153.69576147626873,151.30439040408027,168.0730941424778,164.0857165980084,177.71932411056184,179.0623459297663,1
174.51034051360688,154.7122166845678,155.35447299829102,165.28326854467585,166.41592369902202,177.7009078254612,177.55219402222048,1
178.56482580365844,157.97713210063532,157.38758246108722,164.11075021490808,168.47345111633607,176.4012649837983,177.64025815373938,1
177.330261308239,156.3030233708075,157.04196838233423,165.91521656509144,165.28914039377304,174.8735646235156,178.4453923484185,1
178.45843191096228,160.3247590899292,158.85708307991098,168.22416463368754,169.3789613940813,178.13606455254845,178.37569935005672,1
175.38411267416987,158.85441754067148,155.8670849242479,164.9388261238481,162.2990277400803,176.0774711823458,177.19826066110065,1
174.46499326093314,158.6666570488022,160.52151139519944,167.09676410543062,169.21768694337257,178.2020671008694,177.8123800817871,1
177.97000217213818,154.06424755876793,152.8754496439579,169.02529688290528,165.3337442614624,175.4290901662252,177.39374843080398,1
176.18051319290043,149.864322951229,147.53852095772672,166.60924159223072,167.16346216731264,177.21921103323572,177.47702700763543,1
176.10647789548176,159.9809805479734,161.60986107713853,169.44218496676666,165.7061315236103,177.56707569908662,176.2567722496595,1
178.81616559448616,157.00106525741725,156.45550921258618,165.96531916569816,165.83693123052137,176.63811631268777,177.92630796843133,1
175.55530387400094,156.92166353508267,160.62451653671695,168.19173480017392,162.49124215658145,178.1383901992183,177.44439351063102,1
177.40786376916034,151.54845376452153,150.40567974795218,165.17702274897704,160.65124784961054,178.46917335548406,178.64705405213465,1
176.29720216043958,152.41028981540964,153.39273313903666,169.2397499519266,165.6003119372115,178.0399116842894,175.2610720331558,1
178.5120097642816,157.8135691176395,157.5294131604972,167.31929726631768,169.82610869172476,177.05786506542415,179.2188272100986,1
176.75064172351665,153.57200820697466,152.86181712497321,166.80843457444664,172.27397331569637,176.20840797386342,179.01334916757176,1
177.7679090117887,151.4512107053771,152.50995031907362,162.62592174610594,160.99748068103517,177.40732741138453,177.00322623455827,1
178.27916586265593,150.89238897422666,149.32006327891602,164.01702674261907,160.27458755571627,176.07506562251186,176.64840318915958,1
179.40074850010043,155.61466286994175,157.45896202597274,167.41084122035744,167.56257177518088,176.91766955160597,176.99275780008122,1
179.2359757792488,153.09588464010255,153.27551684167676,166.5601419871803,164.5344674934393,176.7705617176326,177.9023001281028,1
175.00780228059767,151.188591313338,154.27883725760353,165.59916962822174,161.9637571494554,178.12834119040681,177.4683491094773,1
179.34391955639381,150.9757968724858,155.13282026898145,165.26300778365962,165.27819848576996,178.5729415390756,178.11106616337293,1
176.6154523065326,148.4506254203283,146.3390363967666,162.72147347645327,167.98347671879668,176.9447340201245,178.42368192234997,1
174.54706946024982,151.36086904987332,148.7629202852927,160.84421210859236,160.94801030356376,177.3385475540986,174.15160386928534,1
173.92794907913043,150.95192826733384,152.52143561511986,162.01466057734947,167.05165335612554,175.586712160265,174.7045586459712,1
177.4960324369605,147.5732028951685,151.54385843608145,160.59090730674262,161.2346923393716,176.22597488482427,177.8028711134027,1
176.53656921947356,153.18044413259665,154.12492536626354,160.4028874703886,162.16603192606067,179.56764142802916,178.00190894782818,1
175.89475848872405,147.30589452519473,144.58287676857162,157.80115139604828,157.8990201146782,174.78470173154193,178.52301159628323,1
178.74853489896228,152.22697412166346,152.52267903536426,158.22244303924103,157.89960936991744,178.01639565559378,176.5538754914376,1
178.5769612879701,146.3481652381275,148.28753488952066,160.09977811118102,161.2337424737595,177.63555781712998,177.84660168395132,1
175.8829296513529,147.97842165242656,149.20193229246,155.66144559039293,153.03227129830606,176.4061822556649,178.2662069066068,1
175.5178597857775,147.05747555771677,144.04299865354668,155.54541914425786,150.92194590799218,178.50022212043456,177.2303095354307,1
177.03484209367892,147.16216374049796,147.13278044740343,149.34896658414124,154.3525033851592,176.96301339652578,180.24273670969103,1
177.1847771699808,146.66376930163736,149.0555786295343,150.10626770757864,157.00797103270483,176.5357220168819,175.39385906328184,1
174.7184939914575,150.08415346162124,150.95365825341588,148.60683371609244,153.02273093837238,177.75087460151363,178.43170826719006,1
174.27589660336363,150.0708634371337,153.20565362871136,146.51628432445057,141.9066909495052,178.4411852168988,177.69667000624816,1
173.78902844884402,142.36103847753978,145.5839206887855,144.43064451227406,149.8757768201392,177.9762700130679,173.79676704604347,1
174.17729900474845,146.04332154047796,142.690606378314,147.37926323477393,150.47254014971597,178.99580577615512,174.0398581352054,1
173.35581565389882,138.73482131613858,142.07576840673275,142.69482039260157,141.3981792945601,177.73562562600455,176.88441393613266,1
173.74633635925542,139.95407019877786,139.83940174733445,139.3934413177859,144.20997344766315,176.12381777244107,177.80823301665671,1
174.1898302034483,146.3036970761942,143.14590958859358,140.8326602526919,139.4675649812298,176.93932135888465,176.43462503443118,1
176.2297413889759,141.002695254584,141.61418558338926,141.1674531578776,143.31349830295676,175.78098296985155,179.57442540915412,1
174.6559782785791,133.94644253386332,132.5124706086523,146.45903003766784,147.18725505761861,177.36936643191126,174.1389707303497,1
173.64851231909924,137.66024634757272,140.08394051712872,133.7879963871746,136.38277373220475,174.4704718376845,176.70501153042252,1
175.5056153718701,138.77984242092595,138.35412570335023,138.9901162334026,141.3614767612715,175.4644038729097,179.24139064715263,1
172.77574543883563,137.83546175055534,135.7247118540032,141.42256530135737,142.67712846237316,176.59868391467734,177.08563529499597,1
176.8789406789068,136.7970398272168,138.733083109883,127.15153546920385,126.32890575338189,179.61380964565572,179.00229091390932,1
173.80662781242162,134.62038973620474,136.66314921012153,126.36037494985389,127.15868901481201,177.9216144713632,179.01534367613405,1
173.43465854170697,132.24400061479403,133.4471446128428,127.37547473628271,129.33198217313316,180.22290575402135,180.15563280406778,1
175.49949854641025,134.81435313388437,131.75949966086517,124.93234108190568,120.01127183560317,175.81762874394462,177.2651956996267,1
173.97547164290694,132.69285683786634,131.66849179550346,128.84481986551077,126.8295926452632,174.81502411896412,177.16371571021577,1
172.40050967562945,134.4329216894279,131.5061822937552,128.78502307845127,129.18588056752643,178.8292186271836,179.04617898923644,1
174.833610869982,130.30578634363746,129.19796618037515,126.53160630731877,123.82171910246166,176.71034832888992,176.51172922297417,1
173.9489430100813,138.50951503090653,142.42724669201164,117.27003782182393,116.1383487205195,177.23358896855598,176.98895301060864,1
176.1189927910645,132.9497610759361,133.4397673233271,132.12755296094716,133.0494728822274,176.0117504113985,175.54296027319992,1
172.06517141633654,130.48816082178155,132.99060399160257,131.6968993765822,133.99925531938572,174.93416727917437,179.2391935075188,1
175.6159260808371,125.74537411776653,123.72238633554043,128.42523521502025,124.16289464177041,177.14583969264197,175.43320584385444,1
171.8693301995288,129.72761470167478,133.30658889134523,123.58632825281833,125.37105140071431,177.00418456594318,176.00263029892403,1
172.7661933136002,135.02308553224137,132.88517606331754,125.23570738400375,129.2986444480949,177.50521665431307,178.37685231305468,1
170.45454897592938,122.68634672437966,120.87018105485413,121.13955433910269,123.2123034829429,175.19112351141413,175.1576596975622,1
171.04041591562844,134.61980255055988,132.42326084493314,113.10430973670773,115.2332676121416,177.8840107083373,177.83203139682283,1
175.4459095417209,124.33609277419264,123.27714096143526,128.58308064674654,134.1695275041523,178.2162883293923,178.89554002004866,1
175.17532182674347,125.83112013146176,128.3540015884456,121.64656059127566,116.48022494055556,175.5022797803267,176.67737944506467,1
173.79698691175633,117.58259611577941,114.64202047177265,122.59230525766992,127.41111109694155,177.21966384378283,176.2105784423507,1
175.18195091189503,116.52162654242775,117.55194773391003,123.75113975074062,122.34254818091918,179.4855238120021,176.8834099107183,1
172.66974748384865,116.34833021210966,117.30215669762867,126.7103351806646,126.36688772055054,176.8795571319971,179.89359852223518,1
173.32373505591065,118.21081693408793,121.73810160736929,105.42646268015278,111.41455011533522,176.38249619759813,177.1904760881811,1
175.8609576603554,123.08199370665301,121.55881102252617,122.3933497764234,121.88646251672223,175.65917943318252,176.58678365189357,1
171.86993636915494,122.2175826046644,120.19023638732185,105.24751785949522,104.79648338320574,178.46641236197692,176.50836920692353,1
173.39927522238364,126.33859389960041,123.9469997982221,102.84197218809484,100.5250002121769,174.47870052940854,176.92105797501821,1
173.16484999988873,121.72374641642915,125.14795565136934,95.89766560842469,96.19580777550824,173.95198619437178,176.15542518295734,1
170.1115227265072,120.45172632190108,119.47582608360436,115.66770652069762,119.20672926236915,177.27065116371077,176.98963974857625,1
169.2616484355649,130.78625122960548,130.56354716582692,120.16130399155274,121.74875236474507,176.48118530638504,178.15136455647982,1
176.166155749882,130.3225784466725,133.6324679147178,114.22135937925783,109.41869422367272,175.6767506119792,175.23274390326654,1
172.6989823493402,123.33691418667149,123.3907091055105,115.53789778903639,110.1972092320445,176.97804799007798,179.29830004069808,1
170.9137568734777,113.66461020080763,115.00710795044,113.76594276715421,116.1512215683242,173.86949572649445,178.4548235114539,1
175.2943105216702,122.97414156440374,122.62789664634751,96.02291006693669,98.11278756785148,176.6176619160216,178.89050506502355,1
171.92593387644985,115.13953838429002,115.09650936880446,115.3914534244493,113.46461435960097,177.67399499312566,176.84808805043647,1
172.09825587225723,127.4150478927912,129.91786522230788,106.35561167478325,102.79474588945435,179.33937956985542,174.83491261622584,1
171.18152536368433,126.55638579133817,127.41077674649652,119.03379460570686,116.33565664922924,177.22075087898168,177.8991507613811,1
172.601373004569,117.07409009513256,116.4052433366193,102.41713810582284,99.39532932965784,174.78904021137473,174.6019244864314,1
172.2043217747089,116.65666768554144,120.48850284894576,119.24642937974562,125.64678077533678,179.73699772784707,179.7544318531197,1
172.69374069115673,124.62631552659477,122.48447016159278,91.31916622218819,88.02821258209215,177.62091036521213,177.48181382356415,1
170.7781479260129,118.0356010045348,117.12400396087772,119.8115106366687,121.571289649388,175.22722602613848,175.07609263262154,1
174.85813274068943,129.19328153868642,125.73032427343112,94.3175403623346,92.86330615921689,177.82182485527,178.11761091894934,1
174.84572030706715,128.36163418548014,130.37686341089807,102.92210889778022,98.14741709643062,174.87356724576486,176.8450416681494,1
169.12959223953428,127.56182424420982,126.28174582640462,99.54182657451645,96.13274771653322,177.3911327338831,173.89323107341116,1
173.04865059356965,110.82352623841187,109.80873555814769,111.13466222537492,112.70786836929705,179.36500958861058,177.45909809401547,1
175.5799737704642,120.04076354407971,118.57839048679605,115.89276922065964,113.59333165581324,176.29167352897932,176.85418351727026,1
172.7164141405418,127.73384458857424,124.45843534096842,96.441816871028,95.7539263867248,174.3631539072164,177.12508682717632,1
171.16606697026657,124.85396767364911,125.43774767320593,119.54440317157996,122.36538844696017,174.9525861302543,177.97656283873678,1
169.74324133422482,116.96640827616284,118.49052619549933,114.610031126654,115.8737473455032,179.38038993479339,178.3678492518284,1
172.34551151599226,119.61948249497127,117.30994825621144,95.85059013510511,94.94470268107644,176.42394236622732,175.86875857304761,1
174.00045133006654,115.03939312705873,116.16742695236488,101.7830758723634,105.10493991509026,176.6759149746658,179.8627039129503,1
175.56493900768885,113.84000625565776,113.201719362853,107.85287696293996,102.5703179412475,177.65797244957034,177.00574267546702,1
172.00175289558044,124.46659021218278,125.58246534241184,113.05985071218413,114.25553078976507,175.17195307914915,175.9697395462068,1
174.82151044779695,116.27327775982056,117.55746491760648,115.85509729686603,116.24612179134957,176.9823236439125,176.15290045423552,1
172.16468687306292,121.8147309881959,123.11906222328804,104.58068901633277,105.35764310577599,179.46656265512857,176.27876505381735,1
171.80713187395725,116.44162165316241,120.0508259693517,102.911211139926,99.91428536570953,177.47737801240837,178.95826007953931,1
176.3424401522467,133.19680861767927,131.68299923519234,114.93544654569175,114.94365109206773,177.1373369184408,178.53341118539262,1
173.19034141088483,120.38179218807139,122.4498399739656,114.94482317506068,111.32048874234361,178.2816815215498,177.23671208625362,1
171.68223616962484,122.00400205601662,124.35102769107532,120.60275894479904,119.65466475243218,179.35927456138694,180.0317110997984,1
173.45157618561214,122.65416310480241,121.71767591695176,111.5916997349414,115.27259032335294,177.0932985294385,178.65783548874737,1
172.50400132926657,134.99511563430855,135.66289529043672,105.31051589998498,106.84135715104202,175.32607024120904,177.79645303102396,1
173.32296074162386,124.37185732271118,123.84448951224108,109.60953368625793,112.58466670104829,177.74985944153363,175.72417792911304,1
170.23937476453503,130.6938336662613,132.61441422998527,115.08671296015402,114.57517751967518,177.660335215796,176.51982250341968,1
172.48320205070203,127.10787799902381,126.22968298501256,118.90637221278864,117.30799801395885,177.27965141661693,178.69863740810175,1
173.4225243006854,127.86259507172586,128.57568647918953,126.69708278417278,125.79694910375613,174.91172028569454,175.66905540031237,1
171.72809459848395,125.18504041408633,124.15963479535266,119.34572542218069,119.67916086697177,176.5299961984461,178.34012358424638,1
173.51020500742814,126.80704236497948,126.43961990824283,115.10602658366949,112.77400753681006,175.9754046122915,175.51232846822086,1
175.76620236037573,136.1148173115112,132.8035681780367,126.2883600026249,132.31241314871437,178.8645276803314,174.61397252898422,1
176.14443355900954,124.70616393387279,125.52602545600953,130.4121756037436,132.74681737078615,175.84656551242347,174.3905498398127,1
171.41493305803925,134.5930072774824,132.55650106123284,120.2449478372528,119.688953022289,174.41000978847532,177.19522047161388,1
171.71178050163354,131.90252097867938,130.64145403427705,119.16624107257631,114.7344813234894,178.91903145348954,176.18801765726852,1
174.18823368039975,132.0194068335238,133.53169297457578,132.61316427663897,130.62894436527947,178.3735707235264,177.56789975250993,1
172.65581777740942,137.7533119397327,135.37875841482472,124.58170801274773,127.49383273638625,176.49351427791095,176.4091623790822,1
173.81245151956063,141.49315758059242,143.1572781615317,137.52650232624922,131.70093165249673,176.94662570049607,175.13801614630887,1
171.93604366500992,141.20492797923416,145.6185023228991,125.70577172604477,124.37719363231372,177.27435656479324,178.01834978060768,1
175.2779893760617,134.0449811734812,136.09711755618298,127.90189365202816,128.78883626526047,177.90706609089253,175.40249946461734,1
175.6299927965637,140.9370423494364,142.33407386847938,130.7297349756196,131.4896696717704,178.68591278032878,177.47704942349142,1
174.6659449175771,140.7555922621756,139.1043270986069,138.23438623413804,138.32866018894686,177.8867330801875,176.00004389070304,1
175.3625288122006,146.63069457748637,144.83884698984605,140.36552130571064,144.15997463105558,176.1892704992223,177.55056338592996,1
174.6206646522418,142.2040279118372,140.58585136147212,136.9528523254244,135.34263744276535,177.51797348016706,175.58187065386684,1
174.77583022528825,135.0955204908574,136.65074870445096,146.4872160808569,146.00693483326572,178.83120511389401,174.32257471211008,1
175.7565420327072,142.17551445456013,141.61900268082235,136.62817614770353,133.4625363601341,176.15665074914548,177.50594763590786,1
177.04263499247548,140.08601617157845,136.43147437791373,137.85081717785084,137.8878508589819,176.88301699005066,176.77506965434662,1
175.02644119340556,141.1757229582454,141.2633234823958,146.30354386027128,142.81175201248612,179.4854646914059,177.17597144720574,1
172.83334968856911,139.87589927293172,140.35725964304277,145.7445888939169,146.40004045817676,177.24804336923995,177.52438718479465,1
174.62505550929342,145.26985864115284,146.45797759622124,152.39723449802852,154.10355078479637,174.4967499721937,177.77811206318404,1
175.3267006838691,144.26252509993276,145.27331338000565,151.76107144999344,152.96576056318932,175.30111313404328,175.80298309188044,1
177.06849559127568,146.00666421260695,145.3377062990453,146.78353532937402,149.1622802746116,177.74964046076968,178.11211923435096,1
175.34434052963525,145.48185840718844,148.5750570170701,152.12550099176968,149.63866671676342,176.95508858738472,177.0902284218872,1
174.13365522271593,139.3740947992703,141.2341962480447,153.05431534530106,152.73284152252515,178.19255822768562,179.0519542255927,1
176.7584697260408,146.25563044104845,142.60669385703534,148.25779159734702,152.62532007131364,177.91263352989927,176.42483014183168,1
174.42388826854557,145.12275550316645,149.07933002528964,152.64466553440067,156.6188363163397,179.8759409358279,175.380049913746,1
176.68620078325606,146.03037688484315,148.15844448032234,153.63751729172083,150.26684013103784,176.76825391946747,177.46938738690451,1
175.8316670599889,143.90026663475868,146.48180048025228,154.5685315914363,150.1226461810132,176.83377465345066,176.16655958507152,1
175.220021501674,147.43634719044746,148.0590021986444,158.1691430524598,153.23620814501277,175.53101466524828,176.93541979557725,1
174.9704067765717,149.37872442907818,152.85427306818053,161.79448042685004,160.02163558213982,177.80395167427872,177.49709830359402,1
176.5333702406072,151.16640346411887,152.83864161671085,159.53740462291495,159.67708026273894,177.64877565761904,177.06823621338054,1
176.8103022926799,147.18216499748544,144.96991504080106,157.1322280998574,152.75056785752378,177.10570916321905,176.6934363143783,1
179.03850759951996,155.0356131132369,156.74602201292078,158.9347163017715,154.13960694840674,176.13591992874984,174.99497699593914,1
178.77680561842973,147.63514947877718,150.44192980639139,159.57474535749841,158.97629771780836,177.08483905423623,176.25189458027765,1
175.04462310036538,153.0026810367937,151.00988343070406,162.68509157801716,165.60914838912643,179.1782647178214,174.07683373411976,1
175.44128043860798,151.63761690682608,149.23355968552994,159.95172964175364,158.52445958947752,177.2062166673988,177.08482896673283,1
177.34962290104593,148.26521913116156,149.5985258711362,160.9852653851686,165.4498403541498,178.2251985277044,176.36833446888406,1
178.34733809191525,153.76415992760678,152.80918300490254,165.47281659269598,162.62360699100049,175.98882936899392,174.18809180736062,1
177.8071745227892,152.7786104947368,151.2958574863608,161.01041303596247,158.97382955233945,179.4775495189958,180.03562696279994,1
176.0827707212536,151.7116988875321,153.37118367238253,167.34126463020613,172.18256199434177,179.75683554949967,179.21884339123417,1
176.378672020888,152.072031927577,150.63817394596748,164.00562406735872,166.1399705923687,174.8726769203683,176.00127743316523,1
176.2226720365474,150.2821864314646,152.6053166601079,166.6970277148178,167.7159425154498,176.94931047996081,175.79345735540795,1
178.6213126380677,151.9559869283452,154.80760490035746,170.340482926094,164.37916810122726,176.3917696516237,177.31178553625168,1
176.13338225072414,154.6090506769814,153.21420029055582,166.97389288342902,168.2886730204723,175.98773687580137,178.11262771582864,1
176.9775709585835,151.82915526911006,151.42868978087034,167.98482336809485,163.72541316711025,177.13963107846612,175.5640606920858,1
178.9503234681833,154.62727688494093,154.966595749871,164.31162806947066,160.29224122832358,176.30412316992062,176.92968890571714,1
177.76785020829433,156.55128345938112,154.96829016425158,165.8899316571142,160.92750096514214,174.6348754807069,177.04861818992063,1
177.5632712218547,154.71441506538557,157.1535410137098,164.2940444907937,166.85377930549123,179.3788817480312,177.07337609235944,1
180.04410708398413,156.16392588141989,156.8133782828722,167.9873111415124,172.0028911505629,176.87888743062695,174.47784573443997,1
177.24298935685763,154.48498382536968,153.72147510895005,168.60219085175336,171.72561821154702,176.8153009755332,179.07474540507692,1
179.1178278816765,150.21637125140342,152.85854099528365,170.06564307467607,167.34068369165612,175.80192867895965,175.07046648403718,1
177.19397071210955,159.9282803503147,157.6756215914365,167.64357158872005,163.3088401159742,173.92027475680317,176.1813753008047,1
176.51890051464466,154.71897918231468,153.8819255111811,170.35837383964045,163.62629908146295,178.6879331390641,177.0737657714616,1
178.4011839442704,154.74558933806975,153.2671259847881,166.0273379766351,164.12009310476884,179.92574735086674,176.50617698834276,1
177.30707326482428,156.26572606487065,154.47088468153382,166.72610535609178,163.25313900558695,179.4537588943876,175.57450021579032,1
176.7173427703495,152.32209616062713,155.11921969949194,168.53331923596696,164.2678249103684,178.44091713335268,174.96166769630227,1
175.71001809931695,152.81522236464386,151.15334053502485,167.15535611950784,168.9061183973571,174.00124599393627,176.8427542258657,1
175.04803380952052,152.20708133324462,152.94431749525913,164.8997090353674,166.93799864198644,176.72206905330748,177.03599139929676,1
177.74039570994003,156.29873186641336,157.3160547278876,163.75821740730737,167.89136798894643,176.28368232504346,176.58104777737654,1
178.86606650070829,155.32155747146192,152.31518928403423,163.6361226142564,169.26033400602682,177.44112549647707,178.3211498429662,1
177.52393339163626,158.42354651217752,158.49198847542107,161.13401212245458,163.98861741603943,176.33129475409592,179.11227277788169,1
175.9427228352974,155.5874990969318,158.74090633431405,162.14058769601797,165.4099003017046,178.57723663551738,175.8933573843346,1
175.29470229320873,155.3918222028364,152.3985746121155,162.73063398691764,155.45120013758404,178.23850488878438,176.72382047414885,1
175.43726338668338,147.27012628182786,149.85834447653608,161.71904823993776,159.82167014469843,177.83387224778372,177.86445313770807,1
175.2466612409862,156.54525630604664,154.9880816984881,163.36235735209726,160.49959263523715,175.1584842099869,180.14851392576713,1
176.40955397046932,147.4651370809399,148.9655862025847,161.54400760861552,158.30669189720288,178.47879956217247,178.30532583552753,1
176.8314222719543,152.7760041901979,152.72923476626326,161.6407607566348,160.80307245312753,176.92430330637728,174.57856211126133,1
177.3426866602032,148.17364458462734,150.29256978585227,158.86154201041225,158.99105325317825,175.3458588767327,175.37038729262392,1
177.09521126356753,153.7766047681271,152.7460512088493,156.24496813997942,159.15108658663453,175.82029029095796,178.35845267498252,1
175.72513929160286,150.77661747153886,153.12711053639023,156.71917040499747,156.55042131450693,178.52086625905704,176.15159122469828,1
174.23559172524384,147.64526648595427,147.0666446007697,154.60982306955208,153.66708549148007,175.722825932732,175.4467486997735,1
178.49179078788922,149.18072961421547,149.7167554945849,156.45320716133324,150.48972831051572,177.20836430333517,176.5608910059299,1
178.65119088018338,150.91928142179657,152.73450991655773,154.88657814209174,158.2503848501496,176.58470260751477,179.21396661138527,1
175.16191617377672,146.44164159849876,146.00307892725783,149.83830689320732,148.48632190611156,175.76831188907437,178.47001988366526,1
175.86412397069276,149.5613269254008,153.11548418395637,155.44737086723873,150.9392537268351,177.46317814835672,179.60897569648546,1
175.41562541737616,147.14123512477704,144.93490084048955,147.72520979166768,148.89805853547801,178.4618472761492,176.5890412456257,1
172.71700436339682,142.4403893379636,142.69298512915992,150.28637043992293,150.5783182863455,177.7546376221876,175.40267724084194,1
176.21500023251883,143.62784259077205,144.31294458774178,147.26003258766622,150.13617918716966,175.71641811553437,176.3188753299066,1
174.3304824994672,149.54489205708794,148.37458428924344,148.21425113615015,144.58822905453655,173.56527481056528,176.4371647356923,1
177.622275559406,140.35718504164524,143.71766175064872,144.0078092016028,141.4473471454536,179.81840473838608,175.639918633834,1
173.93138329117414,136.77822546668742,138.2224673435674,147.22018161111225,148.46291324938215,176.8129448839814,175.8393364694883,1
174.79624311993604,138.47084480925528,133.38559333116982,136.63083622102195,136.5976337368867,176.95307373639014,177.47903344439652,1
174.78579311459043,140.979449241646,139.56147740924308,146.655464646618,148.75244132506575,176.79172941947672,179.41748617280751,1
176.9593551291293,135.0681546574812,135.47360238944407,138.37101384362427,141.44203325261958,176.7754743922864,178.95544962116406,1
176.20444406283903,142.52639711282026,141.41424979437613,141.90139724461054,144.40969447378717,174.9747023700246,177.09604736663465,1
175.0916850018569,141.44598132448616,140.16680101230955,141.14088983560924,141.8763390379151,176.8163282904822,174.24125362653413,1
176.81500679767956,138.76727712386906,138.81349997547596,140.67817600192225,143.75306024771047,174.974526805491,175.5175004776161,1
176.78948815757505,137.61298396907338,139.10349053790597,143.40812417053823,138.28398015207813,175.11196560518437,178.73620828610632,1
173.8812314922205,130.92511360415128,133.1062228064816,138.99524515739276,137.7016233956598,179.20396308407445,175.75853274607528,1
172.25527775986615,141.8395985281294,141.6382991216684,136.10931414970133,134.75218952645054,177.25302499904248,177.96452586830492,1
175.13897792468782,139.1243733324818,139.20912200587995,124.36841638742082,126.8536215603994,176.25834298382227,179.0987348213186,1
175.75779480651448,130.50939462512443,128.68568532340439,125.83610260355526,127.57050744686363,177.19325245824282,178.34115236257887,1
174.09209978203916,128.71872446788288,125.60564819138077,120.93913101979031,115.76652133899502,178.56547251241037,174.4303523593639,1
174.22981669662047,131.53959208505034,131.60017480518513,128.0092842296244,124.89492086477459,177.3200632827189,176.89932577005195,1
174.3495586114332,131.54640707989725,127.84953705739358,120.52003679042775,122.16093566960518,177.63479730835488,178.79212178175376,1
174.10674305906562,133.8856056220115,133.20624934691065,135.68298360670667,130.36382047485665,179.83772693872675,175.47360686410204,1
173.91889077479777,134.07866349700512,134.28201797562363,115.87358951536963,110.30311519168653,179.01186606511757,175.6802727659998,1
172.54378892428554,128.9082221862715,129.40886208390845,124.71775879189653,126.02420751941162,179.3154804356685,176.75619801634872,1
174.98566642957894,132.30728375005552,133.20607137496341,122.45984505222165,118.64896477967484,179.54561030883775,178.91170295149976,1
173.8049606337399,128.5899873689523,132.2744306662857,113.78618050310442,114.38184647849114,179.36265083163175,179.1390721845597,1
173.30121038202574,128.36613507023532,129.72701793201364,124.78449083182929,121.8387403243786,176.66691678037097,175.75516131619338,1
172.45835082786957,131.7010473848949,133.5911043576073,109.32920335865562,105.13046820845325,177.59989172531735,178.7533891440729,1
174.86302532162202,124.34976190187635,123.09885955897074,106.9702136889596,109.87562140787965,174.33765020185257,179.45957823928714,1
171.90702725794782,119.77519762178207,118.00075010513198,120.68082140721327,118.06265373066887,177.38899430354738,174.12399325712127,1
173.75522345488525,129.518534935505,130.22025049638611,110.00150809595883,106.6400152877636,176.02288098097114,176.48339292752726,1
172.6699656538935,128.13946549605254,128.4177562301855,110.9590082409576,110.41238729043563,176.57609334294986,175.8208984286215,1
174.3813112225969,126.24013250086364,124.55111074345436,122.11963934476749,127.02149196780897,176.35481398996637,177.7761540305941,1
174.37801816838171,126.14497893352474,126.04858435677883,112.52892417344664,109.94740151742734,179.47820796786985,176.77878066415036,1
174.15849022354027,130.86234703476367,129.04902366550175,123.30612013380959,123.53006232679647,177.67956269205123,173.77212867014418,1
174.76258039617875,127.64857771167901,128.34488193319652,116.28394930810244,118.04176854020047,178.20998730867427,178.70475202516008,1
171.95722468376795,129.7875123047386,128.40995588901387,111.96934340877728,114.46883375255543,176.05577613033665,177.3536139751552,1
170.95690773812777,127.73115366224326,126.39617484852639,111.8931970917481,108.10355481120061,179.4203800163697,177.39020623187082,1
175.58406329270693,125.28236063988726,122.9751390239606,111.93034331703416,114.12063510504072,177.74155777165893,176.80690375447017,1
173.5750121098906,124.83437526369106,126.34452924478619,98.66603134163563,94.45160820408543,177.37350449110554,174.703618296508,1
173.56456549432195,128.51156397793366,122.99116280140353,113.45320876319124,114.01547789624207,177.62120286273498,178.97577858797095,1
174.5616529718535,127.33841004162214,127.74342603212457,93.79303099756135,89.53627663170401,178.11633662094778,176.95855297583574,1
172.23448928714598,123.35638425341783,124.19207021454012,103.14483833170539,99.65501253470427,176.05915289132918,177.47041680966984,1
172.78520694854558,124.96103279931137,127.8982994439504,109.76149963990309,113.42466694003136,177.53503980981426,175.1722836232582,1
174.06724621818543,130.8424864582909,129.87139771181225,109.62668134201135,106.4657917680395,179.26256290278633,176.15377510171254,1
172.88637438128464,119.34761041331005,122.23007789679401,105.98739753645901,107.55674528305386,176.0263508449772,177.3839468263905,1
173.11692815158077,129.55023158393334,132.70202922158913,100.8252966849369,96.75380953188115,173.72529436144407,178.0206516151362,1
171.8877170766812,113.81817876561725,114.49966037400026,106.00528894080705,103.99061828325826,176.60129443831755,176.77976357525637,1
172.3156438880158,114.93482047423487,114.67613463512296,101.9047478300801,103.54775713287799,177.1841410792397,176.50159210063225,1
173.09336332287052,117.53260772079409,119.20395102701039,116.21730643287484,116.37240408073149,177.25847368500092,178.2463335612847,1
172.60832224640257,122.7879445432848,124.24015539412663,105.45108333278533,105.20566197240777,177.4637500059202,177.22344282600812,1
175.2029701489324,117.36387337556984,115.93159204613805,93.0128153098225,94.54275007209783,177.79267114258107,175.43889798292074,1
170.14835345833436,113.83596255866118,115.09667869172456,102.62319986298077,107.36278965075171,177.53742428795726,177.5782651208944,1
174.67722892542287,115.31771004783543,113.14018186402679,110.9012085284717,107.46590058135318,175.52995400219146,175.4957616064751,1
171.6009397927712,110.6969052416973,110.19877676719325,110.43377178361438,111.6587055207623,179.0895839953272,177.85214420620576,1
172.51715222585096,131.47354431466675,128.13591517090404,110.31106839463341,112.44504133174998,175.30268379478304,179.4745981214873,1
173.4379767208428,116.32420534241568,116.77597770029185,106.64715977996694,109.3728932944595,176.05064386866002,176.48666975049923,1
174.7795098984535,119.38849027426475,120.65863572405547,104.78146220538737,104.69577884124149,176.3969271917461,175.79869736827672,1
174.81284349240812,125.54269570484601,126.2349864795134,118.41406973226836,116.75639989199979,177.47588863598494,178.91415237344117,1
173.60794776980597,116.82523011813339,117.22500674832129,106.28045809787976,101.97905455118482,175.74758630707294,176.87176602229323,1
169.10682972653237,123.39430442488604,121.0147723992052,114.3795772396566,111.45078544665671,178.47045552036306,175.57616572129032,1
174.41874989847946,123.57681324063806,122.44096577355258,118.38269776946629,114.32040806186995,178.66968750765005,175.91892474920442,1
175.69875132801383,122.99549743416485,124.00693331852422,109.83496537226372,104.89291691014962,175.94066206967653,175.86455757213062,1
170.70744636200172,127.04378769325736,127.23955482167781,100.37664006087671,97.90453858757854,175.47637251361783,179.9580411220255,1
173.57000901100466,118.07115685049278,116.07677564227959,115.78584998755605,115.2867361150921,180.18989704047053,175.6988699974001,1
172.95943484529013,128.44772429628512,127.50057794227227,121.2720637147682,116.62097222102335,177.28032677115456,176.15667108330504,1
174.6039363932165,129.97494689730252,127.38371901601218,103.44046132731131,100.27839008337762,176.4915657215032,176.3359641486056,1
173.50357761153913,118.40900403400366,116.506689833813,106.53217338652419,106.74162776721002,177.7635233726088,179.8613016697538,1
172.6017945759712,120.53760616775983,122.11577239034705,102.39723653987046,102.682546564454,176.67196699514915,175.9222461616785,1
172.10010543014616,119.80898505535056,116.92789565791131,111.1657063631486,106.56725557155607,179.083394167028,174.52470560798432,1
171.78257709505448,130.7735164057701,131.482382510368,117.73346221837244,115.48630453574073,175.43267531114168,175.11351272009338,1
172.98577487425058,132.82404804174774,129.63436860943503,115.01065629650053,118.84872402333463,177.38525523603283,177.26074729855142,1
173.68036740588957,120.34474659850973,123.07386223574463,114.96758361067812,119.1312341120597,177.98434361077665,177.9252007093336,1
173.68040281394514,125.62690121258102,125.63131137029787,123.51474058782384,122.15209812076385,176.70167448937082,174.92437359972604,1
171.42050739768027,126.0489631765507,123.91064210081542,124.25705226542956,128.47805713670837,176.72757095046504,179.82400073300815,1
174.13834932082761,126.96149178074262,129.3536791250773,116.04435453399628,115.91969466166591,179.17271766902238,178.32531896556242,1
172.6545335781502,135.14866615537076,129.6850582922455,117.91599505529503,116.06642725559556,178.5090273971622,176.71248199479902,1
172.58789411222472,127.45726487443086,123.98154428744472,128.50117214895894,133.62528724605534,176.92767390584137,175.74690073498857,1
176.71098898267851,127.82443812097422,124.88662642290176,125.99455699854285,125.20558334738755,177.91427355906748,176.38767120715704,1
172.10150296323673,134.10585854672206,135.32873319478108,120.52175430850822,120.62453278481361,179.40948892719666,175.23681758854215,1
176.4173146985605,134.72632782642833,135.2129800037325,124.95226568725207,126.15219107436569,179.41050770545712,175.720102477308,1
172.9592982061404,128.95390818436715,129.13734664085715,133.24784249009434,135.10301365108015,176.6491141130101,179.29467990643184,1
173.8489800107299,134.8121331983237,137.06261309410894,131.30596052151932,132.38189100653005,175.23282820703233,174.4592568042503,1
171.15916792684067,134.85312920899625,137.2455910359836,123.26197910648129,118.87916779587972,177.40805038179144,177.6037376721574,1
173.90156043872238,141.0951956454755,137.66248856143986,139.10952913810792,142.29380851151558,178.0686957883839,178.73823461523014,1
174.95204322199692,130.9589544021716,127.81663545145265,130.31379842229774,129.6642478703076,174.9727409050529,174.59912640014096,1
176.08094739307816,140.38836770087238,137.4311807281002,138.1564708956422,143.12385087807644,176.63777156324713,176.12671387105354,1
175.49688581161806,140.08253449467202,142.18454322743827,135.2665818398453,140.84940443415536,179.2651917277199,178.49596435942954,1
172.8054439179638,140.90115313465725,139.60371129786927,129.78638710278503,131.2212224942962,174.29583044444468,177.826617310302,1
173.50131595161776,139.97576319997842,142.6362125223467,141.41995970514944,147.66496366068142,176.12425006038555,178.01408945778266,1
174.63240330391494,136.15838730727458,136.66319210327524,138.97599572342722,141.3943375486211,174.69719348372143,177.05413888173973,1
174.20929078465295,139.9321976185499,142.21783036506412,144.80789295159875,139.12380695978868,177.43457955068766,177.86738792384472,1
177.1412563726719,138.6891199495069,136.0636157383084,139.35816976756385,143.00912091809707,177.09020236599753,178.42303840777603,1
176.84652611196137,140.31965958740773,141.69559720815028,147.76008653851375,143.61248418457527,174.98319677870205,178.28790980907144,1
176.8354004913073,146.14295255844542,145.00593791533458,142.98688652607441,146.51561395131029,178.21566980686194,176.78777267815576,1
175.39859335048698,149.0912917688943,147.67964884801538,145.0958238817273,143.37062701448048,178.3501565320431,176.70795954825917,1
176.25247176036643,141.7125283452275,141.44482551926725,144.98075546398707,146.8596250456226,177.94503112126193,177.9823784462401,1
175.88888227172095,145.87835316960926,144.9858101136367,147.99005532574404,153.18312957822653,177.3211601056429,177.6459743644866,1
176.21724897953416,146.720431703686,146.74565954621224,153.77108665808805,156.45308275568877,176.95188705681608,176.13102484925395,1
175.75597863243735,148.29245076255032,148.937065028507,154.53111515197264,158.2596380043556,178.84697021548965,176.4746549714478,1
175.4706062658914,151.35414354110262,151.6696913571866,151.94602506491987,149.93607716748443,175.99682940131015,178.74218861265675,1
174.9118535944343,148.75142379416008,146.3236748242573,153.7970479423746,146.83450063612057,176.83416588545697,176.12869156254547,1
175.69586551853612,148.86945825895128,146.8310446461912,151.3826122503537,149.65370344054602,175.9831653805905,176.64795779648182,1
175.85442569526947,147.68388034567786,145.51032801076718,153.6480224704671,158.25578963921106,178.10967197756165,176.70451374065215,1
177.0428938859287,146.74491011429734,147.49272941378408,151.88152737701404,148.26257734245218,176.34019586535575,176.80980607240178,1
174.7793995355152,150.06068452893453,154.2880801268463,160.2199653777229,157.53458677372907,177.4236410137191,178.40340643663504,1
175.47807227077968,147.14384372870302,149.14957452698903,159.9454764040668,158.09627614576527,177.37591871910936,177.04097453421474,1
175.83887108810586,150.62802281666603,151.98718817525122,160.71927329864377,162.85460217310143,178.46692607105106,179.19826000762927,1
177.79488863340984,146.57970108892678,144.34716801573506,158.6012827007588,162.31909480805754,178.7546382265693,178.8077281671085,1
175.08147350249985,151.35752521019973,151.51165502743447,163.53108923208697,162.01604619904757,175.04678569297934,177.02408189354844,1
175.32918548901833,148.5975340656274,148.1669085392955,165.1649296022468,166.84138812490278,177.34575259027824,175.9584443577451,1
174.878373869494,151.08912990986056,151.7488978315115,165.2826285514845,162.17460844291057,179.12207155237752,174.90227647656206,1
175.81071995291884,154.05368329650028,152.27427329653278,165.32384230718304,167.4893771997055,176.93943674115062,177.71959206012673,1
177.57653687879528,157.16517469703462,157.93632861798145,162.31501110587703,161.6060297656324,177.42098382318292,176.3139681399348,1
175.6346951015664,157.071890032885,154.71282134728804,166.78555994339385,167.71669550545465,176.6077112384995,178.01785319570573,1
176.6844236618957,149.7341602132414,149.5748558098954,166.07929349655416,163.54009093575362,177.22847686583762,174.7023101047338,1
175.46032287819256,158.99056003582842,158.77334152215948,165.0005939847199,162.19176468048437,177.33021928082954,176.9224151395925,1
178.73899738800102,153.6301124793252,155.56914154222062,164.62578103043225,163.1879400274775,176.48319822122804,179.13623791024438,1
176.4869477783464,152.8905946068094,154.4799457201193,167.3989533902806,167.77383293166733,176.87979352946667,175.70590799167854,1
173.9291903611081,154.92081447485265,152.73798872495007,167.7344001268836,171.91067806475172,176.50971185322166,178.82131469093534,1
177.08963953743697,154.39403409230155,149.88322963182637,166.54015441003466,169.58885284735481,175.48532237053806,174.93300835114468,1
178.60433263454655,157.34796398659202,159.78624098201368,166.89754098124385,173.5231109549997,174.34545249525718,180.1186769738937,1
177.4584665628788,158.9711518726727,159.11957869681893,165.2272978405393,165.5988618604282,177.9426575879173,177.36912899712573,1
174.60671548128448,158.11164411670444,154.39555505156187,169.15444832616524,170.2513590610512,176.63114623121422,178.96847783648755,1
178.5702715132155,156.2310849566813,158.35970368870133,170.75024965530736,168.05276800556604,178.40185374098945,176.90861359883715,1
178.3442216681148,160.43736588877357,155.76513635674436,165.98683941047457,163.06579709558056,177.80921458821678,175.4865934431844,1
175.51814023269847,157.5108436061625,160.58465146435535,168.8965076828844,172.15803353783406,176.15701106929944,177.8524745433473,1
176.88696678381555,158.39506305860638,160.6368719756237,170.47027122774028,166.57554374251293,177.42102144886158,178.57806383279242,1
178.2919215160816,151.97394000250821,157.39244481401846,168.64212484334521,172.39328951143756,174.3132205870247,175.8928345742938,1
178.14635088621165,152.23725848584627,151.21781399733976,165.28478043088063,168.03535863857874,176.62326796205974,177.91433652289075,1
176.7413671159088,150.76591284516064,153.22445416825354,166.42984186829423,165.7092220847356,175.5588718713498,178.37788892801282,1
178.85009224502022,150.77361840890902,150.02078931437788,168.09715010758805,165.2785601234467,178.3046743384554,174.84793157973473,1
176.45215373658212,159.98688107177983,157.56321899155918,163.67178298123767,163.2668244066848,178.03708824388173,174.6648683543903,1
178.46501273749416,151.10135449961146,154.35115670738813,166.7816970968392,164.59060739146497,174.7163887377201,176.04010239334295,1
176.1896823600943,153.06625289984802,150.16384715848196,164.52808031821806,168.60727804457133,178.86589341825515,177.52120098456172,1
176.29338904424347,156.52079952614216,158.3688599844045,164.63866734799572,159.97200504577347,176.0036713569398,176.57867000077218,1
177.9252885984641,149.57463396031568,150.36240502491177,164.18596099735993,167.8896469217971,179.11878535665107,176.86737742495728,1
177.6706027298982,151.0056690467056,150.6808719262844,163.36523010983456,162.2919678197759,175.78433537896223,178.56769306708918,1
175.630617828345,155.22305101192353,156.88927800228814,164.29489570564408,157.20487396613288,175.8283940624524,179.34976140849736,1
175.8052443992579,149.32631342474588,148.40684287656606,163.40369842013013,160.57819000102805,179.06358220930835,176.34977305432722,1
175.02446038847197,152.83044860226133,153.81433005235763,163.5861073048955,159.29566053736082,178.1848108024724,178.09868220754402,1
173.88316011452133,145.96507134809877,144.30982736496594,158.0049862622516,161.11317699353907,176.2864643526735,176.35925618707896,1
175.70286872527882,148.3863029625218,147.74950094970097,157.09237516599765,155.08767345654184,178.6825831637195,175.03960405277255,1
174.31112557377435,151.60319001286373,151.20883625307786,159.07717206020428,161.63357934789323,174.62652332570536,177.09799043860443,1
175.19785682042172,146.1810567879725,149.31800593432712,157.8125988133827,160.00304532480206,174.8801080660189,177.55536973569224,1
177.39582378242892,149.85566643177685,148.5325267747229,158.65283948173717,161.08809820701242,178.10148329915535,179.0934116566287,1
176.75847246906977,146.77280461880432,151.7139406997184,155.8517514538571,155.96209351585136,177.61887950585214,176.27984069028204,1
174.87171439036064,153.49394064274344,153.6759456420222,155.07247895664327,161.4994728689605,177.85660938921333,174.4129158532988,1
174.2778327500681,148.31278187895617,148.07441193979628,154.8895703596476,158.34437801284298,177.13006456288446,175.82053134761856,1
173.71418904792498,146.25489211865445,147.93283659767613,155.68889597011022,156.74152528613115,177.95695703974908,179.77833206599104,1
176.55396620341267,149.35703479692228,150.86692456134497,147.17429888754967,151.8148064552684,178.36536443156615,176.5031800809621,1
176.93003814659914,147.69460404101486,150.47722050668796,149.24991190028223,147.01954354096614,177.85849195256878,176.40268895269028,1
174.95864494868238,141.7623073736803,141.8428059771581,150.56943945069986,151.28071300664968,177.83775489615402,178.7000374064597,1
175.5687804288127,144.266008043881,145.05596142729902,142.53056235597845,143.07431284856673,179.6017666335705,178.84870059142827,1
175.25112387847096,145.8720038330932,142.9920502076438,144.92784323390856,150.5711298725646,179.56039296373564,178.656586245947,1
175.96128305856658,141.41154221936,143.63481882053728,142.72151161384932,136.43644812469017,178.7596805538977,175.9752452482429,1
176.23803031023957,145.85907669015825,147.4336360251501,142.3380143370135,145.61597149580373,177.48332914285868,175.03757587232113,1
172.47465561625066,144.50093376806078,147.59245270382877,140.87312993432656,140.58500643626044,177.3762449487351,178.6263227984051,1
175.41856436670437,143.79951663643706,143.55750807240645,137.98423669888922,137.60845054984284,176.04868738558943,176.36586271865562,1
174.98277365061637,144.5188423789378,140.59885585990136,139.1132937858191,139.1121814026357,175.9397652785515,178.37326565106042,1
177.52468386293424,140.91741968053321,138.0120075562334,141.3991025683094,140.02831692702273,175.23399770006358,174.95306743986305,1
174.98486079188288,134.85609482569365,135.45104245982046,134.02155498373708,133.7230953107402,176.6392050552628,178.7787449467591,1
174.28348848885912,136.81964658066312,134.4596178663731,140.32528748288553,141.0368103497529,178.61517838947356,176.49020829452851,1
176.08849207878947,138.22491439857853,138.31073478879838,140.85693092820463,142.29171415200852,176.13917907156733,176.02898923222773,1
172.42633300363434,133.7788449830453,130.94296034317932,133.40305645558,130.14161621691616,178.90170115159088,175.41742618805677,1
177.0665312521825,135.2749195846925,133.72647353728257,138.95944697555325,136.14797015133226,174.99180390154163,175.754643571062,1
172.1180854899293,132.28135201901483,135.91358809943543,140.3511528051113,137.6133184055227,178.2995757130179,178.9146100726222,1
174.87036403316117,129.8455851260632,129.80047494821656,134.1725323945922,129.82238941689178,175.11206693662513,176.03477025169403,1
172.58354413967615,131.70632471878548,132.7198977609194,135.52772492469376,138.00305010275648,179.37120240166902,178.6454716662587,1
177.6102169479543,131.77670273734208,136.0291163305229,119.62774991339725,121.96622080337113,176.1816558981011,176.695466297908,1
175.8564324083345,134.51365399063283,137.13828174905058,127.00623439641512,131.86922918800147,175.7225549178673,175.6909832104662,1
173.99998704453867,125.88002885498634,130.64313607720985,115.70514098228787,120.17077842674551,176.07262939019338,177.8431527752367,1
173.16189899410165,134.6270025254467,132.30542422118842,120.49797598199608,115.65565812279188,177.60594808721314,177.47294174165637,1
174.80928304665136,127.30227517322142,126.63487227265205,129.04784912733558,126.98223960796763,176.40745953791,178.41676588032763,1
171.26341147107163,132.70770262015395,132.70627360942504,112.49666204421742,116.46660302834863,177.27601786453715,177.85825877694134,1
173.896182630537,127.93296245836926,129.07587555355056,112.73621682473642,114.21618938964939,177.1213402211048,177.56160818335167,1
176.0105106651151,130.0280851900009,131.43200993128457,110.9340315168211,112.40886485758365,178.78505861957242,175.1606242655085,1
173.2331740416799,130.41054701456153,131.23421540843208,122.55816184089214,125.36770911916227,174.89176453656856,178.2152108153303,1
170.51451505013006,129.68109991230324,131.69270056001088,117.41601668416094,115.43746837513113,177.0487143615195,175.9801580331089,1
172.19582221418014,131.50867337593778,129.719975537982,114.43153544670714,110.58463666074483,178.7037437763067,177.40303607309127,1
173.12959905130984,118.81672406438723,120.89856993215098,121.71054871120307,121.63735516239866,177.22805015738618,176.7378751201609,1
173.69522887775364,125.49070211572551,125.0009131101435,105.37148770823202,106.19205075272444,177.1398043293642,177.61509573202196,1
171.8378984273811,129.2571408435989,129.2649681061849,106.29158006752267,102.28067886893875,176.4449145248519,178.52554846281365,1
174.0722808827606,115.27055783253458,119.42307251596581,125.4355657523372,126.82748036278258,176.47877864349525,174.2817832043487,1
174.86538867787962,115.86896161675742,120.81704872224856,108.3837559291745,105.84782217111211,177.14509093441322,178.75081529094481,1
171.18498922037796,120.3578522464973,117.71529323783373,118.34389764147954,115.50316826957379,179.82305777701362,177.28311519396786,1
172.14225145032245,131.07180784602295,131.54406847257528,120.36371157545027,116.55870373983859,178.22324344822152,175.18937087886675,1
170.07421520372785,129.62167037708525,130.59335556741678,122.74611033694109,124.00298957909727,179.06479120889176,176.55783812522245,1
170.13826082766022,125.29550389490616,123.15841370241392,96.43734887789348,92.958715176678,175.45746042508858,175.5909796893278,1
174.1317769097681,122.5640995212163,121.46404581239771,105.34282496063099,101.27597565967568,176.5516956493208,176.49834037824155,1
170.37762003063807,121.45328679585674,120.19961464361657,96.01442658110138,100.96421541278954,178.1934551853477,178.8318777129649,1
170.09199191638916,119.01460233457192,121.69834099704548,111.84291001677624,108.08995535504754,176.562418700982,174.6336495446201,1
174.81925634186143,122.07693478416579,124.54060857572176,115.43852841078302,111.76132319755848,179.35486587870136,177.45380062984583,1
173.99923846787604,125.81622901060177,126.40367524206815,102.28991046388664,104.84308436295511,176.39003844782056,178.13505015877647,1
168.90570079439536,113.04167448941169,111.55174874952039,99.4794262200148,95.41010754362236,177.6304805803174,177.9057617461206,1
170.96351037188765,118.26248618943546,114.9722488002654,95.88861914554457,94.97029599621925,176.21641743629036,178.8928829116984,1
172.36467961440445,115.89148193676151,113.5207326108755,106.48405635161444,106.20780381538161,177.85971689036558,177.34861027139914,1
169.53870293504465,128.22069666739048,128.8521803232754,115.01364469280527,117.83441298876161,178.59272377361643,176.4523924731447,1
172.07903971093202,119.05004798791974,117.90208856671167,108.28016830346682,107.47636379674414,178.855894730879,177.03256531556025,1
173.4160344706361,125.75114688271752,128.2024378352261,106.77582362003461,100.67616650369231,176.3885978412608,176.79738348042986,1
170.2900125303677,118.88228160559478,116.0108651102969,105.43988693444626,104.60414669948999,176.38626305267675,175.8911048477394,1
172.2248079538631,121.08808318217167,122.70792932399314,95.8279689110727,96.06606810831299,179.97515884614754,179.7776687239021,1
173.72984648257253,122.81194566287343,124.7359326976523,103.44760573796385,99.82846980446138,176.49292875075497,177.46115823282946,1
170.63835414925308,111.71455600898052,109.94065265409742,100.01185228050142,101.62042017216764,178.9072540447968,177.47905326932266,1
173.52476997021986,114.71227374935569,116.05803424308127,106.818669165369,107.50121463830781,177.3098657171236,177.9396243144988,1
175.5169179565226,115.14709439357853,112.55835787936842,120.32603895261424,121.52928321067307,175.49469381442123,176.76252326279572,1
171.45739282335163,116.13495398756434,114.52047522582275,105.027509637005,108.74280345715282,176.452443188507,177.47184433435532,1
173.06089751282676,122.5729216636606,119.99450915411971,116.05124815332434,118.82935129547216,176.17027565464954,176.98276959592616,1
172.87936526216183,120.96483365888345,122.40018120981966,102.2813313473924,98.55197916359288,177.93348182623748,179.2934013511019,1
173.3047735360333,125.6991613573491,126.23762111360041,114.57478921059922,113.37288625231406,176.92316847211725,176.97591105327,1
171.12093891937414,115.22503208356959,115.27560824947464,114.23576558094327,118.08115725534279,175.36876886622758,177.68911896169578,1
172.48166144550117,121.05337046188929,123.4626731044268,103.88406975343278,109.09675745170435,174.54541994021918,177.73309565410761,1
173.86843056622504,123.36124215392843,124.96611051452354,106.79141264069769,103.942147473294,177.13246694381561,179.07863511446962,1
172.2043537023363,117.71216447559615,120.46958309487837,114.35597268615196,113.44594147298398,175.13246070006073,176.85165615353577,1
173.69039378218181,125.59224508824725,125.05733367992305,102.23521799694822,102.33956793331167,174.15372983445354,176.84791505775112,1
169.78845006581915,118.68606862323784,116.23297399189475,125.17936892745563,128.1955164288586,175.46609860846613,179.58365473908418,1
171.83321963877412,117.24217349955703,117.18700798479604,102.80003256662047,103.50335948777213,177.31467464457504,175.0199956172051,1
174.48944964329036,128.3520816769091,129.2116076551865,119.96925993714055,114.30399467132358,178.4007180967475,179.46824597656754,1
170.91794167638997,132.1370177136613,134.05983189576372,113.84314991399002,115.02706648106218,174.54612609017687,176.61278105608596,1
173.67780422192868,122.01680878768265,123.04721231386723,123.44456273155244,118.07968229770725,178.69923742895412,177.842221538597,1
176.10702136820507,120.94665868560341,120.76841776040881,106.6048653586095,109.81306319378615,177.265037155233,177.91919682579328,1
173.0502938598574,133.92863582845936,135.68291513248175,121.58884905197965,121.1066614346478,176.48549842033927,180.08227341908932,1
172.59859888043977,130.36848841859228,129.94488904920533,118.36372213254093,119.02444890495896,178.09864837501306,176.91307464027142,1
173.11565077562022,132.0910331826339,133.1016088200715,127.38541536059094,125.71153048923597,176.7496986394034,174.80114300719524,1
177.05875391805233,129.33728468700102,130.93351683598897,109.69393718772851,113.67728444856573,178.65965869603693,174.48969717162004,1
170.4672509060425,132.97139045724305,132.747851698218,129.0865071219359,126.23809787122401,175.88473711031438,175.71525497697237,1
172.90102329737792,128.21922091255271,129.15599510081304,124.4241811472474,127.4298419079224,177.51532977675586,177.99291896441167,1
173.4816783250578,136.85915320406767,136.3267742900076,122.42922972965688,126.6541486717798,176.25241473044352,177.12473274582976,1
173.42658948720944,132.23708487767556,133.22722238304917,132.22236640062715,134.45701918956735,175.67528009752942,178.4528130869683,1
172.5147896726867,139.2019349405868,142.77814878473387,118.48016440883399,119.49084891789491,178.80715015705303,177.37269769763495,1
176.1414199878403,129.66566650051587,129.9514700529568,135.35779719246557,134.9846575460112,179.16342150855485,173.93433246034573,1
175.30957305705144,135.49607785532962,136.68874769873398,124.78402288879373,126.04115740264653,178.51945970145212,176.75325290434554,1
175.55806723809934,134.54839902707167,133.56978937254868,126.880228143469,122.84407405369812,175.51203255490316,177.82237432676337,1
176.33355726188518,136.70346182872674,135.5968562975946,137.61103161784044,134.84865519140106,176.99380401923077,176.5408745189213,1
173.40577272099304,136.0841051794319,134.8877206875819,137.75350690862822,134.8969810096782,176.25840133729383,174.20844272748596,1
174.82281122895972,141.35618517203454,138.27357103225813,133.71060477547135,136.203679770108,174.26943197728474,174.19428617096338,1
174.7167578532019,141.93438030690285,144.52351016477772,140.03756216345852,144.153217854218,175.88474706442634,178.82144050929642,1
174.4475196450656,133.57246253064477,135.4739478007679,138.79317979520187,142.21026689996185,178.10400024653447,178.3805729596787,1
173.86167502753,137.90582302391067,136.4270216341646,134.9079782005826,139.69154826951234,174.52324014124918,180.00826058493968,1
172.67992258218493,143.9121185105261,141.23554161529265,144.39243837598985,148.85873675362055,179.23743415876578,176.85722546473772,1
174.80032426892652,141.24084647812202,139.21790841624355,146.70954238069524,145.03594454531662,176.77412203833168,177.68638259126166,1
174.44671993308435,142.91849838609045,143.58001798473515,141.80750272532683,144.90234857885918,175.8795730089071,176.5460779096429,1
173.659777941138,140.5643937543286,142.79239275259366,142.45947239514373,136.4512770890094,178.01702856801447,177.09864523785703,1
175.14549291423253,142.33806185701914,144.79035495025227,141.0754859739258,147.47704528680072,174.82660557083383,175.45067144627552,1
176.49458998579846,140.47680225373003,138.7233341402599,150.45690169634383,151.56074836496512,176.64947326974593,178.83640767878026,1
172.87481719333945,141.27036271773545,144.36368521924922,143.06555243119027,145.7725632586298,175.70335514003088,175.38858108266632,1
176.58424473799715,141.13103558731163,143.5441903561773,147.7640650139233,151.94171999490572,174.85755541019589,178.82972731016298,1
176.35700839188195,140.98493148554329,139.38139918980474,151.06909027568946,153.4822385236153,176.75910295618874,177.83260019019477,1
175.65289465049142,146.65624612502765,147.3136170648313,145.89868198657936,142.1885478314786,176.92818139257986,179.84754252251852,1
175.17275563561643,143.96188295915917,143.10159851442486,152.3095714753577,152.57893489941827,180.08106803014624,176.20235896655302,1
176.83739458517263,144.9701212169074,142.2836604736436,150.3109966034306,153.4838070460313,175.50528786982053,174.26369059354525,1
177.44619565741522,142.75762554039437,145.2326404612555,153.95311542579788,149.64419868403579,177.63993742515865,177.1477442051861,1
173.17537105171368,146.5608484668994,145.53426647768475,154.1885149963115,154.3794812693984,177.0076381305658,176.52085354110787,1
177.36624457227765,145.45329986211095,146.43446420816346,157.95411805192182,156.01166457039156,177.12995470970108,178.25481192969116,1
178.8526541299119,147.68818930870952,150.51474726757027,159.97636294821024,160.88738890287888,178.08831467050322,177.61724576097245,1
176.2924367863383,154.22342812708115,151.71729085335147,158.96472157353224,164.5229769981358,178.2979749039297,173.97052215927144,1
177.89529851181413,152.1876937958277,155.19537613480355,163.19073458338323,162.7923156086296,176.178402587505,175.36725688691763,1
174.1560623013026,152.94812154650356,153.615478490057,158.26050903083268,160.83148324329122,176.67743260348487,177.2204042979783,1
176.69941307417915,152.38886314823716,154.4268746919344,160.37379906089845,155.37419934975233,178.0015190044647,176.70432459881616,1
176.823595746265,150.87225703887628,146.69624851928566,160.31856026207862,163.0635186372747,176.8720328850825,176.00393937895495,1
177.8631643845538,152.38989850322923,151.0943707771106,162.54786158766234,161.9941539054477,177.1665007963428,175.63839903783935,1
178.86303534491518,152.7881555972737,154.3406422655385,166.02737376273677,163.90156853713745,177.23300853153685,178.84747669071047,1
178.12828873432258,148.09283988041122,146.2152337955478,165.99504820164208,169.68652033935376,177.91664207553166,175.5959021289721,1
176.2626649978365,158.51707938560847,155.88214356572206,164.20144992092935,166.56315747952166,180.09462738632882,178.61182201864287,1
176.91913806817686,155.91365535924137,155.74203404958553,164.31903799608702,164.97719887991303,176.28466263322252,176.13989289040632,1
178.9225078260767,150.88378806107784,148.6453251692919,165.49738952955644,166.7440868334024,177.9228652648677,176.24934035505743,1
175.66251463828138,152.12015870821688,151.20933302857728,167.25167220754227,165.42043718395058,175.14339604983005,177.0256922949803,1
179.00544132409058,157.66078342138573,156.32143143468082,168.44354388074015,167.49495970225342,175.7690917804598,178.32159677157276,1
178.77926733378052,157.68801098647629,156.24396393127714,165.25034121670794,162.839100210533,177.64386901032435,176.0847385650577,1
177.4514649542583,160.17182535625278,161.27115010867792,167.83509272710597,169.55949282911854,177.38103191379378,175.75476273645995,1
176.22436816224283,157.8152926713288,160.32285388373404,164.85311599270557,165.01570740929114,175.9025742092809,179.74451232731002,1
177.8100665388576,157.4243959044188,158.71395094853776,166.43415393164378,169.61039259701013,178.74558442813483,177.70620882847555,1
174.9994788595279,155.2675233329633,156.48126176792812,166.381246594493,161.6900436806445,177.2708095282,179.40862783221,1
176.81957853896003,150.0041114508428,150.0461740428019,166.0021617633213,164.52597256329145,176.640081700632,176.28421717350042,1
175.04783900574563,152.17032649174712,153.71642337888753,168.49307422088953,168.20776562984915,176.82975411010966,176.73027444000434,1
177.63672000878165,155.6434780987544,156.32082369558682,166.59956871525648,161.41379981857565,176.45904716779145,176.0800647323438,1
177.28521075724547,158.65007952320013,158.56299455822563,167.90590363171364,167.03199257040296,174.4244633101918,178.33603971669484,1
176.6208296095206,150.71082909952747,149.1706156887132,170.2378376192163,167.46760791586792,177.20567403671214,175.80904678509881,1
175.67211844629654,159.4653203216098,159.7495308320724,166.48933006140368,161.75807389259018,175.1922525319067,177.2856613212914,1
174.3448364588733,154.3706111620927,152.60312653815768,166.8545523863823,171.7126210426596,178.21804669329933,174.2136772883693,1
176.20132367244858,157.14622647965962,158.83698038564125,166.46309090955208,162.7160228315259,178.62562884714842,176.76419271161143,1
177.1693595687197,156.71154890834484,157.4145867947977,168.30609947998232,164.1493057020205,177.8280023924651,177.932952482018,1
175.91181462371978,153.5744406733955,151.95443090948876,168.46334690207274,169.273823356494,178.03675344302508,178.7774592747225,1
176.07238368854212,160.30024773555678,157.105612888568,163.18322944776315,163.79487386759536,174.52768343231187,174.98492214128686,1
175.60013808478956,150.38432506734625,145.9718118873323,162.28397886163074,165.4065156979155,178.3669183171735,177.31277165940466,1
176.4087401745457,153.4034350334344,156.4726784146237,166.53981042837103,164.36126528067388,177.63841392386624,175.1671005874819,1
176.2443312215572,152.04983283358547,151.7304110792132,164.70102000008458,162.9123294299493,179.33247476644956,177.23641612928913,1
175.75174717824362,155.06185621029,156.98358116506142,160.62055648344125,165.86960184587647,177.29808455874775,175.8700155366253,1
176.68234263159073,154.4713168483816,153.72741086138473,162.30816546873754,165.62263513661784,176.20499097086142,179.05266432125356,1
175.2239942193217,149.0940554605016,146.46011480370947,163.62653061982698,167.2281191143838,178.17334356032632,176.95940355656415,1
179.310114690587,152.13112660669523,150.8035423927991,162.29210788311528,163.939374734841,174.85712942142754,177.27562088162642,1
177.18890578848382,149.67858005463432,146.51247857475352,160.32674667262825,163.11109951437737,178.16412093780463,177.68673263639698,1
175.09508407734157,148.853994332324,151.35153444902713,162.7021890743142,160.14150352722194,176.35524642008676,176.41192133163628,1
174.16370598041152,148.41722110705004,147.81145191450491,158.71512536102142,159.60411653955612,178.96900491110844,175.94616879205878,1
175.91284762058913,145.812801726178,148.24405091514083,160.90901203490097,157.51692449546232,180.0698490969679,175.67875914431892,1
175.5087748129224,151.00150054373623,148.85502558591136,158.9904215309559,161.9596995063475,175.78566811330936,176.72755498257982,1
174.28888032165094,152.46902997123306,153.55204758135173,158.53210725283756,154.6659602609351,175.76188789984764,175.30056351152268,1
175.62942083129437,146.85948863085818,148.11743547779827,156.2801918183268,158.2776296664614,177.16051184049368,178.21784659323794,1
178.35069308216106,151.1906234449967,149.06649803354134,155.94738161365848,159.4559452435848,177.93816467911654,178.54812429571743,1
175.3898916986014,145.9604694594648,144.1845458124628,153.14572364455023,153.43694331369414,175.8808846838009,177.55773786388912,1
174.00625618713556,145.69984882047774,148.6815249822739,154.36221312676662,149.85642565189752,180.02155408095325,177.74018862429318,1
176.0290841667287,147.9508523133232,147.9576599788833,152.62983674504116,156.09945871662563,179.48034876418225,175.66039586849752,1
175.10927075486717,148.83883950460898,145.69869834837672,147.6479959106189,144.4646725800915,176.35817529131043,177.62125406708293,1
173.36421304130207,142.66710330163744,145.00337951644292,148.20206425138278,148.80273235641968,179.76430923891098,174.40268009825078,1
178.16768256479307,143.65637884305767,142.68435129708334,144.19506233996773,149.0243473822245,178.9274927126238,178.23848265634408,1
173.15345984532397,141.301285099481,141.5022322751361,146.81888202560418,144.4667410496873,178.50408861842115,177.31543295152156,1
174.80285605643357,146.9635340833945,147.3462859690435,139.62447966116616,137.83780485571367,176.7109891272718,180.0132000627017,1
172.63659586174867,143.21878199389894,143.40035249692184,143.19195975535482,146.27291721623016,177.23013435751582,174.66134592762444,1
174.98177150555262,139.3744096707508,139.0112094978355,142.33081911686622,143.31109900084132,176.8462000892332,177.3247662078793,1
176.06463238833564,140.90415846212994,144.3141323449452,147.39595826114513,145.60071484716522,178.50601185267726,176.82348885223553,1
176.62453804854684,145.06253483225169,144.2290547691611,134.09143416237978,129.74297716214403,176.44638663821434,174.66759076062692,1
173.96517065826808,137.0743231473617,135.12651630994233,134.72259933090547,140.2340557531967,175.99820414291725,177.1706012677349,1
174.2482539150716,142.24555475348328,138.94496321940454,142.5156617183582,147.0923279257577,177.4402285102888,176.81122667967077,1
175.8115942416036,134.18686161376874,130.2986650139619,133.21710844887608,130.44181109208537,179.57125718751905,175.3231569220109,1
173.94687283865395,136.65629555325913,136.34989236534562,131.63230736064193,131.63548317212425,178.03642654429504,177.38336778384556,1
174.90863778617222,133.25666559240068,133.4731960102095,128.12447064100687,127.20170918228945,178.87427275295073,174.5286516949955,1
171.47670424762262,131.3321470859164,132.30004731712498,141.0981240533108,145.1974189432667,179.3976079098067,178.04682536057703,1
177.15276486726606,131.84442054175076,130.9085423450061,127.54284398789542,129.70140987857602,178.68437768564164,177.06295232072083,1
175.03760166098448,134.98539683579685,133.4719808554685,123.83606965531419,122.79788650391312,177.76860324878893,179.26469940177307,1
174.77957903229787,128.83505413244112,127.77421212634069,128.26277840842826,128.83218854574264,177.09355773877593,178.59389936049544,1
172.4155114629905,126.83806639080218,129.30090888798483,129.75548904315156,131.41872760533917,175.83942423690735,175.9764798976532,1
171.9598135079943,131.44450471091915,127.09724698460957,117.20214274283875,116.27680523459362,175.2469828848678,175.52393349877002,1
173.64079645361025,123.69073586477336,127.82303913222003,124.59814099218995,122.01242089278267,177.65380888665263,177.48014774742188,1
172.07645447608084,131.74506735694612,135.0356378907648,113.87540970301303,114.71671657276677,175.57626451566924,175.96265850652696,1
172.74681375364258,129.06856431455034,127.76704607780037,124.74142947405113,127.99716129270841,176.59088075998892,177.61114923100936,1
170.60281667441552,130.10649101888276,128.26786675796006,126.49445219551201,121.75327532635673,176.46242938435827,175.10537630618077,1
171.5326703431624,129.99840853904894,129.00363670018083,129.55210807929063,124.35885107431125,174.36732170993406,176.24781348088044,1
172.9863710882102,135.37226620380545,136.29639427534966,116.19066972765516,115.49701524530819,178.5373235905846,177.57616515011736,1
173.55486487647488,124.75103349502419,122.50382717869597,113.11690338278113,116.8735625753009,176.26200631018997,176.55103603892638,1
176.26392808174936,129.23424601840682,128.39544385722888,119.18701522726876,115.97903073416806,178.72151109134217,178.03191195794534,1
174.82852583672377,127.53505075192884,129.77942521739507,109.65925179477576,109.60363640917791,176.43690892492236,176.07859639578513,1
176.61127941916183,121.49115377261609,121.7910190621099,124.74560713297487,121.53609369876861,176.5852212352459,175.5100896078057,1
172.58238766715218,129.0228077274015,129.18610591905033,119.44864250963914,121.80805553870279,175.66426467503362,176.12438707579824,1
172.81372399347543,119.8980013063735,121.99590182015795,104.47822481458049,104.1002825008656,175.52102750291778,176.19455445126647,1
169.8965548375763,117.81859773394162,118.60682887889122,109.66187795206939,110.5776022718094,178.16608137036235,175.54967797768307,1
170.51185791665316,117.37685561979217,120.8635759860226,112.9915611876461,116.20793055268018,177.14870492361652,174.26433469984593,1
172.23918611557343,117.03356550845157,116.61647992139264,119.25356058850443,116.51853274910253,178.72306859447565,176.70720211051147,1
172.21627430580554,130.10192595831924,130.64781121535333,108.43354153637635,107.54711588793343,178.4842941339522,176.53003672838014,1
172.8290640359494,130.35007676445656,131.51615550556483,105.21571679889884,104.70969291780929,176.66825125842618,176.4369418481309,1
175.01645682481833,116.08813309582598,115.72722370594698,109.5664206187292,105.07663121702855,176.82303859248964,178.88760349567502,1
170.19757966871057,121.27903104104364,122.0033225457014,98.23053735114219,96.32104334814353,177.43450615230012,175.74890632095807,1
169.19953644645736,114.95817758591994,116.01325895811742,110.1776626004202,112.29187673798,179.3935214381367,176.24031800426948,1
174.48118810444865,118.31400650924826,120.75702709335765,92.62493129221211,99.44772554090568,175.7066706203505,179.2416553485181,1
174.78685957461929,116.91262987295528,119.2756177432131,119.42292010332153,124.23682613737465,176.60300200730538,178.0572161443919,1
171.44620482246606,114.390808680133,111.36503759295972,93.70810824231259,95.33778755252052,178.04384294709754,177.56925550028734,1
171.35286234511165,122.66541186261296,120.96915851267416,111.82557703920136,110.8250046852278,177.15260587501848,176.09610970211725,1
173.92281961155908,126.75250692565926,126.97991015547456,112.13804690573582,114.42277397754856,177.22523585183887,174.76017537168616,1
173.71593414840817,114.81508813553545,118.6502470030942,106.8108798414785,106.42543223792192,174.12472156257533,177.33776793600418,1
169.34669967363334,120.57400475992466,122.97813031919172,89.14619905695785,91.25989149212309,176.5330622729852,178.86396741853093,1
173.1440793825176,123.85925481269757,125.24237214201796,89.05994966566871,95.20967380325628,175.3962941623539,178.64049802913297,1
172.13756504450765,116.47169314163745,115.99151623143422,110.2255033296127,112.30602515377485,177.83030831690252,177.30663559145626,1
171.2417777811593,123.65489984399707,123.01181630179921,99.41179257597138,104.03330979317667,173.71566023946613,176.05782996979272,1
173.87095516235235,125.70760408536324,129.1030119431755,101.48915548980784,96.71406381416867,174.9421757406149,177.10008532950243,1
174.73303166051193,119.7078984586528,118.47037003139214,114.44471712382742,111.54803887127753,176.47398098034185,179.7661561257376,1
171.4218518948375,126.46711801892414,127.14691933178459,110.89490881518834,109.92582432881301,179.04834027867608,178.2221069497979,1
175.89639023229796,117.05788109004942,118.48140413018679,113.32765498884886,108.35966138388606,178.26462898615372,177.35370018684057,1
174.50796338557294,124.25280250395362,125.98799875933798,118.27375800969314,115.26398763080684,175.8660777859284,175.9218727372246,1
173.43512190715202,129.30481413793822,132.09711621037297,91.67277082954712,94.76241704778546,177.42080384512576,177.43390443839365,1
175.34559697790812,124.5661085161574,125.4249527996147,98.77639581024745,100.46351075217576,175.11020421161103,177.9677248720469,1
171.2432371895157,126.10862625118507,126.11846279591404,118.45492207045022,120.34869782248255,176.385701681526,177.9931340027295,1
173.31392537910799,123.49800279937168,127.43711093956513,116.36373587031217,115.52213278248826,179.3361073255575,178.59353955448051,1
173.51103942661075,111.5683324608314,112.3270834488723,106.73058188854404,108.60780248652699,174.1367000300477,179.1809373046127,1
174.86085687857204,128.99298845075907,130.4995784435142,119.20764547971946,121.26640827468277,175.40772691414284,179.29287257293856,1
171.6760314250188,122.60391547002307,122.15731954788731,98.81356922644935,102.15011691050192,176.54256838316687,178.12912938904574,1
170.83725378442253,123.91974133793255,125.58971089180667,100.41683111909913,98.09611428883176,177.02997090788662,176.11500067503613,1
176.0074046036961,114.15952102407772,115.07260104907432,116.32133517792518,121.23165341933627,178.17067524451585,173.87371575625264,1
170.53382450030506,116.7353857750744,115.85749686035382,103.6794289500209,107.45486792341111,178.53903444686114,178.1728468334685,1
172.99154191215928,126.92827367076706,127.77093463712686,120.39189611400576,126.8898200491877,175.9100968249948,177.30546230255578,1
175.32450037678626,117.1800851712626,116.42745732057723,107.28494930243569,103.75501360575828,175.96506340570065,177.67438861876883,1
171.39215331559154,130.74879393429865,136.07285049015354,111.26287723065572,112.67135435285934,175.560088279092,179.49161458725587,1
170.6138030254238,132.3186296844374,133.95632214497914,116.94178150156029,117.87317659766683,177.2815519192811,178.11892171390616,1
172.5337944643446,125.51210188966945,126.96794067761124,117.09457407197901,120.48226554781357,177.69353224098265,176.14195939790554,1
173.6574779435816,129.89481245104207,131.00589003727364,116.11521554134282,116.62407680995251,179.37528306805032,177.24743483029422,1
173.226675163802,126.26763947810277,126.82325980976961,119.78007845985556,119.4256508959039,179.87321127128246,176.246483040052,1
174.9238065876437,122.37750685881679,118.06375505568954,129.25070594939157,129.47978990613143,175.36379109132156,176.22086786349627,1
174.81062558068433,135.31132465082263,136.7362611641503,117.44793497855377,120.3084301120293,175.84291050552693,175.67508789769377,1
176.99386264107568,129.61956244229296,127.72519957087243,112.28573081645935,111.13317115039347,176.49473106550286,174.16787268888856,1
172.9072299624061,127.852578815045,129.1171583909471,133.22588611146455,132.97795016765687,179.31794136937444,177.16886846180367,1
173.4826311382277,126.33719722920907,127.02830761095964,122.97181073658697,122.32830517522719,177.62855560657778,175.2439905355613,1
173.90900591493548,131.76038659250085,133.7402060724793,120.94326037299555,123.92036280467954,176.8085009590572,177.60461749848565,1
177.09161253479138,137.67397045440555,136.21434168246319,122.73255262028005,121.36306564124774,176.70646231301595,179.44484834194947,1
174.35582956959405,132.56407443376972,129.02399515552068,138.66803581421942,142.45394470309265,176.78175395414482,176.87253389621813,1
174.42614216906776,131.5765989442246,129.1321115135401,138.78204399094446,140.85559881091874,179.1711992059853,175.17312849539138,1
172.9495315649689,136.06210180877298,135.1240768377793,129.59917365947226,131.8294463346347,176.01557282024444,176.67438544266858,1
174.38123422300814,139.87005314692865,138.74460665955692,127.54087054543642,130.60531137128442,179.2617631384797,179.51564836083128,1
174.0176420387294,140.54564821790495,140.69766247913037,138.7995399003774,138.06099346040097,180.10667173098477,178.12342732037018,1
173.529526854876,142.04140612618377,140.08680382299772,139.49640589314905,141.2724757945857,174.1342606685675,175.56712522620964,1
176.7036975286919,137.53231281364623,140.50951519544847,143.47178588697284,142.78350108406912,176.85206861412794,179.05524376296572,1
175.88120239639005,138.2694919210945,139.1673161688307,140.9629641815515,144.81418313510662,175.48721327978495,179.4107754275834,1
174.2491143002644,138.8088108394748,136.13554802031683,139.80789416803205,138.82554416127468,177.05651660998083,179.25518740279216,1
174.22829019212378,137.70025533586212,136.84103275125247,138.00912389929096,135.91562258214643,176.39287534699483,175.4365094760406,1
175.70823513500474,139.553426725751,139.40392677281483,141.41164287195474,137.92894173540228,179.5146327068507,177.14277419692738,1
174.52115148827164,142.31386775714827,144.24793870273376,139.9693640744029,139.66207733431023,176.15328753847032,179.38964524298353,1
174.12824200891237,145.1906181196986,144.27489905561495,140.0895697737244,136.58207645685675,178.32277434216152,177.49154779343837,1
173.62669511667843,137.95544317845597,139.67598887106152,141.78837181153884,146.88272276663207,177.3008036145144,177.53389876517545,1
175.5806292059064,142.17497112991305,141.74293516428503,144.66289291833573,139.4392950293784,174.44947433697251,176.72691220198593,1
175.00630541651066,145.7617707086353,146.1265241129521,146.13575948023745,143.60384695480474,175.80597818167612,176.4767278369341,1
177.66664895945473,142.77527589278566,142.4106539175725,146.2929786641515,146.01150344934268,177.4796681382005,177.32890367376103,1
175.94557500023066,150.27670046717012,150.11463095367264,150.78402980202142,146.24416738012766,179.0180232544033,175.11005016307539,1
178.57463150356693,148.304583362846,148.7553652169467,148.14031041493666,148.50235569584495,177.35304276687245,175.3583825900809,1
176.37001765704164,145.39424832796755,146.1482474712758,151.89952741943208,150.79522456120895,177.4120481799174,178.80798329307925,1
173.60378458315313,146.15090319109063,148.62366574139904,151.14532857011974,146.11709821320585,178.05545221674814,176.1089848583306,1
177.41721817831728,148.64600330075498,149.75598211185348,156.54536147182353,159.47037299148812,180.00088701307573,176.28945207127566,1
175.3921664895283,148.128393655751,145.70219548142424,160.4179333327788,161.9875927945545,174.78638682239858,176.59936774813002,1
177.41364157205902,147.86420503110094,145.32244558627056,159.29748016329128,158.2278118368599,174.6483803993103,177.65759669513236,1
176.47927543160722,150.09279487335775,150.69877124264121,160.92475918412416,164.25333794091057,175.47401490711212,178.90673308894546,1
176.19836140213278,150.4675344003417,147.90218217932755,158.99807566028664,156.78617170172018,176.88199687186298,175.39184916529382,1
175.61088560560395,150.2976128056397,147.7737976792452,160.9956742642229,159.9667614609696,177.6157214544643,174.75818875901672,1
176.34309491792212,154.96993553665664,155.2084345340987,162.2825081049832,156.9188053854402,177.91463637173618,177.57811053804093,1
178.2309175765083,151.84252736912174,151.4270234936338,162.46375824230796,159.80103307852895,178.04474599499366,174.29351959760353,1
176.13697942159982,150.58850438074393,148.18493947070863,160.7209001374151,158.71412201964262,179.59027198392732,179.32110191778744,1
176.03084287028716,152.52724211569557,154.49589342481846,162.25407294575,164.30052953430368,178.34979825021762,178.01905018742764,1
176.0279936341358,157.09323769306133,157.45509297823318,164.72347765081057,161.33820548822703,175.70219611850865,177.96748914943416,1
174.4763898988525,150.12100872630512,149.22333442995645,165.2854998150469,164.24846507299148,176.7060979264264,178.57216304357735,1
174.19972200220906,150.28330923839772,150.53848224304383,166.69432847996154,165.99920325674546,175.5314361210113,175.4847053586255,1
177.57296153325748,157.22774118537524,157.79852307481426,165.38440998110815,162.84550850222834,176.54234911132409,179.32684162516617,1
175.12128101118444,153.5914576366517,152.97419115782282,164.38323259786088,164.35815439501533,176.98828080558866,175.47884935845372,1
174.24487076998804,156.01245011246084,155.62697735617246,168.78023176108644,168.13666180750548,176.5062237438675,179.15341265333075,1
176.9261035055802,155.26158396387845,155.26219949524744,166.17916189131532,169.59617295936332,178.1350319791825,177.96548574985567,1
175.24025118960637,149.60567068477906,152.55836931387964,164.99279133504956,166.07763775814536,179.10094256954966,177.113042382921,1
176.4818749864834,159.1454420657714,156.44499664838216,168.4433100528316,164.06613720762817,176.07405994199505,174.7213914964372,1
177.84841673723557,151.59070626771896,147.32968064628992,163.80937033406386,166.70080201329372,175.42662234890216,174.6948429276838,1
175.40361019428497,159.3022064469581,158.0127535829742,169.6600033541083,167.2799887383873,177.20757804893586,178.25203253443073,1
175.53639069803896,158.82515249000832,160.87884727796862,168.01467759786607,170.1108856300597,177.24178268654646,177.62858862183867,1
178.11911987678778,156.8012877973852,157.2099699056214,167.58435740130219,170.2657625020367,177.79872013042973,179.4597524533055,1
176.91664638429248,156.02121812974903,154.45032949180316,165.21798616054295,163.67638623896224,176.77439528013608,178.60472412539076,1
178.691646117042,156.8158882200513,155.4339626858823,166.14538338312,164.35921413616,178.64245410156366,179.36349243932096,1
178.95389786964157,156.21911625668287,156.14838592207505,166.01161840971125,170.3085563742782,177.48311513631478,176.67113707238127,1
179.70741463235072,158.4416741072107,160.6862504218826,168.7002999511665,170.2449845752411,177.63610785101548,177.57759931709563,1
179.3026660112389,150.9358442546386,148.35473627793587,168.47237044463253,174.87921355156274,178.62295959728314,179.03586944912178,1
176.91267982728337,152.57854032627478,150.9904604484135,165.58325369370058,171.0001435779038,177.1810374641532,173.99342778185735,1
176.87105403919446,151.96575348885978,152.12706432750488,167.66336554615808,169.4488265056848,176.9097263488668,176.99263472624946,1
177.1370804801789,152.91536363449865,150.7234426230663,165.1930674842161,167.95061009270503,176.29171134153677,179.93478212687512,1
178.84863063777755,156.4418091556088,156.8558653353853,166.97443948996525,172.55516968392863,179.1435297240732,175.0500421210917,1
178.31426824527668,148.62780310965599,152.06072751755224,165.41274481223428,161.75048753938876,177.2333325505797,176.96658569546227,1
175.64165100825522,153.37307231847936,151.41342772525783,166.65208623367567,167.1693760464726,179.39754371949198,176.96516727402042,1
176.41890265078848,157.39133557324612,157.76316781354905,164.74905194516495,161.25814371993064,175.1041266972407,178.56236052630533,1
179.00160694491635,151.44733325774135,150.25845128684134,162.67226852244048,166.60705963271096,178.60204244144865,175.88665194516418,1
176.36787829404827,154.3282512157975,153.27099451915933,163.10128310183154,162.74931722449668,177.95843975144652,174.9347087703422,1
174.13219168398908,152.94208863111862,155.9602986634905,162.8116051549355,158.91599437415667,175.81872304695906,176.58289097903406,1
174.47082103865048,155.03891316660147,152.5287934298521,163.993532463985,162.70274698996235,177.19065916361427,176.06620284418426,1
176.0762858456689,149.59885378808164,152.4179456609092,160.74279242756683,166.55453583965223,176.04536587154342,175.17238664574967,1
175.81352138703676,147.26814602595445,145.03364252637414,162.89881451705546,157.9075704994506,176.99015851528378,177.80429624473902,1
174.470956571766,148.10033037023166,144.2228012430553,159.415168799239,158.29125929440116,179.37362048190477,178.3921401025909,1
174.87019465121307,152.30479253098076,151.77628232268796,163.36488454580524,165.58353891988497,175.4371171703552,176.54572973568713,1
176.034020758521,143.70396239771912,148.0647147244023,159.07887136991957,153.66685828756977,176.52879023820378,176.8490316931503,1
175.84364962704223,148.2404480795903,147.46278047767893,159.203756652695,157.9956134691079,179.27742069385152,175.4301417581966,1
177.2132062700572,146.35026800827404,145.6560535008706,153.6942504343344,149.3570174306225,176.6024258475792,178.19098153372354,1
178.3458250708629,150.01589363262934,150.8766714477583,154.06241796122407,149.49044408140438,175.07016200470625,175.03572520107716,1
173.92992934627657,146.87564970542599,145.03018417153237,158.32624849017222,155.3052981495313,178.61541673162375,174.94541099661365,1
177.3709221100977,148.2980084389813,150.24733779563817,148.33832456815804,149.5177851992022,174.4999458487879,175.75362893846113,1
178.2913546022067,148.37727016905856,144.71467253202383,151.61645531980696,155.4072746405975,176.6531818712385,174.94162825878215,1
176.34309705157276,144.5969671580749,145.68235828622082,149.89187226811836,150.51303210949828,178.91917794969373,179.74093203735563,1
176.4778335638055,145.4865749103605,144.30683619774655,144.4861799477728,150.10351514046184,178.5305210877819,175.24886142084986,1
175.81549113623967,141.2770258075511,138.79210729273123,146.32840358615874,145.99985130597682,178.02587668014377,178.6385321937876,1
175.4855629842631,142.0779904674133,142.41085908720044,142.14441304444168,145.7098872371504,178.8433464797685,178.15814037964947,1
175.50648067255784,141.70653044787812,142.88833592044497,147.37219124772182,142.10123770040445,175.59509728872717,174.52744904682513,1
175.46448840319337,142.48918698472838,145.62493376154984,145.19450864127793,142.40434413164752,174.21435434291644,178.01371152745756,1
174.73609362366344,139.62080051577365,141.10450917833668,144.8028891504208,149.78474661477514,176.58850715027617,176.0138762472879,1
173.6741630484991,138.40125027632735,138.15821893333825,132.04932332842182,132.38703076114075,174.86739394317163,173.9831756863039,1
174.76237856698515,136.21344431611422,137.62506805166873,141.30510804969592,139.11593959519305,177.9552050586549,178.99744753524,1
176.22834475648867,134.7433033927065,134.12648920493677,134.35364227534646,130.1336658223115,179.28675419666592,179.8778285104566,1
176.58305170110773,138.1956388860993,136.38412589562682,145.11397328668954,142.79487864420042,175.80722529913555,176.7694944876297,1
173.06282831085466,141.65047270883778,139.83253334565092,133.1840216031925,138.67935451003746,177.44793288822163,176.69104656640226,1
174.37134807882867,140.50851560872303,141.11533049899842,134.64659225901588,138.64209894989492,179.5644157757273,176.06938175275388,1
175.1739542684555,139.26178376608388,137.08203598141617,124.53337749202863,128.41457724737603,179.576063886556,175.1367083383331,1
173.26224140767616,139.7208785933934,139.97558669122552,134.23843309461427,132.70088502812163,178.4506562618829,175.64180557337852,1
172.30460692123586,138.08252198046975,135.61152429770078,126.68713652316922,132.3882944053892,177.88546713578063,176.5875227499201,1
172.86942595794392,136.0116593280126,133.15273836356477,123.09243026176372,122.49556040303233,175.26910362525,177.17031796182567,1
174.30034584108478,138.64575359246464,136.8126999225321,119.1403086274499,122.06505484941114,176.6104555073996,178.8253518946693,1
176.74569940994377,133.04772770673117,134.47923623457265,127.99534599309779,130.2026393794999,176.695213015151,179.06342633275972,1
175.71174901897106,132.78160944991362,131.51448405410886,119.79075636034725,122.8170301256327,179.77355130088517,177.70125353171164,1
173.90776261219048,128.90384364710937,128.38896804429427,132.00882091524088,128.05248802866782,175.77150611792348,179.3320283471766,1
173.4293340141184,137.13248297864186,134.93901718731973,131.72818032199456,131.67528782154832,174.84876516605513,174.70216830540468,1
174.93727753139896,126.33465899050972,129.35444930385688,116.99051581960758,114.28991584476732,176.66582006972743,175.01542183228517,1
174.68220226263733,131.33832612060058,133.99990492679575,118.77080201564631,114.56547606530296,179.37381065122747,178.4212035311362,1
172.29260676025714,125.58701257541651,124.87957372268957,126.84657134090283,125.99728765182785,174.25670702337268,178.4857047664167,1
174.31765070452346,127.41184184184073,129.6559749474772,110.07223119893072,105.70438565757331,176.8283727890813,176.71096492259565,1
171.07405146150566,131.78409491320105,130.64104772298023,129.45568861162872,130.20036065291612,179.89299981446212,177.43545319686137,1
175.3175410871147,118.5879495174806,119.7754337833313,119.66018726244693,123.79125253994772,176.5868283346103,179.95670106168566,1
173.99135455904093,126.79065705033163,128.9736660995511,103.39226503146142,104.43319837037652,175.02492447050136,177.94597344550508,1
171.66511596614166,123.362680339514,124.4120401712209,102.28569992816027,103.33620451508835,174.34595490313814,175.38807083658583,1
171.25719303460565,132.92788664464746,133.18264213147916,117.9823752153497,113.14726962203204,175.7556260345787,177.12062361920653,1
171.75926505588163,121.60181891859612,119.50699368232272,124.02040679323412,125.91604318211006,179.4887262579912,179.53118418115596,1
174.92972381090422,129.5590584593589,129.9379734111763,101.55845552364417,99.08871400472313,178.28292685734183,179.41249397308002,1
174.38003572841,129.90229756461716,133.10826239540398,98.8417480774876,98.61575661374827,179.14109681632877,178.1752529220544,1
172.98488920608045,126.82055233437104,125.19193510831944,108.41431037371319,106.49698407975589,179.91794654086317,176.8393473252199,1
172.31510428568245,121.73295867006777,120.8623299200872,120.56701340143566,116.15648039655619,179.996941443052,176.65732905557533,1
169.72972754098586,131.25752540857428,131.68820190416366,107.66850481690727,102.39590428989429,177.6533147748894,179.01315224963153,1
172.02230285836828,123.49819887759611,120.40602878530127,110.18872573512249,114.50950618625848,179.81407908047797,175.8790642837699,1
172.6848053287501,129.33329885538117,130.04474545433663,100.36712537140716,102.53027537860939,179.07318039529235,177.06452307269822,1
172.56603848277757,128.6385283777992,131.00655052674983,121.4914538438959,124.5610144026784,177.27314016001034,175.74694804275433,1
172.6195156637445,113.1502089551953,116.85654409022744,109.29446059522222,113.30619048457294,175.01715433130593,174.19556347961858,1
171.3197029934468,126.4578912940968,129.22100702988337,97.16548547957771,100.98274399813447,178.5068137426052,176.74454579276082,1
172.07981223353764,129.87928327676613,131.1307062149795,102.79941324844306,104.82017290083239,174.10001486279026,176.29872437132607,1
174.1162207498841,122.47520134851653,123.36599499035215,103.89983923448683,102.80841976481612,178.92443964546317,176.89921735944185,1
170.17823919932854,121.11113164628345,121.10966305812612,97.32399775329495,96.37711417592767,175.27056555284528,177.57303529013112,1
169.31621861580285,122.71943433875055,123.4814135766268,101.15732516307283,103.4894736289656,175.15145440083649,175.66345579639787,1
173.530693060535,110.34443775078891,111.62527629590089,96.50022209103571,100.20144780333239,176.12825342298848,176.73776101611716,1
174.39659234887816,118.076329700163,119.50863881038546,110.47404296281955,115.63230810121779,175.9014456685445,176.61503200635036,1
172.00142295478872,117.80761555730702,115.68259926081029,119.70635924220775,114.94817909974148,178.24888591542808,174.0906100150048,1
172.8851570791288,112.17799534406414,111.06892697058247,116.84339308494766,118.13982383840963,177.76873115627765,174.9456188019408,1
171.3550887918844,119.57294296117672,120.8363122118683,93.81712217471043,97.9054485563075,175.61021188179066,177.43206364967605,1
172.3416619345498,112.12246295118183,111.68075014377382,104.61220346940064,98.96908249105313,174.8013595255187,177.33171552042768,1
175.21490967668674,120.61023610181705,119.47157422952563,112.88583967539981,107.10580665061943,178.38650626954126,176.92317300727194,1
171.623733189113,125.4824359210049,124.62457593084571,100.3274467808884,103.85312123430059,177.5134457051519,177.85759320265208,1
171.73290791544036,113.56784867157053,117.02416865208221,111.92109627696273,108.26646031954323,174.44301800908556,176.41942735140717,1
171.5816908750124,122.23733813129651,122.90747589925843,117.81740705683248,121.33519358022569,175.11814624920072,176.54632375486153,1
175.8590376071701,116.55990375057748,117.66700629407843,93.32023060745153,88.98212272976207,177.3277949195793,176.08796437991816,1
174.30920665094183,128.3386732120881,129.88957435074587,108.12492762728611,109.35441189218884,178.55548017691038,176.10369488883728,1
172.61627773697768,127.65220911287938,130.0091850971533,116.78782349025064,117.91975142273037,179.02690221512978,178.57351388378353,1
172.8366694124841,117.09020452658011,117.65562884350618,113.55420029455912,112.66146998914442,176.2751043245423,174.42754082245804,1
173.79545713967318,114.68053118946686,114.18554987032124,115.88573232062275,113.95541263238376,176.1542486820533,176.89409624776872,1
171.76184758792132,123.6328388960761,124.48378668393728,113.92338503247765,113.34447239951018,176.16421435637434,176.89855495533808,1
173.43713942674103,117.61611514545051,120.12963999103461,117.51253962285574,120.83160428933192,178.48164343273896,176.05836568290644,1
171.84223333455384,133.8488788450061,134.51494735990212,124.56217283869766,125.57542813219123,177.90090054672186,178.37495205964427,1
174.86457878538326,118.27488632463118,116.06368766847983,98.09518624918402,96.47391450844904,178.3350061016773,176.96423150264087,1
172.22876957046927,122.7591206007371,120.18813061257626,105.23112656461612,103.50928314314257,176.31575273332916,177.98770484118072,1
172.04538726159572,129.81739158837033,127.6179721431432,118.14372751959873,111.35176127450178,176.93216184650606,178.27615538694056,1
171.39116593265246,123.45165368411656,127.932403505974,107.74340913306361,108.21383915703208,175.84171598232467,180.0257477939969,1
174.02745218150082,125.50963080524652,126.9217572149944,125.29967495268878,127.20973840568564,178.83604283727078,179.66011014010462,1
174.86964378673653,122.61544228347364,124.79593665031182,118.8286809096595,114.38633384787869,176.7196372596296,177.46127938416146,1
170.6962477800148,122.09152440776067,120.6420138899351,112.40342057128412,116.2104076423329,177.91017787664512,177.6912790839217,1
172.8031993480074,130.20984016748892,130.81435451707716,108.71599717932499,113.61268805494521,177.13630343111302,177.5034988277781,1
173.13725781826037,126.84593083942715,128.7994449745861,129.22630633683295,126.37822315190415,177.9909497502388,175.8639893449846,1
174.18207044433086,135.63349423398222,135.51040114104154,116.0491147666752,113.32587736385278,176.27080569104305,178.43159492925415,1
175.50729663290295,132.29508344492587,130.1292920683259,121.78663869623453,120.41143443447426,178.19594557924574,179.15761148172882,1
173.41367345618642,124.6163386081081,128.279193575346,117.81010373225446,119.03492485386978,174.52500616823698,177.30202791437472,1
173.02788018753714,135.51911470421922,133.8057429210679,133.39753218184626,127.9412325983912,177.5697950090372,176.04628733658907,1
174.58545938978114,137.50467310646027,137.82700338372197,132.24899703451246,133.6980118678509,177.95845165756063,179.03922845431325,1
173.25603154323497,128.93375178514182,129.70809058231475,121.86415069332858,124.6605051950603,175.46085185859968,174.61037781050828,1
173.19122614171243,134.23019780546323,134.69590578675772,131.2626136568823,132.52716947023572,178.907807848971,178.9394541562494,1
173.64656870123454,132.06735622492917,129.47222401153718,129.1567274730524,127.18096504133804,176.20704445106907,179.82008224292676,1
174.6936835537394,133.92488185019698,130.5649470925611,131.63234937188798,135.2397856252126,177.5395836449003,179.16278442519913,1
172.36779873335024,140.4279450094892,138.42542164650374,136.63028290007566,132.4497072677343,178.61671255459538,176.89624407990848,1
177.1940748758286,137.79672460666023,134.95784928190403,126.74997654282697,128.41727609262932,177.5807045243854,175.87335715825247,1
175.48877566336546,136.06795355194973,140.24527062365158,128.33015277350734,124.28678601087178,179.26240469138287,180.11030036812392,1
174.0746680329692,138.34103322435666,141.3150669475629,142.2958692239432,145.18112698366335,176.91767355633058,176.2064912169866,1
174.93680951071215,139.97348106166066,142.08459514575532,134.9865280066791,138.06675765987123,178.17575331836326,176.50664054723472,1
174.7842910878387,143.15877233454353,143.96142888230915,141.72482998125602,138.54078319739932,178.67533979506896,178.00285049921308,1
175.7373674805046,140.9648612131369,140.57003037958387,135.20899024091335,137.71458414001026,178.39693881542004,174.9166782022601,1
175.1054054409871,139.7294738949519,143.56649933306605,145.8842641972886,147.82908428178953,175.23893097031439,179.74397234870403,1
175.61988004142913,145.61612353232218,142.36413432233942,138.82603307923495,136.1658466849756,174.06338935477322,176.16599132564346,1
175.39333171991575,139.1504723173269,137.16899393027361,148.39497418700307,149.10701323249404,176.54494922775345,176.11423360065118,1
175.807375117221,149.26390897016972,147.30355852756975,143.2137763682749,141.8345857283638,176.86048556844136,177.16638632464344,1
173.80638348039264,140.38118840126222,142.68114564514983,150.26897427706595,149.82210281669498,176.3371410031038,178.29548315051818,1
177.42564709531808,138.78326154132216,143.21298557826287,151.90090083030137,153.755460711362,178.68975451609313,177.03596433109533,1
176.74597760472165,145.46291922236463,146.7036600135823,151.1360054011646,153.05061942916134,179.0708613279802,177.38024777693678,1
174.35554403519012,145.84052240792755,144.78066696466666,152.7659720971818,152.4388463370572,176.90540516891045,178.45682779293156,1
176.74617147930277,147.60960103184854,151.03751826801567,150.80988304547944,150.37589189016725,175.87022353025944,174.98831854721908,1
176.7031254779888,147.41413594530673,147.1468640633992,150.02657950650826,145.94216576656592,176.27065470826872,176.69693955714598,1
176.16758115357047,146.13574196887888,143.7537186866921,149.7983708384786,150.62992062100687,175.640751886484,176.68684589698756,1
176.9173923207456,146.7135529857894,146.73262614162192,154.10414860808055,154.85170477386714,176.70328082797678,178.88992471462606,1
175.6101133170488,144.97418408388637,148.05880260642653,155.10294728833486,158.2512222552291,176.6327130521334,178.8620493599619,1
176.30196208190907,149.7407036204919,152.26333402519853,154.47871246518383,149.82932518840363,175.73833953360662,176.6020961111393,1
178.558590728209,146.95552896562234,147.41506920583575,159.11694140177204,160.4018957029528,178.16053847845382,176.65760657744943,1
173.34920906468966,145.1350333659676,148.71336524528192,158.97123816048335,154.83626621399839,176.5879332718127,175.0966513570248,1
178.2444569170038,147.5973114474997,147.64071094155588,164.26300048123832,165.8914441302378,176.04402520320698,178.12055709304488,1
176.89533625271972,149.1383744164642,151.76885089200087,160.3026133448861,162.42701387269065,178.49419224788312,179.288866849917,1
175.76745747734313,148.88960086513936,150.68268299972908,163.87363905882893,162.03877187953503,177.17511266262622,175.93341037556473,1
173.63326421307076,154.20166439213517,152.27448177096272,161.16208225813756,162.16986019507112,178.80692561297812,175.31342336287602,1
176.1607003931211,153.38784605206507,149.5705638098757,163.6777543413804,159.439192585763,178.8871934341607,175.26545987740442,1
179.13618118065258,153.86287869240186,150.78252248030222,167.36684141158216,169.30335568865027,177.68106019728666,177.75154112490284,1
177.69336157052814,154.80149834715584,152.9093617436501,163.29759249964582,161.86550615367628,177.32527477825442,176.4703411728388,1
177.37029285472008,156.32568608666725,151.87469304608206,166.1262675005397,166.47707833982312,178.31387054094208,177.24542331230762,1
179.31704224023372,150.87142055652527,147.83375777371532,162.76543138068283,158.72485289312107,177.05209061679605,175.92224216755636,1
179.04621928780853,157.72195868281293,159.40373939368865,167.29109610337673,166.9009337244074,179.0668814959135,176.04209062784884,1
178.41436539196073,152.46806559644256,151.69857682064023,165.36326503913162,169.24680046777678,177.69541237202927,175.19588497646012,1
175.28685099090973,154.74931884824517,159.68832528142826,167.557011163379,162.528341883084,178.69443810383635,176.90558815195246,1
175.67422575450155,156.00897216177674,153.03691851458956,169.10289249236715,162.6381607433805,177.52383145304555,176.88228157448793,1
176.6556855335205,152.25475669494148,153.41838539066597,167.37016665418443,162.78949731527868,177.5606523332434,178.310440264693,1
176.8280873278243,153.91821430141349,155.4404290922216,169.3886280481459,171.9665458245124,178.12223098336906,178.30751264993512,1
179.52731072743163,157.61287439232507,161.39164758622087,166.7603580709716,166.47464164008105,176.4969801820335,174.9027188019501,1
178.04463824694565,160.2979331909552,159.57164807476948,164.25100849491758,160.02910687716403,175.58936142442522,178.4037486381224,1
179.0482086805484,151.6524859860469,150.07439033094,167.41862725620962,170.44022049608995,176.38272737104595,176.12959717760904,1
179.05149041730155,151.9319265518677,148.29484475229796,165.99509227943466,168.06371172492868,177.1800863475806,175.50379081921056,1
177.98582640721978,157.66844261612553,156.07397765823094,168.88131027736623,163.83950217998043,176.83743340184756,177.6146345130261,1
176.1104184677673,151.92045511804275,149.5044201251178,166.99660911296567,164.01864634899908,175.2439255688668,177.55405931701182,1
178.69807156120726,152.94672730186133,154.139033443801,169.59777339466356,169.9270944940917,179.4539221730773,175.32506110207774,1
176.55018015126956,158.6603432335008,157.30686272599516,169.6797496632484,169.63089537900703,179.471712658555,178.86403748616527,1
178.0994403986946,160.20912579092777,156.33542353209262,169.07715769183847,169.4222595030752,175.94182546104417,175.47119331543823,1
176.62888970760707,150.49782819214022,151.40178476131183,168.53980889765202,169.6570293848498,176.43550365251292,175.85296448027177,1
176.10466610477815,155.3465745980481,153.78598470099675,164.7517317899939,164.2245371986254,175.2895255671198,176.01595600620058,1
176.51170626120742,156.4079690900345,159.19546471010503,167.1764351410155,170.17017163619892,174.62938656409582,176.01129926729638,1
177.66276977929664,151.92192047593917,149.40174068315002,167.62176691660574,161.55065459731227,173.6580596719912,175.6343933289471,1
177.7461874589181,151.25507544839448,146.45994204839454,162.6765523619688,162.26013186153676,175.18552720925942,174.9235035846698,1
177.576975809865,150.3084382371992,150.45690198825056,166.16411906141226,166.09557962593274,180.07240960874262,176.68989630539073,1
176.83587617926088,153.12134153204795,154.2352035848837,166.40588285590314,161.6655988051664,175.97461397229426,176.75548841641887,1
176.20560958715026,152.07829604111467,153.0435354798598,162.508511019642,164.7752998798567,176.67041726216362,176.9880207502575,1
175.79539220194025,148.03163869341756,148.38053650983466,160.8558446325937,164.21119644409671,177.25501276420934,178.7726933913188,1
176.71589174905975,146.2451052395816,150.768641883687,162.8725174994851,163.366027425151,177.14403628912592,176.0962687724721,1
176.86366666201673,151.90168430427147,151.33833943902187,161.70819592786657,157.8810091034844,175.61074141282208,177.2788289589057,1
177.48300627604357,152.244620903209,151.292315343591,160.52871512736507,156.370568279773,177.40129460024335,177.04286533961601,1
175.18486157816196,148.6803832194594,147.0521878925317,161.04159468949612,156.28741245719738,175.2166482593707,177.71326270908207,1
175.45705912253416,152.66971681657526,155.30399245783437,157.47188729367272,158.7437542882844,174.65385739838064,177.02736945693002,1
177.1977971000763,152.99173677089965,155.05340733491778,155.07540106248769,160.76531785473225,177.180844635844,177.78866865271434,1
173.9249407470079,145.45193022083782,148.41972497116143,156.5735549481929,153.98701958282098,176.3822201400975,179.20194336025742,1
174.7629707824159,147.1411590817059,147.62988051501665,155.7816027172419,157.4029985592592,176.42083683173672,176.78475225763364,1
174.69264374768488,150.96651011850605,151.7025736967976,154.59256839377096,152.90172062313724,176.12820859254438,179.54928540339927,1
177.2988071271082,144.57373149226117,144.96904381181454,152.48644659376424,153.00295467002323,176.1269932437769,173.64138136591765,1
177.53693203401969,145.0980591463933,142.14577446693764,150.89100914282028,151.88812163305136,176.3807025577548,175.10403840165452,1
175.17433498349186,139.75810886447408,140.19305097094565,145.45931126772896,146.32520570920016,175.29907480756177,178.1301985294434,1
175.41395175109034,139.89827986131183,140.60836365379603,151.25049597991688,149.01644672368627,179.53611197909103,178.4754313908317,1
174.91315000439067,144.6044346130771,145.9362038143862,151.88806203767416,148.24672069940712,176.0365442713379,178.27104985047558,1
174.7258239225794,141.01227370388452,140.8730978573253,147.8491171554174,154.6064641505717,176.7101397951581,176.64591803893308,1
177.22894449876506,142.9567517071994,144.72296957287693,145.79084327598994,144.1067689709913,178.3788129085729,179.26342060017413,1
174.96994316709473,140.054179179035,137.44942256337677,148.26785405885664,143.5228596145503,180.09165488116992,178.3052961944749,1
176.2524315331318,139.69956544402626,141.47456163641894,150.8124082611922,152.6869844481394,175.72207740700637,176.00889353795878,1
174.3536831088824,144.57349188620046,144.54519019190616,147.26793193798045,147.2294255494111,175.23925275670533,176.32173295621064,1
173.98597432904361,141.05048672462502,139.6109900713618,142.93641758819717,138.4477853629037,177.5430977444879,175.0484804211193,1
174.724649103803,142.6317407064708,145.2781666295149,147.12475273343006,151.17977186175233,176.93380841651017,175.73065418472552,1
173.58222600811297,138.63348210374915,142.28270527317747,146.03736642981062,142.43085104170385,178.02467031540658,180.32980572831403,1
175.5492110458081,138.07155359616485,138.26444013709585,137.1426435533354,141.41885355644678,176.41633587508758,178.2615929750299,1
173.91402429199488,141.890799841745,143.7403881367415,133.6452982901737,134.2244039919716,178.26644272311236,176.0683209602149,1
175.96316257079036,139.99927592189843,139.6275755109366,127.67723046164582,134.4168821382124,179.33239413728833,178.62473718029372,1
175.0109312022311,130.16377855475258,127.47085150618013,133.20078452785503,133.7952289557556,174.80517866912518,175.2748970416218,1
174.66080593976235,132.78920887063964,134.12993275324118,126.83231219986733,130.47961825470244,178.8159461911681,177.31264260951892,1
173.38385739554639,139.7221024820649,140.7808119542302,124.17978440679487,121.83274874115543,177.41599647481908,176.77755938272801,1
172.40027903014067,128.4752144985647,125.3844880887918,131.20101682655613,130.93221977796026,176.2237221766624,176.9655081928061,1
172.7486449325558,135.9309404880844,136.17726146975548,120.25143353467773,118.54754184057052,179.55982631134688,177.80775703423097,1
170.90744649369944,126.8976334899044,128.1540741689391,134.99989873913367,136.61825116925425,176.98707936320747,177.48342587020434,1
174.98091279610193,127.4759595439463,124.12474877803925,131.0121577801206,132.0398166786725,177.74225076452333,174.89472552950815,1
172.44587680143584,133.10945306049192,131.1543919895442,124.47546428349996,120.18447926107412,176.55564861483364,175.65710228947026,1
173.98151268102467,122.8258624763531,121.6868495937436,127.18974295745437,124.0694033839172,178.20324173884052,180.06307906155183,1
173.36226025916295,130.90820067098966,132.21417921468958,118.75906312071812,118.05845115170699,176.37142803831406,177.43320898994295,1
173.85101409615694,122.065676513748,125.06119209033037,127.3453494065129,125.0037116745879,175.59656314182183,179.80229969734262,1
173.6836161250183,132.81633829419218,133.3908248754306,115.35924784485486,111.6694556682807,180.37338582442803,178.60060800764666,1
172.70926310946516,123.62568253608038,119.77564446044478,106.5956754538852,107.47615392512678,179.3425909877989,176.61265070879062,1
175.54634222998376,124.39729300005665,122.966877820083,111.59596871752781,113.33967886802961,179.2728103768964,177.64684267216717,1
171.2809830264462,126.55839175966628,128.92424374562484,120.93900422213196,118.63135305982071,175.39229537666378,177.0583794432153,1
172.33704231337816,129.90686597134956,131.66001590390613,111.9337335693991,108.86122476013828,177.52574211498782,177.10243306202813,1
171.61221728562936,119.89826459869026,120.46530296378704,116.77092175717425,113.84629854861609,178.11363692714497,178.3565677267368,1
174.1315924141279,129.18832797396647,129.7434368797944,124.06245897502284,121.65383975359697,174.00010773081777,175.12112831507233,1
174.1372662041091,126.7471135105396,130.5243531573522,117.30797794157958,112.01498329837518,176.7285679905202,177.72070351646502,1
171.99137953207924,127.46451007164362,125.46721973544629,107.57068738754714,101.99316063571575,177.8356240466913,179.7094856843852,1
174.66410825518614,119.20835193557474,119.99457514508009,97.57612627738182,94.67714097519345,176.02889247866284,175.82170027160194,1
172.38760139965444,127.7026486680811,129.1060912590176,114.63352591557268,119.70506192658988,177.6685237166021,177.43903688712504,1
173.90264691688478,125.81790338709759,128.00387314291575,109.72819877523129,111.75404765836528,175.81723479269684,176.26856055727046,1
173.3671024546024,124.46963014782229,128.61888009722105,107.47248244029444,104.96874512682633,180.0648607857825,179.05951625642243,1
171.8172378052277,123.97642590506692,120.72344441880433,120.77093274088477,121.96265945508598,176.5605856717299,178.49101258551573,1
172.9410085125744,118.63129483515607,120.8638304475425,99.66121176941084,103.66265023611246,177.93549675369738,176.4109397269336,1
175.54447915190192,128.1607383357605,128.79360074436622,99.29608365806416,101.04406653222267,176.94716995676657,174.76581870828707,1
172.41043628417665,116.51135390045438,117.85605193816333,95.36055657536961,95.1373646095382,175.7555153661027,178.93399087115037,1
174.6746174581674,112.23363403103443,113.32462188803385,94.91050688558789,87.99323586158239,176.1965847077796,175.82656083557896,1
173.89435831360305,128.55563981847453,129.51446069122815,116.47218025233167,120.45220804325324,177.80898334261403,174.82023247206754,1
175.17529409988595,110.45971920008738,109.89938995354518,117.01161039887668,113.1091199434934,175.9382882252039,176.69707970290077,1
169.94147624434402,110.85474455774903,112.28938417636252,115.33231214879228,113.69832322412043,178.41812494386383,178.8123258174044,1
174.85458697725275,122.02826641367314,117.09425934779712,107.32777129751729,110.59675848272732,178.2517502934576,178.0780082747804,1
170.42465962943066,116.75978682365414,113.96376672478432,94.56101941111899,100.14184815042773,179.01664363750703,178.6882677891145,1
175.22647726671752,126.39642541025786,129.5236499600042,92.30566355999206,87.49188487489785,178.3239118392457,175.25231124546937,1
170.28269918501377,130.52633042745472,127.28674919048542,118.99059015917925,115.9736626224423,178.33853442133488,173.9874755091979,1
170.60880258120196,128.92145795752418,129.01284926853864,112.00284658573845,109.45269174974199,178.9742052675225,178.8850211154109,1
175.0158269366363,125.06529310313432,126.74185321235767,93.95538024100077,99.27671183857608,174.99505086405395,177.29680380966383,1
171.26941249513854,122.24785183151296,122.83937841767981,92.2439743110285,88.97117405250268,179.0215478837002,177.55997460363287,1
171.6745610479237,130.47590384350954,129.9181768093437,97.52155264249647,99.62072945584418,178.04233143856885,176.98846291068153,1
174.05908988429545,109.83036510323534,112.02706573168018,93.95806703316235,99.10105094406588,177.5043019434905,179.25077102137467,1
172.2464998303629,126.35181947912059,127.54730667516964,115.81021595360538,121.62056304752265,175.9242553560837,174.65505631948585,1
171.63184489061223,124.83005099991524,123.13250273566139,120.74504654922528,122.40767579237239,174.3661641219438,174.37527879672564,1
172.27259212041986,123.26314597633336,126.23922591977787,114.96651387235566,117.89532455294128,179.55485068381205,176.92959863999738,1
175.66171922411672,119.46854493497649,122.46053909177733,95.2153630740444,94.426705823901,175.903720377402,178.09412675887162,1
174.9330624211834,128.14269623970458,129.2671439724166,99.70806349203305,99.81168535159847,176.87674856385001,176.36165461715484,1
170.51213313268912,116.33869390499375,116.30339834304674,116.17121602578095,120.4336797998425,178.0184999011805,175.0738272809871,1
170.54762820406054,122.36337315409861,123.38221354537151,96.53132225923049,94.13603875700635,177.18553579294064,177.3325738358101,1
174.32163444055277,123.82899124535945,122.14572998757353,107.16741385215899,110.7225820900415,174.81158682563145,179.23812407888568,1
172.60599110803912,117.07275898989174,119.26917367527066,115.57576703896846,119.26020125639313,175.5751951692744,177.10906136174495,1
172.51523421095297,125.45591663568173,126.41446670585037,118.23799579189902,123.26226877720813,176.807825883465,176.97030833645948,1
171.995006017548,122.25625584672703,124.27991264873177,113.39495936653816,117.75933501266694,175.25632123783865,177.05331414164579,1
175.0271036725176,127.17000123436539,129.80095122562105,101.49064016073912,98.25836026531637,176.9843083305285,174.7293781435863,1
171.8769430268753,118.18327585281766,117.96399997297345,108.07893871847469,107.30841604681163,175.54709645334555,178.71778095321184,1
172.02497896340503,125.3031523642079,124.2385769745222,104.08359312360193,102.68856448985329,177.34316364768227,175.42954441063998,1
173.78661708704996,131.0257585957152,130.97237799896726,109.57188316917296,104.64410974371799,179.93487360098467,176.85245709441293,1
174.99826609057357,129.52964860951272,133.1943849089252,125.109022647592,122.16422697215498,175.54208415741914,175.8825754457428,1
172.45546024639768,121.72465548742002,121.43996247046043,126.39980607652106,122.29150669276306,175.68818421815777,178.70536800886816,1
173.076705145428,128.97171582406258,126.46667672171282,109.25399511657271,106.15017825470555,177.31599106732463,178.12879665312505,1
176.04418726129373,123.82004142529514,119.81863885196735,124.4191898649629,125.14034427074617,179.57140551701207,178.64881110172112,1
174.60378230458707,132.2277163635678,131.7609357802129,114.63815806836895,113.3728162386665,180.0381750571706,177.21934104992954,1
174.39892979371555,133.67141872299402,134.94068088330062,116.72293213163202,113.5691125425603,177.6647320079485,177.31649669773253,1
172.16423835719885,130.72229821066927,131.7850318190874,121.10256888175003,123.82392181332423,179.76203899776704,175.66776593652304,1
172.82223402859924,129.16461919265237,127.79720320208155,130.01786118151688,128.502978504311,175.9892877002562,177.19156692370305,1
174.3227575709393,135.81558319931975,135.61739816731045,123.15712520464051,119.73779230528139,175.38290627651028,176.0218589648921,1
173.7550683687622,134.35766510225892,135.97558760217,131.59401425815514,130.80900867866697,179.86519289441836,176.0190969165233,1
173.14425191085408,128.6592949630998,128.3029244180859,130.44026544379642,131.16415589410144,177.81856910205002,179.76449820662253,1
175.3268658546335,136.13404894728257,138.2976891946508,137.0205580745087,134.93057512845152,175.93109885176722,177.44468083623056,1
174.57613541709864,130.61421440404584,133.47988240975081,127.43992352093723,123.84844478394315,176.61077866647628,176.1877534210593,1
173.37095528348053,137.508160583369,138.80092053662148,130.21349206347116,127.77681214641109,175.11303304936158,179.35383389559112,1
174.61328183285232,138.15371217113145,136.1717477564614,135.81315821359695,137.63233718981942,174.23931504635118,176.85813631695308,1
172.30104798540214,140.37290466046204,141.23012171404326,138.84059387271054,134.1798088681538,176.85893471334333,176.98239350190903,1
175.6125623814046,135.86002800970024,134.0427078990928,140.34966142665874,143.40771235959375,179.55849843026266,176.40591565825363,1
173.5236573148764,140.2690860660449,138.79128948467607,136.01022149189603,139.50967668982557,174.74377085325642,176.7326287475446,1
176.421281626307,138.56353282852257,142.82486152274564,134.64438411122242,137.6914893826669,177.3537464992305,177.77451980296996,1
175.19909393289055,138.43538418783595,135.87562589471307,142.75025494651393,144.34574869561405,178.33670531316457,178.12325863504125,1
176.15480955574878,139.24217936539165,141.19379493422474,146.06540188672864,148.8134772214607,174.96766341383488,176.55588235989333,1
175.69785246738817,138.25198669661253,137.12147163456643,138.61342545380052,136.41088222528947,174.7894974648914,176.96125094885505,1
176.16554512451415,139.4186508523457,138.4747257128949,144.6824598129572,148.09089228967738,175.90053144309016,179.3235561643848,1
176.04446523562822,139.33380940701812,136.18226061266236,139.43297532042553,140.75813553506597,177.92255656340689,177.14025375121423,1
175.25597984136527,145.59368339578774,142.26978764981766,147.2317116144418,143.18627735714463,176.0020179425308,177.08572290931886,1
175.66548712267772,140.34128740069264,141.64713545802252,151.40817427036552,147.69297499564317,176.5341997551054,177.41482552277213,1
175.7159160116337,141.78148143372,141.6289211633694,151.68020645430033,153.0753516695984,178.49010929502475,178.987448680704,1
176.45628853964095,150.28900960913242,150.27196750796844,153.58717405824783,156.6679118356694,177.14808748770375,175.01208825966577,1
173.29466051410256,152.0482127934618,149.3388467496464,155.12900644775968,151.74638870976742,179.0420508269921,176.25181487839464,1
179.04085824256975,143.48763874073504,143.7800727844519,149.2022071951537,151.76943440386052,176.79307843964784,176.40655223626797,1
173.5728570986243,150.1072125761426,147.63069368880502,150.42477166658708,149.69029638541596,178.45142924865934,178.298879527831,1
177.04443455648814,148.17126541743298,147.96473091787155,150.96960184824138,158.35216078027335,178.2428602259504,179.7144718742571,1
176.30227483962946,149.25435576599386,146.22692097477153,154.55423652376314,156.72555486328176,176.13483558485154,177.45652887677804,1
175.57459777085035,145.66254935287617,144.87209833266004,157.15762536299897,160.3063941490459,178.25731940874348,177.53947979504386,1
179.18443842317336,153.31209315412923,154.50506464772778,158.0522390283116,157.10939581187986,178.02713260282337,176.49016275320247,1
179.37497543967356,152.24853052133267,152.31659071515753,160.47450475688828,157.83945763345523,175.6591561206626,174.2997919125221,1
178.13925239438498,147.17251954031045,148.2485276769226,161.18110361543935,163.69839506280928,176.08074120679947,176.11270739711682,1
177.64948271643138,156.372223059659,154.19031661755477,159.92074080015402,157.78631345488074,177.8412745787437,177.40592086994468,1
177.1337730982854,148.2410199565715,144.48420161720944,158.82246410409041,160.59007894088123,178.7648512577357,176.53767248219464,1
175.26322111494068,149.2403521433565,149.19403994005492,163.935797182401,160.63931602214294,178.13074439697286,177.40773493630616,1
176.4070393644585,148.72351250269008,148.2560593136097,163.18125069536424,168.27868555583333,175.21448423597582,179.5890979590449,1
177.22937401862822,155.03243588123263,155.58882612341853,164.15286458665588,166.66750998170042,179.55202055222992,177.81412692980285,1
177.3455494738859,152.5331020125593,151.80049620823786,165.8854570686036,166.16336596871582,179.2451469815133,178.88109745656098,1
177.2400932108891,157.0204614587483,160.37957038350865,164.6437303598635,163.2963650075678,177.79167265314302,177.7448093432291,1
178.7575458417985,155.17567117528876,159.78672607015994,165.96167151490928,167.0237138755687,177.9336403521001,179.81118360617302,1
175.1868753180515,153.5068140707204,152.66626459935017,163.3799577101118,160.94572818052885,178.58113932452983,175.8012787470706,1
177.29763211292504,151.4237532684455,154.62301681361342,165.03415057530103,163.2994911990718,178.0440833346678,174.61732213483563,1
177.18599635598392,152.87157873803625,151.89483817390047,165.01948141482913,166.4608207004196,178.92030188690327,177.51654611131858,1
174.96829292703626,149.17981253071395,148.84788544071355,167.82381457138828,167.52545527602842,175.99919343680548,175.20891582303355,1
176.03703602511143,155.9927107194911,154.33089229938605,169.37569620532435,165.4287781633865,176.2612760154282,178.53673052933732,1
177.95109929721298,155.2626357566825,154.0730180747548,166.3700103129525,161.33171441824368,179.5211790188091,177.77151824119227,1
177.3528236438236,152.90163378327253,149.87549125512365,165.21524752326113,169.89197677681787,178.0307418856784,175.44773881197673,1
176.29381924876998,159.20793030711835,159.0587847512044,168.76651379002075,168.76244193414126,175.79373218494368,177.5261594660134,1
177.92643739495074,152.26365592528182,155.77743272331693,167.38332812615678,162.38503769807974,175.60725875948893,175.35813252167088,1
178.49307621014717,155.65966707490713,152.3158959794932,169.36868848108938,168.366210123084,179.02072924864427,177.88031468061016,1
175.887987005525,156.18295013657408,156.6314433803633,165.58569368819184,164.62023766427595,178.87570963631103,177.35129723031264,1
178.8479551040147,150.34568328446372,151.1406518584655,167.82198521126998,165.54433973240918,179.15323210371918,177.32779425095165,1
176.6547167756763,152.5076535355602,151.05167187959577,164.65052937173644,166.52220377154052,177.69785258301434,175.94574117247265,1
176.38966868544767,154.3236157885623,151.82455562664575,165.65884084211373,160.97116818287535,177.85670404627564,175.82397386948816,1
177.6342124859051,157.6424694601775,158.61249844288446,166.10445964959155,161.75563513787407,175.7259482520812,177.08995337545758,1
177.2578277205038,151.68369938274915,153.3074640711267,165.8845536403023,167.37534004650664,175.33616668176612,176.46886386351403,1
175.80945196348227,155.26347500082395,156.54782469822348,164.97860466097964,162.81478754263816,178.94810037138876,179.22747091055354,1
177.76954646221336,159.40490372677093,156.90724727806716,165.4733443939954,165.07581678907528,177.06466002046977,177.59023834697715,1
174.30147229386387,158.02356148728728,158.44602240693413,166.22805318124512,163.46115354750495,174.63674066992996,174.8594815671666,1
176.71057463772834,149.88709890327848,150.62239155835064,164.90539349879603,160.59852486083113,177.40553888641003,179.70786812363414,1
175.17247252539985,150.88390708412254,150.99814320349853,165.72816676419174,166.06534250722106,177.2659593905365,177.53050050265324,1
176.2933669000315,153.78336205115153,156.5935436114416,163.82762981986485,167.2074914149861,177.0771931651426,174.93671104341107,1
176.19767348409604,156.67509942080798,154.57010103166618,161.64100139995614,160.4987722835442,179.48714864111068,175.95894535528151,1
178.2216375682183,150.56739980991975,150.96169334352518,159.78704635862462,160.22063745251978,174.9874003927959,175.81722567055385,1
175.43169101025234,154.81889204689642,150.31633400391647,160.0465040263841,162.46653781051572,177.06395867992106,176.026064656852,1
177.8808742755043,149.63115920882612,152.8658883915848,159.70643595742334,161.66654817142933,177.82012400967014,175.96482691507595,1
177.43415765558743,153.07040522353932,151.8496746148349,161.01243532491674,159.53039627122692,177.98321163317502,176.67822312212164,1
177.58843708947467,152.30755206217518,151.19266460283592,156.77068009517973,162.86124153263972,177.72744986479157,176.8339556556051,1
177.18227645194887,153.03708195474613,151.7772439785718,154.12973075730932,153.21528733955628,175.0428250620397,178.04606884671125,1
173.6318540342914,153.00316448889092,150.98412308467567,156.33738838333633,156.1069746988066,176.44054424126213,175.1173756924742,1
178.74704364798473,147.89078397107673,146.3937514732004,155.21169729490995,159.35532523861548,175.46088055164395,179.80738400302278,1
177.785037450818,145.02679166878397,145.92626874882703,156.3254151914498,159.87411084296517,176.76247559215514,177.68126975629545,1
173.11896715466366,146.76621868144898,145.52393262532388,157.49080977955254,161.9908894843907,178.35112747448358,176.20058207116864,1
176.50165000632288,145.37888281720043,146.43445536285432,154.252995650278,149.5477461967132,178.07566762870866,177.5273301517541,1
175.19287341591618,147.52566285635191,145.50927931013715,150.2510125762983,152.61737956622602,176.52194074651524,174.96560149834727,1
177.95223213445016,144.6979751672806,145.8249481102519,146.75438484387436,151.08864751510004,179.24953807836928,177.63090687139572,1
176.68153213482958,144.46447763347885,143.94693879861703,151.28549782620618,152.4975599417129,178.07968311802415,175.28395040450874,1
174.67860241511812,142.46610913907043,144.94474500275874,147.4002679233892,149.00250774471144,176.05704947774794,178.95524493986542,1
175.33818183301096,146.54970207328688,148.93112410093883,146.73718147880416,149.33242788672678,175.91921264045072,173.81277256481,1
176.43484623439258,145.16370985478008,148.20300214465837,143.04921597954947,144.78092435388012,178.85934754475724,179.41183659688556,1
175.0291181514848,143.05378412441274,142.17623956078899,144.40775241645215,139.78049239378254,179.00083920873303,177.2515017044349,1
174.11289531364997,144.19685478522777,140.55841114984491,145.01765007906357,145.5634320769679,175.14712758238048,177.60064492508664,1
175.64860890902418,141.52891467910777,142.20882462243497,146.84525116366447,153.2434911554607,177.92414113124596,177.21816436212254,1
172.9034745930155,139.68294150235187,138.2550741616513,140.61886531061734,142.33724321717136,177.2498142827563,177.48223291539162,1
176.57719115832938,140.0444823239045,137.18765709850564,145.37451538818004,141.94553782015643,177.48912678076005,175.9906672417813,1
177.13327952098663,145.83159043782683,143.24759570019694,143.9982569706033,141.9195848932555,178.6072448989735,178.02498430956715,1
175.4758322041866,138.69880685700323,139.21127028402574,135.16672084883325,139.42411891961055,176.69927648732244,176.34094430164322,1
175.26945586411358,132.63414830437583,136.4163666640017,139.293347723983,143.71276768504433,179.26983503475157,176.1187528443318,1
175.7880438276493,135.77304380888393,136.0963654799475,136.34169936915214,140.2773376447058,178.95814693736918,176.8782426386891,1
176.16709757475778,131.36920493461736,129.99866027445316,129.70279911047624,132.45527327793684,175.30039756638166,177.31002379548093,1
176.3498569371014,130.3525625804877,129.3738952050485,128.55789580016747,125.05617722072428,176.07107012743444,180.10438069775944,1
173.7180555373591,128.01908589837578,128.9449008965053,130.0262528188446,128.84746145060825,177.2043764213478,179.14805201390945,1
174.20036100687295,128.8829244357758,129.01783314245753,126.95201250214863,131.8961588152933,179.87247889617825,177.0311128666676,1
174.6573445033418,131.69956597332623,132.34468505905716,136.4225060275943,135.87387655732562,177.58685813201828,176.93245445688396,1
173.33110048006114,131.92819396548649,133.1944382065999,133.82324584697645,135.79451837576792,175.9260544072453,178.63455973915313,1
174.28380122470864,125.59062780682642,124.62183272051885,118.18142185240254,114.52047243797904,174.84115487047944,176.80747311068305,1
173.28586532163095,131.19568804584853,129.22985583439734,131.80634166449306,133.90931358355854,178.15926946579734,177.2387958331105,1
174.63515744624092,122.60056739547792,123.63552740159479,126.54300498673179,127.31026067216158,175.43815722162975,177.6511622793128,1
174.79066215363403,127.23699947947973,128.62218427565517,113.3259737769682,109.61705612701233,178.3024008514959,175.6977091987489,1
174.42505734287565,135.59851040030847,137.69937989124176,119.34456119707575,120.70982494592539,177.9184301517219,177.02955363609314,1
176.456927088863,123.53610489281914,123.67456580553471,123.28296088997958,124.33834774483668,178.51423972925144,175.49029773473788,1
173.58983914068514,132.53164701282873,130.83379037489803,121.33436876245868,120.35572807739392,177.86347233957778,174.98129802541263,1
174.81837680852115,130.27974999941583,130.20659141788252,123.86952329666764,125.4278982056419,177.33543039764825,175.61139991045994,1
170.4191967565282,120.20432170281289,121.85547902432367,115.97802281661103,117.01113711927132,177.44030139629024,177.8205124247081,1
174.08273000946636,123.73420124536239,124.26869771636177,104.74817034157014,103.6052841160404,179.0198730827379,177.46796589101507,1
174.53502309158,127.56776294105099,130.61062859751274,121.40834038437801,123.4587490966463,179.17703921652713,176.89682108344022,1
173.7035753676906,120.34297803421241,118.56330119570384,115.64145898092484,113.84236262222836,177.12337202395173,177.7300402185406,1
171.7739639999471,125.72980682660427,125.6399552738393,108.52668039853779,111.29639296251368,177.02756929300654,174.9070617965672,1
174.0924099799347,123.06908642133145,124.13751323093624,110.06302326511413,107.05601275618864,177.2599492161736,176.90629618217622,1
174.66258122346676,120.50643675515694,122.58946107340913,106.97898860994636,112.87537936249883,179.04598063987422,177.29808171618478,1
172.44041734213647,113.91153813390675,116.56463738048235,102.186769310857,102.13459762739801,177.7778308315268,174.95040629325518,1
175.239466815858,119.44871264896717,121.15499532750447,96.497839340893,98.7359524765021,176.71542881039065,177.99588691957263,1
169.93684695098028,124.22402184514233,124.19084798831753,101.02542186485951,97.84586868241242,175.0830420571566,177.74682746015648,1
170.42760100915936,121.27993597555314,121.7030302632533,110.12616850470283,113.92072931623665,178.961012140971,176.9300034027661,1
175.36537169260893,121.78996785211943,122.47459478421483,95.16777222134598,97.39091175679854,174.8775490121836,175.0348907513019,1
173.6852264014741,124.39581678560651,122.61857219729103,115.33738720619357,118.71199467815549,177.06980998530076,177.3943483954277,1
173.85625733763868,114.70341444217857,116.68134811739189,95.64834090677986,93.69072906230362,177.34989492898575,177.84291261853488,1
173.00384068406507,121.51060969894594,123.8025747864663,95.80446834923578,101.43933578234713,178.20388818585442,174.69033616967454,1
170.4326506535019,126.94241362370971,123.57328958279575,91.08671694738413,88.21308184854465,174.50595200814604,177.5795444048472,1
173.72970366769795,113.02834725259868,112.44313047507099,104.31090204088062,106.61686734598278,174.0627898713174,175.48481636941963,1
171.64552185409576,122.26785450197595,122.4112146889046,93.67958921805344,96.09738615871797,177.01801540030016,175.72876728952562,1
172.01844347272552,113.98048880976398,114.15549657200808,100.34597707627296,98.63020019612068,176.622117121632,175.46844055751652,1
175.32724124236123,117.31888817275268,117.6650415748086,93.9281517584768,91.37263082032601,178.64941178478878,174.67024962816504,1
171.74909070742154,111.49696698132841,111.6322995337361,117.58284843909267,114.03489309811353,179.4515049821257,177.80208570305516,1
171.7248773473648,115.96847111692963,116.88004874046256,100.20047175212133,100.98914716306545,178.80819995156187,176.4287312812401,1
173.57782171368987,128.7353104299186,126.69635166782116,110.42306042074537,110.61031782234829,177.5774454077228,176.306515480174,1
170.95028249856608,125.51213866614148,127.23196329375709,111.38042631812993,109.51931552326592,175.65341463821542,174.42485469355708,1
170.6231852339338,127.89731455445441,129.42651169116317,96.01603127121936,99.2315987195624,177.83657077529105,176.7875504266583,1
175.02019774715265,113.57928690992861,114.90367246979251,96.58416823471141,91.61479547316578,179.16326152763568,178.97390779769702,1
174.2234487060214,125.9957189113732,130.94315443891983,93.14543963930014,89.11734657141001,177.51792867075594,178.5169518373585,1
174.87416227840734,117.8951639047027,116.74373009362115,109.74925353969145,106.45019071775405,179.36956673349547,179.21186134614976,1
174.39837614238496,127.86685232659724,126.7786508926448,120.49138571138793,120.43405666825502,179.07751500545834,177.8197272687189,1
170.22887313890305,114.03321868269697,113.4598284996654,111.90838353390546,110.3950446234376,177.76353492647848,177.074427258628,1
174.14487086330107,131.6627161787872,127.22298129419177,101.95037461735068,102.76305939700063,177.27796652498546,177.86873263111363,1
173.41779175560663,124.37100051328927,127.48689457770179,121.7547738690735,125.90499241297493,175.90925089694213,175.5908862843123,1
174.34889847179167,127.3867129432059,127.9987660499766,101.90098853566437,101.29132435102787,177.00387728463838,176.53912725135814,1
172.44231346955814,118.40215103400806,116.53121291695696,113.93090870291434,119.06628841028773,176.17714664416468,176.1940011678627,1
174.94685347016005,124.64908448310123,122.1286983498009,102.96429735605928,100.1446667504838,176.36917194309947,176.71892794386812,1
172.28216006099643,130.10413419835717,127.4389708754624,114.69862265520528,118.72682226211316,175.82720118485219,177.80810262669036,1
173.50621029390962,126.04063064507794,127.68236042463907,124.79606877585425,127.72904191888564,177.60115655337555,176.15180781061437,1
174.07314645908048,126.08733105788211,124.87844950230658,109.04375561172992,109.05035163861238,175.68893692299648,175.5284732132791,1
172.1355511510027,130.22164105512078,130.75235753157517,106.90168888981174,106.95504970305986,177.236623118319,176.7871540231635,1
173.28458666561804,118.99936986059083,115.85179932853481,118.7693792316772,120.33221460940771,178.6947783919211,175.5586652662202,1
174.54325997307365,130.92221093520735,126.280919014451,103.4364214618448,102.31453241863508,175.28193365739705,176.08960339447395,1
172.42088109788492,126.82295607469071,125.01644543646663,112.15422162042967,114.28949877758411,177.609547561044,178.15259434336693,1
173.4943159721542,123.33351022795897,125.19664341176535,119.03777383894374,121.69790951095277,179.1933855066126,176.84690677841803,1
174.12173000380838,122.48638912672966,121.3892488039365,115.34008452654523,117.77712408362454,174.94250252700496,179.74885208596956,1
175.07912752961658,124.54807800813266,124.27034414042868,129.69183476400985,130.83582352434868,177.5717006549482,177.32354553357968,1
177.04128133484534,128.11714442444807,124.99191341348902,109.11519144706035,104.42722221021441,177.25167106965552,178.43875611473797,1
175.60500281901557,126.90178023020344,129.80072275719678,116.54127953112032,119.73750746181743,178.18763582882178,176.01420090375308,1
172.98930354880181,131.52815593581357,131.7021534548611,134.374850187797,128.74473747644666,178.73671132956648,178.0900866284364,1
174.62895178874095,137.16096068849274,135.161136498225,129.89296218699906,129.97679332921652,175.9477512383122,179.54895152650226,1
174.0099537972909,135.56569389829025,134.9945551135715,116.6247950133469,112.4542051056881,178.24337441257885,178.94320528520902,1
173.31519757954467,133.3897137880723,136.20965658925803,133.20603270956536,138.4991852508071,176.6112822871551,176.24502066177783,1
171.8077653276184,137.03057740402187,136.36840953351344,133.07844884830632,130.6789209938476,176.87205252641348,177.3589300070149,1
171.3553447980305,136.2413474203087,137.51922666536194,123.65053809988089,117.69727157814202,177.00691488685393,178.08300018164215,1
173.03432615003553,133.7420904698315,137.59852774348366,131.75884165448096,134.81920016429464,177.4112989409845,175.82461281451847,1
173.71034519064045,130.7362553007049,133.92438929487244,127.04734428252186,131.63189552005258,175.92772396468686,179.0579367941718,1
175.43757698924517,135.0711364824132,131.70632018314183,135.46937746807345,133.0263363488323,179.43651580737614,179.9376454879839,1
173.5102950794032,134.0639502379701,138.1385868898359,141.2839825927708,138.93900325720952,177.21032845887396,178.355479412997,1
174.50088997437558,136.56902981208168,139.7307162945451,139.368020224556,142.23291802365674,176.1162680103628,176.11766993361883,1
175.19763891739657,139.89564674414927,139.58036489466122,138.02995320910887,141.5787779482211,178.96712843486023,176.52742609872377,1
174.46218970401867,131.67392336980296,133.84072170696894,133.79421079004914,131.46273630987076,174.7958534752485,177.1456734462654,1
175.20318640321426,140.5859903783189,143.1750056462089,145.445618950458,138.9916034290709,178.15663851298203,179.66557441091513,1
174.8197036425484,135.88265231906382,137.45758279204648,145.80036017316212,145.05566236859346,177.71671793008312,176.73448857056096,1
173.1141758006044,141.26021562398003,141.9261549185781,139.85818657195745,141.12615159301254,177.71022478179813,178.24777728297096,1
177.8596114207252,139.9735243157978,142.32743812727884,148.53752512141094,150.84341862618268,175.3774453785477,177.49439452468252,1
174.45221664555893,139.3540726151043,141.8575310055758,139.01674806185068,135.64501430336313,176.44983892282858,178.97687722082844,1
175.05798329652075,143.72453055670186,141.74767752740098,148.1060446206311,147.83700085177503,175.84269031093297,177.18757539998575,1
176.53356925883176,137.10081479702038,137.24218691710806,151.6220710258106,150.40165029556184,177.4630792448272,176.42344162878118,1
172.93261786364064,147.65924210372782,144.97993463326569,145.89664038693687,145.87975395511276,176.76837957662212,178.92584812053556,1
176.03459075795624,141.5157515495457,138.9535384037042,146.31228909320365,144.1061508087564,177.66006416888806,176.93812487281673,1
175.67885413979005,145.23694815007573,143.51214248024561,147.56695251189643,145.3140752282273,178.00944102839222,175.00825026418184,1
176.26678560995938,145.36020808413028,146.41184614065452,155.02959590513814,149.99308967574055,177.37222542712473,176.96215657804785,1
174.54092122983053,151.2816965210707,154.3251203724045,155.19289182172085,151.25135041254723,174.42543093063298,174.3069104931222,1
176.25081122149567,147.5945873607507,146.5630582539086,155.00702920954396,150.8495784917036,176.21280063765718,178.53897068108876,1
174.69846820013674,145.16032219710178,143.0855149194783,155.4001410118858,156.3738871774228,175.89328688451187,180.0672431502407,1
175.42804171428858,154.328733183334,155.98880709668398,153.6701083254434,156.6341218810026,178.63583666123782,179.1127831847671,1
174.93155287827926,144.61274224527838,143.86581018345072,155.24456686621187,156.0362630146659,179.53002683221078,178.54802931580682,1
173.72567117634307,150.74395103692657,151.4034495976896,156.83968976931268,156.13987812194733,177.8096062205247,179.02974798277634,1
177.38168125543143,153.27566715044563,152.9841115559825,157.035867043335,161.0717729438423,178.62371291244452,174.364053330346,1
177.61836756035757,150.65571317619614,148.04105616620595,156.91514409668832,154.11940419375605,177.5106966511598,177.1703234116784,1
174.12623808484142,148.24183972436975,145.72948452432865,160.0913730781041,160.4841081277606,177.1678068718079,178.72813431392294,1
177.66900463182398,151.43644161653907,150.96476425895804,161.19014056950775,162.78429668123664,175.67285655035633,176.50594721419077,1
176.9221349969089,149.36285306382015,146.26386028603622,160.87685941045473,162.9891110756149,178.18338702088118,173.85862515597842,1
177.30461355538705,154.78796347626582,156.27377011678206,166.96493116941343,169.26985838896024,175.44055780376993,174.99961266412933,1
177.7373264244738,157.28104538841455,153.72551624755036,167.6021149808206,169.41133371194852,178.49834494022812,177.43258894376737,1
177.54748692094861,151.9040096043685,153.58006964675408,166.0967264653143,164.71540681250283,176.97604702131568,176.79145680602096,1
178.5161759753516,158.88714109736327,160.40396009902966,165.21095509056082,163.45944336983098,173.77899319823442,176.77447516073488,1
174.97508172783068,158.10187757167327,154.9560805952882,166.1820270432039,165.54068144291094,175.92317803161095,176.54167712360328,1
176.11799210778028,149.711884467812,148.22399966309086,164.66923055006416,161.15889241561086,174.21803265905552,174.4543477494426,1
177.9409373744466,150.92488985095437,154.09729218412528,167.03624089529345,170.1143725358413,175.36019426466254,175.31296234820044,1
178.86676154983695,154.5766472092338,153.272905900592,165.8608733564285,168.08108492538744,173.71892149195804,174.81275157860685,1
177.0209664118765,149.8406472948459,152.0360311614011,165.47270758972817,167.348340722693,177.08757712088263,179.01671436169852,1
177.70675623656177,154.40423065652448,156.076421526881,166.99438700442767,167.31378664193687,175.36253079023177,177.6214745086869,1
174.37535987642784,151.32378170925105,153.86711094060007,165.23353975098826,165.32723248842868,177.08159257019608,177.08566126739052,1
176.10270078627298,152.19200835914606,153.70496650084016,168.93783646407928,162.0335933467371,177.1783438330405,178.31467535076922,1
176.34025178248243,151.174720234128,153.36964926270377,169.53171661884764,168.44365217431894,178.678355896815,174.34967666745098,1
176.80278669542946,154.8396472696039,152.19843396609824,165.77841446333,163.3222969322666,176.10686892151577,175.7747742995506,1
178.60267166591655,151.93712404857595,151.98080433301323,166.10414200095738,168.58549045424104,177.71174672339757,177.9182259242117,1
177.83429292751123,154.72552672878882,153.22051931891556,169.82544097956315,174.16610532865977,179.0918641109952,177.4031759737834,1
176.90125296818232,157.88123347995142,157.80340910849975,168.18275749563503,168.4620079708249,174.7946774290272,175.15156804815132,1
176.25886861027928,155.88977761707477,155.42089645012618,166.77199278359726,166.44905942271836,178.64184291459958,174.3589724594294,1
175.72405992762523,155.4421840877907,154.5283779239549,166.1975145953176,166.66934036827325,175.68960533977022,177.39211336349223,1
175.49158506536983,152.5591159041549,155.35120509654584,166.04828922106495,169.42923419029552,178.9775295638051,179.51233498692642,1
176.95446284336398,150.7139208647873,149.2746286368622,165.39363186915023,169.07642438480406,175.4370029845092,179.6551879648512,1
176.88065683484666,150.12916986311518,149.79042769515945,169.39368370665386,173.2058258064406,177.4021121342013,178.51680448034452,1
178.4397920249694,150.99683543605215,147.75131424075846,165.53788987093046,163.0637145120266,177.57138075384216,178.8563254211104,1
175.92226350361682,158.6535887331219,158.5095268929033,165.50141269032667,163.3145370239785,175.2887551135941,177.4857379279179,1
177.75503268967913,152.04606332714798,149.7475733368625,165.87806229117967,168.45981224022077,174.26236832512825,176.4408385796404,1
174.66150751794322,154.3260515334047,157.16370541792804,166.15558658384256,166.53211999003312,177.42463460349512,176.05964417102723,1
175.4829960377087,155.05558221845257,152.29494533105634,166.4242157854847,162.58659330939687,177.8955290558295,176.25078405575678,1
177.12679336192542,147.87893414867906,145.6531195743753,162.94728469745985,161.89707327929207,177.10304099142414,176.8386321180883,1
174.83138582771775,147.5726851916901,148.44276002623678,161.5361213191382,158.44461159760482,174.52382666363513,178.3215750836108,1
177.3390528409579,151.10514058750107,151.711822963742,162.96236878343865,161.6567613080089,177.81723448009456,174.5611599367676,1
175.87544566237366,149.24754622727374,149.78050004230562,159.24404140734794,161.63845956469734,176.84188931208988,177.18213047230952,1
177.503581108179,150.22573110611106,147.2668370300096,161.2598837211342,160.4838608721397,177.6921670268052,176.7662143143138,1
175.34585657577912,154.58177589576303,153.43191542925408,157.4081924575737,163.05824555575865,178.51245579673736,175.30841894165493,1
176.4754076071498,151.57110579549797,147.5875427414434,158.65109217915088,157.3222181484894,177.10639329449117,174.95113754801633,1
177.0251124249826,151.419365567624,150.3021471060236,154.70565851926466,159.07396757660092,175.77638959878024,176.59608071944209,1
178.96653858201392,151.06292313136433,149.52323337627456,155.05436524787038,150.65312253992983,178.59438586840443,176.9754461521852,1
177.56245906336895,152.53076870776908,151.2744943796324,152.9395740561467,155.3652843813907,175.78573700778526,177.88422829937772,1
176.5699290813337,146.72443514666148,148.96781201526832,150.07816334450487,147.88171777571137,178.51833798228856,177.70753262842072,1
175.1585644238239,146.68266069539717,149.27589907790974,154.44607378489056,152.61069968552775,176.5812391808929,175.38214964809157,1
175.71524040558268,147.24779586087718,143.4759255439752,148.42857983996618,150.29189033051756,173.70196185598175,176.05554440421164,1
175.2622758963064,148.35311906177253,149.9294380602637,156.07178265801048,160.28176274354647,178.38030668832567,175.22586809141796,1
178.57514162926373,141.3643905747808,143.24168244698762,151.78343404182846,148.49918322975796,177.26025861005806,177.44361732547725,1
176.86484795021977,143.99949118018202,146.18348673214646,149.77130039862885,147.86146822671753,176.34027304488785,176.25126126450746,1
176.32069407818796,143.4474803564409,143.5186091746257,145.21851874648982,144.27608574802522,177.39160975969983,175.4447882594968,1
177.12899564044395,143.7067007908764,142.4976111888407,143.90018947078156,143.42463668228297,178.36545570437983,177.4559529821875,1
174.44642795613467,140.992621520161,138.04019987364407,143.12121817121294,146.08557743744774,177.33854114669134,176.4032057571406,1
174.99835635494685,147.07641160199904,143.62373612424898,145.71883679630253,142.7076207078304,176.04741656346152,177.97844978136771,1
174.9029317893339,142.64485495478795,141.9281517770249,137.83707005044818,134.10464734193044,177.42990133894014,176.12609237887435,1
175.4925210861331,139.8493193263687,138.64537637728628,137.56389693735085,144.341607969083,178.63538508980025,176.88378981246944,1
175.1610055310916,135.90334251538366,136.14727444524917,139.59404673332105,141.3402460416214,177.76468291687598,175.71123953712336,1
175.70748077883562,136.3093653189142,133.11454022676477,135.93581591675027,131.29552524559705,176.64343096423906,178.6762249310162,1
172.33926342909712,134.6955791776063,130.89404513590995,143.03527928747295,145.8876204434709,175.61910795987916,177.0351552752382,1
174.36959614435057,135.73338521157876,133.84054647121758,131.79419170382556,128.8812117028872,177.81812514415236,177.25178145684876,1
175.0172129135126,137.42543063533202,138.07218966079265,135.2861157603734,136.37795973967073,177.4725905761563,179.05802151616084,1
173.2382685013411,134.03412171993733,132.93823987444287,127.95585565458931,123.973230868776,177.17405555936128,176.4968780103347,1
173.28123921331306,136.89421337782719,134.79303772260548,131.40817739461062,131.544016910126,178.4663969307526,179.5457138003535,1
175.77242485740746,127.22343332504012,126.73055743260336,132.7449008151383,130.5490591947712,179.62526846059566,175.65634602512452,1
172.28241466165582,131.9702277848397,129.72532882666155,125.49615892481629,130.4731774267938,176.156905496692,179.43017275782208,1
172.50776501798123,125.7641884830153,129.34633608467783,136.01394676349588,141.39051532279356,177.2797681172754,176.50682462051742,1
175.50999191607573,131.27177542606375,132.44763569857147,134.7368682181853,134.605230410892,176.87486400190957,178.1564467194109,1
173.57705829766905,132.58560895537306,133.73431554468314,131.39265352229498,131.79577782267205,175.24838683751503,175.8763749681709,1
172.8542101623878,135.66346951459687,138.12284789395875,130.75859347975558,136.07113811900757,178.54752307124255,175.5287768934859,1
173.6263827136654,130.7626176783548,133.84684173946715,115.74133921957099,119.73953424755656,177.78696354392127,176.78990032909905,1
175.57362346905904,130.22654142040594,129.4028504948137,124.25642557578672,119.67546115939568,175.53932268557733,175.06206420262504,1
172.26185602334525,124.88649451085223,128.53857694135414,110.78041538466951,115.96824344256797,178.23334794688873,177.31706488651463,1
173.56698965805126,130.48676522953687,132.18046179124602,115.12482161291176,111.24428110364713,179.98881169728912,177.11595027933274,1
173.55514262204528,131.22725359431251,131.00954152923723,123.32251005186343,123.95285898458785,176.85157431159925,177.19513650653073,1
172.00369327073832,124.6740028743965,126.07615040195743,107.66783768904185,104.23455443282761,176.4230856074098,177.8125804936345,1
171.9471383764268,133.24689563752406,135.76702294630587,104.18587573328126,99.89861865941033,178.4806200078921,178.4015863130158,1
172.89245367835883,119.36537855222447,120.25451693525986,117.26303875860097,115.35660632527302,177.13961517950605,175.10203949051103,1
174.81876701146962,121.65656841816036,121.05694778617365,107.1663698289237,104.12129266447994,176.77445260559446,177.56124479311634,1
170.75446074786677,130.53057883141122,131.77034969302406,123.16228538912381,122.11157112318747,178.7503355800135,177.2604154886461,1
171.7810723979859,120.97948683086292,119.66864857154275,115.2496312319761,115.95135538754352,178.60408056973588,175.18986685925296,1
171.2102938910332,115.88314185896938,112.69715105337237,110.98676566936665,107.4626981057032,175.87065043432014,179.6950579227861,1
172.39983479738868,128.8603122844689,126.16253152956362,110.92697219405157,111.69886884625994,177.66675093174499,177.57731123580564,1
171.65094015618376,120.8540069244365,124.23318077627331,109.78707663117122,113.81788580083266,178.80682804456126,178.19187559617774,1
174.4321155512097,132.12065015794315,130.92518015042154,106.94232642151093,107.32280923675408,177.53687425406494,175.54879949419333,1
172.09511962851792,116.15024997465002,118.08289592543446,115.8296533901135,114.8315807271075,173.78887778428629,179.94424318613596,1
173.10311490725786,117.27082456277206,119.32160100694207,111.3600011465651,107.19458086400819,175.09950797074208,177.44700266246036,1
171.2594487544233,122.97801122076406,123.54480378213178,105.8583281181449,103.30309684530813,179.41278344076798,177.4356417623129,1
173.660991247475,116.8644509144405,118.70221163263807,118.25988958704008,116.15842415298334,176.53723136377403,179.25733671686547,1
169.60923631659182,128.3651430576099,127.43700210033896,98.5178235015801,98.2838675436076,177.0523209162642,177.03737251345797,1
172.15541659342492,129.68567391501958,127.17089877497922,95.553264339402,101.06556321426748,178.71095009100708,174.69744777138885,1
171.9566001442714,122.74024301288479,123.38311026390517,103.826523660529,102.18319453392002,176.7297852815733,176.85228105457975,1
174.11835871973682,125.22529445186366,122.22717737194291,108.20257567042178,114.34526372519616,179.5408359556942,177.25009075394576,1
172.68189608233595,114.54005628178983,111.38626951151437,102.9418824008622,101.6341367064601,176.3487755383396,178.76002456073977,1
173.39259646661407,114.80818772050013,117.64775489601844,92.82859825089797,95.45411800084406,179.45366905319682,178.33283017535595,1
171.22977722404627,109.4370751874764,109.6469961279699,114.3033721522806,111.57928889346861,175.12221968857412,177.59183164100912,1
171.7824314642597,114.08656391180914,113.7219245493573,95.16378860302925,95.94520175531513,174.49429133538516,179.31061848935386,1
171.38370357475208,127.05317210460835,127.53733911539464,93.3740404642993,97.65456012375486,177.20896332813894,176.87891799186073,1
175.7410590153704,126.09956862935955,123.76945973001379,108.42773769689569,104.17065471138328,177.0394986759566,175.78776672648,1
172.97287847981232,125.41552641874226,123.25191081495898,104.64321916397488,106.22065624256452,175.0664309800607,177.33120046026227,1
171.23150768934127,126.74217180669343,128.38564243464347,94.93550613394426,99.69848270616123,177.8777857698801,174.89893865723954,1
172.301029918488,111.91176729391042,112.49442603523997,98.14349056515711,97.872033793902,176.90978780567048,174.96760224441795,1
172.3878953352383,125.6010856707754,123.87757266128057,110.98899148477346,113.92115755195661,177.314305547253,178.34486758693797,1
169.76875908102784,119.96898096028862,118.29697956235918,104.44607350313254,105.37594971281369,176.48689210215545,175.84623049041844,1
174.69654310819874,117.66342206693473,116.10123826510592,98.94641110054178,102.7401818473105,177.0899806183632,176.44954232907352,1
174.43234335513986,125.40278806572393,123.7312323489785,111.98322578563247,108.78729390121688,177.19142803893286,176.25928298738123,1
174.52547633608583,125.59975552253344,126.8620449747057,102.15288343633253,104.12416589368623,176.32893614677667,176.92604090238908,1
175.58508004055028,115.00773520122117,115.12056728952453,96.2192879981361,95.58101764769512,178.2307347335411,178.14523049908772,1
175.1840421940892,118.63798096352157,118.19981072019625,110.92533444090314,110.39558834981582,174.67250136854298,178.36764243043336,1
170.7476218471184,127.43863844798543,129.20357436844037,103.6914852320989,102.1121920338278,177.92760437743144,176.7080688882509,1
172.24373205768458,129.0500490705112,126.46099255608512,111.27396339046622,110.79267980191273,178.02079007102546,177.13722635759737,1
172.5884863521096,130.949404408178,132.57675632944154,101.3855641120741,106.49899454898797,176.5960421686721,178.1647616440602,1
172.347893587099,120.35802937801367,120.98472976012886,121.53117386970051,122.14368378785768,174.68693328076702,176.92083359849943,1
175.08687042017056,129.92068651890813,132.5280312187522,113.99358892955999,109.07525030235807,175.4037274070861,179.48267185239806,1
172.45138307052844,123.25611673937681,121.76026534174049,101.50256207306349,101.60454050903711,174.50124151898237,177.74266020964282,1
172.9217537122803,126.93713027853457,126.71992521668784,123.82009705622949,120.3934019408944,179.18800270387686,175.9747079524856,1
174.6380271783725,119.32280893573164,120.35395732102229,116.5875144208228,121.26718279187016,176.03047363131938,179.2603017739956,1
173.36431618414264,124.36217810602257,121.56620226453806,121.97661377724836,118.53315090430577,177.09010739916747,174.1053408799302,1
173.30009753258614,124.35394156644836,123.63707919855943,108.04701414555264,103.4334643627111,175.7638426899842,176.41147088413962,1
173.46718199359722,129.26612005429834,126.90302025263134,106.51708840084659,112.96002987557691,176.1433704743164,174.8328742202865,1
172.89623386240748,123.58485016191716,121.89268138609064,121.36030807268483,120.08464674802218,177.59099297226714,176.04090916433722,1
173.5563206609092,136.44773179775024,136.5611238774169,117.76265732747407,115.88523654851916,175.38107353065098,178.28395247806552,1
172.8724664210755,130.08554180020744,130.0965537173309,123.72387750627561,121.85397554602228,178.55350886254283,177.86999188192755,1
175.54530740771494,128.07075587205733,127.9594829236479,120.89466957258918,114.30204729669862,177.66777168215071,177.93019338442838,1
172.3080469515433,130.5869882727933,132.59089653320243,132.05558378308803,124.94582703933231,178.42557059753733,175.935826422141,1
173.7179941169055,135.25565254706513,134.4707335923497,123.71808369945508,128.38862759246848,178.66464449639935,174.85714796261482,1
173.71191079945854,133.13497033927658,133.39855695196982,132.54221675971732,128.54586518700285,178.10881629848646,174.0851222504308,1
172.52462905055827,132.05249876272865,131.9123960524589,136.9531611657308,131.53879371940596,176.14922697943987,178.5974593545324,1
175.35205013397865,131.1339383707245,133.3845908375002,129.07739175073507,127.08210726116262,176.5950631046312,173.96869684147902,1
173.2892548300666,135.7236585139144,135.4798084261245,122.86782814981729,127.33992287465583,178.95457018341042,176.4133999323004,1
174.86606433599715,131.05911336340762,134.71363895416283,123.85209604478607,125.2690522928239,177.78848616172388,175.17542736613322,1
176.54775336813324,133.22130014724095,132.6870738679128,131.1406621597909,123.869735933151,178.16409171513277,175.86712436708908,1
173.2231519272911,131.75990493129115,134.8921668131042,136.46606586504183,132.47169335629417,176.91526788250127,178.22900576906355,1
175.33851559023458,135.33023715047267,137.11881333660247,143.42221034378014,146.09105815187434,177.60735265158974,177.01034271936683,1
174.83946709961876,140.75100655689027,140.74786377238715,130.69566852108713,127.50269993865737,178.0358679491265,175.65737372459856,1
174.03824995685795,139.7548253582473,136.2157364443948,133.46157923617682,133.4213070504114,174.39062283013365,176.32808737752373,1
177.57599655560605,142.69363150731127,142.6269716052919,132.9945998465635,136.03936212563983,179.7149973055097,175.77285865692173,1
176.5610433533715,142.08262656700876,144.88443457672295,144.7686829055147,147.01609469604972,179.49883994959902,176.44833489588626,1
175.56834190950013,143.66268453988968,145.9598095060862,136.21974221639255,131.03886556505327,176.80094136353352,176.65055337579778,1
175.73659493498639,144.54639102643625,145.03860914785471,148.71441601619114,147.0961783634964,175.86832252288767,176.1842073561887,1
175.86709526199587,143.34843994447985,142.16660924087586,147.69760601769428,150.42597868865215,177.72981011332533,175.9890951504513,1
174.2050952536471,141.68955439284485,147.0126217424903,140.08933890183783,142.7156115880728,178.12010483221337,176.96257608763716,1
175.33710313039953,141.10074518465015,142.57311614150817,145.95621240850792,148.66030157978852,175.81491279100902,176.19577574362904,1
175.91847197190654,144.10713452556172,144.73622946954825,146.55895903414444,148.4933637963736,176.9438250865298,177.6205127578394,1
175.55249222428114,150.56612904941974,148.89707241257142,150.24760933769267,153.4169655096254,176.5216793853288,178.2730987219383,1
177.66014081885288,148.74386301059707,147.16422869966917,153.97905072994075,154.32261162063804,177.02809931525908,176.87871635259194,1
177.94943789601675,145.33269121765176,144.64382325799258,153.3364822343325,153.766652429521,178.29877201020815,176.59174781195125,1
175.80489901852715,148.08728935711315,149.49397608091655,151.13118843934572,154.04399673509153,173.92780241223423,179.00462583688437,1
174.46374776054296,144.58072646092376,147.3537559572813,154.77145352589125,148.2977899577947,174.8676414333704,177.64050368093925,1
176.27551277577444,145.68551512439845,149.16496232493185,155.04956936149588,153.44160636149542,174.79356324898745,176.0403645904298,1
176.76259738360682,144.99550380171897,145.1859108023496,155.4163480404081,161.0379927623934,179.44285029575397,175.73193462759633,1
175.30596922086772,146.7430425480652,149.95356077606715,160.32846810322923,156.7823323781874,177.23282952380606,176.0010675574734,1
176.6466070727343,145.46717510137788,146.48507976093748,159.18977271961543,163.62078953888357,176.32925924749466,177.67372916313587,1
178.2014413114981,148.86213182558268,149.41244351593875,158.0974875433022,163.4610004214254,176.06510599840772,180.09625980690913,1
175.69796383235573,151.10556415453632,147.46160758627738,159.24949964237842,163.16864631789673,178.37915618429267,176.01074125993793,1
178.55510491077712,148.92585533420922,146.20924196324307,159.78091831448333,157.38447496681206,176.9680538921938,177.8524404454205,1
177.52482093917513,149.286653685513,151.30443449391183,156.55709271623843,155.83902748268156,179.98133465926242,176.96247071994142,1
174.18489932680066,148.83405739397037,146.40673907572753,162.93644331795477,164.4542265758635,178.20851905604118,178.34616204627406,1
176.42301616233647,156.46894153085861,151.2625450981047,160.30282327398402,161.6612626845579,176.90979067102842,179.4966363178935,1
178.26962083104203,152.50306056769145,154.1907206497671,164.49696136552228,164.1614962180252,176.59687979489135,178.8750450801427,1
175.47494688220758,155.44732282166441,158.54469551335498,161.4182572100764,164.2235797967743,179.5473398042911,178.44409623651455,1
178.87171952119417,153.7963524942703,151.09190610174542,164.93521899919483,168.7511400797175,177.5235982779055,175.40288111630073,1
176.16611070225503,151.81193452692915,155.36431720622352,161.34093421923728,165.61108455736388,176.08798919667095,176.0648072955804,1
178.7219883545409,152.0921092533941,150.09699942961615,164.2910456866479,168.39527606758395,177.40990709045064,179.79742296601452,1
175.01279908583382,151.00722363201794,153.27661582186602,164.50549614393037,170.21148352796195,176.78852599528523,176.4126901587731,1
175.3406595648667,154.59404994462855,151.18230146283838,164.6133111926099,168.27621861060737,175.07634386854613,175.76735565827622,1
177.78377225024803,152.2026540516068,152.25821897522152,167.64603067676964,165.29508368813515,176.7390156484504,177.03102800416102,1
174.65087720066032,156.45433779542017,159.1289006624974,166.93593610195805,163.81393817844435,177.88013609307237,175.5891049051193,1
179.28569954506168,155.18740311954832,156.60926048553557,169.88126673532759,167.28909292748256,179.87838673061992,176.20175824867755,1
175.3422918109776,152.97159113940666,152.36618814957302,165.49550930509238,164.5082590553747,177.4270168030183,175.4931616236794,1
176.81173951025812,153.37723145621166,152.9210116725808,169.74871886260175,169.62690516173464,177.1090609145968,175.70792260311038,1
179.56794426266052,157.32776750361293,157.33591971463673,168.5069161985452,172.05646809283976,179.23162906204587,175.99090235077426,1
176.2215510407109,159.24972094451903,156.33938991829083,169.21324873249236,170.25085661469396,176.9385016155628,177.7828409210998,1
177.246981838598,160.4499247786482,159.9511963750534,165.17081884040655,163.76242073668024,176.18795986016832,175.8667425246942,1
178.8693481883813,154.22494432383925,153.076940643416,167.07488213982683,167.1176242813569,176.77862665840945,178.97828010204518,1
175.08420603821557,154.69123404310972,154.2156289358016,165.34638167410944,163.73708909218215,174.04417536824744,174.8757168579876,1
174.9945762145851,154.83201465419953,156.14402016331223,165.17683589045183,160.36109496468129,176.3448588784301,176.0957926830008,1
177.87209710096613,152.21725298260733,153.91090891863055,164.8395452715191,162.5211135861538,177.31243675270005,175.98459858198646,1
175.8011129852795,157.06894042178234,155.80770166257784,165.5492390962342,161.08143178288745,176.58865359240488,175.18019824964964,1
176.91235968275862,151.28377135932487,151.94334812936623,165.01499375602538,164.83511266725344,176.71729295750774,175.26222064589246,1
177.05354299172635,152.214711286411,151.6705903983839,164.4245223876853,165.3896420108546,177.0915116399596,180.18842966907576,1
178.68630320248212,152.75544117403172,152.7846960543646,167.41011295582288,170.89583093277642,177.54811070629884,177.259296030384,1
175.98794964009969,152.82033690908787,153.99035416450022,167.57601677343217,164.97696397073844,177.5067055410537,175.36952518033172,1
176.86126327947198,155.56743345606378,159.02627403522598,165.48678774518865,169.72394660073817,178.73505151489755,176.25576826961438,1
176.77713733502668,151.9390842020085,152.90818893986034,161.9757595116543,168.98185266646328,175.8102661981995,175.99198577022756,1
174.3233014591251,154.84459611665497,153.77447061296067,165.86254958047925,161.2433030086725,177.50008913616568,176.6085849973255,1
174.8615371777898,148.51923878000275,147.88481836238896,164.06328180741963,163.9813266554639,177.93645267134633,177.50031351162167,1
177.53527522025553,152.6009010319153,148.96272829743944,159.59572230660814,158.81114139829643,177.24553455167742,176.22706394059742,1
178.12185654676486,152.3578298037257,152.6748681142659,160.20669752683926,164.4587856154777,177.91960819438893,178.5626889333016,1
176.78694369631296,145.79451496651214,146.80861265307743,159.03944513185888,160.06327833252553,176.17905601609496,176.87377994470407,1
174.48329064911533,148.49524773088172,152.20050726152584,160.2719113946897,158.40358491144693,174.296783348848,175.41622640678767,1
176.50930928461025,152.57490092372893,155.25058191708504,161.67087357469003,160.42985737282137,175.73512454028835,178.1906349667765,1
176.11446875129292,149.03179648261334,147.0542480921557,156.18352458732625,153.43860722462105,178.375600862137,177.38298011127083,1
177.05140590638985,153.37195154606587,154.37649936554732,153.44370031250673,150.21226607044133,177.8050098960054,178.92326232549487,1
176.8816526811549,151.46942937217477,151.96702355257543,155.28012736122562,162.14891879982085,180.04258534915104,177.74475271302487,1
176.03515665055573,149.02477178839328,147.8349998668917,151.55720551306712,149.32696615641046,177.82470069444815,179.1904934519318,1
173.2709639124511,150.38804829512543,149.22465058005045,150.2706412289451,147.70347722043064,175.73093764146964,178.76252192649957,1
173.40219007524192,143.75330995795537,147.7755149434841,154.88072131587643,157.08215621302418,174.79373276014618,178.5077944383348,1
176.56632448994924,144.80031123266687,143.85532787050866,147.48235068454025,147.59833096746993,176.711707969958,179.82260121152984,1
176.0086475709913,142.62638533876267,143.6989905142913,150.03772833432635,143.6853628692987,175.3501603743165,175.12734895904305,1
176.32130972147186,143.39078675583877,145.10617404098744,145.25282192459542,142.79738118792864,174.85126974710096,176.33058834725244,1
174.52556381980096,143.1770344006947,143.28602402772597,151.08074931587703,156.22817515544423,174.56175950758401,175.84125369346071,1
175.85635981141363,147.56904798231037,145.73742967760234,143.7292103955107,141.819845840939,176.8014668577218,177.13418456323606,1
175.07940376989973,145.26350430634122,144.179838799563,144.68004353271442,147.0318576602136,173.8123108469911,175.26732589740115,1
174.70327227546568,139.35442467876194,135.02008907676435,151.10625067538192,154.08104866760155,179.60360818036511,178.86231701419655,1
173.72112714192008,140.99770507873242,139.82063430879458,139.34034465374864,141.40967979655966,175.59372878530255,176.84579434219881,1
174.61798159400632,139.7932435682055,140.8136492750427,138.6269759341864,133.90096728283018,177.98824677793297,179.65306217709917,1
175.37527691933573,138.8189136204396,136.1448526836715,141.3492777252534,143.20718574989732,177.02876855504726,174.06159014469375,1
175.22519947834124,136.99950271115623,134.98023207391483,138.88526168966237,142.92589607985232,176.0815547578594,177.4057960251731,1
177.29626922959568,135.84738410840612,138.04906929819307,133.8926244019171,135.3882668188135,176.4890011494318,176.16757380651015,1
174.18299418259704,135.73614858432177,137.3061018397501,127.81198789026953,124.29462739065242,176.47901918993603,175.97798586563948,1
174.5225066382283,140.64538905399002,139.44157372951764,142.63929025560225,139.97382117966592,176.33397836295782,177.70874740736198,1
173.66563782603112,136.7474360643781,134.5045195586466,133.06580057634386,129.13003077167036,176.71330652294782,177.7350157845377,1
173.9652546966039,136.02168102440862,134.82302648068455,130.03626422268817,126.31216532321122,175.03480996352653,177.1721447727332,1
173.72788590420674,133.9326746113661,133.12372928749082,134.6242194345545,132.16733171724832,176.00610971218376,176.71310266753125,1
173.9932051544104,133.35699355760056,128.43273632885715,129.89123969074672,133.15060417213735,175.8726052144332,180.300609626863,1
174.2199389334836,127.48526611205074,125.95710903199834,129.30512484107965,132.02951752980846,178.55007517262263,179.20186095338855,1
172.4695780219202,130.60126198581347,127.40966843982551,131.7650857898709,128.70571200381517,174.20179503260087,176.59637563279128,1
175.26523278867364,132.27178522108346,131.7573130785242,134.81582048002127,134.17871162527,177.52530852337154,174.4386757665605,1
171.45085724845208,129.00117288742825,131.52822236257458,123.0372216025173,116.66290611723728,176.72038155058883,175.56258447618092,1
176.03287896884106,134.38829740145255,132.59784445526455,117.94858216829208,122.9215442927964,177.33119222446177,176.52282042970575,1
174.18597055645236,132.1183213691846,135.97156967823352,129.93819370268295,124.56193645399672,177.1987822061968,177.2348528697976,1
173.72171070113058,126.09217142394522,123.57053390838949,124.83220062185224,120.85888478023851,179.31297602352723,179.2978198551827,1
175.44313629685635,125.87085979381852,126.73752909114285,110.69969054592475,114.06062050938506,177.9679785580458,178.1043197788767,1
174.82873139078902,121.21459841255482,117.90417488395696,111.9225363934266,109.20656874615017,177.2046818789944,176.44790807802622,1
172.77790570960732,127.88584218538155,129.51240059153872,120.19787576022414,118.46154022471379,180.05858659695548,177.570088757139,1
171.60662345289848,128.31757300600523,132.28825988970286,126.25718986279044,127.04591905973494,177.4075027688054,178.49639796495373,1
175.00425626856853,122.97363011835849,121.67032227524273,107.53615033999566,110.33617558709177,177.51583991294333,176.508142988462,1
170.99645867778233,122.80406354981196,120.46517937640098,102.71254286283715,104.94767645751458,173.85723431527475,179.254018153406,1
175.85662555779302,115.59335812323802,118.8476720247048,123.10699793304117,121.93399929210707,177.38088566781693,178.3162016680326,1
173.4251931108146,116.67462499010209,115.32498980910624,107.38977031140051,108.8233565826699,175.626419503905,176.41529570010675,1
171.22042480988515,117.1092949623164,114.30111018546577,102.47611827536642,103.3931005084627,175.42539268744866,176.06807371457094,1
171.0067952311382,116.78930395304108,118.01566826617331,105.82443161284384,103.89419776901204,176.59487893600405,175.96658882414897,1
173.56116489605031,120.17913934417307,121.56071368066452,113.81334246330725,116.65235083983204,176.87283803647293,177.08394731465168,1
172.03811466034722,113.11036054180565,115.69730402055905,113.11547318545112,111.99429919259083,175.7028662288992,176.38316247651335,1
172.08782848653073,124.57062071789265,121.53405532283874,119.91609094423657,116.6178861199217,177.81832014139985,179.5831459545349,1
172.7187011796662,120.11851391842336,122.41166270676251,106.8616047538292,112.8550771656763,178.2237442986757,178.15107986197816,1
172.22621332085927,130.989602945138,129.2329082738606,119.00796083607807,119.62455701012765,176.92784051184003,175.69154253511397,1
172.43345988382947,112.54219452565157,114.34029663434586,92.35965648730266,94.34997940486858,175.9286105577231,175.84314203106175,1
173.91890618133598,119.14813213350352,118.35303465893874,96.44417157633042,99.35244588705315,177.80545436304018,176.99022028561578,1
170.92452114323953,116.05049742259536,115.44630377946604,100.17817585090063,102.98441853870077,178.86605208070958,177.19023909364068,1
172.2155540328516,109.53532665362869,111.70410231930057,92.84797262748778,89.20910805175059,178.4898410613166,177.29721623902188,1
170.68749054940844,129.43476043782118,129.58864649392174,99.23790040583188,97.17887099141242,177.21381680304006,176.91631756030878,1
173.30359033488105,130.56853145917626,131.68053055675213,96.57336555588336,97.19115336930382,176.16407771737153,176.00492372223067,1
169.60767456751873,121.71752495812271,121.23654459257985,116.67287778532099,111.15670357590228,177.16743064673193,175.90090719948168,1
173.49433658498586,129.3348037137047,126.08450062273091,109.40313473530507,109.02169362580811,177.03960296609094,173.92981191371265,1
172.71727641294154,115.04580936345766,113.8538313761172,102.81066594488412,105.10222226434553,176.14051033567955,175.43836977982187,1
171.67901349041745,123.93599769143768,123.12496756699052,115.24148394432973,114.61639292811665,175.2065922331583,177.7748742048172,1
173.0870574693347,116.95968744362726,115.90394005854593,97.70172129473774,100.87900542428723,177.1521051590147,177.98720036602626,1
173.5598960305015,128.27612330634682,125.6683991478247,107.62193330502363,105.55229135944556,180.4288357814906,178.11967144838943,1
172.47499740873278,124.60777987584468,124.20058870994339,100.3280566653394,96.89567595315603,176.1402074088299,179.087947175139,1
171.2542421586758,120.48018724491972,123.46857759272962,119.20229625883017,120.00511993283214,177.83271267021323,177.42122869394217,1
175.88516003647766,128.4548045366015,126.67538299549585,106.13112426082341,109.41419506472515,178.07001875418374,175.9029340578661,1
170.97548471265125,129.7295897978455,132.33723331829987,106.80194673772662,108.81556747974267,174.3945795264045,174.4376822863312,1
173.7178577698847,125.78763377146211,128.9634110285605,113.89740225247873,117.00947451567096,176.15113910022822,177.89300262870034,1
172.35801752411624,110.94668919556976,111.899489421271,97.48927682643956,93.30138035935124,177.76353095374245,175.9238348820789,1
169.79512700869662,123.34346168557218,121.4601314077067,115.05193607510606,114.48329470446195,176.44505762107883,177.74880161171302,1
175.24393987095328,114.53335537583365,112.03038674196446,121.41372748248891,126.53029682044998,178.37294800976161,175.95004923667744,1
171.50026845265475,117.32870069220762,119.94235469068005,95.96067928227829,95.62837900436497,175.30389151326494,173.84773754234504,1
169.6599818856758,112.05870637240179,114.30461613201022,115.24372001398899,113.36087820191479,179.10023636235607,177.53800366492268,1
171.54221333440574,129.28320970568438,132.56503419937965,99.75491871109513,103.17656383406788,176.97475847954996,176.68495389227334,1
171.15072519601588,131.92036569707054,131.1156732672367,101.46060131939414,99.68453186445804,174.89756808453978,174.19955271035295,1
170.95802397584796,121.68526205320781,120.15674781427234,117.51948952287447,122.64508418101994,177.66489318303005,175.62844218600475,1
173.68167698883929,133.71014970796378,130.96278585579094,101.68964505086569,101.64382402412592,175.16033999598955,177.91010987782462,1
175.46671892606722,131.34999866402774,132.42008768617114,102.11398212962952,106.54849652368262,176.3837053230352,179.27319485199948,1
174.73556654150607,116.31064128743063,116.96639904491724,118.44503321370067,121.9411340135716,175.9042664485862,176.96714347805434,1
173.4811705097325,124.86482105923403,121.67708655908848,123.80401771599331,125.312458383846,177.9435394681129,176.01806832182726,1
174.7278741754696,127.8088730755117,133.09782322104286,102.89642748286234,103.47321338426585,175.80449755496488,178.25102225479856,1
174.42199469427248,128.43299931549424,128.88378011257967,115.10996127704692,115.68557331725688,179.63762940925605,179.06411737636896,1
172.4558146915751,131.13154380506595,133.18988771907306,125.9843115392933,130.16597219419285,177.1731887501315,177.1891778325844,1
172.20599799568424,126.02662370256033,124.33172231453705,126.63742310567403,126.85292914075634,179.89292208589777,178.60179417075827,1
174.21934548576334,124.66400339288889,124.45102410051064,125.47853237989146,129.50648139000745,174.33197841562549,178.90748944301708,1
173.94292612517378,132.20582283960195,132.01402546298448,125.42167985770054,130.89820219003855,178.26689271718914,176.25680037053868,1
173.60637747834363,132.5859694818739,136.2497144878691,130.27767685512717,136.02485692626712,175.2752304718327,174.49764955767964,1
172.83502319512536,129.968252168362,129.62020057619816,134.89532161480068,131.84509830413256,180.0273902218844,179.25233611372522,1
174.66848003290087,123.36171370471756,124.1417750830745,117.43681748399604,117.51521518834286,176.4961730871244,175.89725894155117,1
173.8732617006479,125.00762933879541,128.79291439822438,117.05777943367667,112.79739906437533,175.7634451830078,175.1588265655511,1
172.0912392803375,128.26330071636673,129.2989977218561,132.77012416304686,132.74251286128174,174.03979020394803,177.04860802105088,1
174.1394254214982,134.6630461181925,136.68281256838068,126.55585077008638,124.38466376603084,177.75533049409947,174.708588394097,1
173.90699410607093,132.44640226142184,131.23222023486537,137.35399585297276,139.50908021596143,178.55543976960982,177.40176239747714,1
176.07401334432157,134.07830531280516,136.52977599220566,136.84518999316555,135.54548725564072,177.59963448301252,176.55045947170416,1
174.64421704584734,138.49884664810003,136.71770257133832,136.52158945479914,138.22110804712037,174.30294041810572,179.0945045228949,1
175.46821093946775,137.60823471460785,135.86267098938336,127.3747679826577,126.5027644042388,176.24804048575115,180.06280354549034,1
175.34996868698363,140.13893985674412,142.15593719881102,134.83352994777442,138.61811166210794,177.3768578383153,175.34757353690588,1
175.48789466785243,134.41686693780437,135.93024982532924,134.4251872094342,131.4135536428389,177.28741129906334,175.0069603932531,1
175.74728691834483,134.5981888097893,134.09973768299338,137.1076407376933,139.71212926086474,174.5584346363865,176.91975461332524,1
175.47485399257707,135.97305213120814,133.4367594230856,134.2382358433663,138.95621515764324,176.09100374322665,175.65846411631773,1
176.1032803068075,143.40759553771196,139.55404235366865,145.9540235710726,149.29617751733292,179.73029737812354,177.5062595999488,1
177.2217793602343,142.1067039755632,141.6994598666811,134.37091036460083,140.0939832663393,174.4296645051591,177.21509343863812,1
175.21626791472818,141.69576308065083,137.93824469378092,143.15365224195824,149.78542784743826,179.55005221286436,177.08496697384567,1
175.39910748908457,139.9852858903238,142.45905932727246,144.54374786657365,141.4866888337957,173.8685497076319,179.53089905676455,1
174.59249388412925,141.214395692057,144.11074809325086,140.37447318949668,142.2960251070435,177.7873597505427,176.41622930058355,1
176.31984461509668,144.05973318603267,141.84687644922406,152.34297055996444,153.7469652115909,176.9778520141486,177.44499825429494,1
174.69859841129127,143.22423721957287,146.03981965757453,149.20920392073197,147.09023652044883,176.17836604388515,174.29066375652366,1
172.74031226944572,141.37903318205144,143.85902421028499,145.21400733766524,145.67192801203214,174.41544052428745,176.96948425129798,1
176.87614253502267,147.58362955488587,149.05402425462026,150.69315983729214,147.80457942628777,177.91131393670506,176.72917819928992,1
176.53086154667386,145.48451885656618,144.27200706414322,151.72642905478625,156.40255776617084,179.4965827048022,178.09954576770014,1
174.98096092780528,146.5756850697752,148.1638260757364,154.2234667226435,150.85578570730908,176.6882249368446,178.7258652178742,1
177.09695712155533,148.11308978093317,147.5554279386566,154.4270101649895,154.33845941839448,175.46627007980268,174.20857625472527,1
176.5233715787353,148.17830277377894,149.2664774340233,151.96812297907908,158.92445581246736,178.0840915621074,174.5212686826356,1
174.67322763485032,147.63895126756123,149.6547543774138,155.6817871078045,154.18073157567463,176.56591557902868,177.84494147405866,1
176.0018818187191,152.58550368323955,150.59918645398017,157.67487530851554,162.95618201569897,178.52333087116872,178.1265475542205,1
178.2501209428111,146.37798188715024,145.40702341124182,159.9807665886267,163.47156637599886,176.11035995299648,179.3321952966254,1
174.64010258033434,149.87353698747572,147.4369272552292,155.85127003513472,155.89078799711385,177.52798012635859,178.51534609971625,1
177.9148623840984,147.37540810932109,148.89895778046755,159.4874190168675,157.99725285318405,178.85374551931335,179.40619975729268,1
176.51036656744233,154.113784600284,157.65088009662048,161.75421832987527,157.12172923032418,176.63819909562497,174.29510275979777,1
174.09941628644046,149.6119252091393,154.09712551849339,159.42087840382848,157.51814127224748,179.4337250340023,177.71760851182256,1
174.54904545014134,152.0754554967259,150.87167551142838,163.1524114113292,161.03717796273313,178.33967503139507,173.6895895289286,1
175.9205086176685,157.08904279542057,154.34245345071164,161.87259656002718,156.5017812734233,179.6694715712873,176.3093193546767,1
178.28465575681284,150.63671665472984,147.63750629834018,165.58621766518297,168.6774426443213,177.40110468562085,179.73034087698508,1
176.01647762764802,149.09228551370103,148.2139660802204,166.04170376290466,162.7958124914348,176.90412128651374,178.6276976364776,1
178.20193483726857,152.1801787277176,150.9421722965991,167.45701956177464,161.56770721118335,176.51820415593104,174.86432184479298,1
174.6126565282769,153.75821416194003,153.56851224345172,165.8770988731347,164.21097658632652,177.13137346375194,176.22494525135,1
177.60077121494123,159.22961896169485,158.0000142512762,166.04960936223605,170.2476425851098,174.86637668102344,176.51903508571286,1
177.2538974867438,154.10038191980425,153.78648104953768,167.17158147178216,168.62290162570346,178.55709529827806,174.73077297229375,1
174.31979351630375,149.4716649282361,147.47643996786326,169.29675339935415,164.19774388757392,177.22452367384162,178.74119432981553,1
176.9939399743955,157.46957320348852,155.54725599862797,170.08672465487274,164.14386462081634,177.9556362262338,178.63695413307067,1
177.5576661924313,154.28312814609356,154.11169425809624,165.23724731101152,171.00719712139673,178.6964872334575,178.85822755660587,1
174.86683937871118,151.98577094443482,153.83658278354812,167.89344146406015,168.4015645242858,176.78557244499154,178.57169581999557,1
177.32805117565388,151.85129797346073,153.2358021056392,167.46449444148988,164.96926923770044,178.77897076522436,175.98610733003352,1
176.79307346733933,158.55930309129616,158.97866666982262,168.79279488614586,167.45005832616303,176.2521739415882,179.07620753516636,1
175.03541503450842,157.12690320284932,159.45919726459059,168.03907254443953,166.38687251316068,178.35146634940847,177.34241448898882,1
177.4980485045173,155.38183746957486,158.68181092344656,167.43569437619746,171.55283145750855,176.121843464522,177.15160010286255,1
174.7836942320518,154.75895324670512,151.1679756523915,169.29539797188994,171.1388667414114,174.97544820203154,174.5886642447492,1
177.04800632343267,156.6037314014861,158.87788260335032,167.7941807489818,168.76445989926637,176.08400170500923,176.365745094796,1
175.01087703212679,156.98535435577415,160.5536014117543,168.96139782566047,165.68652135079248,177.16029705425797,176.6970540316421,1
176.63794475433733,152.47558702573258,154.97919665825873,165.51015147895095,171.00771214839858,176.33067406330713,174.27254240999648,1
175.96247393882655,154.35366876698654,155.34184420738336,167.87646074434983,172.98517334506528,178.20381813965332,178.0695227502841,1
178.80668350138663,157.60393368315627,158.31173152430947,165.9180073225462,164.33681308855915,177.23397880001593,179.49315547257115,1
178.89788430049512,157.6326644962777,159.27623319322467,167.09033209875548,169.77621900084984,176.55773488158525,176.81047020652062,1
173.98079075604434,153.92394910664532,157.38710243740076,163.66461718985792,164.7395751780354,176.94099354983803,177.26785973170348,1
179.58988795652064,155.91128604036743,156.4554704801035,162.93435141852123,161.66860270135265,178.7717565449578,175.20383796333738,1
177.07585792977136,152.8129951357542,156.0680483006643,165.3090915428427,170.01948378699785,175.70164343935195,178.93862584299504,1
178.08941295639752,148.48746876315937,147.06537067830175,165.39642677037065,165.03900270504968,178.26364977484747,177.84528162383123,1
178.27824532901056,154.50257628912655,156.2334877092182,162.8904590619301,159.17736057796162,175.5232372694646,179.33289730817515,1
177.1015266649062,154.7947447046556,152.2936025052324,160.14751012708334,160.61863375219914,176.0754420433431,174.52158300892097,1
177.15929605343874,151.05398693914262,149.56637952297086,158.3027743487995,158.71338298792628,174.94438510443845,176.00587862896418,1
178.34744032126423,147.73742840759945,147.24687453619856,158.9023454537287,156.47999962081676,175.86285573223057,176.47248737361582,1
177.57913149149164,145.87827683779764,142.853356322819,158.5072333388207,162.0732972997305,178.82802280077166,176.21786650622838,1
174.86918689231723,146.34750108779602,146.78037780966756,160.34184799219148,164.9062964282354,175.43035910801675,175.88934792762356,1
178.72533954869655,152.36469462059782,154.09735573506217,156.68656326618043,157.2508518834849,179.30154626199877,176.7951037371203,1
173.312647912529,151.44140420546265,150.89274765308642,158.8168568443935,158.133753110246,175.8049370774209,179.25640098748465,1
176.76751360936416,154.69936629690494,151.79004400732978,158.7500872041775,155.9613647082251,177.47596218492393,177.8176992036359,1
175.19005566443124,152.19420102036153,148.80972175965206,157.70933901280358,153.20578870469694,176.752573179645,178.48744064167232,1
176.5616553691203,149.6572023040436,148.28303828244867,157.14735123983846,161.09931157533063,177.2863488737688,180.32318090790216,1
174.30148348591055,145.97630762807688,150.18411902068243,153.95071637779597,150.04491832535945,178.27534163094057,176.76480333391413,1
176.01357682314165,150.68617822917705,146.55586307646058,155.26569883741774,158.20239341999758,173.74646857750042,178.82081929373732,1
174.91334937451032,145.38871452935422,143.27017733138618,150.50105740362912,145.1520205147632,176.46496947735622,176.4877391009942,1
174.54518058071798,150.20596057361283,148.07348994390287,150.9047786302514,156.50364675879572,176.7328361740174,179.09421261815663,1
176.79672184731325,147.15584870024702,148.92364055953036,155.32190539072087,159.97070945750318,178.33935256937954,178.80561745711103,1
175.38369471696586,143.78221683654772,145.94130016425513,146.53430601151956,143.93646240641752,179.98259400634706,178.61610642456208,1
174.27608260637388,146.70189040333358,148.64104953882662,143.451274247035,140.76302208042767,176.61011614141668,177.42316084152017,1
176.67404542933085,142.87621393154083,143.2153373315282,145.61639149137858,144.98166921524012,176.5894693519282,174.3952484464413,1
176.6042444621409,148.20969718091908,144.06775108873103,146.25395507009415,140.58296066508626,177.0476327760671,176.05357305986416,1
175.19178535759406,145.47691691156678,144.05797423755993,136.8682051779727,142.874472995216,178.35383065585577,176.4727290219308,1
175.6979671621122,137.39524672185195,139.6513982696177,145.91136032660208,149.36808449294153,175.88392065124953,178.12937023534082,1
174.57404855675526,138.4908939928402,136.7428860887071,143.94834442995872,147.1232493749328,176.12536422176262,175.24089422066677,1
175.78644495378242,139.86393848982675,137.07145904865433,138.89864903131047,139.26265270621212,174.67607613317332,179.69281025490636,1
174.7223098698159,141.88262782968246,142.2667629370967,138.19762691819398,140.58601515887707,179.88037958728412,174.1001130821138,1
174.57157492381268,133.5753715763014,131.75492170719946,134.55186860761762,129.64829539539105,176.63508083381046,177.37967577391095,1
175.64175595442023,143.1885244051221,141.84179405213766,129.65246060744903,129.249892164708,175.87894008858078,175.40910297454803,1
174.66893236829816,135.16568209589317,131.98829152495784,126.14249190769203,125.1874542450863,176.68962061016768,177.5831083919313,1
177.2912845423846,140.79613756035684,137.96390366450333,123.03027959176794,124.20386372660647,177.67657040215744,178.2293229936532,1
173.3957034683419,134.34874263736404,138.1047112515314,135.3700436684807,131.63256250496016,179.07356530781738,176.37694215280658,1
173.61666841321647,136.8950985574802,134.80944910726055,134.14317937159637,134.23828448838225,175.24081554102318,176.68025432271673,1
170.8340774373893,134.1255965145083,134.37298391739967,123.74525933459128,119.86808991134238,175.7580854318547,176.9250872206462,1
174.02122737683104,134.6255772640418,133.4084081011149,136.02289085849338,140.10925270373033,178.2831939185469,178.79448747232084,1
172.66015265834005,124.13514136960644,128.75273664991406,126.09574002138443,129.32142039401407,175.544422374211,178.40064771978763,1
171.0018461116828,123.95113598101436,123.6322298750584,121.02554486051278,123.92490918360222,178.01756755377133,176.405008370796,1
174.78404974610984,129.65170884571629,126.56512023790286,123.08339133569795,123.55200301920921,175.0635286745956,176.06333414485803,1
173.66335797599953,123.23871451680883,124.11243939033369,131.67096007348985,132.66705771686648,175.77923071534943,177.07262397745475,1
172.41743158324547,132.9383378015374,136.3065544001108,119.73959700732729,121.66174289161694,175.5230189697703,178.96516809614744,1
174.73412705418275,124.50532620190816,122.52014953597535,120.99905927257313,117.41072321270201,175.04137485198962,177.61368767129937,1
175.23172478896464,124.86192290828753,124.76074650802924,109.05891611946164,114.19682547719827,173.8628818659068,178.31623229548447,1
174.36214079832794,131.17172707799796,132.50306562312102,111.2249848022151,108.19313926089202,175.78982651173627,176.49922839625742,1
175.27330750567378,128.21166932453258,127.94020890063415,121.8361445951841,118.5034501415929,173.9112507712199,176.86098694542744,1
172.93708670219152,131.81033125464597,127.94908009061477,123.75497297366243,122.3017673155971,177.11075477344224,176.11292244283092,1
174.9523452522191,125.36165903404265,125.99156165028555,115.15580469417011,119.82527814495408,175.81376327411613,177.56867681461802,1
171.51842936930066,133.01105182457124,132.57481065768005,119.78692485035472,125.69513651889727,178.3506206627966,176.52046103532356,1
171.688075298905,130.2818557954061,129.19346416351212,116.03844397343615,119.94470743406703,178.6109520034584,179.95253807042292,1
171.13836152195378,124.16063639437698,123.38004476682656,103.28606475521505,98.9691457341781,179.36739637039028,177.9618296852967,1
174.34232443960045,121.11108145088635,119.0068232020575,104.99392628982389,103.08780698019093,176.92879923460578,174.06479842210905,1
172.76788551722322,117.38238624273308,120.91064890430079,99.68476188148566,104.46320876960425,178.94687853594843,173.77525420467654,1
174.08391880969927,121.09075193150163,118.41906296340893,114.24746230053765,109.36946247937227,177.49124147567645,179.23736483620038,1
174.77920980239625,119.4412359133196,117.33438522935569,103.01801220476834,101.73995610750606,176.7637735704192,176.4574949271425,1
172.1700142259422,123.81196270270497,122.55426048450173,100.62441520021851,103.72464908809074,176.36425710318267,176.3223172733504,1
174.05378423769795,114.85306122078002,111.72160255198497,121.49773167876172,123.32717106010168,179.11161374392898,175.45723559922766,1
170.8031341708736,129.75542375607182,127.00942554426152,99.43948022021985,105.09627047850017,177.12057540483573,179.0988883942628,1
171.78843063151496,112.53871507346376,112.47555798210574,97.04840123093246,99.39296590131448,174.19721600995877,175.8051091949727,1
175.2020654917434,110.5836515974914,109.65469940509972,99.95889308649214,97.44171409834928,177.73438564643894,177.98865836807926,1
170.22192103864185,126.62750183554478,126.04184735802954,103.48843194938901,107.65232699246864,174.70441593502252,178.669378543107,1
172.1993769429808,117.1032095737807,115.5853039880128,93.46925449137579,98.02452239715865,176.69760273215726,180.27790780205504,1
170.8525598521876,113.20373583652051,114.28780423320492,116.18030267073755,117.04565349311072,175.92475756099083,175.8577767353113,1
170.73572480282203,127.33654316283354,126.58412618972197,96.31502182021683,93.06603083360217,174.28578297227423,179.76389956937385,1
172.38026489470235,118.20007423077034,116.9544115636989,118.55366631240372,119.30771068417704,174.4476922082952,177.001318405341,1
170.29499530489002,126.67737754027185,123.71970093026621,92.1064655380804,85.18457454027319,176.36230759896267,177.21387634271107,1
173.78744115908103,126.2775716729604,125.98186053042441,109.66609758652804,112.54386810509568,180.13436144057366,175.36179456359753,1
172.19665807545107,116.14591951253493,115.02619352392658,90.23175122946878,92.58962315659844,175.527408237604,178.27412338462588,1
171.01684538975175,123.01127065423655,121.4266400117488,91.43306466844,95.04303216952718,176.28624210696867,176.42986433936747,1
173.29574611941246,122.56143392759134,119.37163657632529,89.21428933264644,93.70428863239108,175.87350270998914,179.59158309723094,1
173.24096781402432,117.7713470527753,119.29853576934842,102.88389337919152,106.47512447487426,177.63043382235537,177.69894392199942,1
173.52091180824624,120.0043732156995,119.12820333525823,101.93465996253556,104.680686511817,175.25598907470354,175.45753869946708,1
171.40348446291648,112.17473636277383,112.34532467230551,99.5356540380699,96.76225433790526,175.95497312161157,178.29126312604092,1
174.91946475197147,114.87538595846958,111.0879766802257,115.93236794815432,113.32372086011571,179.57719359517753,177.73252500466245,1
174.33090803161818,118.39904428124916,114.9811500367987,112.52951258517159,115.89338779332873,175.19649206590603,178.5867789382205,1
172.81880410666145,111.30547865958994,111.36276835458757,111.12851810731722,109.38069707854035,174.56531761199113,174.41228471137507,1
172.00556979032217,117.79933191373134,118.19864563688029,111.74802884597455,115.21096823299864,175.82674144480774,174.37460349996093,1
170.25596607573777,116.39758311092379,114.3728121520182,118.52108712564666,116.13703508503826,177.65029220543062,175.01128446494178,1
174.4534479805505,115.9248919237603,117.98751944926475,116.15453855413361,110.54632812596698,179.1604329698094,175.73407946275057,1
171.86598952842863,114.01184485726745,111.97702629797834,101.33031172790967,97.77887047983454,176.91909349968202,177.40639691020885,1
172.10989417471015,120.3095065746527,119.80811968621231,107.0107044213599,109.90012798795328,175.98021595496564,175.37797537405064,1
172.49717058428675,123.1507344551732,120.50198666356545,97.57594018066872,94.05662503357391,176.9293735660614,177.07734292908145,1
175.90366043087812,126.07612258302206,129.95761364288924,115.83903557983686,119.21226675120323,176.900307414535,175.84347650949755,1
173.06328300343188,122.00618034401812,119.89726905669323,100.91015257068803,102.57584299998555,179.0256226697726,178.968665102035,1
175.2411590176386,118.82053260019032,118.94667250328817,102.30311162045152,104.25786304176482,177.5748772742463,176.09710574655372,1
171.63627064046878,133.90771985945898,131.472070262198,125.19177730242465,123.19985772471543,175.673998306434,175.1456680455798,1
173.03569649037397,127.42478040598841,124.58873858271708,107.19356928131826,107.11973535673512,176.03802456547285,176.45604198922416,1
174.7122036604046,135.2699622379046,135.22253058502628,115.1466481913641,117.51286628596287,177.97841591343612,179.74353149934248,1
174.69485500150677,122.43084632749745,123.80347630123912,125.64526248766829,127.34685210269706,176.89065623289028,177.0038590947977,1
176.70066626706353,120.62349866453485,124.8548757100094,109.75270496729281,113.91433190471226,179.61396155798485,175.74613287097682,1
173.16813412165067,125.81168232427751,127.62691150737567,112.26041907375783,110.68440660064178,177.17886219521006,178.9977340816788,1
171.59835610422036,127.322032837914,124.92957989067999,122.87779375043385,117.37150422827797,175.89926918726712,177.83662720489443,1
173.59248825923814,123.00452155803141,120.6766222855831,127.32765691210915,125.77046177234276,176.66987979898096,176.55928925554113,1
175.78662406886247,124.43668048790713,124.82111808907993,117.60124732750226,112.1217626000767,178.30216268135365,178.68089093383296,1
171.99486618356383,124.60735320710293,123.1800812315071,121.93950664426877,123.70380241313106,178.28198578291193,176.0260645747617,1
171.43964059299452,125.92076127339699,125.4415313938184,118.72924295768284,123.66551570263807,177.8570405356267,176.66159560151976,1
173.9698129789943,128.09154606062802,128.51929312827497,136.33913892712673,140.55887635155415,178.70753575045023,173.88469188427274,1
175.96035664321317,135.53497059175785,138.23400345572446,136.9211295391865,140.77458258415066,178.98945474957566,178.1713284137413,1
175.3999950662298,129.28894313110507,130.24560990426144,129.21728225603428,129.90886460549905,175.45577657119185,177.80856996755261,1
174.0210994818936,127.27574528140106,125.24977041356944,121.08007330586786,118.45926263854346,176.16240328917112,178.84657619188454,1
172.53327988002897,131.4898389759399,135.28298602626847,121.6636286559501,120.0349183496323,178.63720686118364,174.88407665255974,1
173.0206027822234,135.31901451321298,134.5534320159371,137.36898933858367,133.8275240117251,177.55551048246454,179.20169101240083,1
174.36399314717045,132.79523773073615,130.78274875636973,134.02812183653177,131.83750775781724,177.65461498733302,175.74468752762235,1
173.36048916490677,140.76547905423564,141.08365456656134,141.71059966926072,144.69199928701886,176.36665109839632,175.05228998538624,1
174.1152142301891,142.05393725101615,144.09826865828987,144.75826853120333,144.97046200748335,174.8374563124206,175.52918905748092,1
173.7676739800374,137.71354322589656,139.02955191778648,132.0626738051883,132.8935716284769,178.71976128276873,178.35791588397055,1
174.66327245818806,142.90418923619595,143.46173831882354,138.4390220149821,140.00105534203504,176.7623686798112,178.88745850226277,1
173.53820789619465,135.05954567653234,135.44164392680113,134.87329936224648,132.2217461515932,179.32973448715248,177.44063555271686,1
177.78985225175575,137.9243202026409,136.30242417651237,148.32933803107414,146.04795624767866,177.2770909177984,176.77585792886472,1
174.8425287888748,140.8619409684903,142.10200117708746,143.83417863483177,140.4238172348531,177.91374033565162,178.56884861188115,1
174.889328643871,143.92995475917175,141.67522096298833,141.96734489665127,143.67849517211215,177.28793030632477,174.41331074442903,1
175.20977115152448,138.82845300582653,138.64915746677548,145.89910906661916,143.99068896053961,177.60452640332042,174.99450531452078,1
175.39246205779094,142.7250824175925,138.11406082091278,150.5204513285745,149.13267349830662,175.47793399183158,176.84307493444425,1
173.56340900344358,142.68150510355895,144.3930540761604,148.13445963367408,151.488690379121,175.05964438852456,176.16052713690027,1
175.25570634877315,149.12669863054992,147.34434061074188,151.57616819542238,150.4772698188406,177.29378752311212,175.1678762286224,1
173.71021100192715,142.72715408744668,144.6844233350181,155.96408108151707,154.71541460635504,176.14539787499163,179.55433726934874,1
174.11240548254713,149.31587519890286,150.2138855902361,152.05525389241615,150.58248843605122,176.19071305908875,177.56759454524396,1
176.77364051964486,151.3876527339548,150.69606690897456,156.59165058970052,157.47084207953685,177.18995315525027,175.67576905634118,1
176.9793881082607,146.87781307166105,146.35907845127042,155.02783074697402,156.074530954206,178.74620488044243,175.9864704234469,1
174.79893421171684,146.0259152971367,145.35746116054332,154.4456891580833,148.4464530021389,177.95868293292082,178.35795191653054,1
175.44180512986918,153.764797199624,154.83698973415224,153.6452352531014,148.5502808185853,175.99715446088956,179.36171985674292,1
176.50405348935664,148.32632850239878,150.6684316402304,160.6918508495076,154.58395934142513,179.34126090608737,174.88398603130102,1
177.10625395285132,149.68152430193732,146.18551915417788,156.38041767895166,160.30344717678065,176.0072882138344,174.40627981152502,1
175.85451177478512,146.6958967109565,149.05211775349687,157.93210476619427,155.79635052483474,177.1247282761053,176.3717355271558,1
175.24819431494612,148.26705022280015,151.8852897890175,158.2067409582351,153.07591539641612,177.19202477402308,177.59847206448535,1
178.79993520873725,157.05551061175848,156.53908808171283,157.1091943183233,162.08902133295436,180.01827620730597,176.85104876187623,1
179.14621438534448,153.64840094645572,154.12292494191053,163.2876423800697,165.64100743647003,178.21799021100696,175.7426346824758,1
177.22912442879883,151.89752208967036,151.4578542384491,162.32079621305598,159.87367602536372,175.28366638126096,176.8531746798622,1
175.6026860941149,150.39138518013056,151.96018493882175,159.91252071977107,155.2744771842559,176.34421337597138,179.89782904054334,1
178.16882392535746,155.59938857455566,155.3364704696225,164.0459506713351,161.59583696130449,173.77611381304416,176.28845607739044,1
177.55960984304082,150.0567734999603,148.8901929499928,162.9487839366747,159.40403120147133,177.0631053226648,177.33566588795242,1
176.07321611343374,149.07018907472647,150.64383375949197,163.17230422170948,170.47547873833437,176.20736164036046,178.2419536973748,1
176.4576272883682,152.20427959033645,155.00432825173672,165.8158300905159,166.87908777164532,177.69359501996826,179.51561337331273,1
176.9275767962019,155.81296409226394,152.56356059085124,167.5978381954205,172.8389353574857,178.1276455673514,176.3221675146433,1
173.815432392555,157.53183992923832,161.8621514203944,162.43452554342917,164.46644325939985,178.62007169027063,178.64831740091478,1
174.83517520990767,154.9852388072804,155.9661395440564,164.1434593847165,160.23856595966834,176.36429262584969,174.7239578924955,1
174.68791221582717,156.69670650827192,157.76369092220372,164.0688833102309,167.98693193429378,178.5818914151503,176.53861044972362,1
179.03094744457516,158.7250265422818,157.32983041433215,166.4100661122433,165.67168687354985,178.266513029582,178.4768973849716,1
177.93912455545342,159.36328796604334,159.30629744639535,169.58277782249527,168.94648966679875,178.08586984520673,178.12498257620348,1
175.98307384593602,153.45211651155722,149.69256082981283,169.8620730604645,172.59676410581932,178.37028008679349,177.8189954105211,1
178.88251405997406,151.80553080604417,153.2847090314178,165.13764268434085,164.60438561265957,175.47313950321282,179.47223372726347,1
179.30886680172674,154.28376354138712,152.8485955071107,168.7436782969244,169.98384800016848,177.55942235365495,174.1269185351943,1
177.02420775970117,152.96858837629915,149.82494423847706,166.14490233715216,161.7120338080771,176.4570850273152,175.29322492211432,1
178.66043420008336,150.94841626545417,152.66902374138363,167.3402393966678,170.8805707064663,177.42460153737514,174.67824824523237,1
179.22545501425927,158.68479056505907,157.4197834836844,168.63512116774513,165.83561627590393,176.973820465523,174.76460170031072,1
175.66289531891843,152.29981619613054,149.54073196306382,165.6589361538827,170.3450222452483,176.50056775491754,176.21599715734013,1
177.75273429094005,158.4316909509867,160.38665611066,169.45298601383158,171.98595060525386,175.10803989232275,174.5384050418706,1
175.9952226525733,159.30807176943682,161.77702347894243,165.7381063791764,169.8685338614147,177.4350867457203,177.2760894533909,1
175.73533326113952,158.4290292391198,158.05749565514088,165.43614142890783,164.17169678432666,175.6557763445524,177.35301610076618,1
179.91531949927406,153.7674350687754,152.8853593304539,162.54945888878206,167.70824945872005,174.3857074190694,178.43692037588443,1
175.6969517215829,152.97616127421813,151.7853536224962,164.399801550312,160.37085101893808,176.5702711378308,178.25507592190007,1
174.99243285106942,152.9547457184161,155.8773171275158,166.859455440603,162.94226725312262,176.71014790323474,176.05399055441399,1
176.34261838237643,153.32843411989495,154.34973772742987,165.84082405088265,165.37281392703974,176.50384138340038,176.2554878552011,1
176.66452060556713,149.9787331638768,148.26930779001583,164.04506689236845,164.21185278612762,177.50930239596596,176.87599441958514,1
176.39879990794932,152.90774925416326,152.10222463315043,163.62939049159985,167.06771983307505,178.47285930511865,176.48001566799337,1
175.99585133657504,147.47884002608694,146.6638606927807,161.82510054920758,160.24448594452903,179.1600724235621,174.71975045158783,1
174.34413564728584,151.34437253207778,148.14548392805852,162.0508241126248,159.7124561338449,176.91054893764345,177.2979501363135,1
177.60934708008747,155.61471957636522,153.6023750488633,161.93138292164522,165.0246446962688,175.8013676610535,177.13333046451757,1
175.84983014369004,149.23501256249628,150.5712946534358,159.93124157983104,158.67879438359765,174.37860053925917,176.89439084969825,1
177.73575661376665,152.31762142165815,154.15708622268366,159.22297513641016,156.7452925407423,176.47026861824486,174.39496525516066,1
177.89067052763312,151.14991779644834,149.56142944532715,154.30521162613283,155.70596013786266,176.3999395551373,176.1321991077333,1
177.44592094454205,147.69312138886625,146.19575150869946,157.06769152232692,159.13338418186487,176.35035975165118,178.77258817523992,1
176.8004914419878,151.98175064458977,151.1123195988054,156.67256809829732,156.3292229847089,179.6629411250504,177.15239751127194,1
173.8702045089551,147.06219195224787,143.58843384372133,154.98965631971663,156.4025914530479,178.26432984089485,178.7275472054175,1
175.79549676043928,151.88424637864554,149.9305027308751,152.28041281188757,150.6026901556436,177.94313689147,179.43429253523152,1
176.50720220723892,149.011843014775,147.44877951244862,153.27905376571522,153.3895403924001,174.40986092949083,175.78527670818863,1
177.25182977384907,147.98468307456346,147.28019838281378,153.64398744296577,154.9670212840166,176.87981219873967,178.0828454930564,1
176.30744387321027,143.0384206067298,142.9786525796416,157.3354837609332,152.61286188246916,174.66801162208952,176.045874831311,1
175.67753385891655,143.38545468478438,146.4203765193615,150.89199283599797,154.6870223381622,178.81500954347888,175.9917894809838,1
176.25935500671,147.21433171994366,147.46220303032604,145.7357534488895,146.13224498383744,175.98432728046507,175.50100622525858,1
175.85378425503555,146.61824934723498,143.67612483688265,151.7948450529122,149.07850444031143,178.1167962070542,178.7570541193442,1
175.38755757359948,140.81543598688765,137.17929880523596,151.7274652220518,149.49805001509526,178.60146989208462,176.9917939839154,1
175.35231932051084,142.8247272293521,141.10595841908287,145.15848092474639,145.7368301956589,178.13257351175136,177.05027671876246,1
174.87149116486188,140.62330447735727,138.13406700695137,138.01053938939356,134.3624124408516,177.30209420275386,174.2539012236177,1
174.00612368354425,135.77924965004433,138.11013406992814,141.3680260658279,147.15269334008605,177.8110861799135,176.55405116311437,1
175.1741969694703,139.15182620761215,137.027571047648,142.83081872219407,147.9677453825713,177.38975875733945,176.22551052601696,1
177.00249402335822,145.32068395606376,140.9871533688923,144.5469910286359,147.7088492776234,177.219790702827,174.90118955111018,1
172.96810563082352,140.1097281062789,138.44230659140885,140.81616965837716,142.88943942675616,175.44222028301198,177.2997107628281,1
173.57733687145245,137.2345993346865,134.669733351089,132.8272653761874,130.14611028542976,174.18389998486973,179.04707651149496,1
176.2272573264808,136.65573626440369,135.53989178294455,138.87714138465145,135.1563773813489,177.44676868893265,177.63873927497184,1
173.30223324183862,139.7039126605394,140.2390548943662,142.7705909930638,143.58685183968447,176.38287024253427,175.9781519829519,1
173.41498523222964,131.95596496293464,134.10391191950924,137.5091628804364,141.40148438866095,176.97643638472073,178.28506720204464,1
176.2403563087858,128.7264046738584,131.222568334947,130.89751203606536,133.37631362677027,177.40915055405242,177.22651211841753,1
176.8116855134555,132.55661644445783,130.51070766546889,127.82797559415192,125.4498479680599,178.45321427276144,177.40359059020403,1
173.95580168625875,136.2663519328576,138.98059108787874,125.01693178157015,126.87636923871062,174.23636158672534,176.37223377539473,1
175.38285039045294,136.947690576715,133.87359257880394,120.38504351815308,119.32305838117814,178.6524110141783,178.13033609184262,1
174.8007123381644,132.1794306750704,131.6884473903823,134.8030307552981,140.33222932148018,178.48396900099723,175.45703612679617,1
175.80444289062996,132.4288359656204,132.80906024891988,134.04675905161042,133.20653210760278,178.68673727948402,176.2975452265894,1
174.7530906781396,127.07366944274989,128.74180447702992,115.14155185655488,114.61874808444547,179.44832906442727,179.74940740542155,1
175.16712939260614,134.11047955695912,134.2884676332184,115.12401710810023,114.06399948516714,177.32300492985632,177.46279785231567,1
174.08121446763147,133.7230959813616,132.89389966792905,126.29789196254423,120.00863679521647,179.7459146801626,175.93740569182793,1
174.95521707746732,133.50949833374187,133.12882974916678,120.55355461169627,125.99244893404229,179.2530258570744,176.04384712881696,1
173.908070606875,132.45450084365453,130.63497697993853,131.21212151748352,126.9640057402447,179.0939326230116,177.04728741207788,1
172.76816975268935,135.28030309777213,135.5785700458124,125.12486319180978,119.95048298792119,177.07293177843343,178.3608852334106,1
172.87951541260358,133.25540738676293,132.24349330947356,114.27015342441987,119.14052246218472,178.45695601225282,179.91538501765066,1
171.5802904203993,125.99336067312758,123.22169151047078,115.23399180843562,111.65081498779934,178.03883654215164,177.22434761734957,1
172.5402139764959,120.48019331277962,121.88362608186516,127.97688574553999,128.3162736590566,178.49668746056352,178.9490849950103,1
173.43112956960587,123.56346228266305,127.53540428182887,116.4761856238872,116.87246176422431,177.30377856500786,175.52446780911256,1
173.38947388946406,117.91392713636736,116.81014681425208,104.20028285347061,104.04072543789626,176.48288841114933,178.15755429600506,1
174.65717126011256,122.70642089978676,118.91146701110922,115.14924925662939,116.40578214364872,179.1818220207417,176.60700257628883,1
172.47859856964692,128.95441261757398,130.24243158258523,118.14355717692902,124.00741404306993,177.9197024758071,175.88313405171985,1
173.23519578095832,130.23363211255702,132.29947366199983,119.74373630779111,119.07040721213679,178.90149563612042,177.70939394382452,1
174.44066140770008,128.2168757271303,130.6935338926526,104.04176483334638,106.7343604260978,176.21631945614476,176.58798828048552,1
171.29477304363084,127.36117822222131,125.12137166783468,120.65870973385628,118.24261708340936,178.768314151716,177.2202375318796,1
171.61473851025502,121.22755238324473,121.06735003997017,101.92036770814259,99.02282445909586,177.59075161256627,177.82526023980975,1
172.73254513378492,113.95661764027582,110.51106954545331,98.72884259927244,97.26943996823711,174.827486258125,177.04051391694784,1
172.1122542647657,113.15995097929591,112.52824729998943,113.24880972977952,117.06021351989071,175.60033443505156,178.0425459941682,1
171.70382032253772,123.28054133571291,123.0359446598763,108.35388823928623,112.27054385378686,177.54002253412176,175.88866523795755,1
174.75901225522168,119.47931586957667,117.97962016431322,97.67025139433208,94.3520347357784,176.88343692456345,176.6903870037949,1
169.90608673904887,121.4994141044306,118.62176611784217,99.37047431789335,101.17449374629749,178.54843486690308,177.11861496267545,1
172.34641753568374,117.56063234967802,115.56665937913482,109.36273500810825,113.75475789652626,178.54997570711595,175.89717530915502,1
175.2720481414045,116.07328135298258,114.87336322520423,120.9591916941367,120.99347158073665,175.56139357975997,177.3409910718527,1
173.06337356205867,126.57182820144487,123.63951831772359,97.96753765282939,103.19191601646033,176.75416959765226,177.59889541899457,1
170.4424839534913,125.70957892325397,127.06793305433331,91.95237601452676,96.41680465549824,177.37825265488007,178.45699181977756,1
171.83418688120145,116.84758619296277,113.7309007365772,104.49289739735345,108.30952643800788,178.13446130306554,176.1993124367044,1
173.5410424986615,126.86467907285407,128.71018242530752,118.85452342100295,114.27787773698357,178.67205310751797,177.3100914923069,1
172.49113806685108,125.56242591075315,128.66555282970688,119.59777033695127,121.43951274570802,178.01009595502833,177.5707696088861,1
170.09426392066223,124.35846472435443,126.93363104903342,104.82294490663816,103.30113121236022,175.98069287724493,175.9191579409213,1
176.00692403534154,111.85056560351698,109.0102890004745,95.70550961286125,101.28728178798653,179.20164340853523,178.81960272693723,1
172.08409706232024,125.36796912320588,124.85149002798893,111.1582205182716,114.26034292831118,179.9483009493699,177.96176702942893,1
171.21442764845997,120.4745931133494,123.78089235823835,111.76810464825559,113.47458173582207,176.80976899117263,177.71825101915675,1
172.15121735484922,120.16945673367256,117.55994539119129,101.4536534448203,96.37870839117448,178.62804173551052,177.10222072456256,1
173.12844536025696,116.7200364494823,114.38510960924391,110.8569418212831,109.60079306039168,179.69812755841772,175.53253955897412,1
173.2579848906431,122.75040622834841,122.7090399385543,118.11983301203054,120.43126225023315,178.1870552412687,175.56711395693983,1
176.34373751126836,113.98626637188606,114.86677606842947,110.94183376155753,111.18699146798689,176.27715367667852,174.42524771454552,1
172.78066686154622,112.74687297997923,116.60481030023942,103.71172093829674,102.50903168582614,175.2910492885552,175.12084179610827,1
172.25058502675506,118.56695868036701,116.62989037442354,117.6515822654064,114.36930223366947,176.631528539442,176.20317776197504,1
174.29315705662697,118.16661543866016,119.82990888335785,118.76869344640427,119.6305225909622,176.11833013397177,177.28344946709336,1
173.17583572449888,130.22077563836987,128.96709102004337,98.01064594787636,97.25784196862276,175.70919779187724,178.93630857987785,1
170.58898119336675,116.15707362334264,114.9241087760397,110.21411718010823,114.96374234702303,176.00167737351228,178.09165652024254,1
171.03312677315606,121.77130887292088,124.28664685619074,105.1221419116542,102.66276736463554,175.2465790925242,174.1302661972721,1
173.58518460778706,116.70445198136879,117.66344571864973,107.86347849990526,110.02216216596949,176.86337073554884,175.61758949423637,1
174.39422494655838,127.56056536155663,129.56483261635063,100.16131848323111,101.84116522567216,175.6046125525718,175.81048853247273,1
175.0938179065451,119.26306850733248,121.43209104439887,116.9727769407707,119.42545909934192,177.07044057404477,178.70325102208676,1
173.61983862613172,118.05103603052821,116.06650825107958,110.15067554913678,109.39319127962878,176.123960763363,175.52363077395668,1
172.80595430610947,120.63204041356984,120.37759229643754,103.6223587504419,105.10029823010649,175.59965116095978,174.64766878050844,1
171.88902269401515,126.49849475375217,127.56812622179665,114.85101760216179,118.21272370751198,177.53275909439802,176.57219875677617,1
172.66577968962798,117.28840515676808,118.33326505637596,121.3602468290768,124.6045455278246,176.7277601874516,176.9215039522607,1
170.7403150487493,120.02743124915148,122.27033397372333,108.46149113455267,106.76302125618044,178.93786826499425,176.42863955136616,1
175.09972978271168,120.91966568809445,120.74557798884882,115.95666648407548,111.65080393677513,175.17480388993005,178.5694057657547,1
171.59966875715648,121.25611468882809,124.07787824568862,118.21666744092306,117.97489077360156,178.6849950535229,175.56272344534383,1
175.2016992653832,127.66004622761159,123.77506501334526,122.71418534770616,128.1346940871646,176.17512196431503,177.70035379019632,1
175.17491980834126,126.43004278905215,127.0515604828257,119.0100984438124,123.12115817082577,177.32320655934413,177.02106329681453,1
175.33673121875518,133.98864706316357,133.4387257463829,126.65769998322162,128.56513966931772,176.15439042190852,178.0931181267169,1
174.31208937506264,132.04620356795255,131.15510667297525,128.60909307713735,130.93298336393337,176.13416336010002,179.5836341745042,1
173.1453879306317,134.730383964561,137.44679974484356,114.16115813570659,118.33210286244636,176.5691040245424,175.7378915427396,1
174.5438371545855,135.07146525145,135.58930595350435,118.81261284014639,119.61713724769479,176.06156704459698,179.36797886298208,1
174.2102733438586,129.39129955861583,128.59378114080351,121.49871041856237,119.2692194061683,174.7973238491897,176.85728045968446,1
175.82077858248945,129.16398145832645,128.0600334663256,135.56676134926673,130.6050235124541,177.48615744862522,176.34423027705787,1
174.25186119208456,126.0843951334012,127.33649793490346,132.1562573365388,135.05955300660418,174.82549962919398,176.7034897162414,1
176.5085327865144,138.4022633191106,135.94621126366857,125.69956717622975,120.81453160837002,178.54990729050365,178.52273076431237,1
175.87735841833384,133.0189303410136,132.13181306760592,128.02381607657156,123.70267312852307,177.6811416038192,175.19433344453287,1
174.1026311641421,137.57485652896554,135.01947628680136,127.75011151924438,134.12882235884692,175.49932028707477,177.74860182523057,1
174.1268295773355,135.43596120325307,131.79290149576875,143.92122647845767,143.08935464014365,177.5159429220596,178.58965486532668,1
174.2571603486802,142.5424592973135,138.7128050084387,132.41472297653854,128.75733242343142,177.89638657550302,176.62835759584888,1
175.35874946827482,138.642678922619,139.0492509735679,140.64281531484923,144.94149538871608,178.3622416585376,179.00144692863822,1
173.9309862086058,141.92254886986825,145.0455207564848,140.30060594820415,138.8850209288083,177.07120827138584,177.0576691315649,1
173.9420428143548,138.6383697793013,139.2152115538377,134.09264985597088,133.27489291400832,177.30368702971987,178.96344273251717,1
175.61630642922054,144.40179423206973,147.6088444274515,141.0240956879205,137.7297306647797,177.99399644898193,177.21323834307444,1
175.3645516630527,147.08957148210757,146.54026930913645,138.28610816766792,136.42430429957386,177.61375179966396,176.98402410617138,1
175.9306024162002,141.7373168683647,143.9534961257444,143.29494794780865,140.0934305551504,178.83077134829557,179.72429949745595,1
176.4568949712137,142.59538508887607,140.54735136734647,147.43694320387075,152.83477803337544,177.28522382717784,178.14736251940846,1
176.22995451872683,141.45941506833847,142.04558409490906,144.4684282904832,144.7389708195043,178.87268439526807,175.76110356391558,1
176.4690301333795,143.08906966000401,144.11113017793363,150.46643059406068,156.2525246415356,176.30398162989607,179.77749845116972,1
176.69317932431508,147.91079668352901,152.36381184434532,143.73803334428175,146.3924237079483,175.64856997217498,176.51853839800162,1
174.90456277798123,147.15458431729007,148.1645053687192,152.06839531697568,147.35474891378172,176.9287002150122,175.75229111123284,1
176.91859231830142,149.11909328956256,150.54374511990338,150.34856087716108,145.47870317739986,175.33199536066755,178.08702053127726,1
176.13198922701255,148.50430112077788,148.00621558111797,154.29643555101393,155.78617598239606,175.61016553536822,176.10915662485374,1
173.40149758048548,144.7132389357523,146.03140427480508,150.58756742369118,145.79468442798816,175.94323084686087,175.98696573676642,1
174.80265412708957,149.2022934950257,145.08575043075862,156.3145343551186,157.60766092850525,177.48410934221243,177.53736392765188,1
175.53960026438378,153.15990201933369,155.70160634872383,154.32959621270965,149.98655176091503,177.00234107145582,176.23478152155135,1
177.69132077641112,150.6019148360778,151.70475203182292,154.71337546254443,159.73312289656525,175.09649324881136,178.2672752567744,1
175.80269845251456,150.04941924102738,149.5632808142829,159.43743134075547,153.44199330064404,177.48530563475381,175.42732345072375,1
174.50057173117608,149.05948930061257,147.53733712462216,158.81444594143113,160.60434989000532,175.57401189965438,178.85755135987512,1
177.5924471104901,152.24048517940855,150.91392355243494,157.29394152295563,164.40693202275264,176.61142813354294,179.9548563196147,1
175.82047056766427,148.04918435709064,149.15890664641773,159.88966527498042,156.30732799603203,176.52182129235956,173.6666992802939,1
177.73642007684813,149.11339193383347,150.12511648563546,160.80223299274593,163.35874376390973,178.75770648901886,177.70009335182593,1
177.1801384619664,150.59428434303538,151.37378286182303,160.98480947644146,158.04208680955702,176.74378738174067,175.7013811639073,1
174.8136963585806,154.88297990069415,156.25988019600751,161.1231656934592,159.50289128772104,177.4953878412545,178.48729113259415,1
174.81638417427843,157.16895822154476,157.1674280182271,162.9714213285906,167.62438913632207,176.16750769076134,177.0926000483073,1
176.11773726954885,155.98194901042316,153.08334085091064,162.98124730322354,166.52512179359067,178.81000890286523,175.90016634180733,1
176.33771106183744,158.3193239793642,157.3554376681695,165.67740760124872,166.3045110422669,174.84473551500056,177.56087374192597,1
174.5317675007012,153.37056597041962,155.80946011392086,166.297900917385,168.32166893079707,177.65330362435483,174.13146961290167,1
176.01859642150166,158.7037340369576,159.17095940986627,168.64917796832663,166.51226604356768,179.22557969059815,176.36488593481442,1
179.09486185352242,158.8007387271109,157.56090817851626,165.38137806958258,166.38902687839862,177.11999990379266,176.53082860077583,1
175.54484708953092,158.5275123370414,154.8611699705386,163.2851458557356,158.2849099838125,179.6418962976234,174.86168866682135,1
176.82277366099862,157.45677357381976,159.6103209888361,167.40952516279324,166.60168228249742,178.94353549235137,175.74134031582014,1
174.37379382235156,150.74584818773567,154.7928180810669,168.3078281230245,164.3684026803462,177.81577089272807,177.49932414455785,1
177.9410593850538,159.1814854320447,158.14439141822314,168.08842435991667,168.71702164797398,174.7725512355971,176.55246266140665,1
179.59847821710363,157.0518768558781,155.84340359392274,168.11736305759226,163.726886884198,175.75636704081023,178.26988743342275,1
174.25502739313143,152.41299649440515,146.9037659522192,167.25180725324208,163.2513201446768,176.56431140195892,177.4511463886368,1
179.12869276173967,158.66949815941203,157.2734581587389,170.13731026748349,173.20747344233644,177.07168574035833,176.90739836514774,1
175.27588215796519,157.54026285917845,158.252427841243,167.1080554304006,169.2763938761673,175.23893648802564,177.53947838104227,1
177.67524929551797,152.9392654542539,153.3374365671413,165.62195196194293,170.075262695158,177.78698929448146,179.62737368481325,1
178.2038663998906,150.71973856880467,147.22173599736814,167.14074995418548,169.60735159232047,175.4215393902894,176.77697274191982,1
176.90727895126656,151.90988234126115,152.67094052197083,166.31020419311267,167.41340552391785,176.921211732718,174.5128725343791,1
175.9966073378187,155.97717882741696,151.94448339463133,168.3578752473405,172.1051346178539,178.38249539711416,180.22961423612767,1
177.41598414188695,153.57246233166575,154.27700741255782,165.98621465332562,162.73609210917903,176.17137790081708,178.06824081726606,1
177.0006244745483,148.9904504732241,150.47037220902814,167.38072141014334,172.3700524015738,177.18309916647112,174.7620445635869,1
176.52216071839132,154.53862405149383,153.25895463679313,165.89216068991206,169.90802154591015,176.97255882164254,176.3607543836697,1
177.89438876056155,153.35746525923068,152.45569209780905,163.924832658875,162.224569519492,174.46708223760885,178.1568035881453,1
176.0261357194093,149.68614758309724,150.35677550044363,163.46659339108757,166.16723980711515,176.88688653173287,176.27313343958693,1
174.47495017397455,148.14274847103124,146.7733710484269,161.75246095231557,167.86751239528135,179.90928219619562,177.6953714590237,1
176.6446444261144,152.12171459447322,153.41512014651957,160.37902475617852,159.97829387550095,177.15923765622804,178.63192339372702,1
177.76147832876313,152.4088782086735,156.43055940414052,162.5187729485757,160.29239110772386,176.058342299234,177.89441409422224,1
175.98221570304827,151.05597678458668,150.2426803344282,164.39376059741642,168.26280620068036,177.22309105619257,174.36061473608885,1
176.51680561652898,152.48083866154295,155.20808639433687,159.9532510305312,158.78342197452938,178.63644937829665,179.723842085867,1
174.72659394609127,151.24226754320563,153.4481575835928,163.51982402430997,166.55627683491923,177.957244424036,175.23013233790763,1
175.71565794157252,149.0521849383074,148.70948294879375,163.30598844804817,161.66981193502627,176.42124351028778,178.63822103986755,1
174.84092408372413,150.1797385633624,153.01665809862664,160.80710908437752,159.1970501550611,178.6245443263884,175.6047607764904,1
174.45324546117826,143.8275607036037,142.77760400538654,159.9535416772722,157.12400580162503,174.85303896182486,175.9986906235391,1
174.95527169572358,150.32576740147275,148.09659367533996,160.65127498606142,164.57349357549938,175.7656746543615,178.54560216068015,1
174.32948208375925,150.446615537788,151.27229980026917,154.20285471877455,153.52568507594876,177.83157377791488,179.1626296874745,1
176.6955230742797,151.51013784180662,148.98635619596175,153.09738431182504,155.33187660107163,176.96591159343626,177.35687283490284,1
178.05306128171497,147.18617499482875,144.53472944932403,158.1102394029622,158.4646809790613,177.84535795258768,175.0495512258466,1
175.26676232780522,146.91136860760952,147.59326436475203,157.1612901133932,158.2348800719435,174.39979355725347,174.62054493510823,1
177.53211857648444,147.99109586447852,148.629343500804,154.5743358943901,150.3232833666182,176.8513223631535,179.38851269698807,1
174.78831086934122,148.85937671780752,150.3071257209379,149.51597053648288,154.03147811332806,176.06909855084066,174.80261580316565,1
175.40089175630663,146.21256127456647,142.61478153092568,145.7438106202381,147.73018622995681,176.5694572368509,178.15287797858625,1
176.80534948644026,143.36758474692974,143.6407979145075,153.01948963145486,154.58181859457875,175.44955496345864,177.6446868378907,1
176.57603864604508,151.3289690473578,150.0263819460111,152.85684015137224,149.58136233900763,175.1666540613355,176.60135679367764,1
175.14911830813793,142.71456465589858,141.73733578009913,145.20579326371916,147.89789732966366,177.74168791244293,178.57646582548713,1
176.667388305447,141.38885448731924,139.04306058884208,143.13181831540666,139.91281907204205,176.7217825854048,177.99499322438913,1
177.01312676961982,142.52211058914565,139.77831504551506,139.69822907945047,137.81656797287937,175.2341788741796,178.99494936075325,1
174.27455204980416,139.24845341137205,141.6638739802267,150.58737550527115,149.84275509389877,177.0166327569295,176.07155139687902,1
174.4089569521985,138.96754729735878,138.20769012366026,141.0993421563416,145.7629575627278,179.6950894747564,177.35209839602123,1
174.56186125510237,139.67455028932233,142.99555606364444,136.50078714190872,137.72068573817708,173.8276483800441,176.11499772887657,1
175.29799762722953,143.04293928814968,141.77754384967494,146.1758164604395,139.99061012752202,176.69417333545877,179.11522750898962,1
175.51638923083152,136.7724341265271,136.34897934859654,131.57608954608781,138.5291862191553,177.59431596426086,177.26118216239408,1
173.41094930866652,139.49748017118782,140.96778970804584,141.1611545622662,144.9532516784233,175.54427060831307,175.6810664025001,1
175.0911136054189,133.86404297121598,133.33110371558737,132.46250436427977,127.71346947764151,178.08666880795798,174.99213960387354,1
173.6139144961346,135.24371066430297,138.14070568173597,137.12735428381066,140.22206935410966,178.674871787993,177.49125007896242,1
174.75016511842324,133.8950306834504,131.77131383898544,130.19419552693435,127.77002560580095,179.0122733451539,178.98667955888388,1
174.66283636236398,130.49692402918183,131.70708030899084,125.99836600818269,128.01478347768293,179.82630504945126,178.73208537752657,1
174.7340425028044,135.35954152751148,135.2240522047081,137.2575844614084,142.0219226821557,178.41913836774495,175.2201565651651,1
176.52741475271074,131.34227510092737,130.04823442732075,126.10914119039103,124.72396374040694,179.49172702679513,175.1762845940125,1
176.66023740384327,136.4942715020748,135.4701413319082,134.16452990628562,133.161477549628,178.16821327936793,177.42760462295035,1
173.7190311887448,128.21560856320988,128.29054484565168,132.9664551186514,136.34323212977841,177.75500138965654,178.5209155513726,1
173.4201819901514,138.61302955513182,139.4581539564471,118.61185213855961,117.87477970398594,177.96805865486758,175.2530752415492,1
174.09248734384434,135.8375907075657,134.6735192580882,128.69685096696762,127.08928941072371,177.78114104768687,175.84693211003312,1
172.27147077015675,129.6097197098124,129.59615463894474,118.27775266780873,115.77581050787725,177.36761239399198,178.8285538326642,1
173.15989747343843,134.57028788002154,131.80103775944744,111.71827529285989,115.51740419706057,177.55274685594114,176.87974997020103,1
172.778868270676,120.11599551461715,121.5897327948906,130.14698758240198,126.2659628455349,175.5412389776792,178.0610578522494,1
173.13175454217566,130.08613010666542,131.57947899118415,109.10674565489606,111.54170625630745,177.44054638595372,174.71067780609434,1
173.6746875773939,133.8377663453755,132.6723842873792,117.4969152130647,117.80136242860048,177.6456416200575,179.37620630662735,1
172.84071946456177,127.3407895145151,124.59150293494741,126.7239375704928,125.57993243164408,177.5046409983619,178.00531087105801,1
171.8709045129347,118.74668004576138,119.23286097919215,111.11230972639869,114.16431084105999,176.8377764380377,176.59195732546266,1
174.3303722369288,123.9051461570703,126.88682277699179,105.07872429187442,102.69684937021032,177.86927073617127,175.16023185847786,1
172.20287185525314,114.86109743716761,115.06584292361099,110.90910676125927,110.66276152932238,176.1952611948978,178.55821577646742,1
173.4878270512758,124.9393366147878,123.33745435642957,115.85942516407411,118.14867423552244,176.7712318123867,174.26879190491914,1
172.62390475840303,114.16465054426237,116.38173811498748,115.38747874993308,113.3852147490824,178.38423934029166,176.61848952404705,1
171.35749166517564,123.28450269089264,121.39084093767254,99.49044213566437,103.41916289427613,177.42125740416887,178.97606620537772,1
174.53952370188316,131.9999180153527,127.31358407487645,111.505824898924,113.253172245271,176.72909510020978,174.16049916643803,1
175.35560459766202,124.7854580784212,125.22913485943114,110.17105725846193,109.56561850881826,174.53820497629403,176.04005763039387,1
172.2067711626195,124.4747180967695,124.74492075024837,100.6056900513816,98.78153662142797,178.81182203269552,175.98570636866785,1
171.2777178001732,118.90629104494407,120.02778400958788,103.9124831934512,106.23067667195893,175.33030430678141,175.54156857456059,1
169.91693444648587,127.04149302454947,127.24412838764876,97.8665143426692,100.07939124273467,178.35131761460417,176.8918614875896,1
170.33420388354523,125.24133246525302,123.44080930841275,101.53039454990447,97.21140912285867,178.3943298719484,176.76016141010552,1
171.7631848544157,125.72841210224858,125.24182490302985,118.46284136478066,122.18986572516192,177.15853418718007,177.27308898727196,1
171.73099056128424,117.43850718384749,117.84564754156935,107.28815816916698,102.76987427950353,177.0982669413483,174.90345421883464,1
171.5864156259536,124.70245515844297,122.49351936338708,114.22815949901019,111.59819098982143,180.34454888359377,177.2713383143147,1
170.93935805077155,118.90686633989827,116.4808821566916,116.20392615196971,114.80510875918729,175.36264144827678,176.6490534232259,1
172.80040296570246,114.8494930251046,115.16228659237274,94.60131632663462,89.79143938622508,178.3032069388778,177.583352511431,1
171.72895903297035,118.09666381968496,115.50697256858128,103.05299356759032,102.31924930518623,173.99744716371038,175.51269901599767,1
176.09816117027077,113.66840452896659,114.29896410864947,99.98207365201208,98.97762505754201,178.66743755137475,177.37602794745237,1
172.11153209671033,110.08371618656427,109.2172888557409,117.29204513559772,118.04530865198201,175.4263213103395,176.20908640614175,1
171.4008296066538,124.41856605927411,121.36058518248721,110.14400377991274,106.04890238126909,178.1639188879211,177.31610127611435,1
172.86866866737017,117.85074697897147,114.33543544329466,92.25588790890535,88.39726035837265,175.51770097274877,175.6611524275066,1
175.86211743099773,112.59167145487012,112.17200135657593,105.97693847157946,105.96235574700718,175.82143430513312,179.05427580986432,1
171.5479023443046,116.81938845638598,117.8552067010038,109.94768784780625,110.26644313930555,174.39261940857307,175.91814691854105,1
169.19700174430278,127.95787128441388,126.74294537637397,99.5409500418455,97.3362473742054,175.39787752870754,176.5932726805674,1
175.46272101714064,129.30804656534352,126.59528672444215,119.95171284840765,121.19641717376945,174.98774902218247,177.1902079227863,1
174.78048043063103,125.60457946949556,127.45092843012203,93.4208353930754,93.47742199219448,175.35516480554878,175.82305761435882,1
172.34796655564057,120.3935522585933,117.46771816417468,94.37812243011967,91.0062211344144,176.37353336342358,176.061355635412,1
171.26405152335573,128.98860514791082,127.44639214823275,117.30782341260561,114.22983346090322,176.32779127486006,177.01377009058606,1
175.0220158170203,130.5534541604272,128.08982929111312,114.1343581705967,107.94742115521737,177.86239095870903,174.223814023524,1
171.82566580932118,126.564019335285,128.33895171563935,100.78741689814004,97.07236639378047,177.78105091322217,175.624691441429,1
173.58984569576228,123.26969691848358,124.04743583986095,96.87754609189348,91.86603179518694,176.7715147605255,176.23523114156106,1
173.9272284735769,119.97968042634875,118.63163277204076,94.26927299259484,95.80977304641783,178.12356327598226,177.43143223650551,1
170.78870816845327,122.12587741811778,122.76591152498534,122.04356277661195,121.14570673572871,177.09805973914453,178.67075589399337,1
170.5344548325704,131.44232080966265,128.98434246167687,103.2278433028839,107.73026887656299,175.96019646419845,177.0532527377285,1
173.44958627604052,118.58247078851528,117.46426217521947,123.09855712448696,126.84482763855696,179.20560323105022,178.6851282155433,1
171.47031928550624,117.52143137674723,118.6680259015234,107.41996342153952,109.15700476463208,178.37563860723088,177.62419181888524,1
174.1247584648973,126.57355155618546,123.76399167505478,109.77361434825958,107.607974383105,176.03898423635013,177.97600913887803,1
173.77560310283292,120.99817899558258,121.13026188900605,102.37434839927099,102.28685190924526,177.7016614890549,176.07267286781988,1
172.5803422948886,129.39610118083894,128.8464634386563,101.50765403945073,100.25946559071289,175.13755338771787,174.87309132088978,1
174.07497132003675,124.48184233314734,128.12392808979033,119.93101999339864,114.89144167002328,176.71455804103252,177.09245292724077,1
174.21671117106445,129.44934031962657,130.6797579217305,122.79671962759858,126.09405318234603,178.65749860200188,178.25474691072844,1
174.12090451773395,129.56630664584873,125.80461921212755,106.85645052444316,103.81014465701801,179.33727575626222,176.3525103931005,1
174.82382755335826,131.76332964904026,133.0333596562478,115.38007563088934,118.01633497839795,174.6161804618666,177.988409988413,1
173.70724593570057,121.76157305423139,124.56191979791969,129.3658598796823,125.51524858368323,175.99211493215205,177.9111900314323,1
175.45408858379815,136.06685996932174,137.77152020074473,128.1031740936,132.6818335604315,174.18893426001173,179.46742428159737,1
174.3298048556225,130.53831882466852,128.1709036365544,113.57006724613939,117.07821038909371,179.36542152290178,176.3866581310912,1
172.86180418192149,131.82816880908715,135.31818669266775,132.735799116852,131.40171393256722,175.89376912543287,174.81639472382926,1
171.83137018841666,130.59663351359941,128.65393478805748,121.590455352644,120.03857198689666,176.2767130806979,176.14503777478805,1
172.57459776268786,129.76864512987544,129.54329808977707,118.20358237477058,121.20691562501865,176.69371667322554,175.31835218515113,1
173.57025641510535,127.94356958049194,127.69946471176725,120.48316275838737,121.97359385635148,179.93128398121718,177.23282948335964,1
173.4060233499141,135.34115001299776,136.1629016754219,129.63535545107828,128.44313706515192,176.7507288367336,176.63596696093674,1
173.45919312121399,130.9575523974516,130.0356683543419,126.48802421895903,128.61663521418535,174.5489261248491,175.2160847810825,1
172.64276349456617,128.27952914005112,130.31361083093665,128.11441804017832,130.0873620035301,177.9853242649464,176.50529765138216,1
174.7119200776724,139.87635168299545,138.85482204418207,140.71938700181252,135.4567420900024,176.20429623694852,177.51213080173363,1
174.1055164097885,131.13899760166646,134.70936632754766,141.10363040582357,140.64199864462475,178.16840906052428,175.52087222810582,1
175.189591227398,131.52504165961844,132.66400851350872,139.3782299589007,135.27619177609398,178.4430047623667,177.7331253443057,1
174.1473978584873,133.2554726963822,135.01419156847035,128.14366077920354,128.8957057609416,177.08401881981231,175.06635536088683,1
172.0387928413223,134.39975710747296,134.8120843886883,134.55122117624404,137.49145333897937,178.06755808100505,174.40400029319642,1
175.21257607493797,140.50278426293912,139.46793896728286,142.80802047650047,139.66356789742667,179.21265099074338,176.71512279044063,1
175.60486612530337,137.97273359520477,135.60869725388818,142.79714634775044,140.7419756064553,176.33545332753954,177.7962319130383,1
175.1062136129752,138.11474942681315,135.16912515130164,147.21483482796782,145.4572252153539,175.4436838158539,179.3987412483522,1
173.60672038857768,139.6346567104148,137.6390748472632,144.4045821130023,147.4048404059227,177.57540382859597,176.01151338831173,1
174.6419050874333,143.40262550785445,139.20064618160197,149.33452008166648,144.95611036898924,177.62796619771908,175.2626335258724,1
175.6412426770354,141.21695294743708,136.67611084688704,141.12899484097832,141.69011628612287,178.75158021282454,174.95270243543948,1
174.92233910064857,143.08291562691312,139.6836072162001,141.84561801793507,139.51867753153792,177.1927476780246,179.40861342885688,1
175.53411048539138,141.87530200756512,139.82335713586713,153.11541710270268,148.36417310688964,179.75874005367203,180.32758807536342,1
176.91825251183758,141.6639605582776,141.31270063119655,148.74389828123896,147.14494941235776,178.95093977230297,178.2153615182757,1
173.73734296835826,142.8769299884589,144.7514088442107,152.1192987271748,154.96131788531284,175.6248630826729,175.50097702675222,1
176.97604677428455,146.29248895876862,144.93463328958515,148.0980975551382,143.71099433673314,178.10856398275143,179.26314537061768,1
177.18834573133674,149.49221375347182,152.96105200752007,153.8584050460016,153.93480292959114,175.5619838996472,177.67023736289522,1
177.52138511127797,148.09825081145715,149.8758714526053,152.82344090039217,151.6520458353357,180.17501136299154,176.58263410335107,1
175.86416929994243,144.46305594428395,145.44787283581164,152.05719598884005,155.37875051753525,176.13844762920365,178.03931499801124,1
176.88203456333466,146.01595861480837,147.3590574993658,156.07960592004616,155.60296856312522,179.36378450108296,175.08221991307423,1
177.76941065690357,145.79495173927197,144.0366425396916,156.5429495432774,158.4750282413737,177.35701700043614,177.21717549302875,1
177.39684327809394,148.8779062058858,149.92356776507427,152.9822189183826,156.53746630603936,175.9273144580989,175.46040500584274,1
177.3628631740226,151.70509806180326,156.7348499543773,156.3642773453472,161.08187225347928,178.8470972549555,175.28496732847938,1
177.6526538914692,153.44422601305862,153.6180575997599,162.35584381872414,156.99355464044197,175.98089259369303,180.2689808986419,1
174.25415220848322,147.89309691519847,146.06606811374024,161.17907022958417,160.14605533233342,176.0131661726156,178.32725930575077,1
176.76700217030987,153.04680786057617,152.31433071096313,160.87849634425743,159.2893820460651,178.53565319662746,175.76785314923623,1
176.5608662291266,153.3048312747785,154.50608198590663,159.24154641341937,161.24995098999634,174.6124616865433,179.36362625854187,1
175.11299960852207,149.2664751415449,145.9115853871311,163.33139047401022,167.61252103536643,176.09690078777743,175.91438181741358,1
175.86856428188565,154.67442100102332,153.34916949058862,160.8400742648988,162.021452435671,178.32798648169123,177.96220445184304,1
176.5660172770064,155.65747291854063,155.01753012522218,163.82092695138664,162.03891447648573,176.51997964692697,177.41360844497996,1
175.5848036239148,156.9131186989087,157.77662166443517,165.05195784511056,162.99571512194262,178.97199609293781,176.54803115884917,1
175.94200500643007,155.81011114749646,155.8549447747293,165.33186683601576,165.19615247357996,176.12183440447694,177.64896686751973,1
177.2837464583116,157.76954575156716,153.1166534046595,163.49301319885438,167.2640658329932,179.14660720972378,175.44724818520277,1
175.92990858256923,156.12599292915326,158.2451170832424,165.93067596981766,162.45532379892538,177.80578259555438,176.29365072287683,1
179.09489134038793,159.6496352292292,159.984726262085,164.92346882892443,166.80342549611794,175.52400066826567,177.80774922098297,1
178.07954398112997,155.77228925996792,157.7780776950692,169.2801994415718,165.97258198183678,177.78427933924033,176.56662544538614,1
176.55585731120874,158.10688265597366,159.75572232653806,167.4596504190483,172.68645170638757,175.75194361886096,177.24708276139958,1
178.37602413389695,152.1652931735937,153.66535190150336,166.5183615822147,166.1302619212844,175.66986318037567,177.17658622842885,1
178.96590691639557,151.47977932648618,155.48174683242163,168.58081514109838,166.68985130612242,179.85937724672448,179.3164604301136,1
178.50774483403143,155.4924421572151,156.29835307858428,170.8997947413751,171.9718821754797,177.08796618665002,177.33336297713817,1
179.48542082911374,160.50350549845655,161.1317607873444,170.90740859512533,167.6915287201046,178.02049006439748,179.84172248556104,1
179.14035741430695,159.84457164818204,159.89608753660906,166.4049479771925,162.1924936635803,175.19841277053024,177.73025994102508,1
178.6837532059656,155.91913873499715,156.64669703391993,168.08972095191152,171.83700456406027,174.9936228481135,179.30067720748676,1
177.79449027875376,150.71719257245906,147.2556438349185,170.08056714351483,166.0769244885625,177.18417454350214,178.94367755223917,1
176.5419216849043,154.54282024668515,152.1752313255425,164.3366824947516,169.63122652818976,177.12570867773496,176.7320323172304,1
176.54483418680314,159.18088076793643,157.03290055266618,170.13059549359556,172.7034826162739,174.93867045404969,177.7733066086792,1
177.25778210338035,159.70620388504977,160.0010424378468,165.59671844693978,168.87898426023114,174.9847929818928,175.6443797223287,1
175.33162083845923,154.2137949676436,153.26128989203102,167.89084445603828,170.08345428329642,177.79664170953305,178.53945595784657,1
176.5109354731293,154.05733273645328,153.4345208494214,166.84166771104003,167.5281956801653,177.09729783141768,178.89391513799626,1
177.26389989734955,157.53861973749827,156.58158412509982,165.51523867709886,160.64429767633467,178.82969056567495,176.1455983279404,1
178.84292541227137,151.0538655012966,151.8983787591712,166.2011996675595,161.91004206598905,178.0023682207879,173.81842233830253,1
175.56133089951228,153.54082742316297,154.56203716907956,166.54712538469036,169.4642544512687,176.80313009591927,174.9758974850541,1
176.17562094371482,151.22065538839283,151.25383966756306,166.18130649213228,170.9757055572405,178.98757490758726,176.97289979650532,1
174.74096603388386,152.95286948610038,154.2380359930148,166.3948840661851,165.46242379044716,178.3726767995301,176.4329153144779,1
177.02912556990242,152.113362965755,154.13452557785726,165.50461117799316,167.9156498433747,178.40849677655447,176.67798688568533,1
177.77488192354727,152.25374896241397,154.4775986126312,165.4004550588389,168.4274847102447,176.46086852218372,176.99651730721155,1
175.9106252467602,152.5708441286126,155.39412143157608,163.05069407433692,163.99716051218573,178.82566489152674,178.7502755057227,1
177.82819505801177,152.19331518949647,152.98646771714982,159.99782128483102,160.6467095731205,178.52709948776052,176.37708797298671,1
175.9939811935358,149.47401026786437,147.07268478785633,161.66572896850442,160.00123910124142,174.55165217032356,177.36508663846232,1
173.99037351993312,153.04948393731385,152.27328910035988,159.86437774634476,156.62357001740193,177.502337430079,176.87613292481538,1
174.12964535473924,146.6550496497889,146.0309728872171,161.39259661006125,157.90211014622236,176.65690058871354,177.09269010806324,1
178.6473656962181,151.22142688573285,150.69686489547402,158.22042529929018,155.1306707709875,178.15403415483158,179.55926893200416,1
177.57617475736737,152.2490495185377,150.2538822647042,156.3996195221272,154.73106337595584,178.73453362920412,176.00114666776798,1
176.00489857131697,145.3499544208869,146.30559263652071,159.02010301920117,155.0976394632307,176.3789643500952,174.70870503363204,1
178.47196478735816,149.1320336310493,147.3794734245888,153.07395941599634,152.86701322750744,176.35698894104783,176.66523874102958,1
174.81887967902372,143.3490824363931,141.91747412227065,155.6584458570932,158.09183021425585,178.37096253745162,179.79085425293624,1
178.243210611365,147.7879324967715,143.5984858455101,150.4039042933989,145.93710311260435,178.7403172874907,174.28636800636752,1
175.91671295213118,149.982395436064,146.94673796294603,150.37736198039207,149.80979838948554,177.66706803625448,176.01705642986354,1
175.16452861306362,145.58386234509962,147.78849136198522,155.8466753110307,156.43851481083328,177.94211708809223,174.3536720308059,1
175.7571827802213,148.14929488238238,146.7914473494802,145.41382224922967,143.14697268010733,179.64629246305628,175.776116259426,1
175.00556058127444,146.68513737474325,149.4283608048638,151.47386392674355,150.01777493656186,177.41718861286728,177.35358530604583,1
174.91452736449554,140.5694516277655,143.62946874203692,146.83550870478786,148.2808268782002,177.44478526842806,176.2393374527865,1
175.81781956708275,144.34402421236925,140.7320181007619,145.02187187807326,143.6056892496352,177.49274968042718,174.0425035111264,1
173.75131277725256,144.00726481519712,145.9831908697057,139.88720006545032,141.66592633724676,177.7347915493089,178.08382307667384,1
176.49416888612876,138.73239116763594,139.47205050028748,145.853299520754,146.29114983420243,179.50321893964878,175.58946286809424,1
174.5199900995624,146.29990127118586,144.8796838681943,146.0181765777561,148.40480866225099,177.30214990735558,179.0400226709779,1
175.25227231721863,144.46847891749553,144.8492197004511,138.66479790685636,141.23234553917868,178.34593925116977,178.54330695545102,1
175.59801975864406,137.0583799890122,137.36414474972727,133.3675224083538,129.66994233903412,177.60206526753018,174.13897355147907,1
175.23956596894658,137.3629187825508,135.05674518696264,143.14514992988703,143.47907196061723,175.23818318035012,179.00029392057868,1
173.90330439641735,138.88972952466762,138.4961796207675,132.80037389393115,131.14149008049458,175.84526530487867,177.47733589391598,1
174.66557191072954,131.58125875689842,132.8399470821686,132.47367282243115,134.98133737292557,176.26045247049316,175.7919344945177,1
173.86458465178706,141.299035666373,140.12617360571105,136.93019361614958,136.96412438635903,177.8282282499706,178.6435281842356,1
175.10833743738993,142.00024578743904,139.8339151230125,133.9396039535402,138.3470130603377,177.47556766745637,176.32476727597808,1
175.95499852284536,141.22568833091427,137.2581353371783,132.96782160876216,128.48764968875724,178.72846690259817,178.147167308522,1
172.27306232083964,134.0137941074377,135.35524858980747,129.77557967580418,129.23556715279994,176.74188971044913,177.07680445417213,1
175.5385943506353,135.77245937671307,135.3321847925534,119.04344247810428,119.9630630566869,177.1602918043565,174.78093774771918,1
174.0255940260621,131.06856713969154,133.47485708741468,133.29694463883212,137.39813672982694,174.75047945311948,178.16454929239643,1
172.69696850205176,128.78095242720048,130.67258600183618,127.76688151654449,132.02526753827385,175.96973007995004,178.53654690222234,1
174.46696022174189,128.50519530525278,125.82538252608626,123.30625695571706,129.13637808016676,175.69946641331646,177.65696122405964,1
174.19424581599523,136.80559033628109,134.07022900429345,115.03685902467359,114.52913142274087,176.36129085748001,177.39730008653288,1
172.98336023484248,128.26938831184623,129.62696896655694,127.07482759728781,122.73910969553349,178.42515457738995,177.05447599664814,1
174.52342052343278,126.71922878655893,130.02680440536327,115.93993617304325,113.2126432952931,177.71104558839602,176.9376759682506,1
173.66218962903795,123.76329752570535,120.54536738423243,109.75241194999522,110.62601283936806,178.76021399920177,175.94521167767937,1
171.31366838870588,127.68389195357476,128.4832794190753,117.58619287259883,119.64854621024945,178.47544670828128,176.24875520409668,1
172.7830277112359,127.56508103372366,129.03238605728765,123.74700819265286,121.67271315074201,178.6494802557557,175.13607888094668,1
173.9890816395755,127.76943418145909,129.75436892036615,107.10232695458546,107.01848280957871,179.04967367526288,175.47336390274248,1
171.594172653265,124.7237659767871,129.73448883165585,119.83730047933625,116.98106625283287,174.21534862418466,176.94532338450145,1
170.38500505140343,117.5680104616272,116.92730891756385,112.83588618309807,117.42050171576639,178.3964343174568,175.38681249784403,1
170.81369384709566,123.9037483493702,123.96637685679221,107.0286616882261,107.85906842554384,174.9591473156903,178.05871878739845,1
173.06226593997545,119.53745831044601,116.69724925428159,107.74572271724644,109.16137802929589,176.43613623706742,177.2384438764205,1
175.65307467868135,126.99672472587616,124.29909713242688,122.81818113902027,121.37646375796254,174.83055538624916,177.71280590149914,1
173.29340857155776,129.1153344369301,129.74873597983014,114.93734864414593,114.60353967675644,173.8601405492917,179.71580805378832,1
173.782740884511,124.00204943380584,125.92034086276546,122.71911538644079,126.93697366593928,176.73161845244724,178.13517070480052,1
174.80705653557612,119.21606654007844,119.72741425025241,101.77830841966828,105.74722192154834,177.335458199014,175.84424575088102,1
172.09953853025007,117.37696614687991,114.07532931000247,100.41493233658763,99.14202089987438,177.65600586965024,175.15094990104961,1
175.6703700833139,113.61491669407722,113.76574011237136,122.27454973185625,117.27049227243273,174.8518765153582,176.75278202987133,1
173.03252335156213,124.04504843154565,125.90869732929372,100.25086601009798,102.51996502826762,178.02847550298918,177.7607779906063,1
172.23503346410234,130.0477236716185,127.85323903492339,94.50110330726994,91.36462254885117,178.41681549043048,176.1472025644193,1
172.06361346538154,120.05063130256498,116.477366364639,100.5261179262352,102.59896792402544,176.88928573940908,179.27435970894967,1
172.4625965377885,114.39065555953746,115.95364839560482,103.47234102090427,97.37653858549297,177.39714125995422,176.91178024412795,1
173.25308598257547,117.82367388569976,116.82626094683975,95.33205595134572,97.35380160473835,174.74489264638427,177.8890238906913,1
171.22010886738676,125.84331234114342,123.27568004419687,114.06190833772114,111.22777778765796,175.5787353937116,177.4938920160217,1
175.8430244014804,119.33943239739033,122.34756980984439,109.94082213359492,114.90324025502366,175.7457453800345,177.1637329830987,1
171.04113459760498,128.9715509362249,126.36394506412142,112.85638576014526,111.25268854283125,175.50495106986915,176.448102537575,1
170.95146755094385,127.58537330166304,126.9426333110825,116.4732026323781,118.33764236470844,175.46461028690524,174.03257033572743,1
176.1187570224009,118.07470012610047,121.59014662451382,106.54946709952392,108.43467906370859,178.58543067308528,175.96415495391628,1
173.88028792532313,114.33346716883986,112.78619457992905,103.6048010878181,96.89351729865179,178.883457679487,179.69449289734158,1
171.18602855102958,118.65204146084105,117.5824280489169,101.01802479712042,102.67732428971523,178.83435422249474,176.16555501446487,1
174.3621987220529,120.65717484231348,123.9582752992311,116.98028643477382,113.1968751552167,174.88333168786858,179.59918188489164,1
172.73995798104957,116.69004114123109,121.23653239244547,110.71252733952518,109.73459072791006,175.84358344871725,180.20362777787344,1
173.73409405728225,125.69420717276098,123.25804091583481,98.08557578511635,96.75235731530536,177.33654131751624,178.9816658246007,1
171.07966766690376,112.55031636893656,113.2608505352684,102.38453812894267,103.50727659220642,174.91051272607612,174.25107978947224,1
169.74476300938645,129.23498330714102,127.7053916520734,101.87507378957424,106.2059602607311,175.91350747684132,176.11533536372065,1
175.8690572189649,127.0828116290568,125.79479339802579,96.14293347489776,97.70390711998422,175.30581995042283,178.44202124300887,1
172.30720305147676,120.43734330613488,118.4981970576516,113.27769984283998,111.6824705210914,175.890696690452,174.79525623282507,1
171.93462507573554,125.69773652318348,125.2167620502724,100.24528637649581,103.95980995464981,177.80358757295312,176.53776432885397,1
174.18304128270813,128.7343924494916,126.85098891030106,106.54414591573934,105.58512993517408,176.7551882741945,175.22230045839112,1
170.2075732479558,115.61401939461913,112.01658424992277,117.79502552133309,115.17078571021666,176.85677451161104,175.1257400368637,1
172.45322999959276,115.59583695927088,113.90655074697419,96.8498414844782,97.60916843839826,177.875311378408,176.25931732627328,1
170.1983644720266,123.3773926878187,122.65511399921999,104.96925599981893,102.98252848856966,175.4822379770755,178.49891973734765,1
173.10675079108302,120.95525335403855,122.67283848026163,114.38260872945679,118.57868479447198,176.17969332682625,178.5048896601259,1
172.60183831646336,122.74613087913845,119.14727284215532,103.93826601791991,103.74054201078941,175.56085716710854,179.35999984449768,1
172.01952257742852,117.2632991235565,114.26335667072081,113.57502634283757,112.89533945473961,179.32087072750653,178.9117107548307,1
174.87487676182457,129.26125776027516,128.56431589455386,102.23056819653857,102.16727111329271,177.09783848893048,176.13947679555267,1
173.06770574246158,129.7189673620046,127.70093002905914,116.76645242621584,119.7747874211333,175.30232877498042,175.64237673646014,1
172.13691762426348,116.21003285810116,115.25058249480327,118.05597907627708,116.82625618889674,178.92384868441175,176.38402180929302,1
170.1939081690769,121.4847991667993,119.28533682306171,104.6146951590764,105.5168059193153,177.89306508739963,175.68907738452307,1
174.85582596591874,118.7312413223048,117.19366624502942,127.32468058823758,125.95044083386372,178.42430812876827,177.79337663052183,1
173.1307475533065,126.32962110148455,126.40370557264477,123.00679908885913,124.63822773508379,178.76025538636787,177.92354367712883,1
172.88647178071977,129.56570109686578,130.9527847952018,110.84171577565422,107.04186241166053,176.6941153905703,176.80629768797897,1
175.09904609610555,135.08592407354195,138.48886365081725,120.6890131102609,119.5084368074792,176.58153499105114,176.66473406323033,1
174.62480158931768,136.20512274817114,135.37542578166926,111.16829260420562,110.88745922096282,175.7219467690286,178.74608586767047,1
176.58751529653273,126.77111055764028,125.8427033766567,127.9381105332472,123.08879347907985,177.3134878990325,175.610001311516,1
173.5329946281048,128.42742081266064,124.78189902209732,123.35870126389509,120.81434392090605,176.1854772424589,179.0252662139398,1
174.0883350155652,126.89757287322819,129.66054393590358,122.89729582025976,122.36295275063746,176.65079989852813,176.50424014464895,1
172.0816697077882,123.65258673958594,123.94711729600448,129.78094984954805,133.72494762585532,176.11658142747063,177.72100220071496,1
174.51467045182406,127.31180666140907,127.49006600036549,134.54575709098563,131.69692552567818,174.63816990932983,179.13864289021683,1
172.41090544803507,135.00642086472595,133.3807476489686,124.14852005387576,124.55741008786572,179.72406829550602,178.38476389768178,1
173.57636481498906,128.67936723195083,124.56373999047906,124.48771157228553,125.94877627485657,175.4524499146824,175.9147424180256,1
171.20934737002315,130.05247980912068,133.00591372625735,138.29002371143352,136.25960286429466,178.4330749960651,179.61332370919132,1
175.27781235248545,136.77098492039366,140.9170788007512,133.02026761535495,128.47138179435237,176.50111799731397,175.4309007599975,1
173.08718581083386,129.84388565223912,130.57648411151817,126.56760332031415,129.13354446260945,177.1149178958185,180.1786837122823,1
175.56249959005274,137.43676206233448,132.93988207008425,135.16106081758826,133.3026635658704,179.79602746210975,178.11999287281407,1
177.1336455160452,140.9358655003173,137.76375158890528,132.30533549673203,136.25246039941342,180.268463038049,175.25305335697215,1
174.6924139836731,138.73645121750965,140.4214323565261,142.95583867941986,144.7692295520823,177.74307629353453,178.74888698001456,1
173.92293396601923,137.13161356850375,137.7705225339035,140.9894860989472,139.19292161048162,178.76890009957353,177.77841775226653,1
174.3919144223082,141.51985108811266,141.02269765569287,137.2366910455383,138.3751586437188,176.69425245024885,177.7010263190524,1
177.45103884512355,139.69830231120426,140.3370653461185,147.51228131248524,152.78009498302256,177.0078413410318,177.968641454338,1
175.59048904943074,137.1281104272602,139.01640491086786,137.58842893347992,133.933588492348,175.80499200786116,176.0766725479224,1
174.85174888461165,138.67973261625028,142.78779611222524,141.30370486687912,143.35706814699432,177.1299736032101,179.37631586910373,1
176.4232595442471,146.6483250910483,150.50290143686595,148.19133094840979,148.0491193118704,174.86182623112677,175.58951038811585,1
175.87114800830324,142.34206429415897,142.38202520654045,148.84244610766714,152.6545749195052,176.65824446273425,178.2271793306768,1
174.54109147970655,144.43678543370564,145.4856646913744,144.7765441789967,147.58534872733705,177.22529710357514,176.9144967425636,1
175.62734840856413,143.70486895305126,142.40112286905818,150.57886236316907,154.24341310813656,177.10848085194309,178.75739431783603,1
177.81438985090014,143.61345080743516,143.45996855149352,151.64580900791714,154.19189871231612,179.21693171414572,173.52053855017832,1
175.04306759995004,144.93954975425208,146.07244656549673,149.68593203039393,151.9287640644231,178.28196459657178,177.52074519501127,1
176.6150902471596,145.6331895467506,143.45193444461236,155.5903369337524,155.34529538735302,176.95818108500697,176.27717752046652,1
176.07522873433447,150.76789287044826,150.24056011462417,152.1538102840638,156.75973846991414,175.40411769673193,177.48837024990127,1
173.73556930557947,144.56545724465732,146.4354983283071,156.0641952255949,151.5659151517112,175.42620045567742,176.98113466189005,1
179.21495523326627,149.1934930430328,153.16540673346086,151.61532804543697,152.00102598118764,179.95492679210005,178.20724886875237,1
175.49807764697454,146.70177015616514,142.77662872300516,157.50484831815206,157.3650477791767,175.94392673010807,179.126462530742,1
176.85711963139494,147.45523698446937,147.2421145135064,153.95548750365538,150.155840577791,179.78533973731336,179.18227770605876,1
177.98133660548817,152.69229462052337,155.50131502628656,162.04236111149424,162.8571549729595,176.073559171645,175.51831390583268,1
177.6132642674709,151.52006588250455,151.87780917270996,156.7207494481712,155.49634830497595,179.18565782561978,178.66388174257722,1
173.72921995630696,147.0017453659201,150.0208315192309,157.33624607811913,161.8945194633914,177.22779066524274,177.85802699798654,1
174.56907985956795,156.77530020758738,157.99076228028653,159.63786846569647,157.10656854915769,176.4864617869908,175.6535854406024,1
177.94014212734803,154.61485443096535,157.6881266671392,160.70989883680062,158.850022050746,178.71184762132148,176.50537999833867,1
175.44638413896863,153.65564159675446,151.9009668653436,160.90860937465837,162.0126565850023,177.1604091081026,178.56179744967628,1
175.96752261235352,148.27093935418893,147.09737254101367,162.0424937300132,161.70575718174572,179.30848829790617,178.21287042279593,1
175.05678033674803,152.33354236657087,150.18215155785398,160.14238195083252,158.5574949513552,178.50384034320186,178.4483845767859,1
176.92096267988674,154.5287812393821,154.5724473419103,164.6594207066749,168.13368152567796,180.1936457913233,176.45696438188372,1
175.449579731117,151.18145006381906,148.878408498549,165.55383187153745,161.3204580752102,176.3059661287916,178.18729860465325,1
178.38235216078377,157.86464185112914,158.46576029983854,165.3260089549469,168.4599727823563,179.1311762039666,174.82179347754146,1
176.83879285442055,149.96209495945317,154.51618659124273,163.99826348699256,160.96435604624236,178.30406196132085,176.50098429830126,1
174.99190367459502,155.14014962528967,152.74618026722018,166.27341223323893,168.4437422386046,177.5975826549012,178.26999698560695,1
178.89742520251076,151.3079650465964,152.92472625547666,163.79920186904764,160.50274597562313,176.89497247545944,178.32552406272208,1
177.50278714134873,153.9405584961542,151.7107822609163,165.8110230715457,167.34859154973276,176.7938337237805,175.7764708052094,1
177.442045098186,158.36544421190817,155.20425994124537,168.73714134417693,170.1612663291305,179.62425434711605,179.02061420691516,1
178.1560721168998,154.47992146296954,153.77357004586776,167.28722867588536,167.47400133801523,177.75740915654524,177.16365287363035,1
179.7285889817409,150.924440236512,149.53834259351524,166.8542023542414,160.45089435116097,175.31983889494157,177.35756432050724,1
176.46219157482656,152.3484927284272,151.55451682129353,166.343069847518,165.73985100044214,175.26046396907964,177.4707100487376,1
179.74271713791114,153.04259679176604,151.71827656532568,164.5231963252782,167.08734311886042,176.59760835884427,178.8539943719383,1
179.16693492927257,153.57982929373657,154.20722077335762,170.2211225624824,165.01845788305758,177.98789622589914,178.71016979277994,1
178.44856738472322,150.07738663851697,150.7528100051471,164.60997048038695,169.1752095614697,177.7779035534736,175.88770106033996,1
178.18517113870973,154.58641999514333,154.29954571040835,167.22100151966694,163.9123927279219,177.08733094254015,175.85194699734276,1
175.60692073877934,158.58382509796684,159.7749947790603,167.93092931397481,168.50222523309506,179.77198124849022,178.1992003390732,1
176.60034373332752,154.3253184075997,154.84086703697892,165.7606546177128,165.3000124372707,176.84705737305003,179.0274387391092,1
174.76011658457546,158.13107576253722,157.48953828553638,167.00231135385044,165.37272265434564,179.6232666309454,178.18583709687374,1
177.23596011859328,154.56033755606933,152.01149443131374,168.05559610822263,171.1494008042261,176.57480670414847,178.68305330847437,1
175.894504480351,156.7676372934396,156.1879559378614,166.6267167712562,169.2016507980451,178.53698582727318,179.70385278710853,1
177.25327814083755,153.9909520638985,152.10139894936407,163.6951253974111,159.83333219675336,175.85599166793767,179.87324415136445,1
175.8560236444782,151.75535253800325,151.04890512723418,166.37382108983599,163.79867223726316,176.37280845472375,176.73575234871558,1
175.80715502784628,150.47866454705473,153.62298674618154,163.32220977488842,162.48295469232315,178.34024935696485,178.43107343444882,1
178.69936221872433,156.10137564364408,153.40465906434468,163.00075661914576,165.71960800104418,175.16354051628934,177.54744368105665,1
175.44416518474654,150.20562665510312,147.69890534677575,160.65590789484474,159.30074993215027,174.75175151091602,178.0846834204844,1
174.791969552431,153.93072837332693,150.86852288110236,165.69954576086525,169.54486212167433,177.30130815691197,178.3792112981088,1
175.90016361948943,154.80296030906155,155.340916102133,158.26097967519704,157.38293424724566,175.95505747371166,177.16165438634053,1
176.84622755307097,152.88352939619563,153.864203306804,163.49913418388775,166.57507995982795,174.5145812946159,178.8274960361136,1
175.1327305671523,148.97638030351638,147.66915128797953,158.69314867587462,158.7104264547496,178.75297224215174,174.91447265452055,1
177.40252150894707,151.40170851638405,149.8279211959993,162.08477598377587,163.7514245551096,174.53769185073145,180.07741141773005,1
177.7820597256142,147.95163053796884,146.11719218329532,160.6854404440015,159.41621188953718,177.052485116421,175.91414012419466,1
176.8181472060552,149.08448014060926,151.41395698798144,156.8256845535285,154.22578077971374,178.49485357707366,178.51583392406715,1
175.085461745753,146.3470505172001,145.54261504144418,156.63220613920217,158.67027790766963,174.71970957699943,176.23024664410227,1
175.36397992943697,145.1830652354142,145.55208266888113,155.0577068867747,157.31636163905813,178.53187706012997,176.7179441903862,1
178.33119125689151,145.62458337924042,143.7053780735814,150.96743699187743,153.03142603417058,176.57506410021432,175.91015487493675,1
176.5036342911713,150.86257825718238,154.20442462341728,156.55605956491976,152.05773036733703,176.92121106352553,178.80401118770075,1
175.4455608259058,142.93978984834257,145.26567619608085,157.4786943789589,159.12565343566757,176.1600058932559,174.51566351872876,1
175.6147109671714,142.37546202152964,142.1609680591885,156.3781373414363,153.18917626538436,177.24927305679572,177.68363586825072,1
176.9900137206291,147.0883132438982,148.42310106194577,145.5400628796427,149.1316767417325,176.78408872022052,176.54684428554404,1
175.8997144644633,146.51318185760806,143.229248220469,148.8414773569423,147.7445691521759,178.04524185756287,175.72332587091336,1
177.0370017719796,146.1296818948201,146.77931799879033,148.04299595789854,153.88344270190188,178.34760204628654,175.84896851525352,1
175.94674256773328,144.5424069363629,144.91717839692072,144.01093128284552,139.97448983969954,178.05971075860316,179.24122831552606,1
174.91460917346254,145.7826583833437,143.75810277528876,140.8545484669325,143.41578086771852,177.69748601337884,177.5064078211569,1
175.03844763487785,144.93512999181135,142.53193849895138,140.90058823335139,141.18485257976386,178.37002543869644,178.06021360618394,1
173.5738210224607,139.30031631698228,140.79111175086422,148.82592001740247,147.23895262372943,179.08072120705063,176.42941361385175,1
173.49855164476338,139.87943686848794,138.1202363098056,146.6031580518817,143.20934555300684,175.94129834158,175.90599582868577,1
174.22847981713676,136.7969068433111,139.48059549597642,142.743240149249,140.91679290445975,176.41123456744714,176.80150545382293,1
173.6772595644056,140.984209644558,142.41573971221746,134.72315522900743,138.64979828362067,177.11075230403307,176.57509198652963,1
172.9802004213384,137.49686748231355,137.50379661086103,139.2298254442288,134.0801241310515,176.62968189818636,177.37705330988007,1
173.8164565658951,134.69860217030663,137.9612378399663,134.65786149342551,133.1150066477104,177.67364817594515,178.55196619820344,1
175.4188579317264,136.3481194002308,134.25039450037337,130.09462971522146,134.1452731424073,175.13358816573253,176.24375944171703,1
175.4490442863975,142.4959555309481,141.3512849671337,141.60580499644348,144.47817327752395,177.51810132082088,175.09457663569046,1
174.42977659550755,133.74449896406603,133.2528698633011,124.80249017657184,123.21263395233433,177.51276954033497,176.73565052967416,1
176.04111617920185,135.45752943286735,134.50884871413342,129.18103415832715,124.29344032107112,178.27726842422254,180.06880894433618,1
173.75590312398106,129.89214425128426,131.13123885971282,127.07785241469907,129.8295289442508,176.1822723880798,177.0098054803477,1
171.71347017835197,131.20856414640647,133.8571337392308,133.08183649724816,130.85916238561128,177.32417794856778,176.75181172458787,1
173.98850262610625,134.26897739485588,133.42720756791545,130.08312975972711,126.0503674072902,177.2963995249134,176.17475113671048,1
174.1034579929177,133.5170948859729,135.52476688797125,130.44187742979457,130.846316819178,178.6281549266541,178.03949563102012,1
171.95610913005052,134.62155724906808,134.508689520309,119.9584961913298,122.59995728510187,178.09362335406666,173.942849818655,1
175.97008774754863,126.15489122419977,130.41211879119268,114.48088459540286,112.02555200405267,174.60791533862783,174.10018420552876,1
175.44746577555082,132.2953440884988,134.5354046016232,122.69594544801575,124.72731583711447,175.80294541153086,178.364356088789,1
175.86330253101448,127.28172487353577,128.13978485687466,130.49571245621195,130.59259014184477,179.01021201497846,176.9672585187303,1
171.83660485287638,130.1371427743343,130.27574467296876,117.0123577761207,121.22697642332955,177.41003990525076,176.64659577499748,1
174.7610160076759,122.69578574016644,123.69045212050113,110.83126893913328,109.35782649716874,174.66611061191173,175.08896123873592,1
170.21995022484575,131.23244047930584,130.110635877943,115.13849077602497,118.79251956772373,177.3068794944114,174.51485392210657,1
171.1033382800357,120.01984203167613,121.28369510750383,128.61672842668622,126.05295238518812,176.55298017553085,176.16603361768875,1
173.49340748368888,121.27831221735043,123.86362040201772,124.35827620806187,121.848705296908,176.04988077726046,175.39284954058115,1
171.06382310207098,122.12461162578106,125.70216571796516,125.56436435123601,126.3145111672187,178.33482205624688,180.27476243335315,1
171.80826226201566,130.35091285017302,128.63847840906047,105.85483442760707,105.89564475124068,176.41213818777987,179.93612075659303,1
175.20822430111457,123.76587066649623,122.67154586556978,123.9267970003001,125.25570475155884,177.12377429968078,177.6552706596602,1
175.01119112990935,120.37304323795418,118.93561352142962,117.12806460795534,114.94128956031315,178.22374653279059,178.05424320853115,1
172.5067651384847,131.41133012374223,133.16209096443117,105.1860210495466,111.01985624471614,178.04973365730623,176.65574940012004,1
175.11510975683376,125.62135563612478,127.2853662121616,106.18598510446643,108.92952827542939,178.73011400919304,177.4867634639708,1
174.4152070130912,113.7225475056756,111.46306748273301,102.6658542271347,99.11574656536978,176.46784576820832,177.53009283909728,1
173.42535314777174,125.81668203593547,130.49690373463392,109.66348734287381,106.66993360826523,178.28930620256963,176.74664472497236,1
172.02510324341196,128.0096358945141,129.25774331440846,102.20975555971917,102.1133839098934,176.82332135472825,176.6097212000491,1
172.41232228299356,124.47953542328207,126.4235642798227,105.3695990894505,101.68672288991625,176.7247258235936,176.49559550506444,1
174.69601419585297,116.17847341784605,115.75406604011631,119.84842103140241,123.44357851279284,175.41992446816562,177.67622765435647,1
173.2109850044722,129.89542216695534,128.40910717618863,115.02556774299296,116.80666663238848,177.6746536407021,177.01845916170868,1
171.97354678696684,119.6555845051015,123.3998678175512,106.25951710728637,101.20823015274857,178.88624995423007,177.71520069964257,1
173.5284092940356,124.18219714076531,125.64526687851257,119.37934120551249,116.6822211686221,175.51037266526365,177.32057762922972,1
169.51103199821839,114.01941216787341,111.93780883880808,112.79901730124861,116.1068390831573,175.3763665579809,176.19533814748112,1
171.47661281094793,129.08046467412365,128.84326766775024,119.51007859290326,115.39993211674467,176.95736326182708,178.06307875313814,1
171.41109238237405,121.0219113015866,122.07401003513158,106.73166810614173,106.70761361197503,177.4506178065449,176.90483567757136,1
174.13903447591164,110.6625171057185,113.24047743263043,100.42912818200925,103.44059061645628,174.52620205164803,174.55954816392793,1
173.23417294876486,125.14851088008005,125.76904401086662,119.63478978373662,124.45343668831096,175.8852021894993,178.17910392390164,1
173.88597132088046,129.07678718563358,126.47634721266208,92.68928807318133,87.01059080274756,177.2401458169354,177.93731997895887,1
172.05735077946787,120.76481380870669,120.16316531813692,116.71316593074985,114.58704802382293,174.69648321107292,175.08179756625935,1
174.20986974593112,110.70589221727978,108.69344322622045,100.92076746229495,101.89764562948547,174.85796566906498,176.11661944451933,1
173.49316884541952,113.98743647994583,115.16511506602934,104.81465975716068,104.41697413793135,176.44756704248064,174.62483498430836,1
172.8641210842928,114.7156251609018,117.24604808023459,112.35992992654593,112.3822482043468,178.3804941051353,173.66360510028537,1
174.1770976104525,121.2276716777216,123.32166338622685,117.57270065435645,120.2427096073488,176.38858644133325,174.50907710712465,1
172.83839809003987,112.9017059744434,111.13252384205138,105.84225330147864,110.83159333972534,177.26248412547346,176.01548135403084,1
173.583928381025,124.50101032549975,126.64447792952028,99.499140371669,97.92737181140117,176.41232114289375,176.1083671556888,1
171.90204377001348,116.62115246457012,118.89201771631987,110.55369927151561,111.79615146005087,178.38948266471874,175.39613645346896,1
172.96576503302023,121.43804409318204,122.99205527252055,98.20759620221408,103.54790362921196,177.2882273793351,174.81295685258073,1
173.7984686335396,128.7291101417559,127.11352935392128,101.54327376000356,97.26146692822503,177.83327483315816,175.37348246521057,1
169.9676189400485,116.7936383237038,118.50988157842592,101.53888661372835,105.24124608913236,176.49008334800482,179.01386732400357,1
175.5477141341867,126.59801334218827,127.85991535583264,116.66092772815344,116.56520440776625,178.29216822288757,174.80874693005063,1
174.66907116092415,124.15072091276924,124.98932285932456,120.51681706677007,121.88088116205613,177.48393932906487,174.45606521774278,1
172.28844870536008,117.57628558651437,118.14533211820891,108.01190240724146,105.43393334656584,176.83106953091064,176.2180533225806,1
172.59734670687155,114.35910984711488,112.43841730073342,115.31775823597776,112.4341981773765,177.50024241324954,175.37304825387838,1
172.56567529560175,128.13151418949408,128.34487155097742,102.09782957013145,106.05187144846137,175.3355381914288,179.853116303167,1
174.3972146713247,123.43011725595967,123.52610845861268,119.05290545997259,121.87347276276273,175.75291355865045,177.75004660700705,1
172.1194568872731,124.07023326961213,123.91757035707585,116.29189882910207,117.91877274698165,178.99559446107267,178.2101276582338,1
171.48757150144536,119.47001222336867,118.52463472356581,115.29857695832362,113.49842332675799,177.42306723101797,178.2134407407428,1
175.59784841056663,125.80268232023855,123.45506064637442,114.99215754461959,114.13938313772026,176.5820872126398,175.50932390538514,1
172.7689602399512,126.2568311136708,127.60911668313533,106.02527368202936,99.7953402850225,179.0086279299375,175.3084294884764,1
174.97599905646365,131.5596853536253,131.6483560099809,117.87977213645586,115.44134418059583,177.13951876593913,178.87583556568882,1
176.41676153996082,126.92921325708495,126.33014918584418,120.12435080465167,124.55141750697382,179.3126761093403,177.3862532813402,1
175.89904915945172,135.26126210375648,134.70571995843486,131.18663514218863,134.00916261260988,176.85716224623093,178.2169758090577,1
175.4340120650517,125.45367667121545,123.56685293510827,109.95858457208546,106.89691670022346,175.36433808011276,176.9315015303064,1
172.85084727861175,133.30452127884524,131.93921324101112,123.53734467756496,120.31604965647409,176.1892848291474,175.42739163951197,1
173.9239842876665,135.08271057128246,138.1005302567538,117.35454692289585,119.258324280094,177.79439462938765,176.69231347941707,1
175.05114102155164,127.02221467750388,127.42775435245366,121.69404729069738,119.68069260799474,177.1653788854005,174.9781602005823,1
175.17477408415283,129.0607114645559,124.23892419142871,131.96405129645586,132.22983490146223,177.34364875081673,174.35301098428354,1
172.6902631939278,132.8231085766743,135.18310133437765,128.6311734259064,127.49010982373329,176.99529049998878,179.82335358103404,1
172.16475061512222,134.89615072709952,134.02837967729326,126.01018480468248,130.3072084330287,176.24778689556862,178.07749155933607,1
174.6522934569674,132.8721821003303,130.62503653241038,131.85597614791772,130.74586406756458,178.30333803772396,177.04209534675903,1
174.19983517315737,139.66212941328294,140.1920763538682,131.16224201328114,134.65326875061797,176.57477859689257,176.97185064177228,1
174.34625122719805,133.06105722132503,136.2225213031041,137.22349891470623,135.60121683212603,177.29638380939593,175.57545140899418,1
172.53163474125932,133.65101350763487,135.4491204043193,124.14924931996569,122.44633999969611,177.8001658386458,176.10131078711015,1
173.53080855966456,132.91490432092488,131.6689094067962,132.62762620936923,134.33893746783554,174.7199611167087,178.63288802624942,1
174.00312456850764,132.28800927852276,127.28157856900995,136.1682405735093,138.0955140150541,180.13384052964042,179.21865430262275,1
176.21364148383833,134.08903452336028,132.62065396851636,141.55988558991618,143.7389595567961,176.45657909289437,176.86739061691276,1
173.49478955466307,136.3176173345436,138.39198927207016,135.20229357657004,134.13034589269637,179.01797425464085,179.54127272578918,1
175.61691506789734,139.52227521335251,135.07081251903708,139.1901082767663,138.8392401834862,174.89733161835443,177.45262069684568,1
176.124859301334,143.09659260089927,142.91722160314328,135.8019037341597,138.03038924173873,178.1673511271565,174.72671365985101,1
172.9208174502309,138.8203672903678,138.5299085960129,142.47086909002002,145.23961390859088,176.54789897431152,174.32882737313722,1
175.94195851227542,140.02821484291607,140.6269313299983,145.5482967294573,146.3843006425926,173.8971413394214,177.70137898729098,1
177.30184358810115,145.50168644328159,144.64756573056684,146.54099698714546,147.57689797453617,176.71093559877318,177.81444811397657,1
176.2026110964155,139.80237431197182,139.96037012305212,151.54149538128823,152.796527306786,175.49794512694643,174.84450464506318,1
176.1121838697709,146.77564026814144,147.20806637802698,148.51529766048844,148.63729670942445,177.98857200642723,178.67752351518368,1
176.53958492801627,146.78477567504524,146.7179985540139,150.02420045876866,144.9585609079504,176.27100945059075,178.21107680158696,1
175.15701199755972,141.93340298586105,144.1324135318564,145.14405446682676,142.1133655197932,176.97677760743392,177.03680702687183,1
176.69831589978284,145.55127122823208,142.51726122463862,154.59317282983037,152.200880385428,178.52812375942952,177.25622195167497,1
176.52523449159872,145.37765698216367,146.91455880208025,154.7134496452305,155.3696430738891,174.99031648595863,177.79386661757462,1
177.8811941270685,142.0739303550465,144.8409311037216,148.61594191866013,151.80830609533345,179.04652720822622,175.47327818726583,1
175.97665262117403,144.81088070185612,142.42020223617578,151.7373995885229,153.3731639428941,178.42701921261013,176.89473900371303,1
177.32957064110124,151.26677713068477,150.87687972544225,155.08188927986677,155.05375667959026,178.07018748357785,177.1683427665249,1
174.6095448156557,145.7639186185731,147.8997830377595,155.35475299556552,156.77042042285248,177.9370476620621,179.50395355083535,1
174.8056106490021,147.4861741658489,144.98241177409304,156.16594959234166,157.05650808096337,177.96077118531338,177.06682130220042,1
175.73903587541852,153.66735133167322,152.6635597038772,160.21243478471897,157.61238858237257,175.4220330003924,174.79170688212795,1
177.45739410752068,149.470669918349,145.2153305222965,157.7466280918956,163.42212318163348,175.9187111331764,178.4664954229962,1
176.4322846307714,149.90821793070276,151.74429834453272,157.9759278620019,158.12741629832774,177.40232480371347,178.0691154036592,1
177.41516665359254,149.0796129616936,151.45234025847898,163.54104804659275,164.00672546238326,178.70936512456805,177.36187098796577,1
176.27771013345827,150.26345532073745,153.48793172266565,157.7063760869607,156.468851776819,175.96859053743592,175.65781219131145,1
177.7630351209068,154.13172026237783,155.9679169098093,164.4820685927589,170.69247051432617,176.88762390138766,175.27428363826496,1
175.29401339345176,157.8009466388023,157.55064131098032,160.9040522366279,158.32166975712664,179.3360969085719,175.56511707252207,1
177.39257193873664,155.8425275296929,156.8219485723982,165.01137676710178,160.63867457231146,174.64950988000157,174.85928541616633,1
175.08584625552302,149.50717676972178,153.7142092991233,165.47571667946963,162.88458535391626,177.0069783113785,176.89589345913973,1
178.5042396783449,154.75822886347734,155.96563626049178,167.11327159005677,163.5438622954308,176.73443572492891,177.65497045908361,1
175.161523099918,148.27604312714342,146.75268075545776,163.10739545495338,166.4894936195945,178.31549197596416,175.4527807834322,1
175.58954170069,153.81071033630406,152.72044881196368,163.75680307299933,161.9325241669693,176.45108907240765,178.94358847484148,1
174.83261578743424,154.47112518375144,152.80278696517846,167.09001166552338,171.1822519019531,178.94918196998003,175.20258771766058,1
178.1759887930562,153.7218343971471,152.39083273030164,167.26841405012507,165.42183159110158,176.64913967760276,178.37952576870717,1
176.67361647280276,151.85092913242332,152.64344763565478,166.88714313657437,169.56169998111585,177.39605466096114,175.5196178322236,1
174.92485855317616,151.14686150941748,152.47191988641012,166.41017846358008,165.39991682985718,178.4111389310255,177.0588234156488,1
178.6497936587935,155.92254443441195,155.35799006058048,167.06359763761512,163.65246562158384,179.6589082711055,176.7381345485895,1
178.12235609080582,151.02315880684284,152.19432796795596,168.6926153506411,170.44589052722887,179.59822302417734,174.74436075447835,1
176.05809139971657,160.40665292435173,160.62950368476783,167.84333145734064,170.47757055846233,178.1682165762309,179.5474282201427,1
177.7950003017264,157.35241902642858,157.7198833649364,171.05193726781062,168.71779205810284,174.67991038173926,178.13623142992643,1
174.8173076717935,157.7336043052257,158.43190436273454,165.51166659783212,162.560986950107,175.7042900952986,177.91368910859052,1
176.50102208158708,158.94093658243742,158.0224153895183,168.4272105444336,171.40916552735763,179.0442203688591,176.52088224389436,1
175.11839117081027,150.93987994283307,154.309635354356,163.9335926372955,166.0861904476556,176.75949013565423,178.45802489792487,1
175.35305259105345,157.53197364837473,155.6557651852576,167.4733731845313,165.56771213452416,176.9337870813239,174.98115916558305,1
177.24951862504284,155.34555522906422,156.7679645626963,167.14024448242716,170.37417942122943,175.3625002760307,174.83382158568324,1
177.15340699035343,150.94668947516953,148.33510121391043,166.02433208963143,168.82029941368714,174.81528129227226,177.63778220193126,1
175.37771437941336,160.018244943457,161.62201694825401,165.8577845987566,161.133171440951,178.24182799750872,177.44739693432328,1
177.07250075440277,152.3516293473601,152.97683645459736,165.28910446790587,165.25814450728703,179.97812705336017,176.64414336738727,1
175.64997489963648,150.8109505887022,151.72280403484018,163.45647567241298,166.10692829502995,176.8069133847611,178.82240342791542,1
176.74086678216958,152.5474846874539,153.86229975389085,161.77307088056222,165.54841027163317,177.91124513809893,177.1606594851438,1
173.91751742660776,156.0059257822926,158.637757632071,166.2633645314054,167.71070512927096,175.66024292926633,174.25048240360528,1
174.96070983064118,153.1096461261039,154.0577459109642,165.4880506503,169.78088923510822,175.53033879014936,179.51976484932155,1
177.19553929464507,153.46596782546627,149.66121323356964,163.4219526580183,162.6952656502123,178.6046237841837,175.0465861844124,1
178.3257645867836,149.21774962228798,152.7228754829759,164.2309776912667,167.57925376797604,176.2817536059351,179.64057264594467,1
178.49012777283596,152.32928970993723,149.8700789844168,162.260463386954,158.59468718812772,177.33448368121233,176.62543527408133,1
175.14279663728087,151.02653058086665,148.95976402403704,161.8065575103279,160.72974856528407,176.7648385375152,178.75387326601145,1
174.1032604805013,148.1522477832953,148.37427259594259,159.64428482604507,158.64895128872274,179.5960112264518,176.38451049589625,1
174.76661625070486,152.4963946841519,154.63108697424747,160.95411876231896,159.49741774360118,178.93196212261606,176.73187924880102,1
175.44731397516676,152.977390048983,154.54762008099303,156.8499663534687,156.71481862805615,178.24009452955508,175.5798330214787,1
174.96433591979186,154.69377633269832,158.36228316977517,157.35843409083333,157.86339530909322,177.2608520138353,177.40305888257782,1
177.03406328942953,152.90850221353006,152.55475980146494,155.69589313827763,155.45758863419107,177.50551395213827,177.67548684235013,1
174.11960267495516,145.81406063157232,146.4906753635789,154.65788021985688,156.07696155432967,175.91090443925256,178.15269261354888,1
174.51479294237458,148.85477726402968,148.9697994354008,153.13819550385645,155.0731775677123,177.286887672042,179.4655458969599,1
175.89306024180442,145.5233883521696,145.93461392703017,151.93808510714902,147.3579636566706,178.330395690941,176.25897526144124,1
175.8886123939101,144.35818149407777,143.02662983918796,153.4850916058241,151.11648323584225,178.55264054184772,177.24983439976558,1
174.08935505790313,142.22190811780936,144.10475127526308,149.5345802227231,153.96661570896492,179.16538521231809,178.07167539200307,1
175.43139888814906,146.4159607092603,146.2068379278601,152.87578382576282,150.45083560862867,176.50221111877542,175.52395126628113,1
175.29027250087887,143.50541105118302,144.18602271518643,152.65892602397318,146.8202337185926,175.30355868275677,176.53851536370766,1
176.0794074306931,141.13506624931148,142.68587559136813,150.4261835958028,151.92997431377285,179.54082680773087,179.46149962246858,1
174.985877037871,143.43323320418818,146.36794840893458,149.78280601828203,155.0320461626508,177.84750106430982,176.8887281101453,1
173.36648352910106,140.65198618687535,144.28446666144598,144.41932354563423,146.01776459033667,175.8810656413192,177.36368676394767,1
176.56055938426172,140.3958247604622,141.2548387808126,143.47612425112845,143.46311523049886,177.07622629658138,175.33297200174812,1
173.64100332873778,144.50896158153824,148.07696244441718,145.34919876344932,140.6917124142674,174.05713939210324,179.2815735271702,1
175.35356960083826,140.14182757376352,142.81756675950908,137.98680110010164,139.4269161175193,174.89493991506652,176.81950608717162,1
175.64474402827844,136.57937283097263,136.4916284825718,135.48747247605058,131.65676632145164,176.28107242698547,176.25320408477828,1
172.62150136756333,134.41210105594737,130.86222329984088,133.4609743829939,130.98575031861097,174.3553542601217,178.7815133549772,1
175.5172420746263,136.47236458841087,137.2588938776785,132.1824621346726,136.6797916909699,177.53633249291357,176.74135218912343,1
173.27731583109124,134.9452231146145,135.951117508451,128.78454063313657,128.56432844902972,175.22140024079792,176.5516472845188,1
173.96973407655315,130.24995812063187,132.6909918537228,141.0878714696631,141.19935537323235,177.20306008322615,177.18114419122585,1
173.18332905215584,136.5254762136474,137.2625787833995,127.43571774410194,132.80937695318488,176.44281562738774,180.32079033619033,1
175.8302418322084,136.16928049013953,134.95640267049356,135.22234358671676,132.86796124423591,177.2804174545467,176.66913583927868,1
174.77364899629268,133.91900208242944,134.7514364612127,122.40232324204091,127.08549306075521,178.3575179685201,179.72499767692568,1
173.593110321943,132.78083805274605,132.76142790208974,126.20126752929593,125.81866776222265,176.99380780141482,177.38926519149945,1
173.14086108883188,137.6104348442711,141.86229056556044,127.01968710379319,129.03918257500982,174.27033396500775,177.8356328764843,1
177.19760864521092,134.00676452795744,134.8925615788851,121.73387347353305,120.3837393613376,178.6337700771477,177.31539837393987,1
175.1170478699534,132.50996206852474,134.46379166221396,126.63413134650985,125.49097514129706,176.5154721319054,174.64720042460158,1
175.0023868038844,131.03946935517183,130.4551767875821,119.4960022811351,117.2521747633578,177.19663398827691,177.14525512458752,1
174.99708166173428,132.7897630171426,132.55179582722064,125.6060429643614,132.87952026114579,177.9727469239761,178.0214795676764,1
172.71508152595266,127.26224818391299,123.67878088496686,115.8546264926095,120.41425154865549,178.30863802740973,176.75113565074537,1
173.6436438323572,122.50097769906546,122.83142435714433,120.58034105982517,123.78054715517132,176.92522907857966,176.03446610836977,1
173.51207212709286,125.11380174540938,126.40991301502333,130.57533302741035,134.19511386068396,177.44305063810907,178.69886315545904,1
173.4378530575305,129.02770877309155,131.43022299221028,114.02413984818953,117.99977223044965,176.96076702709001,176.17736599731722,1
175.33833827802894,132.63049210814293,135.97638633018974,128.3998054213446,130.7677773318983,177.65832976864684,175.01405440243892,1
171.189642685219,128.43019702861173,129.83397407177208,122.23981861678676,126.89011067046904,176.5380162203433,177.0453151999388,1
174.34973719902422,124.63854494659415,125.94974385569799,108.4415500803729,108.23827936837236,178.61967548462894,174.54215414688193,1
175.77421884911712,132.6751536493748,132.7080960952053,104.18497959075263,102.79175988655378,178.20852359273104,175.40788843878985,1
172.0254610387443,132.876990418533,135.29936706919486,108.19809361972092,110.75708997906344,175.26240602706548,177.49820831719714,1
174.43016543510566,115.1370578373796,115.71360102890847,101.07855521019175,97.60544061603974,175.9085891280314,177.62072296706046,1
174.06570414815724,116.81380016948624,114.13468682871532,119.10889909807094,125.35810082960685,177.23722806884538,175.46314806216415,1
172.2665676165488,128.23917926663134,125.2790960229687,97.59536846615687,103.5053278117227,178.10073053832875,175.7023962157564,1
174.3735539163801,118.20039147606043,120.31180361363346,119.52173682905753,115.46737223117842,177.3794102511421,176.92638044091967,1
173.83646227937436,128.65480920637245,131.0859518809327,99.04163461652294,101.44466006460821,177.56150760672904,174.87404167056056,1
175.17115538593214,115.41152153004553,116.72526505234025,109.5722307058733,110.55575705894674,178.14770236246713,178.32694890666977,1
171.8633167972456,118.32790006646889,118.14605250588905,120.34196210662923,126.94391014393024,180.12050420402184,179.9039126095111,1
172.55620480949605,124.9566154182862,128.65685820067313,111.44054716431955,109.68857358651722,175.38388918621177,174.6319880426003,1
170.012657464373,117.98629293978716,122.14641776358583,93.21008717513104,94.04564740798509,175.6370959356346,179.16149073344516,1
176.32067328805462,128.51461654062433,129.29923717822956,95.92526078570496,101.11719681380833,179.02425263559687,177.9985531625229,1
173.24061864862568,127.65276427815097,129.0478178855421,117.7297744921584,122.60141029557812,178.05089590374385,178.11108437445273,1
171.0160806573173,117.98026170885386,117.29890829646435,120.10233291923058,121.90303714115404,178.64176800921425,177.59735176668462,1
174.06312035920865,120.01702746988771,118.66046703044074,95.1308018051623,93.03131979742179,177.45226726947146,177.77808776671424,1
171.53774389396673,115.12508975666152,114.38616396516355,115.81501155678879,114.41705511189622,176.18330791708442,178.4490892510432,1
172.47702220158683,126.15249191533748,127.25348820403981,114.24958452728062,111.74514842821608,176.5382663691335,176.97217137327374,1
169.9784605333807,116.72430958688184,117.64400145635659,118.95236904419657,118.13991448049362,177.70230859648527,177.15593649301812,1
171.0379630325105,114.0472634349582,114.52648741004161,117.28838685622821,116.06573256953874,179.07799179401425,173.86677585069074,1
171.70816927139117,114.12961630116459,115.47635651121293,89.8540962459152,87.23198411592881,178.60209096550668,175.18020127162666,1
172.53668187338167,111.72735811039648,110.08327689778154,90.40212226745504,88.9262171712534,176.11035182341345,176.84295654140274,1
169.29905524635095,112.28972618567174,112.92037715781692,110.83507772918841,111.76383528591042,176.69829894105166,177.04905709176188,1
172.41852004400968,112.21125405594182,110.70816006926238,116.53602355511323,114.99490063320789,177.12928877628227,178.2617976766667,1
172.90852436463234,114.0956523280516,114.18161781766382,109.72595009111127,112.80479269434653,175.95698354503415,177.97682762708536,1
174.0805855571697,121.92516355731816,122.26815799542953,91.94420374348775,88.9376496162832,176.21444438514808,175.45919164381667,1
172.17170118720796,128.57122809043085,131.5480892131063,117.9742509005408,117.94744654635808,177.38755752597902,176.42083265652653,1
169.00568824813894,112.6085688054199,108.6098200499334,98.42661786576483,98.82898240027191,177.13978403856999,178.349615022129,1
170.17410308139668,114.95672862894762,119.42851490595831,94.03678730016138,93.23129331192331,177.51738574184517,178.1108514503623,1
170.62200164062415,122.47408015283784,124.31845530910364,113.19932386087503,109.75948511125789,175.61159777347905,175.23880714052203,1
173.01341044646207,114.15742133690262,111.83679977385071,105.83064225341734,109.38763616330166,177.0316108070771,176.33615822995023,1
173.85814828036266,122.08320855328104,119.86917699141989,117.07181148163394,116.6001367762107,177.92387220748793,176.91109442585244,1
172.18178238356768,112.50960223866436,115.81132514385955,102.16510259751436,103.59989996486904,180.04664420679956,179.48168383470906,1
171.03169861358145,115.11271979732582,110.6018938617448,119.21576130642599,118.89962116513031,176.91967254217957,178.18879327133823,1
171.3357611501019,118.2287304723512,119.85411922469969,116.10997018849199,115.10711403821858,177.6193119703357,175.2847513978711,1
172.1770170224502,114.99840789344279,115.61736166299342,122.49860219911446,125.10014238453931,177.02111097869638,180.1040849675586,1
171.36324622369384,117.44470730584348,115.98916633769744,117.8255719385722,115.50155904477883,175.23267967388745,176.80384783198616,1
171.59679673649208,132.64838062172836,134.17770256722744,107.6314256967963,104.36487263628523,175.4217678543772,177.51819954835594,1
170.77268167672742,130.88552592587396,131.6335028470268,114.59743699084284,113.41272169413831,177.2759708308556,177.84737051469222,1
171.94528434486833,118.02072343354713,118.5598160777202,105.2514857009914,103.22428914519404,176.77775313781126,175.92601792251452,1
172.19057813249958,127.87188295111227,126.91975143664327,104.0969822584545,102.90101368358512,178.96375321540643,177.2759420805647,1
174.05207964425068,120.4801653083817,120.81973791374264,107.08870590121887,107.95209888076482,177.29815454568583,174.65791162844516,1
173.54998981555187,125.35365392837878,124.07849424698614,116.10929661774574,112.87721889350266,176.20241752757764,174.5616261562933,1
174.67185595332825,121.60293589501191,124.8399485489619,123.60015357121372,128.2249082224716,179.86888482069895,178.48478059131213,1
172.37526924578762,121.70964865196564,123.20420752987384,124.0687602143023,122.22314248471201,175.07324940242376,174.33683624050926,1
174.3232158749451,132.50990948123842,130.87240655074714,109.857995062367,105.86109913249064,179.9014459304818,178.04091173512992,1
175.39517235963015,132.05483831452332,131.66107008998318,116.32068574272346,120.46293649268459,179.59128868320977,174.58852822774176,1
172.34791295178024,131.63882934993532,132.07458585297212,111.6831799049016,108.06744282703784,175.1410518098553,176.42903553119703,1
173.48650186111584,133.90728434582763,135.40608395451792,118.96786700306,117.52691988647585,179.26837429138072,179.46486279554048,1
174.88395752882428,128.0985308970528,125.75031686575585,117.18486559511058,121.50359915004731,174.02490911953262,175.2754173838679,1
171.14498351299906,131.84892629610803,133.86159228769887,129.32020022396836,131.73556512866702,177.21873670680245,178.90368801624155,1
173.2958408503475,137.70935198435131,133.63007335425476,128.43711331385367,132.4171988287102,178.81496149632875,176.03547265644545,1
173.68758589387272,137.54880444917396,135.48624946668832,121.52607086478744,118.35750282203313,177.0737845336625,179.28819516452114,1
175.74378118872454,127.03927730934107,128.56694776011227,124.76735056906084,122.54169580685874,178.07269897686325,177.43586233797848,1
174.10544093920845,138.50093584594924,140.99308902606944,131.53630467836342,131.73304075998135,179.32512834088104,177.56962707069965,1
174.49207956045743,137.41184322868682,138.4390894771846,126.32394811310314,126.821697075527,177.8440081732207,175.24560156039104,1
174.50571319422414,136.15646028075545,137.5747629325313,136.60568247780594,132.9938038070158,179.18019996195892,176.4762704790046,1
172.48314212915253,140.0070689019303,143.56757793068545,133.65537650908422,134.70530906085253,177.89801203889152,176.57717794919768,1
174.68990016859635,137.4045662064039,137.87169569269687,137.68297620494243,136.413903130372,177.45457623109598,176.31505804760852,1
174.12089060059677,140.27183026942797,141.95438335110583,131.43971449247272,129.95573087149964,178.35567275414985,175.36868341189717,1
173.19439740719653,136.9425544424808,136.89484458270195,135.51422379635068,137.17198278323548,178.4702567441766,177.85068004020692,1
176.60837521109144,139.61969865610706,140.36300535316076,138.20349889739293,133.02302298317582,178.66653389102137,176.12083424897375,1
175.57785278657965,144.74547912578245,146.63856188451246,145.45630617193044,150.23992906892735,175.6109512051185,175.29784251997802,1
173.39619033801188,146.96588272922116,148.57662513776495,146.63412650188377,144.91048348561668,175.92454428633042,175.93312982379996,1
174.72097882315765,145.60685395223368,139.887794422596,145.007207788003,148.34518930157424,178.2025756464679,176.78647725638504,1
176.51507902615194,145.06781951902695,144.49345765003608,147.86527941328052,147.579729723506,178.3023202014844,175.84644523656772,1
177.09562333829186,140.245713781497,143.80870798652728,145.96868460359622,147.1018214662744,177.46794940471526,175.47744113037442,1
177.10441647107393,146.00328184886362,143.92420555975878,149.05309543971285,152.3771218904254,174.80402061707798,176.939204432074,1
177.1125981957241,144.0585423965581,141.34066776692487,143.25673598046484,147.59559511468845,178.04594374169125,178.96798175182633,1
174.25892592268733,148.1347139283834,149.10298199815753,150.42602934876916,153.72088182883346,176.7431399150293,176.076030307267,1
175.00488662232513,146.9990387536328,147.494826056402,152.60155958250965,156.64102903869886,174.5695477780427,177.8265278376732,1
176.5801752694066,150.16576954355537,149.2880494704367,148.77866923413842,146.0834328843044,175.9004731028044,176.3368199573483,1
177.31506369416516,144.96098795408344,145.86357115897846,155.7445464461092,153.272565485414,177.10294301512837,177.33516600826204,1
174.35320569485248,149.24050775655212,147.87110285190235,153.7319874387651,152.36986057585852,174.3612494612717,179.96375108948362,1
175.90574349327792,150.58533042173556,149.69243872703314,160.49524070851277,157.6868800838542,178.8512415218754,174.91172438793419,1
178.05868851472613,146.98942059457585,148.10909412836628,155.09485637204963,152.18845301479521,173.82132443884487,177.50347122018533,1
176.49967539454497,152.70745865394932,154.50895755352718,159.97204850523406,158.41818751287042,175.9063318430404,177.33113687736866,1
174.96745296666836,146.64611515933078,146.79732882583198,158.4446387494634,159.1835473944012,176.40601054618503,177.3316171638863,1
177.1047891499809,147.04280786778895,145.93128266816927,158.62616771495018,154.0990086017095,178.09396930280687,177.1474188777339,1
174.741406883998,152.1297588120263,149.28327765360103,160.96318369497845,162.73676038047782,175.67428311092297,180.3235629426358,1
177.82920638342313,151.7677581867395,149.10924902938575,162.3850195818766,161.80475752901108,176.07163842331454,175.90301057599348,1
176.2481730201402,148.36558660671457,148.09467843507176,160.7204462775354,164.2957990789553,174.83491466848966,176.14669274653127,1
174.64858176741657,155.90146808273568,152.90180588024677,162.21949339380313,161.14563366848185,177.4335160381832,176.21643042634267,1
174.67923261822378,153.5370552572636,149.63316831913716,161.84345656360355,156.4454554192981,175.8296780109489,174.78597188526172,1
176.1658919202595,150.68710839469756,151.8870402100805,164.05206206300312,169.15879042652782,176.57445119886444,179.925926229309,1
175.24519625706347,150.52521742318356,151.49579203403277,165.58858129969363,161.56734809490362,177.37485176887628,177.7049087567177,1
175.85767384671203,153.95781488807884,151.55384029270513,165.399155065381,169.3636323733277,175.91313690220954,177.81373340243013,1
177.69529099944373,155.06454027780137,154.8874383414631,165.97957007165513,159.60019327005097,178.31518919665118,177.08943876395253,1
174.8719724126583,152.14476783170971,154.28058834161166,167.79018469743946,166.7798112972154,177.0466829402445,176.53130416274956,1
177.34776008076804,154.80693180829235,152.8083216944153,164.4940406163269,167.9276555526497,178.8573614239362,177.63562060953862,1
177.38184984017172,154.3151851318223,152.05587837144796,166.67001518813527,167.66730031904456,176.87506638965212,176.72725917530596,1
177.4786764479391,158.52375380179507,161.91511981942037,166.92568205870373,171.06546880674574,176.95369748837257,173.7573548574867,1
176.53605388998093,152.06987317991297,153.40034397695788,166.45108483397004,168.13694228008302,177.97871514310162,178.14725998496013,1
176.35028799131487,154.18225135364668,154.16014895754532,167.1643596882078,168.8440006890927,179.57132848598215,175.85740749337347,1
176.43512740408937,152.36172582893207,151.17678213487133,169.775370923562,174.54282312886096,178.2756396714469,176.68050908546834,1
176.84342982645677,150.45716895984512,153.8329906075004,166.41826307051832,167.6685333079711,179.34460846934863,177.44194012977488,1
178.2656506989865,160.31595862281603,157.31465737973699,167.68314996502636,167.01964625383184,179.769382774271,176.63281135836712,1
175.5950678147601,155.2792007238105,152.52246484436267,169.64522428279045,173.0480037736827,177.37531004660414,175.17574902442632,1
177.70446997567572,150.73971408298132,154.30678884212242,165.0828289546744,165.75988080725622,175.7735935395977,175.30955471789414,1
175.37422816575918,156.53886204229525,157.74648919850873,168.6778553693161,165.95354024645317,178.72730708061547,179.34436738821472,1
178.80597672680122,156.7605875015062,159.84195849689567,168.44300804151197,164.80624417800314,176.6050656498095,179.0133231973869,1
175.7074623387286,155.13671343397027,154.23837680223625,168.81032869441938,162.44065180416143,176.90298679339082,175.51262652635776,1
175.99365343895644,151.75179026059607,150.95752442994063,168.1715116441464,169.90009121134398,174.30694349093307,175.82371647274704,1
179.46359319870936,152.6466497975871,155.41654696394423,166.7875829911337,172.8915783006103,176.91761030654172,178.05241543510738,1
178.47246827734065,156.02502583208823,155.41876686444064,167.17580110945508,169.11022816193505,177.5703238199521,174.9920132961615,1
175.37552103189375,155.8361563387869,157.46084767856593,163.40451730648098,166.22524255501605,176.50496850028526,178.6565343912501,1
176.56863157785006,157.88168127410646,156.78811784636116,167.053876930795,169.48268233157071,177.9527905352286,175.9606418327721,1
174.2796575252373,154.77700606193918,153.78226697244062,163.5875692357926,159.16635995612882,176.8497577597733,178.1020495487642,1
177.44163935470186,153.3063733687539,150.61881260894702,162.55813552316212,163.345536188802,179.8037632162904,178.82779409038727,1
177.90407977912545,154.0859842701223,156.43303302856023,161.10836690697477,157.6972125360732,177.88509385059817,174.92001859915575,1
175.49087822158046,149.64174182898074,150.68875459845253,159.99525725252596,158.4753262843748,175.71774061726896,175.35862390789237,1
175.26871734880433,149.54295049929212,149.53179941303048,159.09398055687055,163.03021604418402,177.40549220138618,175.94077524966514,1
175.47914749694823,148.62742136845844,149.30711107995157,159.72423367437753,161.23948124451107,176.9895811594046,174.79965390451122,1
177.4751829262907,145.78346539770732,144.82716054071264,158.21225425681854,159.555187712523,175.85111048152137,174.96501668608494,1
177.84144899305593,150.43150164872566,152.97756032802687,160.71244803057579,160.12948394304524,175.97936082226983,177.6377494661957,1
175.027635109248,145.31005004716914,146.5260608374005,157.71478898264056,155.47892031280708,177.2544934933008,178.42309994938608,1
179.00870194987098,150.19714313450615,149.06528814706198,156.4938269939494,156.11803594770544,175.7654894153587,177.57973975879284,1
176.08291200433962,148.93040702611262,151.60561442052202,158.2108917254153,158.26474269274794,176.4994107863257,176.74365350873717,1
175.92819389607965,144.82918307522945,144.0219731869855,155.17894390001484,157.54502696674732,174.10692237491355,176.63609300475775,1
175.04036652525699,145.03357105613432,147.20900674063336,155.70886585318084,155.89090237074177,178.50507240906478,176.20725034313452,1
176.67605670178415,146.876729905846,147.77519730234027,151.0286683332542,148.10471368443442,175.1077989254669,177.78480612688028,1
177.95150545728873,146.61328944931,141.52667321818384,148.1587373446958,151.31560966042798,174.3587647821868,178.02857483424629,1
176.28914816100564,142.44572066180316,140.42492483294956,148.73509067922924,145.86608379841456,174.13182388398215,175.66342137145108,1
174.88105427868726,143.22834923463154,144.0357888734747,149.28983790455666,147.6042143493564,176.1297292296519,176.01882741991002,1
174.8118690213366,144.6751049004325,143.04372836623736,151.9235700126553,148.33990660887198,177.25974780954311,180.18248589039402,1
174.6136370158435,143.6160921418444,141.35752297033832,144.47799873332605,143.29111772332024,175.6708453245701,179.058182470761,1
178.56441689772655,140.80594841685607,141.6142627981233,145.01811460615826,145.1910261939232,177.04952016688253,174.3432652219829,1
176.31287296006178,144.62546767513754,144.74410034220796,143.6711815801538,147.47055569266112,176.6172603767997,179.3625985664069,1
177.27370832197846,142.61621706409085,139.8052196131156,140.01039711942917,142.33768174442113,176.12181379280145,176.7113134904762,1
173.6274218425716,141.92084206830657,143.94830991513646,145.8032934987067,147.00054131340278,177.39821359775675,177.06025357039374,1
175.12811005540476,142.80000789270053,141.5810289963735,143.3880912084892,147.4669757614642,176.799865183101,174.9377891423164,1
172.88629114933073,137.05673730808815,138.61691898017892,134.1063947900881,137.64344204695806,176.0656684435993,179.4798391972384,1
174.70822330469852,133.52575718886035,131.47837848757715,143.03934537490593,138.8825656270087,177.71120814565995,177.08511832896707,1
174.01588035396068,138.10071452709812,139.49177853327657,142.09610137419241,143.7691709294579,177.37567136308664,177.83637710665147,1
175.7033420306118,142.32435407842019,141.2904366367299,132.6248179270935,130.43125712189294,178.64243769207647,174.59522300105962,1
171.22370837471377,135.09778099578767,135.98076570155285,133.0510906302399,134.26794485701114,177.33997738788815,178.83810799866947,1
173.6020713881907,142.31644246305984,138.63637470921213,136.6183636103716,136.592097907899,177.28202653887817,177.11559409423103,1
174.36718569660104,132.1596329473636,132.97937865932116,129.8903832352771,132.5417408139232,178.9208041821599,175.7956852589553,1
173.0829161756875,135.06129859753673,133.52616589288783,121.38180641159461,120.87336760482971,175.7294742908904,176.3219306344671,1
172.46662798138783,128.99920472947218,130.7853064931251,118.63153789103465,124.28260558043702,179.6771232521178,179.63385409483288,1
171.95469755618322,135.96041990232098,135.07926349646968,134.46791780307578,135.12198762888139,176.50624155279732,175.55929331688785,1
175.6184430128422,130.86196090584954,132.31620674679203,121.98650878381872,123.54106919283909,175.77370057288869,175.42600213387624,1
174.63216776946535,132.6746812401448,133.5434729392847,127.0825497735122,132.30055044186923,177.10518877965978,178.66910074884308,1
173.96630816764582,136.3676275623096,138.71309786817494,120.80906005045622,116.22834548738203,176.4803035818575,174.92711577485056,1
174.88335879620135,138.11314368282285,140.8089301016363,118.65955252287742,119.47028479036005,176.7339101860215,178.0962014239239,1
173.38450789787385,129.03996374732,131.3517274767625,110.33892242096933,110.58854789576311,178.57389800175977,178.92159898815518,1
175.3863476002558,132.17815745964927,132.36899423162154,128.6620633107562,133.5182464073455,176.00060522857672,178.98762370501564,1
172.73336784880922,128.40789862834984,126.53896667570119,122.4783920540049,120.26396545670696,177.79878621232518,179.1664263974685,1
173.00340380863307,120.06226932952835,119.13430624016912,123.03240016471501,122.27075506186114,174.91845164130729,176.71593811519065,1
173.37805643392898,128.88141143657236,126.12953478410455,114.95396166193485,110.22358113617013,177.06372902724365,177.52404802942107,1
173.15258269393127,127.78837424203374,123.17373579788006,106.15957965956774,102.75503796380728,175.00436369704641,178.1378134038118,1
171.79112854631148,126.09570474429154,123.7657092705056,103.55570800562198,99.28828382078193,178.0685801198274,177.1335910462736,1
171.89348778587734,131.66660941354647,133.5996233281348,121.25983573726842,117.40153137897802,176.56562232585063,176.5183410170224,1
173.1355403182049,118.74699032503047,119.00194415693348,109.75752125211862,106.56538621447149,175.31312115269262,178.8339724229101,1
171.368989786419,123.3779272497502,126.32008441842932,117.16264610977292,114.69755860263861,176.56656331683996,177.29064524284178,1
174.93856513056755,116.71271661547671,115.54561421766263,120.55209764821815,124.43538418270077,177.00676467909318,176.00666855177266,1
172.3871618313793,128.26890162578405,125.76374427640735,113.56576818354961,111.1523110516089,175.7578334453939,174.50709185670166,1
173.1904177353074,119.88470955797048,117.15765935434729,100.61973222263268,100.62005897896873,177.38889331368046,177.1971923846213,1
173.7744082045056,129.90059874052147,128.64969336318532,111.78564415668811,116.8290533121498,178.21628992540073,177.6221600413161,1
171.02840761257167,129.55384884887576,132.05118165074114,115.25337746699704,114.8582198023459,176.2325616670786,179.72689323180057,1
172.93911682249336,114.566608654588,116.09871033830971,111.09077935616703,110.33155492962113,173.8882400357155,176.91368805104048,1
174.65441661763447,129.50421905131867,128.83327872687198,100.1916970999015,96.84845023727652,176.32452023634906,177.01191630801713,1
173.70691547581146,113.70100002467717,113.3129229706663,120.01139398183726,121.3069773367205,177.77628281047262,178.25578008497686,1
172.19213864064855,130.3959834040153,128.32113335359898,97.39136402846357,93.8066555128176,175.8655190633883,177.32534703750346,1
172.34243587846987,111.39815490078698,111.54149585858,107.79287918167175,104.95581584375141,174.38774055571542,178.56833860663556,1
170.7659962572307,123.27604594533663,125.35330452195635,115.73358352873399,113.17946793497802,177.25404082492727,178.4291124637962,1
173.26074565455764,113.20807568867102,115.73008606786183,119.23172536766778,115.00843418761046,177.33530799037607,176.38171451695268,1
173.05860380669944,120.38369182220428,123.72322512813605,102.66187816589711,98.4638953640241,177.3374487933899,177.40900016162396,1
172.49182134700857,117.29411253511653,115.71261034006733,94.18946033784505,93.30564094330188,175.07243489239255,173.8919211937228,1
170.33923607469345,121.36347109109236,124.76836086769632,109.1369060679735,110.60218831647695,176.68491799801888,177.01616963781166,1
171.29731617463082,111.07873295345755,113.71635959030633,92.6469644677913,94.67235931457778,174.26007687530927,175.36995036906384,1
169.48439108024274,115.9992377614694,116.34961095401376,110.75536683542065,115.53842363019318,177.8552058900871,177.54377037956675,1
170.16610948010302,120.86688817553197,120.34975389319077,112.38296084715977,109.11097331528401,177.00042717661955,178.24215947811882,1
171.34390931517228,110.67867592765228,113.85102791595386,108.906784636592,110.74038970659275,175.79962461271566,177.87504965430873,1
174.31745384722922,124.3196662999242,123.13823185951892,104.01243640990234,101.40851652755039,175.97794142392408,174.2323430428479,1
175.65373309366848,123.40242099021084,120.5283354691771,107.01885504935255,111.49763860997507,177.1404717560312,178.441282150153,1
171.7930286656309,123.71045200192695,119.0301094190589,94.85608773409398,92.38820220018393,177.27361765330508,177.39010996184095,1
174.6185075781633,123.27554320791383,125.96482246971317,104.42317788490531,105.51833267988953,174.48016898664125,177.31298188471015,1
171.94218563610198,131.21405018514616,129.35207764755,95.65368218259258,95.50513754140775,179.21451254379198,177.4200266803684,1
170.24125924985182,114.4348805764825,115.26910878126185,110.79584370828717,114.46658148337939,177.08218662453288,177.78001228320113,1
172.22940642605795,128.08436778082864,127.53973483425321,109.33012016631837,110.92446149493513,177.5587477152385,176.90012997511033,1
173.0280801461233,116.47366683845749,116.34667678000648,109.03632131852716,109.01005222796579,176.03648279439318,175.59855858349735,1
173.46798731469093,111.10806039138654,113.14977972961915,111.5066392940824,111.87760072493211,174.63870958653635,174.51167749303272,1
173.17911333148334,127.30614518304482,128.5875504577739,115.36693252771286,119.2533310785495,179.84854464110853,176.52376719032804,1
170.7547551208264,120.69454181294108,124.25529534363766,114.5943193718202,117.46689511852456,176.01091649631084,177.98673318932384,1
171.2819978751167,128.23575422593817,127.96360806859207,105.35640274232333,104.7854907606776,175.5308852956473,176.39598114940233,1
172.60876200455263,127.33020976578231,128.65901667333694,107.95371560310872,103.663605102204,177.27251517140454,177.39487810332463,1
172.21473469777766,119.56404952188834,119.62244517836562,124.27377855276087,122.55853207597814,175.75471166819545,177.00154707252943,1
171.77133606385752,119.4266386315112,119.14192029141492,117.62457020599292,120.22646225243062,177.20038690026618,176.29566673563448,1
175.67548112098996,126.27894034208315,124.49864499879071,114.09170754478119,116.95288739149557,175.51114926225182,176.03750853613678,1
171.71089482288352,130.6434287579388,130.37209689715235,111.1573530596437,107.23580304686874,175.98442959360386,176.5495511831125,1
173.97196467512387,125.89459870121819,122.82300099965063,114.0760633935545,112.6618678123825,177.7923505650048,176.19227922185527,1
173.40876541875332,121.3890716546861,121.47028057695132,112.77948042765448,114.08717405074698,177.0614776869988,176.67907534143387,1
172.592152540922,128.08557543986902,131.0171910209152,123.92822202884292,122.04250945285077,174.24455452254523,177.6712322496128,1
173.83466171874124,131.775042553933,129.05308216572863,128.32270088055176,125.92815605331663,177.70625174309305,176.42653133436747,1
173.3541144408745,129.16755529305993,131.17151698776516,128.18776143570852,128.52583332428995,175.94525493271323,176.3470634916173,1
175.5061490589872,135.0863515636233,134.45124486752388,117.85967560610163,116.75625425705383,177.16114517551725,177.64329838693314,1
172.26261510219248,129.9354647109551,127.22188018722801,121.46026123413858,123.0804983150348,175.57098705760924,177.99512802220033,1
172.8693768892373,135.3368820874379,135.51340190195197,127.62672671320507,125.14733104218418,177.85697325105414,174.86306990229394,1
173.06234755936057,126.36695391872469,125.37563315758504,132.13602877460423,129.0303072177631,176.74183623449872,175.56318188283097,1
173.81718124635137,131.68403867252917,133.18319656786286,134.03246636514234,135.64798239067702,176.4059257413335,177.19117121686705,1
174.46292874231096,129.69343286536022,127.63141879298857,130.9038682158623,130.76116283683496,178.09430790681634,177.0861758993095,1
175.23366441847838,128.76053466507,130.09146855598271,122.15438522476504,121.27280749024487,176.0764693237939,177.22383870458637,1
174.13143953213063,138.96741426208115,137.02934447585187,135.1095556162219,132.616233684268,176.11025466083774,179.06976313260532,1
173.38758466840918,132.52050700802255,131.38061106317096,131.34930343352926,133.8741152965959,177.9331401216704,175.37895908341488,1
176.8591957053918,135.84571584668882,132.86248227276846,123.82616332983113,125.31949305278519,178.44278467752952,178.81272940891466,1
174.6562283535328,137.9222923591467,139.78718022413486,129.61210666281582,127.6238918410636,178.19110275504005,178.24804930323793,1
173.6780329253442,139.6430647716109,141.69993571278977,129.27176375882976,126.07854439067832,175.85433028164152,176.5929573412762,1
174.4528578363668,133.40750951052746,136.929006870414,132.23267329773398,131.61999193530824,176.37937776784102,175.6091071612033,1
175.57752332490213,143.1262763359003,145.71393733302355,141.59343871526576,144.19480579109748,177.24445215569975,177.5474098356783,1
175.5218320534693,136.6312883412466,137.44364082332777,142.20015162106822,147.15780323719065,176.13536498484208,178.20694715168378,1
175.14714488300598,139.52563991076036,136.12508654829298,145.74164493027402,141.59908688108627,174.48643705519677,179.4380970252548,1
174.10525077256574,140.9145955585005,140.1610510755384,147.73771553847115,144.98421681263346,174.39071525453534,178.11333264058482,1
176.2463368169445,140.39420153876497,139.53833553532587,143.29958240501878,143.64299992790345,179.8963499923754,177.5910781088897,1
175.03788328464574,142.62851193863614,144.4710670249638,142.0771807708479,140.54790286017789,179.4307871618725,177.40855027653942,1
175.82955807849407,142.22587800794776,140.39275107803775,139.86736164106347,140.96892373802035,177.47682513577425,176.86401347605212,1
175.96301915955144,143.1839421101357,142.41406647705153,151.36336960678815,146.478170541513,175.1525196858076,174.29288718906014,1
176.36175943305665,144.59589245287148,143.94442588696927,146.56341196496925,149.461452449292,177.33685279053122,178.49718654503167,1
174.85175284330026,142.16253503074117,146.24831688560062,146.70975459510387,148.62056770523824,178.3548481374425,173.86979738667512,1
174.34485394776775,148.2907226163274,147.44160686661445,147.1736829455772,150.20806476043754,176.44934384461524,176.90980478862198,1
176.13666415183897,144.71201116383824,143.84575022812172,154.2192688817294,154.0330230016728,179.52975558574406,178.14345516972745,1
178.6918813249106,143.98663929474228,143.080779244284,154.66919176790725,152.3124054585189,174.15465402179512,174.92574227654748,1
176.4842133147632,148.7065685901464,149.5820031977623,156.06135646183168,152.72641560734908,175.3466798056894,177.9143040634136,1
176.78452176913865,145.16372234934957,141.68657787780404,152.58572121489553,153.21111848209614,177.4527486694104,180.35542673230492,1
177.4900912862635,144.5122110705751,148.3446851670003,156.69788461739893,159.3525687315472,176.1044833640719,177.33518837627042,1
176.27978132738622,150.9739700436415,151.40619742838837,159.85079303931815,161.29931385042158,176.97253417618057,176.6117800437427,1
173.67910545455376,147.6097916154042,146.59762408521587,154.2160975495405,152.8970641459932,177.25475713405228,175.653780658811,1
177.13425364777882,150.51013810697626,153.36394319361344,159.54634646847302,157.07620388318014,176.34098207025653,176.40020996269703,1
176.60190155242694,156.3046511771392,154.10836957119582,161.81990047818525,162.66662893524702,175.59776181790141,173.76094554068052,1
177.67795811343905,148.58678491281484,152.5587472864037,160.71637749475704,162.12138332954277,177.07579552970427,176.38156917767935,1
178.78880173274896,152.1906841444697,148.9770488602288,164.2600551072998,167.941313118509,179.13373750776177,174.31046320712682,1
174.69002692208292,151.87918709121405,153.73100600587054,165.15729568280554,162.01813256083767,173.96353767123585,178.93065333925222,1
174.70600743691244,152.06193423782815,153.76931680930082,163.18118581229157,166.14867370889644,176.46109673125483,177.889213740007,1
175.35447498476185,156.28239973342522,155.42647984698382,162.6989204314384,160.52924549116617,179.08481848054836,178.11674834148846,1
175.82439846045753,149.39372443902903,149.10655401494083,167.1335437473395,163.89516792246465,176.8683139791038,180.02301330292613,1
179.51100159948035,157.51688697806708,158.93192109128833,165.21411078587096,161.7942656545958,177.50333999047746,175.56083302487886,1
174.78254546982996,153.05244480714555,154.21484732797092,163.63948231062827,167.33116517293564,175.73180681532378,177.22971672118132,1
177.45293070157055,151.9523421098991,149.18169474153856,162.24088063160548,167.1876481102294,178.29404804594927,175.22528500787513,1
177.79748204786566,151.85327772912927,153.30574442142577,163.07960147964903,161.2955128987152,179.55466332289728,176.22934598719968,1
178.17272220654962,158.34598307928852,160.4886721779047,168.29975216004541,162.16800619222442,176.19402949166346,176.4973663898587,1
176.1429882918322,158.99321047621123,155.773773499402,164.7404647998417,169.34169591611249,175.41430153406802,179.05673699165334,1
177.33330065909365,157.46389238588299,156.79866492766075,169.45080146010628,173.88312764880914,174.57244328152944,175.34788350458734,1
177.200771309759,154.41902909647277,154.0921677250181,168.39491270767667,167.12983818800663,175.104312533965,176.89453965655264,1
176.44356405244906,158.8014976004862,157.3857015576742,166.7626214775535,168.37495671116335,176.03477432390994,177.9533385663273,1
178.21239111358068,151.35511907016675,153.4182881701197,167.12112666221418,166.01115232950815,177.12524514415992,178.8580640651418,1
180.10435779502504,158.94181768805424,156.95592135938037,167.3777601637273,166.42221094412008,176.4950573984557,175.18321056822202,1
178.26767674090215,152.19301690324178,154.0307383650698,166.17535210662723,162.87951803907816,174.4740212438112,177.98327804395637,1
178.97451022653297,152.28346312672258,149.8469715695803,168.70533058334627,170.24357682011188,178.21073210238256,174.7398592495705,1
176.79246729653312,152.24908456860055,156.0933389238104,169.8866181558963,166.23490886058988,177.88558941172494,178.45937352749095,1
178.512970486755,151.66385554547983,152.7254632675659,166.00766668551162,169.69184950584216,178.71547642407313,179.59491156055955,1
179.1773836400501,158.8818465009473,163.44210389349078,165.6469779192411,164.92233823568205,178.19945208069961,178.07228905512417,1
177.20582909474132,155.1450100694124,152.40508425408342,169.46919886741838,168.14971582132367,177.62731124997998,178.47220034159298,1
176.00984735709807,152.42457446901494,153.87267491022803,163.33973378740583,160.9569873983649,177.83594304641466,176.43844701094977,1
175.90757379588027,157.1756170416743,158.5460823411595,167.96881448916423,166.31246754818505,177.1192950425019,178.20571477334187,1
178.59374853534013,153.99573615517284,154.6591785274033,164.93518455587704,164.3202817413983,175.56361852678506,177.93752793314846,1
178.89639667381576,151.60678485851025,150.91250750243952,165.8584540666597,164.81682073921453,177.76402449903003,174.58366050978609,1
176.64753335276382,154.6481967387075,158.40409327529673,162.98438117182934,159.53555665457662,179.1392401971429,175.56065068508218,1
177.68553935928756,148.0800519350639,147.44707860705543,162.8184703452284,157.43711646830832,177.12419653171895,178.27257724010258,1
173.69354104462437,152.46370727531237,153.2779794831293,166.1700093763074,164.75608242287154,177.02243133998334,176.83096929407841,1
176.52553847065016,151.69966251715329,152.2872521255682,162.4836832826749,164.60362187389828,177.6601442942772,175.79898414068927,1
176.75018103264318,156.3601032949676,156.93411734526762,163.08314010469613,166.5871277604576,178.9814598515242,177.63547267227796,1
177.01666284822687,153.00703490615678,152.3427988629062,161.78315958906862,166.8077705437251,176.26466984793788,176.90392603802115,1
177.06099486931186,149.48924420174382,147.01036427011735,162.67165248208258,165.1563767210926,174.61629987407497,179.66771837109428,1
178.79201157077483,147.1823917358377,148.41056384846874,163.35650034762756,165.54680318388446,176.65739855888506,176.32195756217456,1
175.0884991656758,146.804640376182,143.87817803937236,160.88469328769233,158.9010524114393,179.99510692445767,176.51617022273064,1
175.28964466111924,150.71294237326953,152.02559572321664,154.82091446457818,161.1634261273564,176.86046051752606,177.75549040018947,1
177.1222779347166,147.9069779533361,150.0386052380531,153.52277995776228,158.57537173750526,177.1173219081493,177.03554429113544,1
174.28585800788457,150.61366537029105,151.27201080982718,157.03180609077447,155.46983669585782,177.28131905397754,177.5643087231632,1
176.3012416758237,143.95325695993577,144.074629632978,153.7701831428975,154.48724396358787,180.10922017381878,175.85874296298266,1
176.95397331696228,148.35435409939728,146.34202461662576,158.11592510677866,162.14388098113088,176.60353332602878,178.30190133496734,1
174.65486415411593,150.73828537742082,149.89158883994682,156.1457096908898,156.4334850664777,177.22869392454677,176.38573671140443,1
175.47593362097655,142.64268279125358,143.19734410177492,154.16626111090102,153.70913338369888,175.80686288313242,177.13892439052034,1
174.41467848280746,145.30610793743364,147.23802005277702,154.51398059262843,157.95757036266534,175.68341626754057,177.21428642310806,1
176.11984126338257,144.1071065436855,142.65427384004067,148.12551066857202,147.98322433013476,178.80066611651253,177.41222293990782,1
174.78820613898796,142.88239119253237,144.15833054573676,146.59283995504023,149.01409074712598,175.96434200762792,174.71124979466882,1
175.6380839265354,139.69625514454123,139.3184651012641,151.44065020360134,148.1363244722607,178.22948714449961,177.84438376524932,1
175.79641923946565,136.73496554412213,135.55077148091254,141.74607696861702,144.52970584433726,174.13936578596784,177.94246161710518,1
175.90976413587168,139.25705472557854,139.83271776556467,148.24588178770767,148.050603000659,175.92133507161662,179.0221100044051,1
174.81626801101064,138.76933660794975,138.66196753245345,138.9572274368335,140.42121820068573,175.07260811253315,177.23385664189152,1
174.432079076656,138.00736292392276,135.29247388388245,136.05769629477106,140.67586604739896,178.01311596394373,178.6346533188088,1
175.37837205510777,135.47512377535656,137.07438580651478,140.0771910183173,140.42035393385308,177.9570576894386,178.6435092194393,1
173.77884301966452,143.72197730679568,142.1742661680732,133.18267188218223,129.9843933246465,179.45863695385424,177.8060853239933,1
173.81575443640256,138.33989364005419,141.72523286638122,140.8359459633079,141.89900070431875,175.88822687583115,174.62464500097866,1
174.6092018378464,137.49913076095663,137.29411616613598,141.0593375242434,137.71806800817598,177.26432064696763,178.4182055864026,1
175.23959512704522,136.5186921144289,135.48685356470065,141.22037802336916,139.08875752335604,176.93637457245413,175.07779829094935,1
173.78755919452576,140.03564942342769,137.95200922378405,137.0132095795718,134.75094152780235,176.93084138494478,175.2642066156456,1
172.32458213790284,139.53185691837413,135.9596168618294,138.39129649718433,134.59801172263218,177.85633213622793,178.16180655506153,1
176.63157540728207,130.97093434867895,131.29049463294103,138.56405505506842,141.18258780979616,176.32593445684606,176.96900334225703,1
171.91148708824468,134.25660584676106,132.31289753994298,128.7147862890695,130.0604750056861,177.31542845006678,178.18807849668738,1
172.86157212324767,134.7248073153693,136.1310192574335,123.68431513598162,125.88266978672131,175.87403134903604,176.7228173160003,1
176.0542831673805,129.72094958243017,131.75761548800216,130.30671401854843,127.82204215693328,174.57775785133174,175.25483090251674,1
176.18454138868884,131.72910765420198,132.35342644581488,126.79896587694434,121.94317799451444,175.0604342622796,177.03298965489398,1
175.68663033646786,139.43993113898705,142.67288497227045,116.74875867209548,117.61117355204165,177.17578121795214,175.35264108953865,1
174.01678604506668,130.0972731639729,129.43620842503975,121.42010107911081,124.53809967212797,176.87135490567388,176.7357092420506,1
174.1300338318207,127.45746247313673,127.94228313778561,121.83311289214483,122.34681722013309,176.3820950643978,178.3816880624014,1
171.16270914767722,135.86259082286492,136.1517634182293,130.37180445349583,137.0161095306895,175.3118557856461,176.59014513631172,1
174.27408201200734,133.7065254239937,132.86242934221028,130.30796765851693,133.0795814767452,174.76095418168504,174.96763352218665,1
174.4634663229999,120.0404658671802,118.41460126709647,122.69840743070681,123.09943386065657,177.78248183954668,177.46095924804777,1
174.25777448789933,122.07804790899775,120.95883626720368,108.71563720751398,106.92701868223678,175.9714987019802,179.0353244945065,1
171.18004974100248,130.88101299568447,133.66503380490258,122.46359719662009,117.42379431884346,176.43106460983915,175.07436384673767,1
175.01258599364553,130.79798971165116,133.66654594134297,105.71232466232146,110.80759432091176,178.18522422765466,179.20391568156197,1
170.2797345154407,128.31924472912138,127.01984672197922,109.4134428687492,115.07399888042295,176.90937145847536,179.25491207087944,1
174.6019784482062,131.02168276091683,128.50651966463644,111.52894550203469,110.46787791189708,178.10814728609375,177.5186242891166,1
172.26355785232954,131.72141589186336,126.19764361194264,105.5430111786585,102.6147048878195,174.98490309192337,175.77824601151463,1
173.10004112637853,128.1566900722788,130.02702395644926,118.05517717340766,115.43442777106718,175.1192247274164,177.60508048216056,1
173.7099162207005,122.33322058701708,124.29865719964303,107.17899931451248,108.5245109843558,173.95052590120528,175.19266928801454,1
172.5068508965843,118.32120455667965,115.89324640861196,108.59784174162424,112.28264604309348,179.58682969771263,175.21991524055758,1
171.34431073654116,130.34155319937787,132.01959901437658,97.61792601564467,101.26543102911054,177.4041377137391,179.8510171561746,1
172.61668176981888,132.39196208349193,128.04454189089785,119.54244853303048,121.32945359087255,176.99705551808862,177.21169783480525,1
174.87722129239125,121.83620459426515,126.27914458543468,108.03418673465033,106.39208518294228,175.13783434113537,177.03951165332467,1
171.55366543695254,116.69897308095624,118.80601777834418,111.83167171865324,111.6244124407639,175.1437798025081,178.67385989190737,1
170.77637190215432,113.58905100838228,115.65377973689198,121.36784430847797,122.56778701179762,177.68883014547305,177.053298472401,1
173.54245748714837,118.36813389890264,117.96950272504075,94.09976279910943,88.26511996091935,175.73791852967128,174.98754935105805,1
170.53825508592683,119.33083253712803,118.06615445643942,95.34690952468785,98.82480262306613,176.1538444938982,175.8031412208476,1
173.3464936644915,124.93540591550075,124.80463521904142,99.32454346750252,99.50930842463518,175.0848050646576,177.1008064026968,1
175.16488854665707,117.35171680684854,116.8123523057666,100.59084902611004,98.33439064532448,176.1788605068145,175.404812361349,1
175.37130420589875,118.00340562218888,116.79289963264739,96.12686024690271,97.42809382115581,177.6571377105087,176.63813122384732,1
174.32589640538802,115.24307182984762,115.08248992777348,107.77469906062865,111.97100039738363,175.8549494197083,178.9620057178515,1
172.8463077426711,120.62651629509612,118.42107247853279,117.04910486827333,114.29189168277422,179.06311930429877,177.74628379732476,1
174.69118618438515,125.01630132432899,123.82668710293274,98.26809676855795,98.90057981137143,178.28527668562594,178.21700947593447,1
174.56063491568577,113.69919962553516,109.87751626829709,110.3621828246461,111.76079525489335,179.2307094194592,179.48301933490137,1
169.50412231054278,125.98816812858122,126.2225588032849,107.92726705357421,105.0074795332804,179.31822645598956,177.55292211939314,1
170.78875162497226,114.4311364144599,115.79484050447223,96.00960391765408,91.88592408209728,174.62874587202802,178.89572501295027,1
172.11691787531095,117.11890361804667,117.79948371678795,117.81955737610862,115.55217450193109,178.97511012101364,174.85259453524677,1
174.13136282216504,128.49600037645996,128.33776365381732,95.6618728943136,96.1953575916969,175.19700497883886,176.00575344058376,1
169.64384986661744,128.64646796029805,126.77257125770436,107.75894357431014,107.81163224011917,178.46630829335027,176.2966008088977,1
171.8373249603584,109.64317832357136,107.97188584450662,98.9750860918935,96.56705374701407,179.6081842251538,177.79831602603323,1
170.05733157593212,116.65831915604487,111.1811671494314,114.78295039993645,112.54873661972432,175.67619328139153,179.00012792798836,1
174.79988629887612,117.96179937826606,120.14133344666293,93.97548120503154,97.40530147486257,176.7901119932459,173.77505318679545,1
173.65890760913317,126.19748882762647,127.01063164239058,97.07295196889902,97.51258482065502,176.41168720007056,175.59050499877225,1
172.09764307289595,126.26461437699595,126.42242402996916,119.36516161142289,118.07312421713696,176.68157153741407,174.38498718981654,1
175.8756493320937,130.9046297855452,127.31488301700304,116.40016985152991,119.05319758339884,176.80809805310147,177.20728324533493,1
174.1278924951582,130.5908684918185,131.97577175500817,106.7466277167968,101.99510325831211,175.84877935678946,177.44202071949195,1
173.62967816205713,125.08342344187437,123.52054102298413,95.97020927032004,92.65718977240971,177.9424414785506,176.6064177799077,1
174.5250688802887,127.17155098556563,129.38922898679172,121.81831555660047,122.79477755261414,175.98000427997312,176.22487714366883,1
173.4534419340151,120.62577028374787,123.10424104736917,116.23449402043617,118.25199766861296,177.77930768952402,175.17820369282046,1
172.44342178698182,116.35206826045673,117.02697203648285,106.82361965301179,103.62326477902684,179.19126027940746,177.99240522034222,1
173.78846956972092,114.90744178356806,112.57767361584784,106.75767640835717,105.8324889950346,179.2080152236531,178.34138087731475,1
171.6396543111009,118.23325920568334,118.28691127558778,102.86017132643421,99.33984447213174,174.31338125806084,177.02779738014647,1
171.70674923273694,128.3861754125195,130.6423616156099,104.15969916764088,109.82960069484007,180.00221084394198,177.12395320202188,1
174.50732086310228,130.6997751426223,129.96543503436936,107.20649649679164,106.19058424677293,177.20408101789008,176.78408371807922,1
174.31043874884395,120.1686835506576,120.18607956086369,119.71168581030183,121.40264280429125,178.2966451312439,178.53456344380456,1
174.845206836823,130.63954745294262,132.2975432853727,104.72915763235241,102.52570136235286,176.9843454231245,176.98590343111508,1
171.33907104394993,127.57556238779941,126.05140449095589,115.5741569592684,121.55670093909607,176.80615101114378,177.12145514287417,1
173.80506901927964,129.7966236963015,131.595238726707,106.74940646151882,105.23237505457635,179.19105482187922,175.9490370677958,1
174.4595122231278,135.36387769278352,136.43062532096863,123.44277783305505,128.89366276679425,176.20111537969808,176.2786640379053,1
173.19021038615375,125.9328020103209,126.30014552958727,126.86419404293915,128.72186075721504,178.60806244047882,174.8975053000657,1
173.57129568090676,132.93124654467192,133.8683634972512,128.87344348951407,130.19331075735087,177.22329350882185,174.81042058969138,1
175.17639207257028,127.84775539723131,126.52995926703515,132.1146726229955,132.5837339414995,177.73801944185763,176.44512517554668,1
173.0305323103756,136.05997966330145,138.69688028394688,118.1723343442961,123.53362329131537,175.88350398526157,177.03722653576494,1
173.7772696853655,126.31599611326186,122.5560536745247,134.70839390075213,134.4782638272026,176.52279673985356,175.18099293101744,1
172.52139936388573,131.34915283140447,127.84805124142075,134.15186499285767,135.57660101007488,176.3377495890919,176.61263440622045,1
173.622931342671,126.85710215376632,126.39963051647076,132.9358527831524,132.4940792828391,177.9189353167372,178.13644469059273,1
174.21741116033212,126.61416972268458,128.67804634781956,126.22827097477627,125.0935403074789,174.24747756796455,178.32113501688085,1
176.65481927315005,132.03988100642468,132.80672616786129,135.39631161409764,135.23770488877167,174.77657436838624,177.16513018335644,1
172.5911740395734,139.20462905396678,137.65967172170494,136.40542492677187,129.2259779435174,177.61122382829953,178.70088766253355,1
175.08538688490043,138.24499512365597,139.47641131264874,136.55404636673742,130.42391816716056,178.08346516145733,175.90616257918825,1
172.16742101315955,143.31474320080142,140.64173447595982,138.47131642615744,140.5432197614426,176.97013417402968,178.27214741942973,1
175.73186581176105,142.120124293707,142.4446163891985,129.51312460245634,134.1053606271352,177.68137707065193,177.67097886790123,1
175.96040689798457,139.79433520165318,143.55562154336832,130.77864403084754,130.3240212287312,175.91482181563103,178.38492890934657,1
174.06561094488194,139.2455191640907,135.39687008011975,136.58536996695187,140.79320906323318,175.34325883751913,178.41193063616893,1
176.7812856782566,140.7723270313745,138.4858344590747,141.47125192092835,145.1720219342393,175.9369119460905,179.12396211223944,1
174.35799109469647,137.34354199442737,138.09378087556328,135.84689044820183,136.50599085875325,176.7556118582757,177.7760788180872,1
175.07987371800627,142.0297401273614,137.75304687323413,142.51811434148573,140.53233181241507,177.16406210504053,178.26735535951076,1
176.2465166968055,144.4432077339522,143.796224601601,146.621809528397,145.50754493795566,178.39882888273243,176.88817204420056,1
175.50168479110408,139.0375343208684,138.77592662014783,147.3690510736966,152.13077752563348,176.78865870351973,176.31230106744763,1
176.5613167670341,141.6537393755748,140.56186591050022,144.88170791995952,138.59228128151307,177.9356870070935,178.00948118604038,1
177.02303109942451,140.64788054651603,143.19799397431524,154.0358484836503,152.23608812468953,175.8052778568441,175.8050633343448,1
176.45854564405778,139.39222071755052,141.6829551167437,145.74675063606642,145.64965414234683,178.8839859385174,178.16205120896032,1
174.80557229648298,149.08634450668944,148.34368857794672,155.5769540895957,151.71702851753892,175.5647093775287,174.71773091525506,1
175.27468275391317,143.20924404210564,145.4403437554266,150.00265154633445,146.73814646050107,176.32442423317934,176.76396523162654,1
177.31253315481757,152.22123941992427,152.7828027991195,157.99212463119642,154.12275377163795,178.78698412467946,176.18418649236693,1
176.33658360928004,145.77615061507052,145.94464833482567,153.96249224341233,156.283695438508,178.30059936417885,176.41317464370445,1
175.79646823868953,144.41363969632863,145.74627447928626,154.25164534605136,158.92763900096386,178.3954517864053,180.2340653104715,1
175.9106900363036,152.6029579457588,153.77221959049743,159.01072809795193,163.28587600015763,176.1366781332174,174.63932260654258,1
173.88814353598485,148.46358064651824,146.1712225758275,158.54697122461255,162.28904493243894,175.8808242039301,178.08402132955047,1
175.5883733701723,155.98854739541187,157.1022683464471,161.5512264882933,157.83505905624094,176.39706504833853,174.50016663270856,1
177.1194018947397,151.15569727969424,151.72565152546727,159.41537708685428,160.45246286490197,175.80369842969654,179.2440092241467,1
177.15467057983244,149.2639293653895,148.33467780642363,159.21352213271194,157.61541883587105,176.6876447650099,178.6347894114036,1
177.49684511227284,152.70206164308453,156.03396421747246,160.83312049255764,159.07671844587497,175.3511788701258,176.07272018709963,1
175.79461446657547,154.46521702816122,152.81242052125563,163.50633626157554,162.61930326946992,178.07925757530538,177.6276952624317,1
178.31079551187017,155.59047587431445,153.93619249470385,163.09587831421135,163.0904117716795,175.355209882436,175.38332078563627,1
178.09704291594278,150.47200064833206,150.58706932930914,160.43937928751015,160.75618284643483,176.61422190028506,175.6778601598011,1
175.8895678212528,150.11198153730118,147.50361901093595,161.50617785325363,164.26459142850464,175.4219509978771,177.1250556481682,1
177.29131527128044,156.22668296730714,155.73204413502017,164.19509461709947,160.85542345338027,176.11353433378028,177.98121497882372,1
173.88182446962952,147.27375516118636,151.53659805408012,162.9568254467632,166.85717099395802,178.23626103129203,177.8201397386682,1
177.54709089397943,153.48770789853253,149.58262913077118,164.57554849821923,167.79946097721955,175.9572489928674,177.0937477974252,1
176.37294244190707,153.49569318383834,155.09270255919242,166.81836406329035,170.6559600623494,176.06498250862273,178.982695654099,1
174.9812006929526,158.37271186309624,159.15813692865265,162.53243697254032,161.5148001934402,177.71042312690767,177.68536848640946,1
174.57432846392055,154.1808511504163,155.82229192672608,168.50931709947724,169.49422319068236,176.50446565008397,173.93765735817954,1
177.08992129589913,154.67268784798324,155.75140526138895,165.02169045953755,159.87965653095057,180.01947724794334,176.83617636156995,1
179.9395895992724,157.23378316595725,158.72727963673177,166.82028009351248,173.33351356672915,178.16297840824984,176.25232513866135,1
179.79913073324516,156.5595870546771,153.11722257631212,167.3580671560973,165.5769067914943,175.45714183085047,179.89775750032342,1
177.79096928551456,159.80749042642012,156.0440847455226,169.62642440924637,165.87839289122232,175.90828646293826,175.24576265713011,1
173.99827056001766,152.97016616298268,151.67826501970927,167.85980256174818,160.91695385998375,175.32787767236772,179.432621444741,1
173.87414080338542,153.10199817142671,152.2171179226888,166.18873867339983,169.90766317282964,177.67636213504187,178.75920160717925,1
178.2122325155727,153.03543130476314,150.2317699112549,166.33673093216714,169.51858574689945,174.62217721850234,178.7253483292649,1
177.81279643715618,149.33614374338083,149.6312168440654,168.78659067871217,164.65365530810257,175.10432982131786,177.5092694528061,1
178.3184215885193,155.07412423770802,152.8843925997498,169.06203191677167,168.2769918749282,178.35948647787774,176.936313859345,1
179.36269559834946,151.37694090804703,150.84538680424362,165.65676790174362,161.42518045780523,175.21530521611288,176.33197877806703,1
176.52010418226948,151.7966108679566,153.92047842101368,168.9592805755988,163.15875122236685,177.06491499991736,177.21273933740304,1
177.1062599098018,153.49156994887235,154.55118799127,166.18953982857266,164.4879038038724,177.11950931126174,177.17318148040656,1
176.50137569518174,156.60006190369506,152.08818703658727,167.35438897114247,165.7420273811499,175.79803534035906,178.90583819180182,1
176.68775095037128,154.783237415194,156.94189603142723,165.9528706625764,167.23396064383113,177.4602899958038,176.82671829869497,1
177.93682355071928,153.25150256392354,154.47024918505187,167.40757865848386,161.46622269657232,175.8953477036653,176.80378512529018,1
173.74182251603764,148.3300012135219,147.8290728249832,162.29735466796163,161.0645658752124,176.47782852086021,179.2320736989496,1
175.6985221776282,153.4400434159072,151.213777945517,165.76560809118305,164.33675507282527,176.4290519186726,174.3296356729434,1
179.1533894049939,158.4415115892007,157.48560184814215,165.0731658909128,162.1701693131353,177.18908377999935,175.70728626734783,1
176.6735451450644,148.43842532339235,150.53615491592453,164.32370248693755,159.6598736806591,174.77591939049074,177.5584343119765,1
177.9434374250966,147.80881814729824,149.41519037922077,165.122189401713,160.4901114547341,177.90716194072567,177.15500454580996,1
177.54203914822122,154.8023157817908,154.24166487099603,164.4604578235442,161.9614176829064,175.86022181597016,179.31320011749992,1
175.19065293682124,151.1430283991297,152.38147373489812,161.24564022904275,166.94077982573478,177.54118328304105,174.97842855374188,1
176.77046071178793,152.7819206516977,151.8959473964517,162.38123794403674,160.68622458524638,176.988371717702,176.79916009089078,1
176.14528492785502,149.10295742958147,147.01698056077166,160.5923703410451,158.10936303351448,175.79894129797856,178.31800517740237,1
175.7561979503786,151.18013233555592,151.4279580133715,157.67216626406125,157.1137115056166,178.44599681070613,174.54159554445377,1
177.18738971184965,151.09293065404077,151.48068248119873,160.0011417338819,159.76291919830524,176.9700172680348,175.93272104085227,1
175.00004227833526,147.1441938502198,146.19364058697812,156.8278347483825,150.9477594068363,179.33097167302304,177.9655336257452,1
176.40951965382993,146.13262243711532,144.74290408289906,154.5728338126787,155.22317284645172,174.77400339908988,177.35646007773516,1
175.8337441754448,146.65623860067177,146.8216758110548,154.3179305003884,155.47813848424173,176.69732906484498,175.46131704383373,1
177.37326239336,149.74966066309372,146.77869184266225,152.48721909365128,157.20689377356086,178.55995178245763,174.94344343938687,1
173.92860204985934,152.42168574720228,153.1132986662925,151.0822731717787,148.95579826263176,176.81459637849937,178.33108777299006,1
176.09060479032368,151.78397555660163,148.70624733817806,153.70414697855887,149.42297266654822,176.5250753010082,177.8257273035314,1
175.1390523893027,146.96372947498472,146.52795130601876,147.88366553543702,144.65725724340123,179.84033943803303,176.51952181093287,1
175.88882285595548,145.81978212804185,144.87434461093093,150.0444534129048,145.53095636068275,177.66088317326572,178.02460576223123,1
176.05976219309198,145.6373704302637,147.79981414184888,147.08285307755716,145.55145283607015,178.28753262932537,178.1472056508206,1
176.2259550098567,148.18976381501653,146.98408008181846,142.00646478380543,147.0440312278481,177.10675312380442,175.7997989950367,1
175.16927466213517,141.9982405019208,141.10854805233126,141.4787388395536,142.03923163750437,175.55647089139975,176.55330313490208,1
175.85933534192006,134.56589851588467,136.21003318991038,149.63018100534157,144.655586872319,178.20192230272207,177.02957792694357,1
174.99397879422602,140.96152517520565,137.40440206053825,143.65595864128605,138.96706414314139,178.01242006306703,175.8284053008141,1
174.30930892047184,138.08289498644098,138.54945692111778,142.04954479135992,146.79954057413232,175.405791537801,178.62520405396748,1
173.2784054477214,142.3477071317175,141.39871313976693,134.0250376766925,135.233066175789,174.00474070720597,175.9221553348457,1
173.2881649553815,142.78210779821538,142.6779678971794,137.58858874607589,140.1061401235037,177.95354577118835,178.65576203944215,1
176.40926102628887,140.53971172316466,141.58335216933614,140.90748215020437,137.80548042355667,178.87489879538933,177.4529715621967,1
175.29409071441924,139.74729933442728,138.66271314037712,139.69263854055853,140.13400051516751,176.78117574092903,176.07637180061488,1
175.52817616716746,137.59350375684033,136.94815964791107,139.283519681567,135.15394898745484,176.72363158595707,174.92771344794252,1
173.99591234270227,134.55518251751906,131.01534099822584,130.02327890413292,134.75823279090324,179.36950198204593,174.9334566171758,1
176.8494167105456,132.4188887446939,128.4152169586235,131.01285874897044,132.82875945180703,174.52312967773275,177.77419247035888,1
174.88849667729644,138.19697480352738,139.64115708811156,131.91960948987065,135.57417289701073,175.3176971724477,175.3061667472596,1
174.4250096243626,130.40945273434482,128.98565514589203,136.87771436155808,140.65607609798997,175.1294320940439,177.48766817399877,1
171.5630084239477,131.26130765649202,133.81289215451523,122.49498332583042,121.92849768081706,175.56742141676844,177.0798166133326,1
171.96984044316986,127.19090446979718,129.94229251997865,122.75397037312239,122.4764277038554,174.26647043842618,177.26460970198426,1
173.4875619968618,138.49267351147242,135.9962434117876,125.73320397676243,121.97896711028073,179.44291347614487,176.73689429104417,1
174.45771167226522,133.12886985817246,130.4722533756873,128.3266045317113,126.36704941279932,175.94626311614235,177.20462590035368,1
174.02623418207423,127.29919434664849,123.69545049684727,120.17379553517046,125.20781073803984,178.4415681091894,175.92960567503388,1
174.91516281262457,126.00050455845319,126.1711587314024,130.25333436914076,131.39398716547106,176.14606203694987,175.68656195190792,1
173.56215882600395,124.72362193949346,125.39986744930349,114.3220510978394,108.68625433954352,175.7543804150812,176.1769452352041,1
171.63233889116864,134.81451244105233,135.39194635777474,118.66809332814834,122.07970765524801,176.44296919874273,176.4113188163181,1
175.7895843027224,124.86886949555236,121.58311099527643,118.08846623059195,121.71470739810647,178.55531758440858,177.06985406575922,1
171.96126375327682,121.77442643509397,121.6180747557451,109.4324108145125,114.75638713135527,177.86445828231115,174.79988991672576,1
173.11620851428222,122.48214306341215,121.27539271568499,129.64792172311766,124.59764748082631,174.79426940179272,175.4934519612892,1
170.58378277982465,118.58398901885538,118.08728771408227,103.87211844149084,107.75344471411825,179.12216301060505,174.12201838343077,1
171.40655022743732,129.39050045416678,130.71645137425983,109.10361882714396,109.60574311718825,175.85357657674018,175.96867494817712,1
171.08617416383868,121.61612014958475,125.00038646342931,113.42272978616303,116.21496435258108,177.01086564590682,175.4856920785581,1
171.02914604528263,127.39948643994315,128.7229947752947,110.87567757581583,106.29302374878587,174.80827256590447,177.93567282607947,1
174.25526187333443,123.84123969247807,120.66707715184259,118.43167914193674,115.0467932203932,177.80014865952256,178.59177988092952,1
170.004130382621,116.45610397191875,116.10175675589115,118.8255177293019,116.38436505891981,174.83155192308666,177.9829388378333,1
172.63229422364378,130.38878549117652,129.67581763184094,99.42703696647118,101.31940698771493,177.46419535688867,178.46619196518304,1
173.46747283972277,115.16159780226896,114.73867997570902,98.55418043530663,102.65458415893725,177.65082240547196,176.33565909508818,1
172.09067066209866,117.7804929393136,116.88952613024988,96.13681381149475,98.57259622405388,177.81294104098393,175.8076618644207,1
173.42838570822445,126.59115474859962,124.53812070847216,101.53648824475647,97.92695375479676,176.49207701117595,178.20167569805787,1
172.43406928932424,126.733989283541,123.76168896290334,103.11501208556223,105.35934267254756,176.5318149888685,178.40611874777022,1
173.97196209778187,121.11708411409676,122.72198625095064,101.07660722141398,105.99073281080966,176.530435715087,178.68189855247252,1
174.19885043193398,116.74195466304515,116.2148615175174,95.58388451114666,92.99420755192,177.42512864542192,179.56108462572078,1
171.27352735870545,127.83457916679097,130.7345034579885,98.60423576787052,95.79141591523286,178.85515422151423,178.44773332239097,1
174.72808554443924,114.52719377484996,113.34507085354073,105.21424299109977,105.25212585274694,174.46229801105446,174.93827302260345,1
174.27011844314836,117.92966477096874,118.70062879341339,116.32797882532171,115.95152392081442,174.088359299748,176.6315953130253,1
173.5073434979176,126.85645379951217,127.61830034020468,92.08021058007924,90.23800115563395,176.0107440160112,178.4336232121082,1
174.026666611345,126.96039202072299,123.64636167217732,114.8539554924523,113.7807775959763,176.40775800084575,178.47537565617506,1
173.48606608275387,122.15073828114592,125.3441926986783,100.62933057581196,100.75300628414469,175.5327596737853,176.02132021813128,1
170.95406796976687,110.83666969329235,110.27948331080941,97.04934496284325,90.95664137332417,176.81246238615918,177.8718451372856,1
169.0518811735955,128.0347246607235,128.2553159259029,100.27524653131928,102.18058181730142,177.09741341125743,176.8020183717646,1
168.91663567645693,123.53852669292182,123.4913089484357,119.54503604540695,123.68423060275505,175.99852899811,179.74068654164952,1
171.87891004512062,127.96240229693308,128.68006872406363,105.02539542091749,102.54349422483894,175.0197810927618,176.75601206646817,1
173.30308239157762,129.55251746189913,132.1930785311457,110.87535265395185,113.30811606893107,179.1660941839533,177.66924355799244,1
172.5375333607555,122.73382660270393,122.26706273519474,105.88803768816143,101.36247713589104,176.77900778656047,175.60110985187166,1
173.66209342968327,120.48810977327828,119.57459293266052,100.74655769819584,96.88073725829028,177.925465340608,174.98117597946145,1
171.1085006917962,115.15741227553603,114.61477156813594,109.52985659280336,111.16625942683248,176.82709030747793,178.25118408980745,1
175.97924963383159,115.45482414376052,120.45794183052284,114.22555585904823,112.25528055146462,175.98837015854954,175.47424040934337,1
171.8253189126401,128.827017703283,125.7390229063518,106.39668929923226,106.18926871639675,178.48747300788412,173.79818429088297,1
174.04559759591277,120.03694686632964,121.89661790872024,93.95052960726592,92.2568224126972,175.2161348693594,178.88066991032676,1
173.25622200087255,112.60374996716372,112.99327152968692,103.79574816384317,109.2633570330899,177.5017904199738,178.03162617931528,1
172.71248839948058,118.7800864928343,119.11149011456662,111.25177961927216,111.79470660898201,177.6882895308605,176.0318518418792,1
172.70888124165864,120.08559495001181,121.40640588774565,101.97454608546691,101.66886034792023,178.78800969139667,174.97688865593724,1
169.50212415704962,120.06506436247393,120.82515978449571,120.78414457201411,118.54501484369018,175.52310145811913,176.97724145730052,1
172.33380089352056,126.1583725044939,123.96076548992963,104.46725254534297,106.7108777710261,178.76400096677463,177.79271925822414,1
172.90663842503332,131.12095408669535,131.83650123936735,113.71029058609538,116.36381469557284,179.2536103697418,177.71282423654173,1
173.02877745617673,116.26027292492806,112.26066028882943,111.01401586087216,107.41233679469721,178.27795822252696,178.2327869364618,1
173.71253757897537,122.64050405203997,122.88275284707208,102.86544022529584,103.75867741863017,177.51903965955515,177.31058623077055,1
172.21981295347206,123.77588535848919,125.9719760954313,103.44833131809186,106.40071535455397,176.88138760767922,176.31706454832562,1
173.42018779347,124.43788458054235,123.54492478561477,105.96068082777931,109.16081087951038,174.9576789957491,175.80761923158607,1
174.0850784179966,130.36760888075023,128.58991022502423,109.72565457098412,108.71188281882822,176.24686030734586,177.5574117585292,1
174.2785126129016,121.2832078999131,122.81846707144064,127.72032679807668,124.61341162688007,178.34964306505483,177.78098555969834,1
174.54449964907374,136.4641869402552,136.3067597165488,120.26180295775553,116.1076827244502,176.75409094581406,179.22419721230935,1
175.6667847487627,122.6761435806586,122.86348049179949,107.46553114795535,104.22552405925866,174.15797641433616,175.8858283134571,1
174.95093835394266,121.98385283186721,124.37527118153247,121.45182180528101,116.53377753059358,176.67491110109816,179.81104520827873,1
176.59818983556337,136.46907181882963,140.00902876440864,121.90701734758235,121.10762967168316,175.21837095131727,177.56113594359203,1
171.74263153515935,126.76908968667966,128.0204265528254,130.74500419109017,127.66711314931895,176.69008273334126,177.94431261093476,1
172.406035898735,131.24017607078318,133.4183422343471,122.27668298978715,120.00309447523604,176.84336698708452,178.48814972296455,1
174.0381235721285,129.94838190672527,129.57921350733582,121.47585133559518,118.0834445338296,176.40294842301017,178.491435618374,1
172.3777814513288,131.69734066001678,135.43235372554412,135.5619095587023,130.87689860653856,176.5738161849776,177.4693735303855,1
172.66285719542256,132.28104252785195,128.53572678857398,116.96892096147907,115.48693976896554,176.89894851341785,176.40472970710235,1
172.33292077594098,129.9276805882643,132.85077921985504,123.41702413659549,118.32856405694855,174.2797273504903,175.64213741979773,1
174.3308623319393,127.59214859222902,130.0680507226455,120.25406464069633,124.05942194403907,177.3023477592535,177.31362480945387,1
174.9049095939503,132.60895397139635,134.2095121539343,137.24665875671627,136.44384965497483,177.44520984260356,174.94986728877137,1
173.43401312377344,128.23526639869664,128.669390577965,133.91557115062147,137.19939848542893,179.72445566127996,179.7199144648737,1
174.70005185420285,142.11056000273229,144.208525605895,136.35723952243535,133.75768673037388,178.8230197599839,175.65958693672712,1
173.75389815228777,142.03398331390906,140.2112686630308,141.81989558007277,137.2427054795624,176.0369509838248,174.33006795101278,1
175.54975882212923,135.88508832712225,137.4112048161747,128.25227494184628,128.79370982746974,175.41505561524338,175.42696769724725,1
176.8993758410879,138.65061740261285,138.54451646583888,141.1852290816254,142.99803145131324,177.6159019801843,178.4913886454077,1
176.18646167273187,138.09505605332842,136.6135683383387,140.74090994288215,140.84400037417998,175.17863098764445,175.12915683264436,1
175.1629712893415,139.53614986239543,143.2338257940363,142.20184750554165,143.39820539384323,175.55774842719453,176.8772591137933,1
173.67980281224754,140.02577506371787,141.17430066531895,143.6498584727589,143.331493426666,177.1061882128299,179.08413629809831,1
175.63061926390745,140.98471478465234,140.6747633977727,135.82441754203018,132.81192819657966,177.51520449486384,178.90999586184475,1
173.4950055878093,138.41064661235083,139.17871108372904,137.41731719166063,133.85406221854538,177.41764067848683,177.2670634527466,1
173.6406796807601,140.7789668057511,141.31968728482153,147.9327188716671,141.6953740499223,176.30711628808066,175.6551156031233,1
175.01424797200963,143.6581926750686,143.04098028085602,149.1814325406895,150.88429244028865,177.19893046817444,176.66826217416352,1
176.18234265271215,139.9378748611561,141.96507669370044,146.0931359173486,143.33781672416345,176.5135992752606,180.02607136226493,1
176.9276976490429,141.9273254303436,142.89691840565334,143.65862700410221,147.32210420102814,176.16877238083075,179.079598939963,1
177.31102347197927,144.75493563282416,147.330482553394,144.21124067497243,144.515852941596,177.2146688310821,177.88476795492807,1
175.59973057566282,141.09117826115963,139.86788254015158,147.40871552655975,148.42223017406647,176.48467486616502,178.1795054945875,1
174.50623141073433,143.4641299886823,146.18700846740495,153.37691058730252,153.2627942119466,177.3302436817906,177.23906464451025,1
173.81867243951777,150.22653601140215,152.6452351241248,150.92829820339873,151.76251825297066,177.301418298954,174.63583336664757,1
178.5896190198261,145.4857207508449,147.28164956431903,155.51028428706306,155.5124546508908,176.01797470592987,177.25073186952253,1
175.84324493486935,150.77355266500493,147.01250430808983,153.24417469772231,147.9887252977483,175.50341836875631,176.10340291419817,1
177.1228848019291,147.41821504974797,147.32696045528985,157.34464855387074,152.11035551150957,177.6642537516896,177.19531647080046,1
177.7041971325824,147.2001884866501,149.39345910568485,160.925034662485,160.29117289501832,178.99449841736944,179.2581242276094,1
176.68641891144637,147.95431938715365,146.60811513363427,156.57151565847354,158.39192687882743,175.45385862065024,176.45774143234522,1
175.61429775878568,153.4682775688405,152.94986805391483,162.38723239703006,160.47405958358883,177.99937627190909,177.18085539365836,1
178.19403698796913,144.2394738039431,142.62715036719183,159.41005265517813,159.40472604410436,177.57978088511746,177.54138279916634,1
179.1573302745032,153.39351697512856,156.02095322613414,163.23361173422532,165.7015110951996,179.7507668394427,176.31112142358236,1
174.78597497591366,151.66642361988312,149.89468464567946,159.83740738245814,156.3460207582175,176.12656191653826,179.65210733578036,1
173.73694756552356,153.52176126316957,156.18062435873614,162.07340088623897,165.8432836895255,175.344844800998,176.5805922420113,1
175.78571171673542,157.69605731010145,157.83320045644984,162.1216145964225,158.06534547702688,177.4583880681292,175.81812902812638,1
174.57819422909827,156.38995213038288,156.58347357615935,160.92216338383784,158.09698362997983,177.61413332980734,179.5030093214924,1
176.31490482993422,155.8315416804851,156.95801579205533,163.1694453997202,162.7815404074891,176.9015654799964,176.5933355091927,1
175.9674365718867,149.431607346457,150.60050741287506,166.33707191071954,169.86136903978897,176.3018653577543,179.59295235061802,1
177.97034115898802,153.06586186949696,157.92474751573678,167.719169280544,169.71224124172656,176.7965319737722,177.56137643526637,1
178.5705974884387,154.4695239432131,152.42947553144495,166.82319968991237,171.41366687933348,179.22083266724155,176.01713618738117,1
177.1849491166496,154.48950967015307,156.53275057304168,168.16617090860206,166.1687328245415,177.8067125520364,174.60680811553513,1
174.82559739890638,151.66306373604954,150.54920479166012,165.5435889689062,167.18179617513354,179.9562988112512,176.30090386620384,1
179.7921248801215,158.34425687348144,160.72962614998315,165.08436362137476,169.4271273010839,177.04996036601977,174.42227061349868,1
178.2372546951948,157.01851169380183,158.5658099485979,169.54889895319445,173.36915589326782,176.84529674540047,178.52917571103717,1
177.30221577262938,153.0842905188566,151.26693394361402,169.0356466613161,166.59877734713655,177.1017995059317,177.22783049096932,1
179.68237050509222,156.56208596529189,156.09874886957456,167.4614392218056,169.3706573030446,179.9489173727733,174.17050489500062,1
177.54332574749156,153.5811070576707,150.01131772860128,167.1320527396499,168.56430310897431,175.97351569327154,176.7779640478512,1
178.3203711773312,153.68662500514122,153.3023450513565,165.25067911555158,166.4416044205543,175.4726346715681,176.28096674215854,1
176.358824910312,161.1030015745102,163.23866188557133,166.89393845317244,168.70862306705712,178.6611043857704,177.20860597556745,1
175.7100597931935,155.13771706105493,153.17442276274727,170.31875645098626,165.2005669442187,176.8713474579523,177.8751291962324,1
177.57781451277552,154.7492123630357,156.65949605092302,168.6250209846118,165.38372504053405,175.75773813820726,178.7247653360272,1
175.70074367517347,159.06205533288224,157.94641705950147,164.7282531522921,162.71825135185478,178.6089130882998,177.6744919126032,1
175.09056534746202,156.0074993186172,158.84381982352082,166.0542675632915,167.7524417085725,178.40584100900688,177.97216283975817,1
175.44489380419628,158.59417774829822,159.97838385262463,166.5458324812084,167.17310960601392,177.5373471771035,174.49344854746374,1
175.02103335704635,151.68995648372444,153.60472469624634,169.7257919605677,167.20485231076287,178.37857702893416,176.5236066469134,1
176.8562450562213,155.71175197466872,151.78433969115252,163.72349463216256,165.55795633763617,176.15256628723415,176.95634811127093,1
176.95786010937064,155.6864225009774,157.97659698077442,166.88106527760837,164.64811015776016,177.02385911614962,177.55193630056004,1
178.6673410096065,157.6413691537944,158.41285051056187,165.32851704690208,158.7991540108706,176.4263915565679,176.4544003438419,1
176.39105860414884,152.77695197308714,155.9355800830086,166.5351984254081,167.78876393408595,175.4548491404591,174.1466761101195,1
178.999820577791,155.0174945035257,154.55913298573543,166.73386357952597,169.62890245906115,174.08742939751278,176.76064187590774,1
178.39560786384757,154.11481556620137,153.3762259756156,163.72240122260317,165.8643188839061,177.25578896254584,175.09160437071944,1
177.0943078888964,154.93297881896916,152.875403908039,162.23484541836214,161.75599039087663,176.10301781641402,175.5597828420481,1
178.35560406384295,150.6962574344092,150.52430501681744,165.01763378615178,160.08835925980094,177.78210616499396,175.04615412429487,1
178.9564108572667,150.9485601061506,151.2365205681062,160.10284871061688,159.50083324435442,177.24287356863266,176.4366653998279,1
178.396303568757,146.56464923488633,145.82044858091982,160.07435572694652,158.77659618382933,177.19549864294774,176.04368766867373,1
177.67905946147525,156.07249209804917,156.58784961624136,155.6543654624162,159.4836818420101,179.0629478742356,176.40238488977155,1
177.20790488964724,155.71496000551576,152.49013801472483,154.62733799371912,152.93849192518425,176.7948919238303,175.9669048446808,1
176.24445118014367,149.038895145102,153.43026714389842,157.73664905051925,162.41269901618503,174.81017085722672,177.64286433380283,1
173.91269172250801,151.16522241152683,151.41378310500804,158.11722013228515,156.91028738524926,174.61674904028465,176.65736521312516,1
173.7989063165735,147.88165041166843,150.53069259134222,153.43915405029117,147.88468768707085,178.39901258704526,178.4375840243792,1
177.9493352463993,150.34064010505105,150.50084858159883,157.9877279630852,161.14055458737792,180.02269383125366,177.2302894672702,1
174.944593912794,149.96295506747694,149.78912139811686,156.06302213274463,158.24836448295122,178.70273419459295,177.74562084811595,1
175.74949978344034,151.23489097212067,154.98964062021994,155.24309592718598,153.38938215588334,175.23496596568611,178.91282171355806,1
175.4458244355285,147.21861518151056,148.98997755427382,148.25314718862796,151.67119327519507,176.84014452997607,173.7621287488086,1
175.4462177541157,140.90002254011623,138.3738861635537,148.83603223602202,143.7641365120078,176.2402451624478,176.11060519658113,1
174.10363254471372,147.70832082728194,149.28349275614931,146.97592978195112,148.84779306785782,179.37457495781115,177.26032785180814,1
177.2212374255182,144.77627434732133,146.29183658005192,147.65652572262113,148.1857695318016,175.75504275439093,174.47076009559893,1
175.00121583243987,143.89110361936784,145.37208046013424,150.00946410410293,145.76516991748957,177.9501053031112,177.70334398653313,1
174.69095320252978,143.58767439898497,141.11047450983608,152.44120880307923,152.50651991029852,179.237192679578,176.65811882817934,1
176.0125779536782,138.30814580646287,141.83697959685006,140.26930693686657,140.1345039782367,174.8584556178053,176.76589600227095,1
173.3897653535681,139.242260228878,138.91340123200416,142.59659514851694,139.8309627040477,177.95085308280494,177.60603909499332,1
173.98987882193515,142.35764449416976,142.87988128169414,144.106786429234,142.0506576281851,175.83391592219073,175.8280437644883,1
175.0391889352759,139.63572127014604,137.544218664232,133.7871436830266,129.07959177820175,175.40468834819723,178.75293687787672,1
176.98662028090442,133.67692287475995,131.47151864160017,139.4199833332795,135.45146092630193,175.69113264877623,177.45788801425115,1
174.5079770804887,135.20318072848033,134.38735542315507,142.4894311251232,147.6023859820365,174.44417382925886,176.1102884044291,1
175.89508692426915,133.37481283632468,133.78048936293942,143.19973583676415,145.100797815872,176.06257293932458,178.86700838229152,1
174.51961063774897,140.1874900459598,139.36211327640856,139.36377272181545,138.19326374350828,176.95294191436017,178.47056482635355,1
175.2432326191763,137.6194776390935,135.75386484713846,140.82408233252985,141.7158226837314,174.84309113470277,175.845411949047,1
172.71090838936848,130.09864424193427,130.73697755559974,126.27876255916499,123.386908419775,177.7053794316979,177.44591229236738,1
176.3111127569982,134.2485719718899,135.52888711692268,124.85467770057369,120.67805473206992,176.27015572238778,175.85931238824642,1
174.0458877538021,135.87893975707178,137.21847147285496,133.48151744716927,131.5073771834326,178.420541064924,177.65859018558027,1
174.85940853394612,139.80695723854126,136.83643296891432,134.29250532168788,137.9550096326643,175.3093938347004,176.3680554811646,1
174.72323071801964,128.29303683251746,130.04094697358605,119.54747469162625,123.48266365415651,177.70350014703934,177.1803366835786,1
174.20376940746465,128.94315268390017,130.86008517645277,132.15110409489586,135.95612260887452,175.4566022571191,178.8542454291738,1
174.3666572554685,129.68982545936396,127.44036717165866,115.70610507156424,112.13164161333192,173.99558055287918,174.51328512834658,1
174.2857662012943,126.31938784801007,126.00481533313622,115.21216882955336,119.71622164912577,177.0292340411661,176.78637327043364,1
173.75519080990546,133.06658353701985,132.48806156240013,127.34345840535227,122.40041161872585,174.51399012453484,179.16651639068803,1
171.1661992014696,129.14665965892675,129.4661390089528,116.71427581679393,114.22626966607382,176.9652900921893,176.4577474411313,1
174.70217729928572,135.098773245168,138.82022639671823,119.85245923695791,120.2226534812217,177.6367602893934,175.9375798676167,1
175.07592588085996,125.16376869779393,124.39753255378324,117.7651603989948,121.12972754066735,179.3446940699016,174.92129483046128,1
174.3533248583088,129.167777570354,127.61558972667653,113.87647488050581,117.62379879352542,177.18710749429655,178.65175824993008,1
175.6054899411207,131.2698464485214,128.59685778486747,114.92793609857635,119.54172195626414,175.6135799761114,176.22797871712103,1
173.64611609535444,121.86054855411865,122.94211534645372,112.16809829346984,117.56951645360905,175.43721929656732,177.3791783261701,1
174.39908261449233,117.22106092483192,114.86427203140647,113.48445576725102,111.76649263326728,176.70678186557888,174.5173503373721,1
173.85611092614263,117.43589669181084,117.15168723444275,113.0185870954663,119.97730050180532,176.1470907029275,175.2043108027048,1
173.56567309517126,130.58929868698647,129.84352539783947,119.22488771650484,114.54083766193726,176.41673472256136,178.43824128642342,1
171.33407451918498,122.98384530914055,126.41999464133444,103.59721392518196,104.10034549145786,174.9966193240871,178.2763346122316,1
174.4349646499789,114.88026029864537,113.00215436396275,121.14253416274109,122.14511312567865,176.09747252322103,179.07818049022936,1
173.46328881320693,132.08331773307157,130.59643233464757,123.04130829289575,120.7722513688699,175.625304166118,178.0435237979749,1
172.90214563169837,119.2493212514406,119.16954335278382,116.12069630652883,114.26984798788371,177.2385015124112,177.80685098091462,1
174.44662406833777,130.13475295591158,130.46392388720233,118.55663481032637,120.53837731800564,176.61220738435563,175.61944061989703,1
172.95607459601683,124.35764531017566,125.70597429903351,97.8651893796275,99.39097930339842,176.51484855631986,176.80369083203934,1
174.29141881647914,120.81574584453608,124.62611571567273,103.6748735287752,99.11670432289071,175.34684978380344,175.88001185681213,1
174.48960885058622,112.47864532351849,111.43644377021323,94.68056255242963,94.28023914338513,178.76741898537495,176.89937794206688,1
170.6875144511115,126.26774761207446,128.12558662504154,98.67198152476381,93.33429628234036,177.4536183073399,177.75109281800272,1
171.2960264131759,126.234809880541,126.71431016137369,100.36733821842805,100.97361764914123,178.5438790779245,177.94041499981878,1
169.3887615986553,110.11093569650251,112.90582187543072,117.78758755016462,116.33203717313667,176.65811631128082,176.58409729894188,1
173.2069971898993,123.69632108598978,124.32144983939251,110.98688651129946,113.31624610156932,175.68664407493662,177.57882007293264,1
171.42108113019253,123.87686299769533,124.42616425424454,101.52650016944693,100.58637739050168,177.0482952648347,179.43394467331044,1
174.30652145308974,114.3993971503258,111.5604569379276,112.5132994985792,111.45642049265483,177.4168342641636,175.07927626476493,1
170.58570570790255,121.10381390122468,120.9870821473977,94.3989130269108,97.3423858597231,178.82622739973016,175.74134939713812,1
172.5530666751081,129.27505239268132,131.10484081799945,99.86758956121467,98.71301312501863,177.8862199151554,180.04250736797547,1
172.43053415181456,121.36737574953668,122.09232389625011,101.55081210269063,102.24722678496435,177.06173900789858,178.81921794335005,1
171.65635192926968,112.16031900219699,111.06529965250316,110.84271539244475,107.88570610993338,177.76337330586927,176.59428476689104,1
173.2789214543313,129.67576555094803,128.23227778962894,95.79433424506134,96.72884850919984,177.3036427152673,177.07925495535378,1
175.4502945139617,125.82255462867123,123.62205201671865,108.99667366722235,107.37437955177235,175.21356306182864,176.4962218223849,1
171.9600079845395,123.29922555769927,124.183070031918,114.68837987198052,108.5306119531687,175.31140907901147,177.66434053690776,1
169.20904866755282,130.9716043735814,130.25498157263104,91.1539000476131,89.18662708743605,179.0616027635725,177.81859558265728,1
175.98252770979644,125.60241456781338,126.60882097287588,118.6058753870611,112.85084872100826,177.5454858674067,179.13624141630353,1
172.23924860385702,113.53295438892383,111.81397119379756,93.52678539570084,96.20119693851946,175.70229625939788,177.61334225259625,1
173.31912545201047,126.9127635227093,127.3255779183114,102.63676555542533,99.09375439575584,177.11698888142405,178.09395636932615,1
172.57132298890534,114.77884550986124,116.28138171800288,112.10381641065243,109.91708541231529,177.2134743169696,174.19988504225572,1
173.58190836781623,120.45615592156118,118.87860577493305,109.00975205078059,111.0673495821035,178.49374384539237,175.25744318472917,1
169.80935148182576,116.46240046270069,118.37784589378985,113.67699292216851,110.90856062866582,178.36082928084292,175.35449899757833,1
174.45458202500663,121.5339817956087,124.12134051990431,102.85211648803313,102.59678253855238,176.76317729209114,175.23818616656595,1
173.04153029932877,123.86377111606264,127.1218555234843,97.43665559420842,99.26453634716763,178.00814843622152,176.53065197256385,1
173.8759296311773,122.63181467166869,120.88890924244714,104.48711902783842,107.23637746529926,175.92732421519358,177.10321014689504,1
173.5668176746129,119.88431570127149,121.54865974989278,122.5021520121812,117.2018146029306,177.96170167499028,175.91032294159726,1
174.35033691345873,128.49549066431658,123.78997683058657,101.45413410270066,99.97357115326855,177.35191467747353,175.49882114468468,1
172.62317106272388,120.31653365020377,119.6553180892084,103.6437591937111,98.94457284722078,176.2289487034999,175.78986628822642,1
174.833364823435,123.63938181504697,121.13275759818534,107.57700896282105,105.58390489374,177.66504422432925,174.56573395287177,1
172.72241643437812,125.89144467566824,125.15098578581365,108.0709622756324,104.42199501996522,176.23101347729283,176.36172747522818,1
172.56785518280986,126.31537122371817,128.00866356521874,122.61324335035704,121.22464069953091,179.06730598228594,176.8436320091524,1
171.87580193001486,125.45471853626867,126.44190352923766,120.2191640098317,116.63160195219429,174.7963052542415,176.30743330996637,1
172.6260818584636,127.00224418201631,125.838086045179,108.52564394780454,110.29842886200541,178.41640109337425,176.8779430189696,1
173.47981034677176,122.61342900698968,124.7335788165038,122.44908546536423,125.88477899083242,177.28860235944904,176.2809712699205,1
172.88979660178867,125.74136542047133,125.3136463113391,119.32407288091727,117.38215377375283,178.44876961857216,176.82758683789666,1
172.10501439629385,126.28034025280893,124.74120699311771,114.43062758501925,119.65326784077587,175.97838520424688,176.54535158121539,1
174.96195347029283,125.74201657262716,125.49189564847154,119.49866562951473,119.85513568772791,176.38640675376777,179.38606321263183,1
174.23815847564654,134.71553276034973,136.25156504305252,121.22211842351285,119.20643969043195,177.74249285171962,179.43803307748883,1
174.61292159721924,125.79104332564346,124.10807160911543,132.47619193799903,129.0146412233853,177.239037845169,177.92662612960623,1
175.05950686420428,137.11912537101384,137.27635729207486,121.29425492740901,123.3886053343688,179.41270674790724,176.16006512661926,1
175.1580550849503,135.90640307586173,136.02445178409877,134.19192603674202,135.91646620341072,175.9911577434287,177.61374040908018,1
176.37548150514377,129.0566100467081,129.3028685013987,122.97212450917928,120.6662971381155,175.65288581856677,178.55012887985748,1
172.66945300384484,135.53132867892765,135.99064633380794,124.5364041389381,123.02190337199522,178.04329448614337,178.33720749577267,1
173.68531394760484,132.94419533988395,131.08483437214713,132.60286662362034,130.57229266616852,178.31133986066368,176.25683572083346,1
174.83261553733732,133.48402814330777,128.7151182132674,125.68453559777271,126.07347085502562,175.68409486042833,178.35528354731483,1
175.40450443521922,135.80882841621388,133.78740456962743,125.51219717933328,124.16029209806763,175.90493749446475,174.75062221119717,1
173.5611990431796,136.7411238415696,133.6399175868272,138.77248551854808,135.49419753797028,177.8801514924384,179.8688723777982,1
174.03267771184554,140.4911384956305,141.23763499937732,129.40249900561076,127.61218609075169,175.01848877557322,176.47749132985072,1
176.97714800862207,140.80996955458102,138.07229991559694,139.1075112199479,142.473615910601,179.5150670808757,177.43250808526025,1
175.14264904317835,137.0957576282984,138.22947197402425,140.13800595623857,143.5121948157307,177.48639699310692,177.57427901797087,1
176.7026524859134,141.47467544812054,143.6536307497708,135.9074563131212,135.75260778304633,176.30830224707077,179.09292629714218,1
177.33126963786626,141.39673227931792,144.0586351005789,137.6937654238162,138.3801598891832,175.9367252896562,177.16261890613214,1
173.65492360082152,135.09241987459856,131.05735144784572,138.30099453881255,135.84641679481587,177.49587388335107,177.35466117357552,1
175.73570716029715,146.3737603488294,143.76409005424043,148.94487557468779,152.39725761639673,176.19595289721147,179.59831652495754,1
177.56386269988258,141.87404121446335,139.56322114269577,147.96355828617595,148.85118132612038,178.54750740936257,178.6888617310994,1
172.5501418405472,145.66319519714517,146.77420593553398,149.06389586687425,147.0120781084353,175.638368770119,175.85930338159457,1
177.17174135872042,146.7808054171164,147.6673915821688,148.58216063595782,147.6371317016125,177.37019779698284,175.25254793844826,1
175.65882088101972,140.89178333022969,140.04205900872722,152.09561442507655,150.17029180601443,176.79850144394055,178.2715369530644,1
176.43241032696596,142.96082963147813,144.49440184714135,151.71677420262387,153.3402941651698,176.95278703100388,179.0973203603887,1
174.94407236268108,144.8646325089992,143.81583291332532,151.8616381672253,145.18100821387526,179.70470356999678,176.0442010933767,1
176.7487917564663,141.42967334437586,142.7379048923095,156.72077724848867,153.6448451556669,175.56978943344046,176.93395043959467,1
175.27114570213107,144.8684086446888,146.53795121074486,149.62039001449764,151.7977286879619,177.8547318756588,178.3623635413644,1
173.97081211464064,147.77442407582032,147.79923815881165,154.3699610131892,156.36297689253067,176.0307930641355,176.44903941398297,1
176.92379637811416,150.4238237557188,150.88592437883412,154.91162265968404,152.0705461667942,177.8053751503797,178.85924939888736,1
176.29052212036956,152.98710829478233,154.56458337271866,159.4261185642987,160.66103018925915,176.24680733119308,178.85513260540475,1
176.3022560269281,145.22911517058262,147.61564892046144,158.73861231483087,154.75487956838452,175.25253631730416,179.11128430067225,1
176.0689376060636,154.197312585625,150.81582053002472,157.75283762095805,160.04874459105685,177.62887778443778,178.76510378424643,1
175.68664536705592,148.355368610114,144.54662033570943,157.86932448352465,163.2051489383722,174.55819263032166,179.60615195130805,1
175.91871334919438,154.89277237663816,150.73523871408764,159.1453816601964,162.26976608149383,176.42827850647473,179.4301403490339,1
173.4991503346649,148.51510393411928,148.27763196498813,158.6963045114633,160.74877638983503,177.5293132730195,177.09237227344838,1
176.36976445506238,152.62631940228474,154.99054055325308,161.00008895891645,158.88242870608093,176.81683435417744,178.9093605486118,1
179.51972056412782,151.40089749918616,149.26467166979063,162.66603778872704,163.78349971280565,175.8047534681524,177.38533404747542,1
176.59987490113363,149.60662263812713,147.8704876412968,164.5883239340177,162.14370816698653,177.6468064186932,176.2354746477524,1
177.80404214898127,147.0611151232537,146.4515206353977,162.3392333377451,159.92335635492958,176.18010034866748,174.95431276135812,1
178.34169833099475,153.1863243733593,155.1298609908623,165.8403679986724,164.15087218047307,178.14290137689466,177.8645972361383,1
176.62110746971513,156.70038500139302,153.79457910811672,165.56376611642742,160.32861504396334,176.47567812539182,174.55599428255414,1
176.78386621101905,155.72654048541912,155.401747645423,165.7096897010613,162.833572290275,179.06798067647114,176.46361581501182,1
174.8610496121128,155.67218299475147,157.9721878447461,167.0024977017812,161.71629239092678,175.84631851589324,177.8003308623075,1
177.1366984994263,154.13465460110038,153.02545935127512,167.95615486012164,163.29750932929073,179.01898562865517,176.11411343776092,1
176.8693607133937,150.79974740705208,152.10477752479252,166.515268399161,165.9200306856687,177.84784354102248,174.95178255343623,1
178.2908611290431,151.44393069891152,150.2798520586011,163.77055879282074,161.71495186057717,178.0462265395393,177.09107755426612,1
176.54838028894,152.8992733459606,151.49334579870398,169.44898364494418,165.02780326290286,179.2499145388253,177.3911111568727,1
178.92350416132655,152.0782945369575,155.00940983874736,165.11263528571334,169.25485953444635,176.43057797433306,175.1382413346104,1
176.78527067842302,156.09166846329774,154.4216021100539,170.51356498194755,175.52203184858993,177.55287355205104,178.7726002154297,1
178.73295443531578,154.37562456108677,156.3951474866373,165.02221686174747,165.260631012021,174.96851305669563,178.7966054451887,1
174.85426886523516,157.0286837784542,157.5766170979963,165.76708537160624,163.36228942178093,177.83672772864693,179.0442761718846,1
176.73847969934917,158.82933677638525,157.71639254443352,168.54632345684067,165.43567066890012,178.01949222935679,176.35517823857992,1
176.00083948871958,157.07846595073977,155.4576907423276,168.65178542393062,167.92648782738374,175.25111731695333,177.68244226661557,1
175.1570115070497,154.24880321824784,156.47984193735698,167.7267753052804,167.33483524362276,175.80987391460206,178.9823301175461,1
178.5651435197512,154.62021120181504,158.72949594408178,171.18855822772818,171.81713296499638,178.81447926020726,178.03105246942627,1
175.4727175958597,156.9677551739746,160.23680357124556,166.5719130255717,162.66704209559418,178.94203031311926,180.48522881872861,1
176.06935587958785,153.74981468170228,154.61190735910444,166.52970458231587,166.53611641100775,175.85703197459154,178.5791546993886,1
178.86889559708362,152.1836385999495,152.5602840915085,167.08433334619917,160.42172883406246,177.31875623559287,175.9514396276734,1
175.76794783700223,151.6999647288626,149.44676324625334,167.5476991122584,164.60348993915687,176.46121378549762,177.37963901326648,1
175.82918612161978,158.69031622842215,157.3203255733455,163.40917969483425,160.20751608438582,175.81673270035,176.19113943259708,1
177.07750796460087,151.4311346436599,153.12767491032818,167.12254752790366,163.83402015546605,174.89488113413717,177.96833137479382,1
174.55592363083753,154.84935138108585,156.76702162124124,163.94894253966632,162.77929691759,179.21009902653145,176.90672172025373,1
175.29047235851493,157.56532966468112,155.78544164978513,164.064483424696,159.36653358876933,174.7976114518216,174.32562502543354,1
178.7566006499323,149.42226790951827,149.65710602077337,161.41506394278468,164.54440659150373,176.65195476590705,177.38625504027993,1
175.70052301929542,154.08950861374078,158.73590063245572,163.25957204076698,166.01819771053388,177.53531600637172,179.33261832371676,1
176.33123319437377,148.40266061178602,144.8334497440071,162.03236413755704,162.31562000118683,175.88863364078918,175.0582564020518,1
177.54931335143084,153.9055383495117,153.01961049653121,161.05695122933273,165.2186252309982,174.00068126437185,175.29443875497552,1
176.60411244943495,154.3259270394452,154.99158367373013,159.46846208245256,163.41354877959756,178.10221414827924,178.87373890118934,1
178.840403017558,151.14727530172135,150.93275513670324,156.80523453056415,163.9158736796478,176.00899220743986,176.45358750156393,1
176.94028094576018,148.1102645851533,150.8124420411492,155.7600452003619,155.71387026702777,179.1211992406749,177.56635271465254,1
176.04702003388616,147.7039722830578,147.67609039036702,156.8714277320848,153.97253125497136,178.63632989706255,177.32840269597708,1
178.75431401799955,154.7549695613804,154.63221720521753,154.99601256483737,157.12361851688794,175.80947513845888,177.2439735015023,1
175.81431471807562,150.2254416454042,148.41309913152685,153.3972861831568,154.3594456142237,178.34954026611086,177.8183224170175,1
176.1761984751125,150.13042663853983,152.96659708779973,154.90492415735488,157.25405807007456,176.37169742422583,178.36314086306874,1
177.00851675914365,143.3546561993738,143.89457418328968,153.23341291475322,150.94354073470166,177.7607623743683,179.05012358112924,1
177.93601875259932,145.60689695204772,145.16711877592397,153.54108787772526,158.92328845715446,177.80882187212163,177.29508827953157,1
177.13520470241625,145.34370053143326,148.28465175864702,154.2376151434542,160.7195445140002,175.8217848918441,175.6534371814465,1
175.61548961241763,145.13233535822005,143.8685862514203,154.45110405925496,149.37529985980547,179.19920219420632,174.8552195364205,1
177.7006710889351,142.06657160682815,141.66665663415407,152.9284936139755,154.2507437947123,179.58967284712358,174.28702569364455,1
175.7667601121993,142.09953515878055,143.92862273118334,149.8298730643964,144.5874491406556,176.78110965510268,176.5027208379585,1
173.1898363121329,140.48625236868654,139.97561942821736,151.83979420609975,148.0315169950358,176.1597872166944,175.23320227079736,1
176.38072416439698,142.52110318895495,140.5021301642524,146.73116580047127,150.7675383812893,174.8021904669914,174.41366505828978,1
175.94291612508118,136.89643123114908,136.1743487443689,147.57850628483283,147.6561057373947,177.2086629720798,179.456480372805,1
176.6426422279922,140.78826155093864,139.72577593635486,142.892838377115,145.97890151434808,176.8643629123445,176.46080822151026,1
175.43147497785574,136.71083676516622,139.5395584664635,141.25488840710912,141.26275886693796,176.73670906684995,176.39177738783798,1
174.92815599320613,134.53652872295584,135.6185623202954,143.55468229733674,147.95958932058397,175.15530121441668,173.9262743938648,1
174.0684918714585,140.41664401401283,141.070700363249,138.13312073127452,138.69744935156382,176.86318831523585,176.93207311166262,1
175.49884919933524,134.18193562329003,134.0082082963734,131.62216917653677,138.15133235426737,175.67213110228207,177.1867067356277,1
175.93606628401267,134.9548841684872,136.71804278787312,138.8808177700331,139.16668649234688,175.47279207261957,175.7754877278961,1
174.46768265408457,135.00227621635398,138.72444080145863,128.32420309540038,133.60934484908145,174.0694933755706,175.78089575903473,1
175.24568630744557,134.2616831641334,134.3123552531654,137.87939890840624,138.9146500374833,175.9260424431487,176.9889872529904,1
175.44883076595377,134.16294066176744,134.95110625016082,141.0194791691266,141.78847898226041,178.74481184116334,178.09519590928872,1
173.82404865689847,134.5279537824491,134.16066153205975,130.41582983245056,128.58033453066108,177.18675047732165,177.84975781971363,1
176.997494917323,129.28833268073973,127.40304401191814,132.15271257910973,137.19321142264005,179.01796978234438,175.12082462938446,1
173.6460170882429,138.0051817161327,138.69540312255063,122.60781996987943,126.97463571836968,178.13964002555667,177.34151185480405,1
173.26978419091998,130.64193819421857,127.40752773312835,121.59640298550923,122.84035504838195,174.67893913175212,178.22490457872482,1
175.52190149936368,132.65517454712617,132.72413351492594,129.53466048594655,127.63192328604396,179.37210155986546,174.12062942915804,1
172.56112192302456,132.6888179351866,131.18134306689737,128.32754731248605,130.90024542704103,175.8571966812942,174.34440304101898,1
173.3752795290859,129.11583274528385,131.17186002440994,123.42193792899411,127.5527765072732,176.7121180686638,174.4155165954311,1
176.39079987508103,131.0930715845926,135.30356593194517,120.6921650071958,118.60590130357485,179.17647723908826,173.90762774163986,1
174.8173258874648,127.30331702948901,123.38093639682182,119.54625251869126,116.25223609203238,177.00269567361948,178.88086461327956,1
172.1250963746788,121.18975202964636,119.39918263643517,121.55708656080168,125.41656996705173,178.11045261510458,175.3513065337118,1
173.85180419260467,135.2458919060247,133.03333837554862,117.7694556461826,112.48869397794772,177.54073997103686,174.12479312606501,1
173.44647842941595,120.58369794914849,120.862370431346,123.66698108107988,120.26268398654791,177.34936746084045,176.64879697816883,1
174.81871665407328,123.46470519487185,127.98550838529748,117.23247856648847,119.52545035029365,178.92341446333702,177.3954320342797,1
172.10640886635747,130.8254089937115,131.2900360127833,115.30284342135437,117.93959748140048,175.12727349066125,178.1431545172654,1
173.73195730061383,122.12241823759759,124.46967068692193,111.9644828947773,115.24121775538782,175.59386301719388,177.60481272273336,1
175.5763485935364,129.5860948350969,126.05577577868713,123.76388838282242,119.02614040064245,175.21070703801564,174.2431493054921,1
170.92522339176207,130.6274555015712,131.56196831934864,122.65114901238839,122.6272379239764,176.4191565709507,176.36000869910944,1
173.3481771599385,117.33649997116937,121.02301901058789,124.63992345323933,121.3216636583166,176.3256864081853,176.79976298439604,1
173.9566750305338,131.24778269697865,131.15611373645996,111.18862664170749,111.48329109679719,174.5511257268176,178.56972067501476,1
171.98303310799707,119.24249453466419,119.44978376113693,99.26672142923302,103.96202685345581,174.37425525424715,177.9056205594876,1
173.43359473549046,132.33496378068597,132.65254360207715,100.97266401888551,101.11664339085192,176.48198130780534,173.9580831120375,1
172.3615871614762,127.8359386040193,128.78321830328198,115.86516978069307,111.32026878199422,176.78945825819406,176.07517840838025,1
173.85959351481694,125.59440579715472,121.80337169704775,113.44930965027574,115.24827074553431,178.8083574163262,176.75274495626783,1
174.4530378047733,113.6084472767138,110.93017781663559,106.2783520365605,104.01255993073707,176.9894034819001,176.7285837443824,1
171.0497506866119,129.3853263463365,129.18556487124158,117.45656677485438,114.02775195137447,177.64645026185437,175.2279282692359,1
173.72608292147945,127.75218723648896,129.15385629272242,97.14837569435241,98.71464105449006,175.3134993518659,178.47547856235548,1
171.75314020182313,127.81680215068089,127.24273521566354,94.30860762953685,100.25977326718997,176.12106478668517,174.60424131530854,1
171.9106970724821,126.85716938588283,128.87528517839226,108.13295916150982,108.91962236661828,177.14976868277867,177.9743775438044,1
173.46408528819123,121.75731461864869,122.06370903573819,97.97647867624127,98.05794882780255,176.4431684843291,178.93042610517423,1
174.01407610942178,114.81612303812061,116.39442386024955,93.0936404942517,90.59419212961144,175.46955631920193,178.45799457733997,1
172.25140737689586,120.78302026859481,116.10701550865917,95.87874783672943,98.14473546356892,177.29394132857152,177.51095200538583,1
174.32344486950322,128.17728655916756,132.74243364323613,112.51071892819148,107.85710445481388,176.60229248308084,177.73601057062493,1
175.01039018794893,128.21539233057632,128.44357122384747,108.71711558422318,106.99157045894866,176.8733423582354,178.20393075325762,1
174.1824043353297,126.43755968742532,129.7357292651289,117.7415746434168,115.23484820082358,177.15749369606155,178.8774354635688,1
173.79039966016776,121.11205698673967,118.415199626034,119.26036789269521,122.34180135273016,178.3377512218549,178.5518363232872,1
175.869524973504,111.82721777343455,113.82514571481674,120.50428001632311,115.42558299372972,177.66954348313118,178.60272328085642,1
170.4218378501022,112.49292823159276,109.7541905881341,115.60037451885275,118.08174490447456,177.3992908355095,177.1724330456586,1
169.88795334538668,123.40728489321287,125.42699547560343,97.45410024884198,99.45691673342819,175.8730480263487,177.20066336660693,1
169.9791739830033,120.93806339340895,117.9358319925762,116.47968321981864,115.29831737404538,178.20254079112263,178.1465263133378,1
171.69233129847075,117.20307158718617,120.91893522100956,117.80904637375208,118.97456481588114,177.26770714699705,177.1265296414044,1
173.43242548554423,115.3926458338387,115.88339954864189,96.19898538371102,93.21002125024407,176.91392511699505,177.62683363242962,1
175.3613708893502,120.08632948417547,123.12297339371462,105.69001251017116,108.24142559783714,180.160058941853,178.22868060055197,1
175.34909301313448,115.20925365690923,116.19911797894879,115.9172156355488,114.40820080568031,176.4498145571472,174.53027149130827,1
173.14936297431976,128.46255451101786,128.3366472171333,116.16429006685004,119.52943358342796,175.36790856174252,177.49953795148386,1
172.90290646374754,113.81220194800109,110.95446402796365,101.87383332615313,100.25084265558303,179.47242427769996,176.92049153229246,1
175.5764257151949,127.0129813068566,126.49225614786343,100.57851922063412,102.54819080429886,176.89655979616182,177.10643762861216,1
170.61612321196964,129.1296568398959,129.19787776726275,113.79522667709452,112.2491570142267,175.72211281000392,175.9441428300945,1
174.61344261567842,120.46225299514714,123.15915098173113,106.00180348070758,104.3955284379372,177.20414261962821,175.63222760549317,1
173.35782953028237,123.0375605671967,121.5831603410978,97.27493572349839,94.77977796287963,177.66145774492608,176.17377948174294,1
172.85347984030628,123.37167612441107,124.66489566048031,96.79714022955636,98.35253685107867,175.27804893714224,174.3141062517864,1
171.07285833552942,119.2588170284306,121.72179063891926,98.41486320755803,100.36403074515114,175.35783846968056,177.6075944302927,1
173.2162606025554,119.58775983334618,123.37935335082129,120.8429741581567,119.53144517500073,179.0997383455272,179.04959543645725,1
172.7733803701489,127.57399840638885,130.321526447336,121.05254474596295,122.77262334478263,177.518598035951,175.9102546945908,1
173.68537291711436,128.42669228588065,132.00520390133224,122.56488844773983,124.08589043780078,178.31149071453785,177.66134279537908,1
172.76760619916723,133.97181566798537,131.54685672634733,122.69133083051688,119.41066432618626,177.99782995412724,175.71370260251513,1
170.97914911790158,120.13003203828609,119.54411929418747,110.94238951316166,113.64142023486623,177.44645045771517,176.9007860843867,1
170.75426038654768,127.32266201077506,127.52274965086532,125.29399846473524,125.34380928105568,175.49434629746915,179.52048506102088,1
173.69326426279656,128.5938731387334,129.1515493718665,114.82808803688476,110.91276554155147,175.6630262177267,180.04867645945902,1
175.92208248864463,132.64274209675227,132.8245299049944,112.86935393409105,117.73280623329671,178.24950203463357,179.27315825310714,1
175.55833368762535,126.70119629143814,128.81264860126527,127.14517054630605,129.37107556809272,176.93368383380337,176.84935578372867,1
172.61871627815395,133.73352978480747,133.7667881482317,127.28083321325501,122.73832987553807,176.6229843755704,178.31253655399695,1
171.50875728221138,133.36056857480204,133.15157017276775,115.01677226320487,114.5914323331181,176.99052116554543,177.89419591316397,1
174.8283004980057,131.80282605030692,128.89078510886176,121.66748853168052,119.4628868955072,177.31834416858862,177.04629257014398,1
171.43381177582924,126.40600762587931,129.49154494902345,129.37844340017602,132.83709816005958,176.9837004234212,176.34837999899185,1
173.48029407199132,131.1855413692069,134.27840458255335,127.31681979616755,127.10969583215982,176.1504043739322,179.2925234152689,1
171.64835850172057,132.52445707754163,134.00129146587835,131.39941248256744,124.27604874487318,178.00924584624588,176.86299305631613,1
175.13762482268237,135.67914161863897,137.0129130383881,132.82607073520057,134.345414884996,177.67445076619913,180.10138473912517,1
173.19754667006814,138.49358127269147,142.65304817082875,127.25794123435469,125.5390350176432,178.83934237728502,177.26795654604425,1
174.56062633282494,137.9866140638572,136.87448325796217,138.08334939322683,136.39288451365323,178.22345008375356,173.62980903525232,1
173.23877628498707,134.24415817354708,136.78411054217315,140.45370741457546,133.7584210320376,176.0915006794222,177.1509165277127,1
173.809914099736,140.0297450589484,135.57805147181398,141.28114350561708,144.13432823481347,179.44091485962755,175.5364373973259,1
174.40217405656043,135.14853216981535,135.4431125897514,133.71077034795354,134.97412627538114,176.4645847176758,178.6741776668938,1
176.3787623203889,136.80817064072883,134.81075290477645,144.4181699499034,146.9853477259854,173.95201992953633,177.1246077219157,1
174.53406033203183,137.2226665860719,138.18822169854107,140.47101362234605,143.75521391453398,179.91476916384875,179.34643253938776,1
174.2191907672237,137.95011560131533,136.706810747332,138.12989982803785,140.77903332465155,177.15610768940675,178.66696670209987,1
175.37402475466982,136.90282391799508,133.72492832056042,144.93903204381652,142.69908013064315,178.19145968178705,178.1404198314384,1
175.12059498386017,140.31010701362672,140.72264634941527,145.19936718991715,145.15657341253402,177.79747642123888,174.81827084999549,1
175.7469440344945,140.24794502679111,141.7969884222387,145.5910695616493,142.16619104570185,176.11270079571025,175.74251904971123,1
174.52929171006662,140.04494825860823,139.8699450104878,149.10184197344924,152.7698877657161,174.74730361790347,175.80752443705953,1
174.86476851418254,145.08368475408687,147.3525145758289,141.80362731899544,140.23676376912556,177.6160188482364,179.20838543719393,1
175.74986550705142,150.3985423747544,149.67112617625997,149.87106126435293,145.06696069658383,177.09987932497333,176.7859946132409,1
175.23096108917193,141.02892762594263,144.48901250900923,147.7609829633597,150.58207151025843,177.49130236700387,174.56295729213835,1
176.19978300211005,146.89412637305742,148.87453232119083,148.66005804110424,148.29668779414558,176.57347957744304,178.14960711313097,1
177.59223189407075,148.8337862188032,147.46808703050502,156.88001809793346,160.34678628205387,174.9104688178185,179.4930306029909,1
174.03981274705183,145.58900874012048,145.74843049015644,154.22745750520608,158.35615996642906,177.42456341499803,177.88673965991393,1
179.1728860993918,149.24585900607852,147.68860688932665,156.3371200886248,153.20691449468416,177.2345237944508,176.32159750868368,1
177.80242009608634,147.606072691125,148.056504273186,154.6527686902877,156.16056535375378,174.54562447025629,176.37315558184537,1
176.9800898258666,148.99794531868716,151.84235242294417,159.58897839167713,160.24535891374111,177.46151552448393,177.94288790025948,1
178.2507494940628,146.16918982669515,147.31083089920176,159.06498715549586,156.77366089827532,178.50813437535635,177.43936713033835,1
177.10267044582517,148.0796236045365,148.04992023882693,156.52409524753654,153.6409762785954,177.1152955779909,179.80205279002755,1
175.26572818355294,145.94731955398663,143.76717816104505,159.2087002369595,158.0940982944479,177.59626853792867,177.21666767650711,1
175.88049618875252,152.03586760739012,148.80933477973258,160.49709475217298,159.6031371917859,177.99397208308886,176.3545344282331,1
176.6394855468329,149.8668900068936,149.41809883861902,162.34973290202004,165.5628420984752,177.28759054592624,176.40509630005275,1
175.48229030669768,152.70057410528815,156.73478294047538,163.14885007847738,164.71680221999574,176.1092650218669,177.6692485426831,1
176.00457596910243,155.46070603940342,156.2847456313168,159.78643818568048,154.2481522650487,176.5951606581449,177.85369671739812,1
176.95691649035547,148.27729892809415,147.86763226328839,164.21966705574192,167.28310731688438,179.6681723389649,178.40898844818,1
176.6353233767514,157.35023883369803,156.5676563672892,164.13261956148455,160.0489518201967,178.7945437360096,175.75969904119933,1
176.1726559988921,151.34406828357203,150.76984333198692,163.20199014645718,164.9690674659299,175.92141498041497,179.51903942507607,1
177.26182328475127,152.3841654112701,149.07545770357117,162.77159686706761,160.41285122798317,179.15217567849652,177.12272169847998,1
176.40652280382423,156.4537163325493,158.92536723822238,167.51845574193285,163.26716383179559,178.4115108955316,178.88553872972278,1
175.98573766169446,157.33184070715498,158.5914095309505,163.34553013720418,161.30207487163761,178.1117921600621,175.12888368243523,1
176.1725078598987,155.9332074694039,156.09267081182122,163.22128988099038,161.04747484961075,177.37590192236783,176.10149262477663,1
179.14807177510505,149.53687256210642,151.2152089260141,165.56414573682204,167.28958756354203,173.7832658178078,175.3208397124321,1
177.53498817940982,153.35360387418038,153.14065448719865,163.469441415203,166.22922627079768,177.9678046323277,175.95000342497414,1
178.55891942711915,155.90647581192195,156.58382457594004,164.69854698625855,162.84356640913268,176.97931722052226,177.48654668125891,1
178.0758845917875,153.89643040310162,157.01609416378315,167.63634883818315,163.84412027165908,176.26351758749126,175.02287686173273,1
179.1639116466793,158.04510723409038,158.1886160871618,165.13052796995404,164.73660472026177,178.36625023938458,179.64429742979826,1
178.36439095427804,152.5238479123363,155.56712935015847,169.6711615967716,168.94236646182327,176.6092453798149,175.25544637492206,1
174.4106069150177,156.7329618766515,156.86007195577236,166.159428294325,163.5959307470039,176.05269595627388,178.1361592215302,1
176.8532130869207,158.80603094652582,155.84335362054273,167.34862274343453,166.69149545505417,174.3533166553466,176.76058259365058,1
177.48017978786743,151.47981195026625,151.87507665556288,169.85106053969565,171.61123913048334,177.38732411820743,177.92058850677665,1
179.1654150990993,155.71026458962342,153.72773312669463,169.32281697280402,170.4493740877243,174.85065714199885,179.53420352816184,1
175.93462101374897,151.3340128016702,148.6849108794352,169.56120451170622,163.0436755304733,177.2600731697393,176.3591644084771,1
175.6670880454908,157.51997592722043,161.70077107569355,163.82216908756718,162.7697774744508,175.8111457727332,178.48584778864907,1
176.49812734933232,159.0743144432771,161.65552211272546,167.41773046054152,170.59826530413048,177.5969274739613,175.94911201229638,1
177.05396810780817,156.83693569274024,154.40944465109007,165.28421198932267,169.23388767355272,177.24513699506934,177.84831889902102,1
178.4561482353291,160.22378433836417,156.07162345875886,167.5772209871893,169.75072301474094,178.20681528615808,175.97268008384899,1
175.40271125675696,150.84815097869955,152.04095103691898,166.06788810567227,164.15013060000308,174.03079733648332,176.74722229412163,1
176.59628848176592,156.37467306703044,158.8729390217791,162.19847125454538,165.11882901494818,177.55002420509032,176.12749749345653,1
176.26358592365892,149.8181076923609,151.4239597585081,164.91816064658835,165.73551820739928,178.87139585345417,178.57325068057847,1
179.48665946292195,150.98452095007858,152.87824436882335,165.6678942110857,160.69490371470897,176.5900808556276,177.15569224983057,1
177.59022037965784,156.69294582292758,158.75593238531337,161.72775654357287,157.98848442587757,177.95990660289542,175.47497788850987,1
178.06624959302889,156.00081552075787,152.77977662094088,163.73755591531778,164.54095091788747,178.5151737279432,174.3723778180523,1
177.3709834122896,148.6180944072132,151.9392333964128,159.85675849949735,159.9055591440642,180.23785809738362,177.38205057810242,1
175.47816626903798,156.37751589215185,156.23166691226777,162.5916999682457,161.97098528784417,177.37001667847952,174.81828174092487,1
176.54895729504278,152.3446354328357,154.16813116763115,157.1264617737036,158.35563046841645,176.20304387527685,177.82395473161242,1
178.68719743298035,156.36565845371538,156.0193245349103,158.09131595314392,162.0918714662067,178.48367980410003,173.81348769422559,1
179.26965912933525,151.66397073687563,153.0364146146632,157.02933025913717,156.5715197698804,177.54160425441214,178.3514152976349,1
174.7070834460781,148.94331537613638,147.63625096544732,160.6428278155969,164.4997298613881,177.75945311607472,176.39000131752724,1
175.75828125378212,147.8110570310967,143.77950934646856,157.1472952052465,163.37543521382003,176.67121373634993,175.55621348940227,1
174.47422097486438,147.14594439440418,145.78733365817772,153.01702678761544,149.5137426835259,174.94553055653677,177.07432749405498,1
176.28246747504645,142.89777590990224,143.1522805725702,156.79894676715926,156.7712107896031,177.76604202276576,178.55501769269426,1
177.76176799647033,143.7507744171266,143.9783441603066,153.57718866568675,157.29746549802175,177.38708800739292,175.44475356193493,1
173.76919638136314,148.3882093392853,147.16659119610304,151.2752011376367,146.65546498752627,177.1152263688873,178.02572307394368,1
172.8024828085054,148.77281507354704,145.9272588308127,155.05182116848025,151.8624809682716,179.11504907961367,177.36085406347357,1
177.05513975656297,146.04263125214672,145.35915142971652,147.87564271282847,144.66728158375844,178.54537201724347,180.16696608259144,1
173.8669164325034,147.19166582920627,150.19394543105147,150.9164678668469,147.1583275973276,175.55694439797654,179.30596939598968,1
175.84198539783557,146.50550949332484,148.62891803626562,149.579134157064,154.93317779450916,174.94612409725545,177.05691999245465,1
174.8620898796817,144.07527700116557,141.82245318901906,143.1557563113814,143.7394084175627,175.1094104262104,180.25256002662474,1
175.42638968548303,138.78362123858898,143.54357803805703,140.9022812804909,147.83073477283654,174.81449401433133,176.77472623681115,1
175.2106145399335,146.38500107262678,147.48908284397444,146.31865873513914,147.31001688719667,176.19707041423518,176.47133241287068,1
173.9404524127628,141.74679572310953,143.11201962633066,146.15225381716314,139.37751660435083,178.28730442312806,179.19221167972827,1
174.620168768807,142.46962070840306,143.575321102622,146.49385597001006,146.77158558384292,176.10191215400405,178.34316897328924,1
174.08696592435388,140.31644193117927,140.4993499676965,135.8133339365559,140.06638372420534,177.20435431910704,176.30413423626288,1
175.1856170468808,144.62489142394617,145.36913337192976,132.68150945234478,137.84549058950805,176.93279203132113,176.35389676210244,1
174.45523439259847,140.5573516874978,142.23997663171687,128.6137438119556,129.5383207851264,177.21764542214726,178.0712722695651,1
173.3019936115877,140.24003543928646,141.08598202637913,129.63974477755517,125.28914485859472,178.40780009335634,174.51290054461094,1
176.13643905685382,134.192784848457,133.8180549258094,136.88112212716186,136.9350195215758,178.53669675541843,176.8041954881412,1
173.9507243193644,129.1141196513492,130.35095575383588,125.65608135978067,122.7596342758067,174.8902801357866,176.17748868642636,1
176.19784300043494,134.65860781245306,137.63507200201389,127.6927391579232,130.93634515086626,175.9189212123109,177.27207621442275,1
171.822486322504,139.66465771293437,139.57696079951302,125.62752219166669,127.31661470084968,176.48771128884417,179.0942739499942,1
173.37385864637787,134.01090252718478,132.36527691223247,135.3841707445323,132.2679904840399,175.70407769674816,176.2018459869881,1
175.26208818560275,132.16361189127932,131.98848776925956,122.01279917893498,120.80328302290829,177.50371077789643,174.5736856165425,1
175.51148552503741,130.32204587963028,129.8793496077991,133.1716482361704,135.72894350987923,174.93744768785797,178.1102978153341,1
173.25198597780633,126.8327716940958,125.9367903885873,131.14370444867515,137.1304255584327,176.3555075514266,178.1212696944542,1
171.69419693740926,135.38876258114314,138.58719249235236,117.22380674599023,114.92265302638928,179.10658450241993,179.4158810705907,1
173.7636840857826,125.32532221006824,126.92903749267322,128.30608078613886,124.78867110828283,175.62987948078114,176.92179091219657,1
175.7223330645283,133.30205666466773,135.40634126661527,126.0959172864528,130.3834925607206,176.45088926230196,177.01893569837645,1
177.04683176258285,126.80479843614482,126.36994833733534,127.67531557779301,126.86740933732571,179.17136333931828,175.5065485609259,1
172.0386311667534,126.12800555436253,124.97237350804862,127.62645821889322,121.91526802369079,178.43418470689613,176.66591372034452,1
173.6156122028397,133.78735239124293,137.65805953853243,125.17778393371405,129.37169148914282,176.7796013985071,176.86481929784438,1
172.38480039254242,132.27075292844088,133.9979090414653,122.30348909912158,126.09128807229669,178.30673708281603,176.8801216657832,1
171.7984651483672,135.4708973910738,135.57815853846262,114.95444415373326,121.71923551677003,175.07834697343665,175.72879672062774,1
173.62530587782007,118.48211031391504,118.19846342651833,124.59916745432585,128.96817212914908,178.12453398424586,175.6769450052206,1
170.3220020782898,134.97835774064677,137.06532362304742,124.03363472791717,122.17402630836555,176.28951807827914,176.28645522517374,1
175.3452578963633,118.3915436697685,116.99006488269914,123.6316641257801,128.7917621040058,179.7386420362997,174.9653528549777,1
176.08646567347245,123.85333491463324,123.50346224818874,114.8982577708045,117.52391809533889,177.44429355311956,177.39271025356786,1
172.42893270896528,126.4172763623222,129.04544472102185,125.9202289281677,121.43265010622865,176.64467398025786,177.34693654498508,1
170.89625100364327,120.49531226658317,118.32003075148081,124.03954651517894,121.15576948129052,176.15431597246078,178.0233753857261,1
176.13749767608383,115.59791213146762,113.69262492690919,109.48691253044662,113.08286071390839,175.9351889115662,176.37193235304935,1
174.16223244393726,129.96430426011514,130.32994570605067,107.84684515509059,104.64152346857097,176.3198062753593,177.19891392904177,1
173.72463477314284,123.50307495049476,123.21741301541792,115.6360244663805,110.37361061992969,177.160348475981,178.47032120641657,1
173.58004538537662,115.90528920575775,115.99287027093163,97.0636608071004,94.26247860121107,176.31378018100492,177.83464193628618,1
176.120213689417,114.38400461009886,112.21726948433397,107.23736679443451,110.72844129549725,178.71512850963552,179.75766414852419,1
175.0956905515052,127.29946612868996,125.16922174288712,122.15037559071949,120.66093233228746,178.6647000373923,176.29891348238198,1
173.36969569915394,125.2831175701019,122.72539621524325,114.8428005914002,116.12160980838867,176.35969918240272,176.17085556246573,1
173.18314611088985,117.34205060750148,120.88049896775777,94.85147436932567,92.324218618014,178.27797181592544,175.3221469379163,1
174.398478315543,118.49288278708238,123.90811236587236,104.49297020660062,106.36161822683512,177.94418414841752,176.9898069811372,1
168.8292932777027,109.97496727324081,113.20125420979737,91.1558285586642,90.29253227015143,176.68736527706096,178.86663975892176,1
172.1801989371045,121.8663693696655,124.15399427393993,90.75582563144191,91.45018089371843,175.64715907708154,176.7618028159686,1
171.0646702714368,112.33310275268178,111.59867084814316,110.85621388782201,114.1333167100606,175.74278642486226,176.93746280616074,1
175.1600283293656,126.36332751770843,121.30990587762327,118.50598300487292,119.55242189254997,175.96397603808776,174.2079132692404,1
169.79252473093769,126.18872817748571,129.3902114545893,113.59521491753168,113.1706951229026,175.74242203667836,176.23962641977843,1
170.6180581591535,129.80004696892186,125.30769043500543,118.35435824883686,114.7332766194074,176.4385002156543,175.97278592462558,1
171.51783663204583,112.57543564106611,115.28639570273135,105.7079322076268,105.57262516105801,175.1142661391458,178.3972979350639,1
171.61494349168555,112.41896693288525,116.21800625774705,99.55737482308885,101.26530435665957,177.4637557301141,177.127528425254,1
171.4381226190541,115.48739387653457,116.03489005809004,96.56912014045578,91.79554468209511,175.3694974717553,175.9471433156933,1
173.72056687921898,115.63078390345966,118.73658576246362,119.2370371761096,122.0477432151251,176.65504416396774,176.86831527666803,1
172.5861841614778,114.1954554099587,114.73544911601331,108.6325713553002,104.12716541423721,178.78533240490285,176.69554283998855,1
174.48598430927842,127.7771975250772,129.4688260554835,114.54331775576928,111.86438421067913,177.16232954215656,175.3566403326491,1
174.71388028911625,112.28171736005316,108.95345251971524,98.90548898495709,98.12059466618057,176.47527288588626,176.5406375257104,1
175.18037439490644,112.6829440602779,111.89379416648443,104.11199362503767,107.1112942220836,177.94080925658074,177.00078296414267,1
170.89000495791598,122.58393743619907,125.25849642246403,102.18140268458399,102.06438975338096,174.98816215363462,174.82089886294918,1
170.57982077732657,118.91288478611307,118.71102323715071,120.40529570427442,118.99065927174122,174.42867634472583,174.59342316655298,1
171.9587593710945,128.83542842292022,127.67462370612458,103.8686266241757,97.1006288734112,176.0252574133233,178.38816862557587,1
169.74415033501342,121.90995090927012,125.46600059467329,98.46555223339917,102.18436369603509,176.79950641869686,179.0506511891688,1
169.87754081600164,117.60414932007993,116.1745062314879,121.5085053493633,125.64058775186841,177.40797658321387,177.33386117052294,1
172.48317399790855,114.54556715961505,115.20673447395853,105.95928170055632,104.96450478121848,175.5644609378369,177.09419644509714,1
172.26962981868564,123.2450224921273,124.40263162554018,111.91337621005823,118.20209995943202,175.3876627901068,176.07097217346856,1
174.28340962577354,131.15838278286702,130.14488750579892,97.90132688314097,96.3574461844838,175.80683867652905,176.77811471068708,1
171.01169521701792,117.72074454475953,115.42431003853736,119.02150932201906,113.17852933833515,176.3546867157253,177.92687860899636,1
170.3294658339973,131.45631629579097,131.5147338775364,110.97601098901937,108.72934014759527,177.37394597754061,176.82586776058383,1
173.07147422821498,120.44245557099002,117.58907610574043,122.42813032471021,124.68274722743136,178.99941001221657,175.6073601187245,1
176.09440134586578,118.39805191929898,120.70034485371725,123.87127993293254,123.44016202428908,175.9075635365643,174.96933323477964,1
173.1527114938054,129.55558950770015,128.01027841048915,123.39270705383618,120.45226986616898,177.69723186204698,178.2429853804271,1
170.9791702638459,133.1639271282549,132.88071210794993,121.04200956165461,121.67596624819483,177.06210079087592,176.2025880559785,1
172.8525917013809,123.90177632385648,123.80387267145218,128.14313008392023,124.13883164935842,177.65394623905115,175.9218302066606,1
171.94857775836405,134.32947329228492,133.02126798582438,116.61547547024057,121.28376942204063,178.24739478674925,178.2319083039432,1
172.23839119071403,128.1696692358045,126.39719138092043,125.30812616709348,122.4999284029215,179.23189020802056,177.47913134517748,1
173.50760264783585,125.6964192931785,125.78124246515445,124.47838220403783,124.45698166892694,176.2366844841976,177.90260261983497,1
172.01103170692156,127.6903380292468,128.97922735588554,117.20500008299122,114.50459635738096,178.6532669481005,177.20787371540558,1
173.96489645274505,127.66355334807254,126.86793471366349,118.78953893566951,120.09986055148579,178.63194501787154,176.72135101144525,1
175.6591500968885,128.84025794946703,132.28394549831893,131.54676801729545,131.28794630974335,176.53641705798844,179.63037786049824,1
172.99954743786165,128.88396180371015,127.24589353339604,137.14086947072704,134.4770589989804,174.51050785876723,175.04572194043664,1
171.45901081349115,139.17410029874267,139.41391315549183,124.66502829983955,127.0761939094511,178.92479555875406,177.2241669767899,1
172.02510256057147,128.7922521153745,130.7683758713201,123.30180626540583,125.73415028625065,177.81349136992847,175.68117962164735,1
175.46911697840815,137.83823511650277,133.19705884363725,132.6318604977465,133.5390356189819,176.29303682679415,175.4406947388403,1
175.07765889401742,136.9128531159623,133.96091594459418,131.01621284486686,130.85014307269446,174.95727097643817,179.3044445428068,1
172.81978011277272,136.75097376911032,132.2058028274372,135.7541582245738,134.2248546643615,178.43103412446504,175.91126173523028,1
173.9676496775502,140.98209961327032,139.32303088255185,128.01848710016034,129.26197494014573,175.5408102082462,178.1965071282239,1
175.26908799863457,141.18661746343932,138.7947941001315,129.30081668593078,123.5993734536543,179.9435400356156,176.97863831380172,1
175.96086101998395,136.10966875748724,136.15118095239933,141.72843439540512,137.9963319920583,175.72060042114654,175.99027132863304,1
172.42292937096317,137.43801343018686,134.01483983157377,136.84324208764883,135.81181218642988,175.30405282821988,177.5346927462282,1
174.39846791296577,139.6467414967048,138.7682387364121,140.28547061213618,139.93443953127118,176.48493856320792,178.43634599421858,1
176.76893018372425,139.2591404456654,137.26420499237176,147.08479943998242,144.99279735327033,177.70333339618162,179.08095317343557,1
174.07701080773117,144.65384348977597,143.47208214994944,143.73376513360074,142.57430725183434,177.64206629321447,176.82243017651035,1
177.59417712888006,136.58396059572104,136.8910763040866,138.02557310239575,139.04778431334137,177.15620579405834,174.20119925047638,1
174.79808504731753,145.02571266916263,141.82910879905882,144.98002643652828,145.52137225092153,176.24775158186534,178.3779666414489,1
177.2519674177349,137.04801140481194,136.3052333584176,146.94805772542054,144.84929059309948,179.8578283086571,174.86372246543755,1
176.668046331126,141.09540164142655,144.25908473050944,146.43503947786394,144.47356050320187,175.07247308601126,177.78415541028065,1
173.69151454024026,146.28653904526777,146.48723871189884,147.39577444227442,146.1722315822833,176.41438225705724,178.02487897952125,1
178.0322032409291,145.52614548142824,145.69655039037377,150.7505205140873,156.38372097657992,175.1394095013436,175.74561446473868,1
174.56432101370245,146.53767351896448,148.92074645582392,153.21657460320725,160.02973517834246,176.4561571992155,179.0064432860909,1
178.29422687172467,146.57722831639342,149.2276559191789,153.8902467991646,151.62475138646312,178.98784710748413,174.9735279988789,1
175.12515590361,149.69009346769045,147.9429521066216,150.4679080140564,147.5432084245275,179.67079392473607,178.6638486309727,1
176.22000002870686,148.16390992785347,144.48548645144743,156.48477010173715,156.3926695454813,176.52106362491045,179.16347428915316,1
176.57417601435992,151.20677831318588,151.7913007147737,151.89075545893428,156.62158896569633,178.79563180906987,176.7015036300092,1
174.62585508228346,148.45777673836974,147.68127208086102,153.8377023797077,158.58020136505473,175.74816783863213,174.83499876536985,1
176.58797378539333,151.11253844647638,150.2659482889694,158.7076852897203,154.18659147709877,176.8107089577404,179.18083162163578,1
176.31420214376163,152.79711255575518,153.752412118752,158.04689912897575,155.8557691901091,174.92228957084606,176.4715436911968,1
178.53057465912954,153.1568578572823,151.2945495787614,156.42355951320752,156.18016151386345,176.94143444930083,176.8961432334326,1
174.5337721755495,148.86517359206394,149.06707356487908,159.68589782780052,157.95629403978293,175.03471832625914,177.05227183309378,1
178.19449116978305,145.61080575163433,147.76111145972303,159.59236290250917,161.82047976155872,176.64811531076927,176.3856620598805,1
177.91190252459566,150.03232303620425,152.2305190850111,159.50343899098274,156.66998913905982,177.09116518325936,177.350575760184,1
174.55561856682192,155.24780920212106,157.54809758894197,164.98346470791776,162.09125716255141,176.63462947146826,178.67885759800555,1
179.4030060409871,152.49662148734313,153.64867279277036,164.91834463323087,161.6561340384445,176.3725162909316,175.2165917962165,1
174.83973520298105,157.3327474217318,159.12178940859778,164.76383133465828,166.2324358966679,179.51158019000502,175.9086507489242,1
178.73306021025851,151.56354976316604,152.7087966209471,166.58412010804818,163.35454962512566,175.76232348841998,176.95886824982284,1
175.90309292478793,154.45745245998106,152.02927924460906,166.12704603053092,164.1601793207784,176.97599456522642,176.66620775077618,1
173.87022532763388,156.0520378276426,156.74931452318086,165.18218067431465,169.10797224138543,174.94025644852155,177.71772323676086,1
178.8668392263449,147.96158858293785,150.13789181541313,166.7860935767473,162.07517749529703,177.14702588026722,175.29537272114797,1
176.09421814644543,158.3387049562135,153.41006793731253,166.3321672735156,165.93715090344944,173.57208534098345,179.11287974108376,1
174.6164508849699,159.32632696177666,157.4070089946228,165.00313300827708,164.41281936773888,175.28413704008673,174.79737974745345,1
177.14278075416544,156.73113118127694,159.18278121453156,167.35912469380423,167.67866507174355,179.0816694786019,178.2497398631579,1
176.59337179397284,151.40190218078158,147.37332500343055,168.2131158634085,170.64341712870007,175.51325147174146,177.25399904294628,1
174.63044708538604,152.98077576463632,150.44222086647918,168.78408976413746,171.9373416204682,176.99258978803982,177.54676436050312,1
176.74876777307816,152.85461490799193,153.8100613065785,169.92626700601576,166.10264120946013,176.4884034648398,175.18954694081376,1
178.19677873641422,158.8069108283861,160.3174161609188,167.90678718582882,166.3283454168419,177.13278507072602,177.0036112439091,1
177.61468781845684,155.88111858232577,152.66717423475401,165.64882942796422,165.88247427251483,177.79111973760536,177.0250229578809,1
176.7922305440693,157.12310153349338,154.48468818519396,168.60456178649414,175.08489133750314,178.91577892871004,175.77061889690185,1
174.54942967402823,154.6230573721238,152.9330341215101,164.87436704446276,170.06632823102362,176.60071490922266,177.1229635889382,1
179.5325918560361,151.9913329673024,153.64883996195857,170.08177486110264,171.1826506243627,176.76770361703333,177.8808433649806,1
177.09402119079007,159.01170246112036,157.2984084036882,164.79957443558678,160.80023373457857,176.3526652596331,178.95254940486274,1
180.2033548205803,152.65587612245503,156.70958219213364,166.82576723717784,168.35483607516085,175.72974769888756,175.1478891116331,1
179.04658801894288,157.74684343458298,160.81279882059118,165.8778527388364,165.36285760880253,178.8925144530379,177.95266998164644,1
177.8696526277344,156.08657430105757,159.0382082307273,163.44570332607933,161.5737166954946,175.9348192208327,176.25263755118667,1
178.61888429009718,150.6072282033206,151.99958242690064,164.5760390182519,166.0989875364028,176.88360753391683,179.54001447924904,1
179.00415681076402,154.95248957109908,156.58617669880067,165.07153072154043,160.4982697909412,175.97757630650116,175.6307200734374,1
176.16759882924006,156.20763461968417,154.1557495189707,164.33038226423776,162.48180670915423,176.8399272546066,179.0543151147563,1
178.463258124473,155.4265788273114,156.00857985384053,162.7506107688803,158.80067036842013,174.92549357770883,179.37868409833504,1
178.86649797393085,151.04768959775836,155.3854986300225,165.07835909805272,165.78249768981118,177.49752327493883,174.89597279199094,1
177.30429964021562,151.10832515178004,148.1095822499096,164.59759273908037,165.06105795153832,179.2264192386622,176.844904583619,1
175.29211410345107,149.77741095296997,151.84221472899372,162.90288884962214,163.57731271541144,176.80121557777338,178.31995010372304,1
177.07175486073876,156.78521743402626,156.579438898363,162.32383242301927,166.71015074437784,178.40013414164056,177.20162529756507,1
176.29199749684616,154.23484378292906,149.20629814878566,159.8702991356742,156.4083299607555,174.89486440973332,179.16342505902213,1
174.63400129056,153.09794215311365,150.4213108306652,160.4783766159837,161.7186007709154,176.254365411086,177.62722142385812,1
177.48302525970357,148.29992453125553,150.43169713903453,157.54241991181402,158.45592461883595,175.92629558015383,175.3616026002357,1
175.98853269583682,151.12125404462523,150.71962447447004,159.28638005304992,158.0559954330041,177.87016052980286,177.84969873394536,1
178.00189400507625,149.64407845454375,150.57212980384827,154.46952099245064,159.3408762933339,174.8177240092242,179.1134796463015,1
176.98395775376488,152.77545957936013,149.45840491269558,153.65254680590652,151.23241760020218,177.9245945203225,176.77586016727773,1
174.22787073270254,147.8037338102042,148.98537311861534,154.92776686164376,152.13186966941186,178.15626779880068,174.79656063415518,1
177.27964014014051,147.98685064962945,148.43317877896368,153.99962335850938,153.85096815367618,177.7327314778024,179.4383120747515,1
176.02665012382928,151.35585355076273,153.316813446972,154.57053395468017,155.85870765573253,174.77732780819468,177.14703582007803,1
178.4317652849233,144.7271263589576,142.59536100321458,150.23932649354853,146.31307282632056,174.57628180427798,176.84321512581704,1
176.0011928780605,144.28148921286498,142.2413523320321,153.8604752421024,157.63188961349633,175.13070110588131,178.7079797747866,1
175.78790243576088,144.56233689890655,145.38944651106377,147.47463141043025,150.24859304270242,179.85711722935167,177.44956137031087,1
172.58571366012006,143.86839059142142,144.54349483875114,153.3636146207236,150.62591288629977,174.61394274288932,176.1330445545147,1
175.86278465611727,144.32588315921038,139.86384082042085,146.2929304955342,143.45599342498573,175.02017933880202,176.00276661718178,1
175.54904799775215,143.260435330849,143.39046637542603,150.0717847113713,155.6012741325874,174.75479672715457,176.03938836726098,1
174.59743306833718,143.5676257354352,145.8719862270693,145.44327344283906,152.38538799763617,178.84832584781395,175.61924267579306,1
175.06721981856955,145.43855092818387,141.93789011916837,146.18287679792002,148.01880805953212,175.3588062242074,176.3545911604358,1
174.68230415864915,142.09213661365746,140.49590595052825,144.8214441151752,144.06764481425196,176.28241516622293,179.38881138386114,1
174.78289791902378,139.57205477702828,141.56512007109825,147.37951099543403,146.47896806285007,176.02283644925566,174.5694598771781,1
172.08134686462364,135.14940246308817,136.77839278640045,145.7788970706431,141.49791230758456,177.27516178376638,177.61690739676303,1
175.11262278866548,140.84212372878292,141.69744805426652,136.41576549893924,133.32903220047072,177.51163968202872,176.10297150026537,1
176.24657176983982,140.15898393911033,139.6408648674431,136.75449875753455,137.0580943457633,177.8426129673308,177.1696723031258,1
175.05936107032986,139.39498023721856,139.27284757253256,131.04374157469758,127.26152427837437,174.38078922450723,180.4105240443347,1
176.04691937597778,133.27235252337653,130.5704523700397,132.99376094131148,131.89004661444173,178.53799997729055,176.75257129424853,1
172.73890375523575,133.06729178800705,131.85731655810784,136.79520880353132,136.98620060130492,177.88251940410456,176.3845010781089,1
174.43229932593346,134.19203250901955,132.31169194859845,141.02837987867738,139.41633655396336,176.6825561442176,178.8562384261519,1
172.43550713870354,139.14602253646342,139.33220143865697,133.6824616770554,135.9617160006721,176.68829587386642,177.861072133585,1
174.28627245419352,137.76918334277696,136.9420270797932,134.4788390335195,138.1563766090408,178.11048805467826,180.32945706478935,1
175.69455179830643,131.40256439555387,131.89953886313518,135.92064654977185,134.15794568562822,177.2987460084692,176.3935870660823,1
171.5940282324165,130.7202710620765,133.75559523783065,133.1268332844497,136.7825964353895,174.50178802000698,178.1869429936435,1
174.5868215414005,126.9515928978036,130.30824737055053,131.98963476247613,133.89901199029634,177.33602000721578,177.41086693981498,1
175.5145255243567,127.211456971438,125.41380114460881,127.98775303645934,129.6139593380972,175.7807430717439,176.45500082706133,1
174.08188157004324,129.6355965196066,127.67711595724121,131.08514762955645,134.7516677923904,177.02978171343642,173.78703217937644,1
171.43870484325672,134.64807301269866,136.3242722832798,122.99261037859526,120.78028629402287,174.73905773813186,176.82345122963062,1
172.86559506117854,122.11955581505818,126.61474401964499,117.78746083902821,122.39504857607736,176.18273558872394,176.2171900762895,1
175.23719177215153,130.59827989006592,132.2065073337518,109.95877954262484,111.91171210040099,179.303633162759,175.67052501011528,1
173.4969037046942,133.32296665123076,133.17795152081777,115.67480862396533,111.63604940974345,179.34021336467467,179.0772026086786,1
172.50380690771792,123.95803508792663,124.26047712376844,109.36498623696832,107.37334235969719,174.7208431693024,178.54078678097395,1
173.0731847740276,127.97978259739399,128.40744065821573,128.8137720939015,128.87430962491663,176.2553598361778,179.0400718803041,1
174.01233471199066,129.3145024666946,132.27153745444093,124.25686171366735,127.60055587487004,179.2474677894697,177.21518937186903,1
173.52946519762617,131.84106302515676,129.6973473927702,111.19714522237658,113.29010011418521,177.19006793676627,178.32594419405186,1
175.66020147235602,123.75807851058151,125.25617547775036,112.07905413786695,114.74579026440819,178.6861937700888,177.1678185987204,1
169.99139778106093,127.09302286087136,131.7935215363382,105.32681724224952,101.68465260734868,178.71651928210773,176.30932406711588,1
170.44304636426932,118.2227165401677,115.39227295087161,113.89572012824142,115.29814109640155,175.11633091112384,177.6940717918665,1
174.05709614060206,120.83833720740564,121.23675263943123,111.34891523098129,108.40316613452758,176.6647597310863,175.1145372007433,1
174.52906567561732,121.88961050630323,121.98357500581984,123.09162822447453,124.15232878028773,175.2491555239481,175.58687833395044,1
172.3262881175342,123.07702700523191,122.55978860056315,111.5594167200451,113.11097436969416,178.07656692796783,173.89286650035046,1
170.0211937193867,125.5602175061582,124.37404328609483,115.40757680626828,116.17938794976192,177.54452440869613,178.5575476605335,1
169.28182685443366,126.90930812990965,128.31970705747972,105.61472643119048,101.22998270129426,178.18219550803792,176.15500974749983,1
172.0367853319875,129.2508698473633,125.36102277676196,107.49359127131888,104.77952590319708,179.15194698926655,177.22738607538625,1
170.88997361841626,126.65741993231302,128.20122048083502,107.85831629278836,106.8405341156673,176.84537978846834,176.05386104139308,1
173.30045434183137,125.74365704082288,129.9842851111954,91.91360382430034,98.29552275362836,176.62713467867295,177.88082630209738,1
174.52607335614752,129.33104797489204,129.18604632207587,93.34582552468513,93.55346572624853,179.1424824961124,176.49062422254815,1
173.27461940983716,115.39621677281717,114.80185490738158,101.48935958394046,102.62982928548824,175.06612674665465,175.88960200478795,1
173.43713138889132,127.52308391605877,126.04645423740668,118.22960652277536,119.68191472944764,174.70261491394564,179.01439280066086,1
174.16787620082258,127.97071609702081,128.14553157385626,89.56815336637023,87.38014273695943,178.03244074130484,177.48501940512583,1
172.20257402638802,113.87333108307024,114.20790012142848,110.07614729529608,103.46691987938478,174.82488517229945,179.22391130527768,1
173.86097960430774,121.87806574623508,120.23538001787902,101.88922573195127,108.23123013803858,174.66081304147545,176.59995198104463,1
170.1674528232801,116.88754470596417,118.90898787414349,93.56086064224925,90.71973952152038,175.06214612947016,177.03038083800607,1
173.857111570094,113.74064236856358,114.52076902899793,106.18824135649864,104.69722611276215,176.57286101029032,177.16980571115204,1
169.96511058946277,116.02141575504582,114.74822448226035,98.10199699880069,102.99549597737769,179.06803573969768,176.88354218947265,1
171.5044157157678,122.62510512524007,119.08819304115926,100.4758077905106,102.12530294773859,176.27127825853262,177.3806805563855,1
170.32605550216385,128.2749039247212,125.66249113559076,110.78468945392915,108.51421524270249,174.64921042292394,177.02051543318728,1
172.2731437521169,127.61288805102792,126.58919539198072,112.64514306303425,108.95415881535249,175.88018218504342,175.5357666690083,1
174.037829087049,128.32123372109012,125.67287506813406,115.49071227554602,118.44391467017877,176.17670313235507,176.31853229036258,1
172.70564829559171,118.94868106630416,120.36700793580856,95.75796206645303,95.22111892534976,176.31857577117378,178.22707959600714,1
170.3761310594842,125.7019587761356,126.07360795699452,105.5051857467078,102.0069930644546,177.427267812301,178.972760142069,1
174.26374029432978,123.99782938575702,119.71417840407075,96.40755756966361,99.6621171631927,175.70455733174506,176.3116435552949,1
175.26406234491378,124.52582442910608,123.15139120085666,117.383903008241,116.4820429818538,179.71078927830527,177.45634642160923,1
171.01385343489852,114.67246641492055,115.25305176506255,115.92084605147845,118.29490612009567,178.7362237299388,175.13100333710904,1
171.7210072123074,112.7018511094006,113.05620618891203,114.28872185160787,113.1419927761183,178.0082194782944,176.35849636812245,1
171.5749312645896,124.93189776636004,126.58951363095719,97.88222432481706,100.93841607526208,180.1491077819619,176.91479472432732,1
172.07678754497832,120.87525960976998,120.26236832696155,110.25382936640342,115.24218311315134,179.14961701130983,179.0240253596922,1
170.68597676532735,126.75194360351071,125.61221840619098,99.52672435634538,99.08452307481306,177.69671003941747,177.33957538684385,1
172.4623057669346,128.04169096528486,128.92129766911867,97.56436137177923,97.99680692609955,179.01379318087885,176.67151161072815,1
173.42682385894796,132.4081136830616,133.7412207122764,123.79966847018672,124.30801173520302,175.26435823637559,176.00051384287326,1
172.67399543125123,120.40873554155093,115.57543553184082,117.64635823151033,116.25119488961514,178.9074309083986,176.30399317874773,1
171.97142414472737,127.49445321892661,124.75117506829693,113.90541329239015,115.26278271710349,177.12515357678134,176.21964631436578,1
169.96481542389134,127.94114622314432,126.66527414052493,117.66311336108006,115.40161512726472,179.38067373767535,176.06107606065595,1
172.65692630865826,132.78736484803377,133.27597665440734,106.56013015377034,101.17500435604023,176.20975367480423,178.95525980333912,1
173.43344031620128,133.5454190225624,132.01246739153643,103.73794517295077,102.21712269898384,174.6600943658361,178.58801905958342,1
174.72450644766496,124.6794575521944,125.79345052279723,119.60166303977051,116.83548683544376,174.23655795365735,176.09627017247837,1
173.4577836403096,121.39427585078744,123.78129856530529,124.97268448766903,126.60789665679243,177.43157937101796,176.98799552829712,1
172.25230681513332,119.68073088033874,121.98489301877188,128.40863831298333,125.69601138144682,177.8232597283571,179.30536870506796,1
171.73660059849786,131.50519581094898,131.30919177866483,117.12847086564098,112.6969298704435,177.92921922884818,178.5313112436279,1
174.98479541993706,124.29847399414832,122.84006360670884,122.31922982381398,120.04106439417752,175.57120590257162,174.33946918747634,1
172.6196980691541,133.93314687338983,133.64066662357513,117.80941302127349,116.58269294470871,176.92155036678022,175.60185188291828,1
172.470488156769,123.79336175679788,122.51108799532797,133.91759314327058,135.900599800844,178.43105189072799,178.2424780465659,1
175.83019489573664,124.20967747914321,126.31206278256742,118.24801692988821,115.75612975879487,176.7093498958585,177.49164014647505,1
172.1683743141222,126.22650748613383,124.21577188456614,128.44453670096567,132.52193714514095,174.6125305802263,177.54519367076315,1
175.77725983082217,129.45293162919285,128.37046672382496,121.27565001194807,117.59472611541437,175.52035257834737,177.90327030382247,1
171.97117050231205,130.73049110909216,130.0796910365861,129.97933533001398,127.82661992701925,176.63064330387132,174.77319009801687,1
176.1518136322744,132.11951544107197,134.08473238547776,125.88266511488494,128.36298777549604,179.92197363530403,176.84322048693045,1
174.29856272276376,131.64344588690037,130.17127233171092,129.78207369347655,127.83170878940061,175.65239012145028,177.83901125145877,1
174.9011177661778,131.48197498774698,131.0266217857292,141.16947274487566,135.464757308024,175.195547777754,179.67824145598232,1
175.20440696015265,131.56950415889543,133.29051457975334,144.53746223220475,142.9915790343738,176.6599822951841,177.62497224954714,1
173.43112177978793,131.72400882153178,131.7012791644781,131.74730770973815,130.50629424779598,178.18197649886707,175.75326661089525,1
174.68166510689252,141.31493214147926,140.1064306850709,133.7716018417385,136.97897754211033,176.314796413875,177.7495870758255,1
175.8093514896508,136.72569672899095,136.46923475688226,145.7555287159689,150.7763992028512,179.84381937984736,176.94495870176,1
175.3686663562924,140.412296533541,138.2941341289644,140.1181168194615,136.76599843115682,177.20758635022543,177.81441283592653,1
175.51105512340624,137.12947256100392,137.99302267593936,144.2566896230965,141.88502820774758,177.51854443643748,179.97522134647738,1
175.93662702163468,145.23090167904354,142.28652928681385,148.05750475877,148.53950199658397,175.14954208414875,176.2600439191053,1
174.05467955933804,138.75558015006737,139.02984290221775,142.60115182599498,143.6954772749482,177.3688879310074,176.5510909769145,1
176.02189034690397,139.16230001969956,138.94351194040902,142.38354333462377,146.71984618611498,177.7268945841302,179.7520219559608,1
176.05073030832506,147.5499755882875,151.81094018666724,153.22069574709775,157.37599362620207,177.55230029832705,178.3126313934985,1
174.51332464736925,142.92879465926413,144.70331403193148,147.50756627789195,148.31984304256676,179.04173192633144,178.98635860976555,1
174.79455175023838,148.43266741610907,145.48462851552483,147.45376626514476,148.34556552451392,175.7291918379128,175.72815183974143,1
176.69159187657272,143.15997947148324,147.09398366618365,145.00959673861695,147.03269056663794,177.70270746281264,174.92597594403213,1
175.51705219445532,147.36266488915368,144.86002437594013,145.92469806469623,143.72004313853455,176.8094972555505,175.8030154592865,1
178.58133487798887,149.22689278367025,147.4501891807253,152.0382071233404,155.28840591968375,176.21439761484928,176.05872494544593,1
176.60298494898072,150.97273690355505,154.49075829427574,153.06735763015692,147.9541828213551,178.94084268097197,175.6068294680772,1
174.80178297939918,147.99289756486993,151.22939480006082,156.6884467954023,157.02060889410785,177.8236983469197,175.3984299315575,1
177.55964213258233,146.62361471972142,147.83760904257528,154.136827309289,158.5910874181307,177.47518014903395,176.84290085648814,1
175.23671500895443,147.56214170979368,148.50971851107428,156.09176438944624,153.83712509608108,175.69481979478985,178.1017701147013,1
176.32735555604623,145.0514097462203,145.75759639558245,157.29246144792992,153.84363083486784,179.30599450694683,178.72356725559638,1
176.0335601920752,146.3578481401001,147.54004390394576,155.47771197105135,150.18908507172208,176.46242442670535,178.4421712934381,1
175.9727671191223,150.87287472121452,148.81155311371012,159.4197468125182,157.45116025082737,176.56375444445473,175.7227331714241,1
177.98388562471553,154.16817066035193,152.62824482375044,157.60258722054843,157.43840384858817,176.82193946879835,179.06003155872764,1
174.3507182731219,147.26792998807298,150.31430107175362,161.26709820500434,164.06384886040067,177.42203536046327,177.62387812409494,1
178.02955098587384,152.0564010844847,150.55100758364753,158.75805690221122,159.1045211304642,176.53779727973694,179.07156172266403,1
175.57296876583317,157.27405734939992,158.08298023936726,161.54468908354923,163.55006919530646,180.3156970871694,176.6658296975055,1
176.1570466593027,156.47679105724268,152.57143635985827,165.2632620624022,165.07451960886752,179.43339345185228,177.54563308195696,1
176.37763361595174,154.65259879724178,157.8873655487148,160.63743950409815,162.43169034927018,177.60808717031856,177.2108422701696,1
179.14803893956935,150.50329327598334,151.67339034583713,165.01361126975831,158.03410061167318,177.5342378207648,174.3208731716881,1
176.17748504406146,148.1844479021783,151.19200943863166,165.29192146379825,163.85513186790087,177.4961109222025,177.49208370804286,1
178.12485969588894,157.4889227447501,157.07626132765378,166.37528558337115,171.72868548972744,178.55783706476507,175.43387546791192,1
178.04075376738155,153.3148417948073,155.2598316765993,162.48010733103587,166.3585188159286,177.1808758997344,176.89177212849228,1
177.71507405228903,156.848089845734,158.29281145154852,168.22632047119927,169.27830212579008,176.1511155731492,175.72400394236303,1
175.2635752054721,152.99492913100394,151.49741889906647,166.63831323893882,164.77099483966478,175.7347924023352,175.9350449915095,1
177.5026712307978,151.68621688638478,154.16162846563807,166.9594459077841,171.61901562281292,177.82831324604516,176.1510052861591,1
174.31462923130852,152.7952443574654,151.01319582408138,169.30967780367632,166.50667720727486,176.78076984691458,179.24635009003245,1
177.44589529161485,160.64572262254998,158.42135417475575,168.35130615451232,164.63868838165587,179.02030544622832,179.11853269691028,1
177.92031555520873,156.5401195525791,155.48557874770822,166.33979843764425,160.19323450973627,175.56263863308678,179.24145658777024,1
178.68118253275148,155.62109166689393,154.16495532381617,166.64422569817737,165.2324984201693,175.65653285068046,178.87761388495073,1
175.49621411099594,155.53257531335194,153.50266040801162,165.64055446058003,161.49884812747027,175.9960467130332,177.1009313743494,1
178.91354622781114,157.49092145231862,154.09153982395958,168.16219883929125,164.2735862097372,175.5330454684068,177.7050464392794,1
175.18882729727952,154.03140158372014,155.7969013707987,167.6058837050872,166.8161592169914,176.5464311656931,175.85812287424804,1
176.90678727300428,155.91827308352507,152.32001692870807,165.88518610056153,167.61141338429962,175.7826151540621,176.95097502131145,1
176.56196473932496,157.05220336683098,158.00186009752892,167.5991939671371,172.88810923388266,178.36151750280092,174.65360705545424,1
178.4469733730213,152.7536283220296,155.30394566735336,164.99136003013817,166.85087075271105,176.39353914927312,177.4872723452541,1
174.52300424260557,157.95650932754114,159.9999352010565,167.27785805136332,165.9271030954446,173.96820418015588,176.71449262816023,1
177.7927517550558,148.98436782690948,150.33822983787448,167.01120887108357,171.8492708780632,175.44049368676795,174.6519975900501,1
178.15848534998938,148.97966893015567,148.06169567211373,167.19220504738144,168.29117673093188,179.11742765203294,178.5082406512642,1
178.18205855063252,149.97549966332693,149.20504157197854,164.4477627427538,165.95412932160707,178.08999756463004,176.31031363111484,1
176.8474375374237,158.74163850315355,158.25457205394522,165.18462366508496,164.54742110212567,176.10039064552825,178.14503107689083,1
177.4338834091197,153.4846247900518,150.52723988277717,165.10529878952607,170.4206594554184,179.08074358879492,178.35161469677996,1
177.02897177028785,157.52053123675137,157.8729056532825,165.62333437557578,161.16807499118377,179.14836777453772,178.96242452653055,1
177.5839608463696,149.77276088949262,151.0306037828315,165.73239933118032,169.14802053337877,177.4027044594802,179.85137365072325,1
174.9878336723451,154.23257956238098,151.92329366321133,162.85958737947416,161.25622048776856,178.343849044044,176.9444362262313,1
176.99520478874035,151.296344849326,151.27777208142442,162.7420939531535,163.95274196290848,177.8607615785938,176.3316001378449,1
176.52241727710083,154.42098625727462,156.75178443903303,159.92266244775823,156.00349581885143,178.87525950781566,175.9787349137545,1
176.53491344759166,152.57250275684288,150.72014667791902,162.2837648893384,159.06530276632284,178.35941956587328,174.1688655354229,1
178.60848170418998,150.04325307032386,151.47271792396702,158.70295958151655,163.55129475213306,176.5573163439444,176.67630133408147,1
177.34919977234534,149.4473597985589,147.20964017023633,159.6242972020221,162.25417018198524,176.4407430086983,179.45479928849042,1
175.80731557717354,146.6968119892952,145.3803777535343,158.14080245148256,156.3976098175235,176.87139306190204,175.44679403486256,1
176.7639832901269,147.09848062255676,148.75218314951982,157.64529146739432,156.32939480552906,175.8537782546114,177.07586716832446,1
178.45165019062253,147.99508310850317,149.83107398107882,157.6551416951765,156.5869583685746,178.1870657530558,179.12987259231133,1
177.31862532649419,152.00925169765986,151.73734851517128,157.73022360180227,158.68322909643743,179.43797957720463,177.63923335241296,1
176.12784940692282,148.87980102786156,153.01486855366738,152.7833972668716,155.45997212525958,178.0786265044466,179.28005495638794,1
176.90275081673343,144.4132430391686,146.93142189472667,153.30473994898895,149.50601653690887,178.10737138694276,177.23012362918126,1
177.07801834359074,147.67272726835904,149.18937735400758,151.04547269748198,153.73603287884998,178.5314622606709,177.5131019415732,1
176.58813830636458,142.64258631743482,143.82426230392068,151.2674488266561,155.9762170904593,174.439798528406,176.78935605677796,1
173.99621336761948,149.09146677464827,153.81590608259177,151.07790818803923,148.77414589779184,175.0482825038952,174.85431362819858,1
177.36255005134632,141.66895212345324,137.36347810110837,148.8205859376164,146.31736742825507,176.49980596129163,177.1994921110205,1
173.9526900223002,144.56352953328445,142.44631755424945,144.5214471413163,142.8299202329157,176.71256784908533,176.72600595919718,1
176.91872568543184,146.4179414887491,146.69219632408422,148.29163321905875,144.5469164242068,177.1723896151593,178.87937125947934,1
173.97710771963975,142.2648599500046,147.02222569230338,144.54026533674397,142.31321991193815,174.57612215530654,178.60379061905064,1
174.11429338011726,141.63235263176492,145.24391846796362,142.13312578321032,139.90706102683097,175.5217771839238,176.37864674930816,1
175.7877526207158,141.75392107367946,143.87305797506562,136.1683091681023,130.65226516763394,176.30166146716996,180.07104849415126,1
175.09847239247105,142.9777181585672,143.82941596202116,140.25982758165495,139.49594425712698,176.07568458832156,179.17458066585053,1
173.01209051976966,138.75966267039175,137.1752904532711,142.79690633876464,141.9393454715129,177.81295358008623,176.49452108767895,1
173.64472825571292,137.40605174281515,133.38996328664464,134.23893237971797,137.45324636737143,175.7765919418382,176.17287177371108,1
175.7425664488143,137.3779499555611,133.98598238765956,137.33703902471453,133.62317151855757,177.21835885576218,176.44661292316584,1
175.93512242218486,136.84727614585398,134.28447230775217,133.47422657619447,130.35663345878046,180.026756103931,176.90413188199818,1
175.3211248861796,132.2606066999229,131.92025689406563,131.40733253893495,127.78667431612305,178.02851852873593,175.04571919350101,1
174.90941741790303,134.89609234178914,135.6207617765629,137.275728762048,137.94886280978264,177.2712663099281,176.77879033432723,1
173.4966345392053,136.5069977634867,133.27627185748867,138.78908457013083,135.68805000654325,177.1126578936535,177.36714786648213,1
173.2645401690199,138.42800039502578,139.97864541893088,135.06886933643895,132.31339826772074,177.08735828412398,175.49507734015876,1
174.9333794909746,131.35479508853035,133.15036207387803,127.6815730074102,132.7304047800348,176.0299933318678,176.09315259860526,1
175.05137320794594,128.13820020864068,129.31933677600966,124.11409834939539,123.21351908551449,175.7750522012445,177.35053577045002,1
173.46546687202138,137.525789779621,141.28377400926527,129.8962480851309,127.91221639393967,175.95787776040976,177.31861559530387,1
170.76588879139894,126.14549973868436,128.2334590742559,133.11748528285818,130.3265316449822,176.71737162486184,178.55761536129717,1
174.04072193845158,132.24257376781722,134.7832938125678,114.89548137259635,114.10205133726144,178.06291676536685,179.9603015245515,1
175.64300000882972,126.38033297449466,127.44442540781394,122.81190861020644,123.28330653138597,179.23638736550137,174.1468337628094,1
172.67351246620356,137.1285562387464,133.97485313219428,128.78163353832377,127.13630680309896,176.2064356952743,177.1501086697256,1
175.24483695105695,124.48946804526426,121.94456752281545,116.95067689071159,120.65586020056152,177.60601398104598,179.33583412516185,1
174.39244562380887,122.31873782727848,123.92958633831438,118.31187078655778,117.2702224405116,179.25414712090213,176.70887320043943,1
173.12654927575,126.6246852386122,125.65323368615303,120.93696388684953,122.76628204262042,176.50654549227642,177.0597241515854,1
176.30225180824928,127.42718438791928,128.24270201479095,122.86159630211883,125.52997887065473,174.32941690070305,179.09338954242418,1
174.1432439636912,127.26924800742236,127.72656498432346,107.60581144499078,111.74453288406154,177.98186330299868,177.56622127000068,1
174.90810159717802,118.58044410287133,119.53035857775608,107.49805642941313,108.50536222616411,177.93453856749835,175.89910749560042,1
172.91834097482572,122.26976448589633,123.36136429911534,114.0339299430688,116.28476310341696,176.77078543431483,179.30203706232817,1
170.30828979268856,115.40902579935397,116.66368716546174,105.44680295723154,108.61736317416619,175.6202900866398,175.6063085272402,1
175.12530566397544,121.40936829684235,121.14965320047524,111.88350511923491,112.37854227950233,177.74297134312508,177.3193526892415,1
173.9770145410825,115.78093945280482,120.9212702019153,98.01504613441654,101.3714543983402,175.1313600603795,176.15891894106855,1
171.45067220882027,123.50413335864025,122.88009892430766,113.07528369044081,109.66265015097976,178.42958015200836,177.01782702831687,1
170.3395931324878,131.18744801537161,134.19293167173063,110.24528516404226,105.71986034915889,178.56300185630562,175.0965194530708,1
174.71468254985243,113.15657800394078,116.20881554037621,114.4084940329081,119.28890189204256,175.82540931166892,178.80927532383626,1
169.7731060089732,126.3363785490494,127.6029396570833,120.13486266297055,124.21424699282265,178.8935852352102,177.36949384156827,1
171.20364021478062,121.39871569852811,124.20738985936904,114.62028269925736,119.91569832874403,175.50927708007382,176.32367655953067,1
172.283076286898,128.78593359501104,125.63339553769177,107.77970334851447,102.71132136557901,177.3339465309494,177.32716999282206,1
174.0601874138874,130.08707807170111,129.7606029925708,99.00888723772663,100.08126646691107,175.59310114789224,177.25262171664,1
174.0458394219738,113.01606535216206,109.88743573688275,94.71252732000431,92.01365675509712,176.99180339720624,179.46936102214306,1
170.04587241456372,116.60049600693756,116.16750392854338,101.90469272101726,103.90621753445372,174.92744669607941,176.36168940459208,1
175.24618788884206,125.77965393579849,125.21276587123148,119.91346774368202,121.05197665140317,178.5091985267977,177.86593467505685,1
173.20809566169726,119.79435222133796,120.01387355257346,93.44678291642518,95.4875405600974,179.05729854015047,178.12325934461992,1
169.1900412922816,112.3839707245262,113.11740409325814,106.2894631351536,108.33896060785871,175.39498125440696,179.9203358131216,1
174.7180815024939,129.8128382821566,130.5831453303209,108.3821805390505,110.85602592590084,178.14617178687618,174.56189302295462,1
174.99284707523407,122.14658493465156,122.65010223197933,97.8377555254491,98.12670856027913,177.26951215748656,177.02983809250662,1
172.5688887916686,112.1774760265052,111.89895053345516,103.21189566822488,105.71449001419064,177.44838829585703,175.61843450273392,1
171.96764422979118,124.31948723218184,126.9761977454077,118.5246276840304,122.83489074525112,175.33006584684136,178.22653290121795,1
171.33890691090343,120.1065020997684,120.00478849850525,120.55352127901256,120.7449834055388,175.5810140710243,177.43317472358038,1
172.8099239638248,128.87413401819367,128.84996415234443,106.22898642976965,110.49770213811482,178.62697650495502,177.22757687764818,1
174.1894128840655,115.61239119301804,115.19085687706166,114.52965037694851,110.521064708678,174.6394513680304,175.73073712186928,1
174.0027821411662,116.84780560253363,114.97579259044007,91.91400727872873,90.75939043883834,178.59887722075507,175.7595926775588,1
172.28754508855903,111.76760589298048,110.76826329735854,99.19678551861881,104.043745306878,176.32065075518338,179.10179424857253,1
171.703983503249,111.40136906772653,112.30332565492324,110.73487727364441,111.19086226588328,174.03791446384753,174.50726843465839,1
171.81680903729358,121.49887407619562,120.64161399184111,117.32113695131675,115.89317471294798,177.03747182300265,177.95164841482588,1
175.07612083177216,124.06446736865857,124.72397827691873,91.21026105806075,90.57294568174765,178.2401203116856,179.3013756509289,1
173.46500439695956,118.29742667044123,120.26210332237295,104.72357637619315,99.06090229102509,175.3254308337677,175.59084468912658,1
172.8835141619707,122.09373851588961,119.9293227364022,102.21394780758104,98.44867948573715,177.10763034163676,174.97596444221995,1
172.44288713898516,122.99197608471897,127.2646280536814,120.55598844877812,124.99891160989266,177.00952316195963,177.21937973434714,1
175.0391496494468,122.09174259974995,125.44261363764548,105.56053241344284,105.70829878672768,174.80063439024937,175.00973715779065,1
172.72880764244752,127.42936433060075,129.7743334981303,124.0417056391708,121.35602050681544,177.3873521753543,177.6100422318566,1
175.12808477077317,123.19314610522166,121.61841052389595,99.27477234842142,100.5696792921366,177.73210499867798,175.56063370767663,1
173.81018070586634,114.64662428485222,116.18312271552439,98.13541159849376,98.14998849381674,174.99980007665567,178.9859986818979,1
172.3604866877388,116.52477100678901,116.08928265698678,108.15036637217953,109.00866322490621,174.54060909044023,178.207288009396,1
173.95684052800294,128.60625139400656,128.45950854373044,120.0869558048025,122.35020795892584,178.1785762330137,175.56884591257986,1
171.83850071815274,127.64384909784359,128.562169496672,125.64345610611332,121.51746102819352,176.8481696206524,177.19658304058652,1
174.38471591854983,120.26847751322572,121.36491366915361,109.31856347859275,114.29988147449599,178.91078525779636,177.38178037732234,1
170.2238573539094,131.8331671640005,130.4898580269601,116.11060221302668,117.45235680784094,175.72976004152582,175.33552264035507,1
176.38087996503148,128.7362249923809,130.0771654655628,127.28311885948732,123.66882872182303,176.3122065266526,178.73835070511856,1
173.93620829404256,127.26197477990509,124.21206371205948,125.13478869919125,121.84775314553663,176.6855541304165,176.56285818280037,1
172.59513112355137,128.02207696191815,131.01067868659945,131.39356224101812,129.05759587631667,174.424888946673,179.81093006700326,1
175.70775327719375,129.44359817540942,129.42497099924694,115.91965969912252,114.25470664873926,176.8219095313547,174.89678125396856,1
171.8446577930157,126.53487422786931,126.68229981053275,116.21239280932697,115.53854841693953,176.0497243819207,179.47498626004142,1
171.01727757791903,137.43821053161304,132.48216331921512,126.19715041367124,122.94435143620656,177.17509428807085,176.24401976515608,1
175.13011930728823,126.22474772339065,129.0860887846065,126.41473688443666,128.03127123074515,177.80415429020343,177.02866894041532,1
173.57612699656434,130.1485572289728,132.2830076609955,130.05386402879108,130.75157472141365,177.75133967300943,178.19897383026992,1
172.77129638590952,137.801169270794,139.40681296728306,127.62022801061532,127.82944589626011,174.17737865930545,179.35284041211094,1
175.17453395097309,135.86112359724015,137.9632519697823,137.20864819114874,137.57289945581192,177.96790969615034,177.90795809131583,1
175.39279067215568,128.91017100216922,128.0007890177529,123.29440743738829,119.41890382116713,178.48663283211232,179.3511669745558,1
176.147535510918,136.86078646018322,139.07469240513544,130.75887893935635,126.58654298869415,177.80066525740037,179.3797991462884,1
175.3753890460385,138.85540665765043,138.00805226724935,124.73466712158364,126.88556955336816,176.17056249418667,174.52069637232321,1
176.89912120789182,135.34997540054007,138.20453657811154,131.8191922100731,133.5727904814667,178.31963775935705,176.00522430606324,1
173.28783637542008,138.82998797224516,140.90192885429465,127.2503923874296,125.57547820494914,176.24902931755034,175.0633229185587,1
174.35968381724604,140.41369000492716,139.00210962245276,143.27149294323584,142.87063920624252,177.9045523001491,176.28280809508178,1
173.9770432234917,142.25470846566483,140.86505109171506,140.17474782101814,141.89930203049738,177.512617173399,177.81104696365384,1
176.17395096993255,140.74414361775246,140.45428462055327,140.8065307563011,137.9319688508107,179.9963780886857,177.93186796039242,1
174.3061946889941,137.38955926458132,137.37606156587952,140.9994773256889,144.0571089310092,174.05355759075013,178.1421356665155,1
176.06199344914884,135.312339168566,134.342890245179,144.1811733792399,144.8775058516215,175.34849004344176,176.87641249402986,1
174.29229210115395,138.21729857571285,138.26412635607412,144.8790637409651,144.44908499729976,177.26732385706816,175.93838192572588,1
177.54106173388328,139.262509138076,138.89265494634753,140.80099436640972,139.723521315799,176.13005876303833,175.0668013501827,1
176.6646110821512,142.41142893065515,144.01254379541155,140.92596210370417,139.0106578309842,175.70324634856362,178.2616157270197,1
175.64602182840554,143.59861266269348,146.58455535276397,141.45662588771535,138.39649534026313,177.276861136843,175.27843199409702,1
175.765511500574,147.8221739844082,145.24912699317503,142.04616312146973,144.07957682806196,177.3267362652926,176.68333594416154,1
175.3232349110503,149.1117432518746,145.15796613082998,150.3096586535901,154.04750777787237,177.45378792393706,176.3132834614006,1
176.13124194604413,141.12688299273535,140.35012338757414,145.25955071956065,145.67839734270026,176.40927568918795,176.41033721846406,1
175.41638779490927,146.15323365856474,142.96381851168044,151.04337339444996,157.434682577286,176.05891107379477,177.43890499957945,1
177.97620526620787,149.28880504237526,146.86768892456374,150.63410201701666,149.6455191249196,176.52266235097048,176.89204354069332,1
178.02206559380687,146.2649977622705,145.37031038630937,154.96134344385558,157.35869812072238,178.17411392499378,175.97815076774415,1
176.12916540547965,145.88381851162924,145.03792101998678,152.15301410087207,146.16218132271706,175.90204048955388,175.73635842765822,1
175.97593098034292,148.18972426955654,149.5601924142995,153.48898415339013,159.5689091765402,178.48341931660363,179.07860387132644,1
175.4190646111131,149.46207780386771,149.25041047836868,159.11737410488433,163.806997352325,175.84095093429426,175.25625038415245,1
176.4495147001396,150.54051787342667,149.5021549429019,151.7873717843081,155.45161999845374,176.68924378230437,176.22289696952507,1
177.7721705676234,146.0799490364657,147.54179657671907,155.37472438068127,160.02252038458354,175.99463439224758,177.3727956430447,1
174.1094758981232,147.51350462582013,148.79500146979888,157.5045964841647,159.51400304258073,176.57471474778615,177.1948301476618,1
175.4672211935164,154.72116911116754,155.65470272452924,159.2067752490382,160.18596034687903,178.87373357954894,177.082436465741,1
173.86237278145447,157.76384805809855,155.96018617407887,162.81451913228028,164.22625185627854,175.63964243010898,177.72024044650726,1
177.81381193693545,154.84096221328463,156.6686142305293,159.18061735058416,161.1387061202842,177.45428066433968,175.47861703981295,1
176.98093191072795,152.45819444567542,153.91031280797887,163.26618622140077,162.03008214712887,177.5139011562593,176.6197035628044,1
177.5751485597731,148.92700164817794,151.61890693836105,160.58891030185882,160.55679838344236,177.39267655517438,178.06174265854526,1
175.79686416431284,147.89657770598666,144.48098777021178,165.06998261859866,161.4989526612231,179.85906475130037,173.94457137415196,1
177.27333031618306,148.38509764349095,148.8489265962406,164.99308074334184,166.17181047453408,175.9116961690736,176.72541250573718,1
178.40728311879977,155.22544500125522,153.5884750151717,163.50094294921783,168.89711906295292,179.33325701719033,175.3927619299074,1
175.94181259913327,155.6929746298328,154.38569442646312,163.8718076606083,161.9057164833107,176.04880214617066,177.45094017334688,1
175.09517868289115,151.57501216738464,151.92879786701315,163.87555475873086,161.2074260123889,174.45145852303236,174.3689749959445,1
174.1817355300291,151.15031812206985,152.38981192626525,166.3626352729014,166.85981725682586,178.55923044989999,175.21656803769403,1
176.68587739273946,153.9778558570455,155.6406013062184,166.22368881170797,161.614522624121,178.04747838982425,175.06245477227216,1
177.91136177963708,158.34244951975126,155.84232919213764,166.74835936909895,167.45864459469877,176.15299804080732,175.47394101222187,1
178.7674822264882,156.27901677941037,157.4537125049915,168.64937661106708,165.15212543169963,174.15890100387864,175.9282021927599,1
175.92252715231965,156.91567686304563,153.96362900692907,170.10642173898285,170.72419498523146,179.0703930591188,176.4808368670241,1
177.13163870648347,152.51874851329154,151.86528532922603,170.1785731197238,166.35416173899392,175.52635146724356,178.04684237937838,1
175.77536695617317,151.38222469407899,153.4880719463215,167.74248851602545,170.3448080257867,174.13453471588141,175.94624551005046,1
178.4194119538501,151.5003596104949,151.50115623711642,165.18530607645692,169.35734478599576,176.3445722949194,177.8858925562768,1
177.41588269900478,154.41973326446927,155.6919904903078,169.47872547446775,170.7576499539949,176.22754717863992,179.02872758784733,1
174.92291186553115,154.8380663210207,156.596448516552,169.73590791781447,167.77611097322108,177.6103201598456,178.2168159862133,1
176.46526362637954,149.70173886361272,148.2265061403798,166.63111312908276,165.8530798525745,180.21881400332705,175.1874311660153,1
176.69379850403695,157.82128426904654,159.7882481310766,168.47400471932545,174.1400630929501,178.68086931780564,177.7888756303468,1
176.61123414131407,149.92582758858413,150.6660877590958,168.85046149632274,165.15256639734048,177.7098068926151,177.3378689645633,1
175.74950641965495,153.63912952810105,153.58320311778192,163.610660029684,165.29361640021068,178.41370582106273,176.81639628243187,1
174.77772842022438,155.46953937929442,157.40006766611702,168.8006170823268,164.00956303115888,174.3167822337841,177.4825570038326,1
178.84914052280115,156.88519845302778,156.45763899667216,165.27464640527936,162.83428483167964,179.31186395506464,176.89811997062793,1
177.06383973293632,151.23837935667257,153.17632319356466,165.04125264061082,165.04571790552083,179.16957534959997,178.19698301264705,1
177.24918488983508,159.00213884224306,158.89828838935867,164.5026498115724,158.05286619919883,178.56996377036424,179.9154848249822,1
176.39015431761572,152.14388539914447,149.5965135739305,164.1095778107586,158.4005912330375,176.33014220760901,176.5869453906712,1
179.64316679395768,156.19729836980247,158.99732881969112,166.93917580882396,162.26195063098513,177.10721631293546,176.75860584835425,1
176.9073628859632,150.704133005415,151.95365579738686,162.9566125494435,165.96648800198926,177.74906645725696,177.60689559980736,1
176.805460142893,154.65170978233076,152.12635099129977,163.9677944144029,165.4107759209913,177.32908504922224,178.27308252858813,1
180.0811484376371,153.62124298069082,155.78675302470472,165.97044483681,168.4043659141863,177.41200896005378,174.9118690427671,1
177.27813533879706,150.8574083615688,150.14202849045867,157.57569617360227,159.04483354453063,176.46548711959142,175.35733148006108,1
177.51896640865232,150.01971380887025,151.5620218264384,159.92170122242882,158.64928646511845,177.27835398036112,174.41831254511345,1
177.7528395304396,152.34627825081063,149.8803205250744,163.88170716350433,165.15541783249472,177.49402683628892,176.89297080816831,1
176.00684778143517,152.98803380928035,148.94935394215463,159.13539602276273,157.85622243486702,174.14063826010664,178.25471222082845,1
175.7134449297207,144.33440817079466,142.19611370603965,155.3675074689983,155.08120885934014,177.32559783309145,177.66225923060333,1
174.85885991878655,149.9572196018884,152.99173773880543,157.5109363206504,152.03475306464594,177.70110216175414,178.72451031974526,1
175.22787496470553,150.64965956917268,151.38883679293812,159.95008428109531,158.2176357858965,177.9615456121648,177.36611695324947,1
177.27341083163614,148.48377082363555,147.71562499267918,153.5639083865676,151.02605624239138,176.09798845842636,174.47115728604422,1
177.43641470163502,145.44582673918407,148.54744408053526,155.35255339953466,155.59405847268596,175.78371623499908,174.3957161223429,1
178.2114394033839,145.9102010581056,147.95978423239723,154.7562473190723,155.8412436359077,175.28342272174595,175.7065614078558,1
177.38899873687717,145.79242966878164,144.8952753540948,157.1268658069841,158.4758946981538,177.68395904457833,176.4918050325541,1
175.29539894503935,147.40548981208303,146.46877183763146,147.5934080578701,145.28224497343746,178.87730376368455,179.6271629798397,1
174.49796107038483,147.25395834834367,145.5402233921568,149.36480605323234,150.36736329704627,176.7267335798233,174.21497553620483,1
176.50306991974782,139.01958054521913,141.31861749408822,147.67405956516626,149.06284439125633,173.6863536441454,178.00892787696657,1
173.04106182507886,142.8385079522605,140.23293132263012,149.22391439772537,148.6959818548918,176.48273394263344,176.49703044869872,1
175.56428607095336,139.26740724113745,141.4261723186187,143.1675129886037,147.15671104740355,176.86422551954922,177.6750421118767,1
176.6210296522019,138.7828574596475,138.70821878555137,141.6873128301317,144.2277696572154,176.79213276668176,176.7834418962279,1
174.57238866765437,146.03393563251453,147.84046501500436,142.83954918426136,148.0264491103076,175.76275804694876,178.42235597364413,1
175.89824960444847,144.50397631846818,148.4677962543374,140.33425319585362,138.30432420741354,174.10881724961436,177.15496715774958,1
175.2291959492505,142.6567975136271,141.1988982910963,143.43593056648248,144.8057230688063,176.18340755822717,177.4965120001887,1
176.15189607673418,137.8374119738531,138.84152740489765,137.49864515681017,135.5327107791168,175.3990805177833,180.0841163103787,1
174.8045989904945,133.01430658889797,134.12956428192254,145.3058023878004,142.54721341941686,176.77067678681263,174.90778289304188,1
174.22827180039462,134.52813717225257,133.810066802215,139.4963941278745,146.03203365018908,176.889382925183,176.66153896028285,1
177.4707253065424,138.84986777875164,138.8004621778487,134.52679015182167,133.20441703673757,176.1571299558005,177.8548906198025,1
175.23881776450716,140.2628593722528,140.25672391363315,138.46907462344086,140.45487508192852,176.915643656527,177.0306810769011,1
175.2903904132393,137.57165746359058,140.20903851064259,127.36229198245269,124.69355417410391,177.39871875658042,178.66220675781835,1
174.57414649608413,130.25646552680982,131.8624494897839,124.36591121937165,125.17597600290893,174.46697402774316,178.17537591417715,1
174.71496388658116,141.81691215292278,139.07409223183697,126.36397924503763,123.3029298318815,178.90268966739768,176.32563135884027,1
173.29543029997205,135.35718093032028,136.95563060008902,123.915005696034,121.32073985359708,177.56808454941805,178.91498978970782,1
175.00275333580706,127.18323047264458,125.03326103102088,128.4971105326999,130.52784871286312,176.89973770069696,173.81461161321832,1
173.17542676398352,127.57021707035265,126.28140861111233,118.98976767940569,120.06874712789583,176.24504801162195,176.0973407369244,1
173.6763706552747,125.8427066565923,129.2438395427946,126.41790132186733,123.55554301937809,177.2427167306668,175.14060051985584,1
171.54669678449108,132.73314864846427,131.0014201201235,128.91042760637518,125.94110708734992,179.49930226856668,179.22382887907418,1
171.5151443661108,131.4253187383043,131.52288174353654,132.54527257830884,127.8034201879377,177.54737873143029,175.1696455529512,1
171.35166663421754,127.2844597557562,125.14281697619394,128.5867041465883,124.73389137392566,177.3145244248862,177.36243151763307,1
174.0887812734234,124.79395708740643,120.21535266219611,126.50531341252639,123.9577287668294,177.06461601302132,178.37721527743278,1
174.9844908139277,121.48417378520683,123.39875445852448,113.5680970207021,114.35687443922954,175.6655056425706,176.43422454593428,1
173.70278002844367,128.46518806123623,124.25905861016696,110.96416695204927,113.56066911748643,176.60723468845362,178.46216566421197,1
173.23182837003466,128.07053978012027,124.13176469996549,107.53424310318144,102.92035656300216,177.487567155189,179.6446475587242,1
172.24432866776397,118.16129376570497,118.33793081988257,119.33440749418425,115.0082087067174,176.43248351057142,178.54375263402397,1
173.1326767218274,117.06176328679673,117.43486203267295,114.04897110513396,119.87487077704778,178.85812740501711,176.26278245686382,1
174.660645038378,128.77392922040218,130.64560932524896,121.65238171365337,125.70964036463153,175.93065303936973,176.87171090996034,1
172.69641980708258,116.30825973217637,115.48725426346601,106.30544039521256,106.32978723919298,176.7779592069281,179.53989131397563,1
171.45041651962822,127.66823465438,125.99734621366517,103.39279240019847,100.5713722876957,178.4542311177329,176.4515692818216,1
174.7355226910615,117.50285522758686,116.31176132853166,108.2621210940562,107.19489567947531,178.14505518907862,174.06879627909194,1
173.30283860481734,119.22924580766563,119.25769844513353,120.80122826679371,122.74873510974294,175.78352594854422,178.74411898766624,1
174.68629704452215,129.20451942214117,125.80435868721071,113.54311926489092,116.71645122850084,179.2140853711311,176.00523205406225,1
169.909147783288,119.55156264220427,117.04656524827742,118.55001758792946,112.74244430137874,174.93274525750232,176.08705839176037,1
172.51402724882522,121.80744832390705,125.58826274561825,122.16072213969788,124.35933957727418,176.832027241192,176.02510501374877,1
172.5019402984898,121.8992327751835,118.0896129679953,118.9067125998386,113.73945914104748,177.03839168866577,174.97435895452074,1
175.21653923165985,126.9603801760185,127.93304180115061,105.84153310107111,103.68934511819211,176.3242651071748,175.23395552289202,1
171.4692088099122,129.21100117905942,131.50443216535777,120.46583691878678,123.73406940275751,176.74180360030522,176.77116965218815,1
169.9986938269625,121.17313155014547,119.77977148126273,103.80903685405187,104.81946512823806,176.45878149964935,177.89282651182077,1
174.14041044699343,124.95513858330294,128.00179912779524,101.50966063902376,105.55375772907489,178.45544694192765,173.887545421913,1
172.87521873881477,113.53512235075567,112.38358956877609,96.9308546273988,99.64670139202195,179.22156930229542,175.4454548945194,1
175.01930492270617,126.87928076818301,127.79167734547042,113.00401501381491,119.80438820117595,177.4135601858346,179.1325077482932,1
171.76226358680998,123.7765537034702,124.52545208817274,96.12756662292178,98.19881559066756,175.70213138720345,175.68310505549906,1
171.8207880993977,121.22131509352417,118.65356790069299,94.99238999504676,95.07339650328451,177.4238601673862,177.69717771153796,1
172.64893407663814,116.02851138200657,115.21541306274287,95.62359367242865,97.66246386942446,180.45863037462757,178.3944106899236,1
173.8321380943338,125.98252248289374,123.69589236892945,119.26630318149397,117.8830115210491,175.83037647467899,176.50336892806249,1
170.62947873977518,120.70430836232885,118.64160218269794,110.03158967027231,108.73002041047502,177.53686783861943,176.91394881387288,1
175.1541710506497,126.52826310129957,123.65083452490248,95.15055118270159,91.70285992225,178.5102076554798,177.7427558370562,1
172.24130174762857,119.14449467663032,117.39917943376888,117.87570922291015,117.11664225655517,175.83039790178552,178.8737471450684,1
174.03508326022393,120.1228318812365,123.35491503222568,119.3413679011121,122.9869187429267,174.19199352771773,177.05746024204518,1
173.12719945923777,119.56607557083262,118.39454549624041,114.98610038744071,122.48751230867606,177.69400862051157,176.3433077053526,1
171.45273160601894,111.73781229533303,112.10599850289066,95.35852412169587,96.6547509617254,177.35373459262783,177.10556509371273,1
172.47283848204435,110.39129150532433,112.56587526546734,110.74899108927342,111.0299265967804,176.74250502316502,178.3929385159163,1
174.87710655759864,111.65017785663694,112.20808131361072,94.51427535092434,98.22774956280776,179.32389817236563,174.80589770431112,1
171.0246432940066,125.39729317887809,125.09561568219969,120.52649160210758,124.81812151142266,176.58673861480892,176.53988663084135,1
173.61931307097973,121.90733456061217,120.12390867862275,117.38322973544733,121.32603632593379,178.71938969549828,176.31863543552078,1
172.2766990785562,130.68622509773715,130.78057333306268,104.94427606214298,107.11825275735028,176.86530886058074,178.23385037641572,1
172.2878804738719,129.66579239424752,126.55856123132081,104.62367339438337,103.16185646595807,175.10283102104242,175.44851197739249,1
174.24825625499105,123.12427158592381,125.33831053856682,113.37990868977981,114.99655798623837,176.3885029284121,176.138404635808,1
175.12131613246956,128.36927600091215,130.1138238607272,99.73059608295641,99.90506817819177,178.16153256112145,177.58161176138364,1
170.60010435562646,124.63435000986813,124.93129263050002,109.23365387616386,110.48554066293855,176.06558561211986,180.03120307655476,1
175.56480450472887,129.13383649447266,129.0404990936317,113.73392453120894,114.80907438091668,178.57641475966741,176.61107849720472,1
173.47511188767172,120.75001776165166,121.94970374675287,111.91724272567842,118.13681415049693,176.28091896241096,176.58065834924417,1
172.40345920304046,129.37956007423708,127.66879147196079,102.90290869074943,105.2184568607635,178.30918712729382,177.10255462930402,1
176.75327070067524,117.85349175199339,115.636841814502,112.62147347791708,117.0860781657102,176.47997807374628,179.13587776543972,1
171.74326421655545,121.84639492128292,122.0821963335231,123.28453451786072,126.58710015983446,177.9437433998953,177.6371420086117,1
174.18696573874473,118.70082243981048,119.9818565876571,125.39361782963437,131.54008235983483,176.86887788151563,179.98046040827356,1
171.07581474750648,125.27814645776104,124.46992258590687,125.3440108013104,122.30513303487466,177.7942387974696,177.80611720233924,1
173.46660112544976,129.70941736973506,130.52340758566817,114.47242422406919,115.51859922945786,174.4322111089531,178.98223766972515,1
173.6415010717636,132.74066331168513,133.28118343932718,123.10443011320194,117.92259733137688,176.49588383855053,178.60786648711343,1
172.9899435029344,127.28386012149791,130.350401474694,111.6925160233004,110.42598434986343,177.48614701757143,177.79206569208225,1
174.45661249785752,125.36432408688476,122.82078425124256,113.66223311559973,109.46602550420836,174.99307918042882,174.2467715521968,1
172.7612625679451,133.7736364239961,133.68565024234132,124.19292989314796,130.02995861312957,178.28375419713802,178.76645439367505,1
174.4277718550928,137.41974878551693,135.52177930990894,130.64237350372503,126.02000623794649,175.11128177373757,175.27503750284572,1
172.03957401288767,130.7281057239676,133.03388379397285,118.00128363739984,114.44706823172224,179.82760267252726,178.24596825721335,1
173.781185268753,136.656269091195,138.53092091975296,133.06124482946592,135.79842184190906,176.5226084405534,176.29675780030732,1
172.6084485105536,126.66386169984449,126.92579365825928,135.4750996656556,136.20439639159176,175.26127698529078,175.53022293831157,1
174.97888940685556,133.5150419448347,131.1792047300238,123.63763979038818,126.73770785687664,178.41416940308088,174.14698002111874,1
174.54554997924933,133.2242730478794,131.83164520272027,132.28605501751247,129.96848080489536,177.9671876902185,178.70230416277033,1
175.41808033225632,135.36470100077818,132.57145646644076,138.12901138816454,142.36392939149962,177.91848602848856,176.74090279906193,1
173.93370608858368,130.30014087250024,129.32841575386584,132.36991339095985,132.19943422026202,179.26689155057142,178.6175045884996,1
174.63440884283855,139.21131011674856,138.87597735810232,132.03768482664077,129.23037716208364,176.90580469545796,174.53255421356192,1
175.26406924637593,135.1935685251927,132.960318397444,133.86687876230533,136.83369828945135,175.17992498368054,173.62297490160873,1
173.9595978497527,139.55391012212792,137.80897376824532,135.08360475967785,129.31670558249994,176.01808165266166,177.56988042756348,1
174.1055352872977,133.84998128609354,131.7484492757293,138.94086180623418,141.17076808283878,179.22448866555376,175.61890105389833,1
176.57916148127265,137.3236225063782,137.0003734727967,140.18939876596065,135.15505750634577,177.07496486114098,179.54785406574243,1
175.20401860191467,142.522296279123,141.78514013513083,137.40595338818073,132.32009405610052,178.68002856585628,176.46722517136934,1
174.41245359123346,136.24936437202302,135.83591127701095,136.7112483236566,139.11986260143652,175.75353451517222,175.216390697564,1
175.59194428026996,137.43645235606914,138.86233345162063,147.018265329223,144.66660984792128,178.97726592469388,176.63425099012414,1
175.3173327109653,139.78258265140784,140.74302782400653,148.92414417493336,145.3521159475219,178.67625572974453,176.5456367330591,1
175.74996916049733,147.38017712328207,146.06426810487815,146.21909504216157,143.96746827447228,175.00911228808803,179.25877212499202,1
176.04849186181343,142.17223312976427,141.9804352202554,144.75913881926414,146.1190173430533,177.82786183387054,176.7853502003034,1
177.9017078115719,140.8894710251618,142.50208709598343,150.56182752513342,155.74440431862726,177.38099746126233,173.79765567763258,1
174.69952641578408,141.26194325299116,144.9367550779139,151.86236105163363,145.60298026447546,175.50380165101114,178.96337444746112,1
173.8828072559427,143.10719014410017,141.53060121000718,148.47352542453416,151.76143268969608,177.69067172828505,175.99025117585288,1
176.59075720851115,146.45752003119964,145.4724097280336,150.1767477935967,154.6864931692065,176.9629930707225,176.40924927526774,1
177.69619486226068,150.00848497883314,147.54517495048455,153.89699186511166,152.2277337804805,176.82638293905066,177.441612196744,1
176.30643175030445,152.17082148895983,151.7090480547758,149.71262211787766,147.80240725723561,175.08759403595283,176.03663693875393,1
176.5625845786642,144.417963650022,146.07016138492097,150.82797864230926,147.8410768319769,175.68483119570107,174.4305844786525,1
177.06162292822376,148.77538394121322,150.65368608683565,158.35209465872228,159.31610845526694,175.59568231253456,176.96772828631157,1
175.38118258645432,151.35916431669742,153.08683921195308,156.23430865908924,157.70364806651585,175.6306902014309,174.64834266930123,1
175.585890867176,145.07326971643104,146.52458958422173,155.74035979400315,155.76000179313093,177.56492700182577,176.78264558681042,1
174.64920945264777,150.93496806011282,150.39629685088002,160.15126746513826,161.5178287686553,176.94411421073428,175.85779972022925,1
176.58081292425845,153.93770825616247,154.66554307580256,158.16698941550516,158.36921879183603,176.10902338307335,179.2903515188166,1
175.84316133618816,151.49564829888223,148.95803920219603,162.67746789735398,161.0915151206794,178.67106624511655,179.33961672179225,1
179.08300639210344,150.7152063079671,151.22063587513688,164.25881048537943,167.62394667993885,177.8214230519208,174.61510982126165,1
178.81913481652666,151.81316389206145,148.32769802211376,161.50246910613214,161.50975808562913,177.25884962735594,177.59055949601046,1
177.42832747066885,150.70472889313294,150.74906113715383,163.63604136753904,166.69122844080056,174.75144726758901,176.7110659253782,1
177.9415934414452,155.38222585134028,153.27397396210728,166.65856965559112,162.80877043601706,175.26623441176895,175.3241743992349,1
175.45272310111932,150.85330081156644,151.5370549885622,163.83809145117067,162.78883182412318,180.07691955326476,175.9046594134556,1
175.69063075130035,157.26369313372402,158.81557119348255,167.75021756618884,163.92511986953454,176.64890960982564,179.03097338321157,1
176.51536236212687,149.75043879377597,150.5779433359587,163.59034988468622,163.09530341844837,177.0062736127187,176.22047872880356,1
175.39784945337178,151.06599253421157,152.69261632899546,162.22758957243258,168.7757496079392,176.31685297420813,176.83653359349609,1
177.01672403842008,152.47461197085258,151.27190816307981,164.20717664649302,161.95229276611806,176.73706734229665,177.67519156871776,1
177.68982731526057,152.54822931827457,153.766052808155,167.06057911290733,162.98654977448186,178.69962427706892,178.05940867494192,1
175.52472590283878,157.43073863664563,155.33980955339868,165.88044420705032,163.90969539646392,175.02518075022027,177.48235903584973,1
174.11545997552707,157.23196168880992,159.23930910492356,164.6395196530271,164.05547281459286,176.62280978127038,175.52183241332807,1
175.47568818261976,152.8315701637592,151.70342752260066,165.0225569004553,162.30517766775117,177.4807680915846,174.57406473783058,1
176.78346898693877,155.37044474756956,152.72032490908566,165.41179337526646,163.56056556721248,176.87299192156686,178.1274601812871,1
178.1103876273764,150.46821546210018,150.54812106351193,166.4297199751427,172.66406483575307,177.58684599583177,178.9993585192591,1
177.3838552642207,149.15987645546457,153.0229522096551,168.12592641865754,170.60338402729948,176.68265721932278,174.30486217087648,1
176.883613937518,158.328809891506,160.73337114646571,166.9055086788268,164.272350977041,178.33179407543454,176.80641823718204,1
176.24196266804842,152.12601955113374,154.68218592443264,167.17830233363998,163.39891475580748,177.27526694626448,175.2519689083242,1
174.6321695436828,161.0098067710681,160.25217432223172,164.37595248318848,167.1143306066191,175.7497689108756,175.9448042972197,1
177.30234937505588,158.4028502931857,158.42827096457242,168.64630486794707,165.7359197141741,176.45262196137332,177.39519089742586,1
173.97912729982477,156.53248900766633,155.57808270806797,168.67148642353197,167.98803931120025,176.73087740548718,177.35612852420863,1
178.98735119825523,157.27114242631595,154.26254134815042,167.20850569276746,161.51976698682813,179.1763681984698,177.62216120414638,1
177.0983413887053,151.79243638308466,154.78765205758256,165.8439886940143,164.45470577377645,178.15331529848982,176.53972162502555,1
179.3925517585578,155.91540217669373,154.04476797786222,165.0331112041671,160.60870249677356,177.71396677989802,173.84082069842748,1
174.7455547959287,153.33825868600462,154.5002842279835,164.3604658164392,158.97082396374282,176.55010786676172,174.09754427758153,1
177.72906143896574,150.48745471653692,149.42391801358468,162.91794204495127,162.81772034553876,176.32010376191252,178.34904369821325,1
175.84478826634768,148.22211689895596,147.20443844965962,166.02709800947775,167.1903026608591,174.68384050187797,179.76426478501938,1
176.67115524786269,155.2150275836353,158.26524832533602,161.18052872165725,158.49868620527707,176.13605119637728,177.0839217835639,1
176.7544452315219,150.59594301334923,155.2525584182144,164.258437060212,160.9416526586119,177.69685178006168,178.0295975783023,1
177.1473188020811,147.40957945351545,149.89694015880633,162.67338514118353,160.49909914563713,177.78044644215203,176.6790241470113,1
176.10348792123355,149.84295836492012,150.58437484979748,161.70608943768855,164.46098670694315,179.72082328515853,175.7421373981654,1
176.7329903235613,151.67922918858548,151.30293778248617,160.60396687420382,164.47463658462289,177.91762421415848,178.65855951070725,1
175.9985189359798,148.75681075354038,151.69298394916987,158.47483831104608,165.0259496709745,176.15564214124893,177.78085256111186,1
175.90182993208552,154.58836511308934,156.87760702487955,159.51964843359474,163.4075221080931,173.75946737942786,175.4988684962106,1
175.73240257958324,153.35487701742605,151.95835575926688,162.34161095888288,166.07446423993957,177.16472087598132,176.99485270687,1
175.58934582421062,153.14883360907666,151.3058956612532,158.2623099471973,154.42421555595737,177.17965208638316,178.29474262445447,1
177.89899179798275,148.83053380291258,149.495246428573,153.10568489548788,153.37916294810577,176.92767020755932,178.21824926282358,1
176.28704155534143,149.56889053218728,149.49350407729307,152.9855753470566,156.1413828432286,179.66413576016248,176.9558000870567,1
174.44179281136405,147.83292592749947,149.37466415275188,151.6484392525194,149.6370349066641,175.41318053890942,177.95806178065314,1
174.96835920526334,149.19231066854607,150.3425695070403,154.69949311942597,155.1329813798035,174.92858215973877,178.09413846529372,1
175.64176256677032,148.89012368471415,150.73374406632254,156.7509109507014,159.99980976285042,176.54837553824203,174.4933221165144,1
175.17436361243855,151.35740732086327,151.49594269633118,149.55770085706146,151.26215588557966,175.79332433020457,176.89538242119548,1
176.21663854670032,147.28839648037916,143.80605524305952,148.4011338688708,148.98070500900954,175.5432528240142,176.67686141968562,1
176.55692914092663,149.3574964493809,150.7766907006405,148.3030142120399,148.76090912366598,178.82000018169592,178.5150146920747,1
176.99600914579602,143.20655336337697,141.4194396738472,151.99349917980848,150.40557902253926,177.33042769320622,176.20860168327442,1
174.52572893969295,147.44730108784788,145.17793361729767,144.5199852462567,141.1781180380949,175.19973374834362,174.9285492657461,1
173.7141049103637,145.0370451706626,145.03468521480255,149.26897844632725,146.052503622982,176.43976419904791,175.05380330311755,1
175.19198127067693,137.546211996645,137.50453469751582,145.6898371364964,142.73212050261859,176.35334539949142,179.5337127999262,1
176.3282537806312,138.42624856098809,137.7351200136951,140.4241632700525,145.01217317572397,177.69001208396588,176.1618364722342,1
174.06447728152207,143.43863464493097,143.73575022878498,137.11160096970107,132.22507074366308,179.01868154355387,175.28301674311095,1
176.3386233314936,143.30828747355133,142.31495491317668,137.23146734966858,136.54947254779802,177.05800932609674,178.59472935324598,1
174.90420419218262,140.38620683036046,140.33504557639327,138.89714530313856,139.9836237273778,178.19045378250593,179.06928023173595,1
176.09158024770682,138.69151253799743,135.70312745952802,135.41202166570972,131.43724426382215,175.66976648911788,177.47160463719155,1
177.93639007410454,139.39812255419446,137.0859027967236,131.90181190859806,128.69846398274785,178.1325059596785,177.64778785936454,1
174.16860185966632,137.34366880787218,135.47309178262364,140.44948909763178,139.4340982217551,176.49017270858468,177.30697705308427,1
176.04998695616732,137.89429040497424,139.90858260104446,143.25675179191248,144.7998877969581,175.80792933247287,174.86040723108033,1
175.230357154139,139.58711855111684,137.05869720079053,124.78744116942866,122.04211638346968,176.3470466584786,178.18176049689444,1
173.51058756088182,132.19254718284674,129.35802518217184,138.6307534036947,142.735310115377,176.98783798856556,175.4686871180013,1
172.9037985129256,137.33231447938465,138.53679241068247,127.355005147371,125.95106380624603,178.37932329100698,175.96466099367407,1
176.56219660386748,129.0098198128711,131.54448160151932,133.05496131193726,136.00086355073665,177.5135365298381,176.82918043758724,1
174.18827754390765,140.35437913998155,141.2093387321748,133.47625204359443,127.32554276660075,177.28857898475695,174.01553032836685,1
174.54315135551286,137.04583462584537,137.1488369364128,128.3032624502836,132.10006055393427,176.3226477980717,173.83289238261085,1
172.93470143728788,135.2931789182286,132.9966256575882,121.8461944078379,120.69425918659877,177.48129004990335,177.4241135218374,1
174.08042716191463,134.30748408081652,134.30371702351505,126.09210666330996,130.66545409503175,176.10197663765666,176.73817427188106,1
174.31840745449304,123.06172156059297,123.44629858025979,127.18521739663066,128.23558151210202,174.97971866809115,180.23646472193366,1
172.2825045767067,121.62388751654443,121.89398370766959,124.04103543852479,125.01610700380984,175.8013453327736,178.44036678563734,1
175.75242969735345,128.95397434635095,129.2645991298622,113.36031703004541,116.41775783920919,175.1491413640502,176.3230354748844,1
171.6433880735801,132.71415059691373,131.7126292655439,126.4282874162953,122.00838020437897,179.02793560480953,177.9961292891064,1
172.59039629137655,122.18436688342904,123.14551678843638,110.72877767710197,106.02034863485976,178.85296012282151,175.8460495169141,1
173.37557421507958,118.91516752245059,121.78607246389174,124.1607042208107,128.12480804370728,177.77165331329502,178.08255541527026,1
173.91238360115875,127.92101191111226,128.25457783058195,104.91562502373853,104.70295302954064,176.26596892059578,179.0021872331971,1
170.70936725141468,125.19166866197826,124.0005109614669,125.65409880642319,129.80982217111114,174.81268207612385,177.99080058701787,1
174.01016578097935,131.65554830789938,129.3702935256638,101.4582611725674,107.47725116857336,177.0356958705683,176.361034335643,1
175.9426517523204,116.70949424690087,115.7412316037718,119.1910734857194,125.13973986571266,177.46013523748783,178.059328277122,1
174.59027163457188,131.2577052032226,130.78635002630446,110.72598189802036,110.45830271989384,176.74553736232434,175.91429092909144,1
171.83931044708916,130.42259748892104,131.48439953825047,115.9017329128664,113.89299111955805,178.69129190338498,177.06297001303454,1
172.1218789022744,118.12386559777346,115.39381177687284,116.62779314790447,116.28627044267044,176.52694571181303,177.38542794032082,1
175.12077098104993,114.17322519784297,111.62677382767001,101.76742739177132,105.62651094584447,178.99441852132807,179.69219894864656,1
170.70820758048347,122.24546181578415,120.78935173186167,94.53730121133705,93.34445734102535,177.68254055113582,177.30534594881016,1
170.35421576425568,120.83850413954109,119.25395255346471,102.3464114309777,102.71085809193175,174.6865445845099,175.72246478709087,1
174.36428103396122,124.87927112892014,126.39184590426476,107.87594995021179,104.55976105158064,179.46197599581623,176.84826191810362,1
172.05273056014127,129.65991281939705,132.1566248934693,97.52610157437917,98.5823515407519,177.15759141048844,176.04670968438344,1
172.01278614815098,124.31393764518698,123.14838778282042,94.23390044739449,98.9504626129236,176.00252815543544,174.97689000143404,1
174.21301255295458,116.84685967544716,114.30808722741628,117.10904194360593,115.6624869404302,177.14124815913135,178.21695022413493,1
172.5881239204606,130.6341370704656,131.90183602831283,114.2118358986185,112.64435372195356,176.85804450550305,174.30813126730456,1
173.51254785712803,128.58802274123784,127.13737942558251,101.69173667026217,105.67295883524984,178.54447360107076,174.4409394042958,1
172.7774565835375,125.13606759567716,122.4105543120535,96.44169378131203,98.06358367345811,178.1466365224749,174.2759800966859,1
172.64341949508312,116.79134915883232,115.01559972275592,113.54561462356389,115.94336944297027,174.23100422161212,175.71573989305574,1
171.89734530224885,117.65230647354407,119.39404004639614,95.78470699953638,98.9692228133886,174.48257577362932,177.45185373831032,1
175.83556966046868,109.27265546136002,110.32322939980068,119.96825004720621,116.65243285526329,175.29509712220244,180.0764624387638,1
174.4585281006617,125.5932354243007,128.0299782085663,98.79514240568477,101.55737241441139,176.89374847037553,176.87247305505142,1
170.4586966993209,131.0187973263462,128.8767920209537,91.40479777315853,86.16974274278257,177.7143138757199,176.14377882167187,1
174.90479728096918,123.11550460651011,124.02737933954737,104.17662078209203,98.90641074019592,179.3407260311298,177.25532220701788,1
173.84194265757483,126.83268428989861,128.75614480387034,108.63120524623113,107.41674105470776,176.55098881457158,177.91871862494173,1
171.39092076246715,116.3767730832039,119.596414240655,110.0260543149049,111.88261130475871,176.93350828899636,176.3130085838196,1
171.46466152816245,115.1197290639749,113.21193110347157,118.60847449673577,121.51690934122347,175.92957720615428,177.99934930324784,1
169.18903419955282,122.27701798214922,123.4313893851003,106.98490151474067,104.4856717981006,177.03725271167343,176.59440235685597,1
170.73281060205215,118.65358340766035,118.01164732818212,105.19454949449855,106.88607477491074,176.57963611073578,175.10391965710105,1
173.70869095323877,118.41149197176833,114.49835987659526,111.18985709593757,115.30675033453787,177.63633380280572,176.47565547274286,1
174.20579209519425,121.14904877961344,120.1769526233087,109.47762212059394,108.14718200245238,175.39118947503357,177.6716113009895,1
174.44022003099695,128.94741652571003,130.14294244339268,97.66746103197315,97.92327002327889,174.3311616781254,178.72112194313846,1
172.7937465611897,125.00502307149853,121.06834731147632,109.6204568403421,114.95467918277471,176.690287770031,175.61164997036937,1
175.93494495560878,115.87025332696396,117.83560468107451,119.44060753420136,121.38122309125359,179.25851565769904,176.9234982128162,1
173.41744639113216,119.3527878572061,117.82868026949798,121.98923879933051,125.39966068540224,176.3382934176463,178.29832786935404,1
175.04771948658293,117.54878662758861,116.62936730285672,106.3746215809128,110.00893328263953,177.77805982092778,175.7570212180968,1
173.07822670274524,117.49378982791302,118.6952669830248,115.62286516126538,116.1307320853912,178.61633087649716,178.2982828286227,1
173.84402675172146,116.79992245273273,115.10946479717978,121.35497695501942,127.2583919235044,178.623453298517,174.86696287676287,1
170.29005255769437,115.33665127756025,116.10208148112386,116.6064787548897,114.82290469885672,179.81239666428527,176.5865745142927,1
175.95888547262732,127.43378438969668,125.21585289893494,120.09691553839083,121.19160751575521,178.6883321626261,178.0479882662163,1
173.1024617230174,131.41627512654142,136.3866592567544,112.64012057118256,111.39478700904247,177.44338679154237,178.449354008965,1
172.61963081833525,130.38808344993936,133.05279119656694,106.41766077751046,100.92204292268298,177.7496762908126,175.2935081279675,1
176.46301217316793,133.2112739570202,132.981742711393,110.32242964001705,112.87660883898761,177.71173452112208,177.86005347625505,1
172.1118208974912,123.42912308554256,119.8968831431037,108.35823925422694,108.94194693755709,177.7129124971386,175.08971312805153,1
171.4248567195182,125.20656453659166,126.97126314330686,123.73494542620278,128.74441168189642,177.01819287383012,176.6862586027505,1
174.6341356195655,133.85422254754013,135.2841466722536,122.12826376426075,119.39856732416185,178.695168114871,177.0475325415211,1
171.01659219126674,126.9246165064741,126.47464818286754,111.80139006465247,107.85629432818978,174.87842817901844,177.20359186574296,1
172.64361019909657,126.62161884985002,128.83312471250855,114.30930076173392,119.08438618540754,177.02346574187663,177.89759098259088,1
173.2148170972428,130.58595997533527,129.2765000616075,131.5805810142172,129.61920612851557,177.35588115832851,177.51298718638344,1
172.20229917587613,125.19249516894527,127.13666091451559,113.63015722367794,111.58717822528786,178.9016764372377,175.56216368328546,1
172.359998234976,126.88957468169102,122.14360028658226,114.2394950887877,118.71138932134205,175.42487176329487,179.48451513239468,1
175.61476391593993,133.87274189964864,132.43757028221378,122.70772444906869,118.58479767812443,179.70478906438439,174.82683032959326,1
173.4790549307722,136.11965460023654,137.71601264704466,126.73479044843869,128.89938194452736,176.646012904168,179.1921203889145,1
172.98905438790106,135.9815519723787,138.7560915886391,122.37847511772294,121.51701419862682,178.57908840369154,175.88742829134483,1
174.17198293321857,137.21539807434124,136.7554306410175,125.21603076395965,126.79706546843218,176.28281989462903,176.40523166358807,1
173.84894530025923,137.0057237687357,136.5022967038831,138.94913778291976,137.49674300698257,178.13893435677784,176.96884849103674,1
176.11918595547544,139.62921812607576,136.68735025064487,139.07040588114208,133.16392350092275,177.81564769991584,177.89234363912843,1
174.2521915072307,135.11860062569417,131.22910519117346,138.15612977255716,139.46484004594203,178.83478961852774,174.61111530959613,1
175.4585595368841,138.7913448835927,139.37336679730984,138.43392794436394,132.333633636837,174.91244599387292,174.05538387551562,1
174.802517976655,139.51332951347382,138.82939843544128,141.37609124338692,138.08893631058515,179.1645784861526,175.4044349787483,1
175.69297250673955,141.02841385523095,139.70941163789672,136.72255237460536,143.24665104383416,178.783479972489,175.41371353303902,1
174.8487649333884,136.73743034563392,135.33034190877993,145.37989507744473,142.12886383332176,175.91071701108896,178.20114656182332,1
176.54434062895987,146.35674378458478,145.21792844823415,138.02831283657088,133.98320498610744,178.08293955316614,178.20983586158172,1
171.8873257220469,136.6321572645553,136.91055981572586,144.40084622751016,148.07812891314404,179.88805059390754,176.0332435096538,1
175.82385107254635,135.86986711477255,136.146853615448,144.4813139333497,146.17840073585035,179.62253372986552,177.4603541201412,1
174.45741860539317,138.9770778342535,136.95163136225088,148.527414434613,150.8881863375483,174.29833241165295,175.27119847932545,1
176.7787255452336,145.29438120464107,145.46657934898928,141.34218679576756,138.673353171637,176.5828172065695,179.4863288360221,1
177.67009899139234,141.55672859432465,141.39170076235737,151.76869853267704,148.23985012689562,175.72591565399594,177.6462321434882,1
175.2318455138095,143.3751030564209,141.42693503843273,150.43326001992264,153.515907678442,177.7865344105527,176.76304353186774,1
177.51378174746483,146.98762811796342,145.58818894745085,145.87681346075757,151.65880501980922,177.64577572422013,176.48857735819544,1
174.42020013560062,140.66373949207753,141.66466244075963,149.11283352828696,148.5891674619635,177.64273846639563,174.19146015572892,1
177.97738833821822,144.98658484878553,144.43397403020805,154.36746751423652,156.04948892166277,177.53294181151202,177.76926664530387,1
175.82064664310906,143.95581803694117,140.173727874124,150.21571374134274,153.5400064451193,179.73067705556272,176.2751633480851,1
176.30251204541247,147.55342358061768,149.13234355141648,156.52930945312858,156.07509319887126,177.38402468093958,175.4036508189725,1
177.98637289320817,143.98839937555846,143.48616175440063,154.1864887091147,155.1274501854866,175.59744277816307,176.91025124407136,1
175.4626331755082,147.18304266191902,147.7777659262697,156.8913375485683,157.05673515342613,174.44197375316435,176.1811688689201,1
176.28106874733018,149.184446621244,147.94580792657186,154.01949446516863,156.9557838796588,175.5088718887561,176.54738956324283,1
175.97085816847124,153.68231093656254,154.0959202300991,161.24304569101184,161.14116773791278,178.53121421868545,179.64209835251876,1
175.69422953929944,149.5869864678318,150.771402530956,155.7819226424662,160.39489922894745,175.11405517211367,176.5774973205538,1
174.26686445476486,151.33452252735418,151.44728358010326,162.69360285278805,160.09549067245837,177.40673994661597,178.0494578880331,1
175.93322212450056,147.77405160145423,149.85562479587034,163.25050695891042,159.6781215883829,177.3188433486593,180.13220007827132,1
175.13088729819947,150.05232560888388,148.1078878196503,161.96967494107113,165.29502930518615,178.6784745793929,174.92387157375546,1
176.68000236332134,149.8811714093012,148.7350688603556,164.24197366026326,167.85654481202818,176.24422374631584,176.4762992152908,1
178.5756810015653,150.57822942175062,150.5903632421025,161.26543919965883,166.63535700631815,178.14915319506966,176.68589008086326,1
177.93945051692398,153.2340745029355,155.42477308933414,164.6516489264343,162.48450283865915,177.63901899267606,176.13196186372173,1
177.49791920146683,147.54355920501044,150.09563067208788,163.55403608962135,167.5131373111284,174.2074051068436,176.2659852999191,1
177.21472033992475,150.09484242954267,150.62112186109545,165.04411700461068,163.57919932502116,175.8635754449658,177.78178129435236,1
177.42146252979018,153.13197722438716,154.68102711367044,164.9315684401899,166.2333988821997,178.68715316980916,179.79485434993754,1
175.92172084259218,153.41181268894138,153.7392544810293,166.74211048443811,170.87540322747577,174.30303606247668,178.82099610060007,1
176.0084012332718,151.35277579182332,148.52240412626563,167.162205196226,167.55319908579472,176.65641920503106,175.194954703869,1
178.65586188807185,156.18985013534547,159.0846173767296,167.9636624975193,162.53602936786544,174.8286777624951,174.98161287318732,1
179.93891986553527,152.5905905251282,151.57573561357455,165.7667553726165,169.12716561682635,178.22616218057226,177.0407549215856,1
176.85066919788198,155.38718346455354,157.29011732454435,169.78739316199486,164.55379929130726,178.2847565703769,175.8342126086783,1
178.55850637942714,154.6190930450936,153.80675706279382,168.17285244929718,162.65204763662314,174.85022367503998,174.23978083728755,1
174.43393676960474,156.71000098819175,158.6803530235412,167.8881404316858,166.16929291411026,179.24603206896435,178.64169082869947,1
176.99982680969057,152.35590372985422,154.43467676880203,164.52670694962416,162.20566346375568,178.8124600703918,174.9101658624627,1
175.49361861852665,155.59422086499328,155.27766516030488,165.54561221803303,167.26252140533376,174.44772655424794,178.58206389222337,1
174.82367994814598,150.06991851437687,154.68318194208638,164.66841741659613,169.76358401688034,176.94438051656243,177.6627736690396,1
174.57806168354853,155.57704269747236,155.8319320647856,171.07522122224657,167.12699339230412,175.25833712724108,178.47733865124536,1
176.44736558616833,154.95338616382801,153.59806484883495,168.7232381999896,172.08366172682457,174.21470853366424,177.60946986877985,1
174.26065943938593,150.10162983216412,153.04090778356542,166.3842758137391,164.05082429372905,179.13153868870663,179.3604582275887,1
176.1469970341126,157.93879659003275,156.7594096423084,166.541244660348,170.12229431906306,175.91865543505213,175.2766655909086,1
176.83512763373764,158.20054075121837,159.04436742484484,168.08963753068545,162.17688497467103,176.90643133453258,180.11471012563868,1
177.9841521119236,157.65851724144215,157.27451335766833,164.162564389596,159.05783825545257,177.69670803533032,176.12031534910622,1
175.2712627668338,150.04651846391604,151.97874086695404,164.53538400930384,168.82160811565006,174.92228251496772,176.51323549598357,1
178.79766199611188,151.71431121520192,148.4193696115517,166.4162959478819,166.74562655763077,177.35157782058172,176.53864332691555,1
177.17914918582937,155.1076789078851,155.8003185740857,166.72137602594577,171.56080332466556,178.2706785088919,178.07180420569657,1
177.36446147593023,150.6131745653751,153.31985933464702,163.78341107867848,165.10343084898352,177.42070658800964,177.1797770273009,1
174.7948811791199,149.8572613275534,149.1561444500912,166.13701917673586,168.22116935562127,177.217804869586,175.8617666695455,1
177.3088000569597,153.1619198499855,156.7873630527602,162.70710013355026,163.2789218086119,174.90651949630836,175.0786963167242,1
176.93614454347107,150.82593793525302,150.33485068397619,159.78531691650414,163.05988382674224,179.5551247791826,175.7204245431143,1
176.75884103133797,147.64817798524447,148.97185394293402,162.16942169853854,157.99449078225493,176.63455522275746,175.76346898607952,1
177.28116265475725,156.05648568952722,152.62283621372586,162.4395414563819,166.64141270417485,178.27923910959132,175.21372597255493,1
179.17625099863847,153.03453733641643,155.71826592894973,162.93808678669507,159.59815869484765,174.81852523793327,177.231572949274,1
176.72114465205556,148.01308036982599,151.43269712962024,159.51595281221861,154.8907871046585,177.9328796351342,174.80559401262306,1
179.12836409985272,146.5319493011013,145.95912785041952,157.95906402373834,156.1524195137531,179.74954002328315,175.7788935145981,1
174.3630650391281,153.8369823802798,151.01859611563734,158.40428330633617,161.07797258280064,175.0446940191709,177.6330860175277,1
176.5778898060462,146.66042622486958,146.10916976834707,160.30105644345986,157.64054645928834,173.89633571350225,179.82296746360313,1
175.58658489963747,151.6252384087149,154.00071926211442,154.97610746252388,157.44487064646367,175.69481892365562,176.92356571810157,1
174.1479699484809,146.08218432394446,146.432774840729,156.4261919238786,157.16506471010848,174.60833268452075,175.13044903583327,1
174.38563677911554,150.93985652843617,150.45048332341486,153.99280577413458,158.46214812265194,175.03166027963303,176.65830735335757,1
175.70547782141497,146.4696772580987,145.35148186689716,156.63029601355962,159.42236207343853,177.5605513068712,174.59728858743568,1
175.52117514618405,145.88251452464277,143.96729712746392,153.1162672633335,148.79689002619727,176.37502118706792,174.6607493757193,1
174.6688027331188,145.55961339697936,145.89030652184013,152.36173490899446,151.4696350964389,177.24282898929653,177.8603620986583,1
176.89643100702233,143.4956894130378,142.69152427559075,151.23785771060923,149.88324303424395,178.85687342612238,176.87542202344557,1
178.17954014016965,145.56343572252396,145.73654722963082,148.66317691217037,150.39832817475215,176.60539525428507,175.2827279692819,1
175.0590197547022,139.19202668084893,138.82294162427652,148.35782271691383,148.42548830173914,178.14989918252724,175.4929095411417,1
175.44646930454215,148.10897390480596,148.60274832365573,145.317467246516,146.71518238171387,179.72411552751598,176.4112367547414,1
173.27483474122494,144.10327256905916,145.39753024521144,150.62685255212872,154.4006730293188,177.22528413017406,175.69838318187274,1
176.51682265821614,144.86527306452945,144.8884929829791,146.66623874128763,144.2099165474059,174.0314461720233,174.6504043315078,1
172.87725822299475,144.99329551253058,143.9500373387598,144.07252236819187,145.79782321342034,176.82514198435464,175.05676985910333,1
175.51768988831174,137.61988048270447,139.96244596050423,140.2797982057285,137.35787174271024,177.7731575020974,178.90136780018574,1
173.30120490029296,141.08330542057624,140.30763101441272,144.04767858180873,143.99864181541778,178.31894071379762,175.8866042106343,1
174.86413465654377,137.8153069294882,135.92138851778554,144.9497521271609,138.8386092960421,179.78049811574726,178.6486174275837,1
176.6058314369421,141.4820826728137,142.70617232073303,134.7362753711077,132.58634604928767,178.43805412641686,175.7355518577892,1
172.98616876125627,138.84482790636665,140.8800596339073,142.21969126671144,148.60577713919193,178.02244767879608,173.90838136804237,1
174.20482526437604,140.62404057524347,143.87198265549915,132.18402068941236,135.7112997233648,176.69082549544552,176.98968450354022,1
174.7158624010733,141.0922648966627,143.56354876440997,139.65132836419747,138.86365241373042,178.4051805266103,176.94752330960276,1
173.92536340352214,130.57868646970726,131.7185527961929,128.94321438836997,126.99067149863373,175.755463713616,176.95151244134163,1
173.63930737193186,133.363025646797,134.7298912170311,137.59026089446667,140.09193578626108,178.506380525619,178.68178806221252,1
177.33381155794515,127.83897641859933,129.28379100974615,124.63441662827593,122.19817828746422,174.8197146416553,179.57051965063698,1
174.0929198483519,133.3821833292864,136.56280928450062,135.87914577879184,138.99080317335398,178.91125517388713,177.97971494624227,1
171.90879964306177,130.61255333537818,127.95938941613599,122.57200799954906,121.16996177538873,177.89554891344727,177.9184752460083,1
173.0063646306519,133.9032240493168,132.52656525232743,118.18120326166033,123.01298506154866,175.6093336856808,178.74879473843941,1
174.31226402523754,125.37045141966829,125.86745461650199,128.57734011202768,126.23873017113955,178.79532620119664,177.80620360371972,1
173.81322248388153,135.1361175884425,133.63101412320052,114.97058897532831,115.64297155778647,175.54588391373068,176.33927089536627,1
171.57940509473576,135.6092708655403,132.68619574562655,130.09502765819607,132.7061076514389,178.60530264131887,176.81708219390464,1
175.96901582382074,132.76051346241746,133.27513622160407,116.92802576495843,118.18687456333167,176.64095972573645,175.28101983344771,1
171.331648421853,121.1620262028428,124.23499843928909,109.54990214950955,114.67417237229209,174.5903270360934,177.49510924462044,1
172.12837793394664,123.24293418432642,124.7625999474418,122.41218465748555,127.92589544534653,175.99080149429503,178.7016976494626,1
173.50319962727036,129.21266550143108,130.4424589075795,110.5658184583098,106.39448083336141,179.1981235939437,178.11332818221453,1
174.89542582379394,128.2683020071986,127.87704876513973,115.44923870170021,111.70320010793235,175.28237785697442,177.43235192574184,1
173.23476138625327,127.03075585986355,126.5819594579275,116.93384230423196,113.51240226068481,179.7568750961916,177.5662171684771,1
174.66101401283794,132.1163831116808,131.33829264005652,121.28005445263256,122.57425787424224,178.50813782110308,176.45327245337143,1
175.85850077209352,126.74047631806069,128.55816296933554,113.99481639238097,114.56465491239231,178.8384385170546,178.8707749095183,1
173.41770717752135,118.31333784248116,118.91548595951349,108.13434164153624,110.4223990611037,176.34916944677536,179.65941801165167,1
170.1237989989779,119.57154794281915,122.08709079105464,100.28120472198454,95.9636712121795,174.20580743433922,176.81119512769536,1
174.1652017542115,127.39340354283574,129.23772724635302,109.60216330832925,104.50763991630564,179.0115606915774,175.75828944573027,1
174.03717785992885,118.38855304283247,117.97726721438109,121.61603868624793,117.0514580663003,174.8202185125948,176.67065785547564,1
170.67578954444934,129.3093091214542,126.81376567973712,102.61998412440188,101.36523381618835,174.84839437924654,176.9380913868349,1
171.76553123421527,121.73968074899079,119.71057035028072,103.7449133539918,99.08224825039355,174.3369661430527,173.93174390420606,1
173.08153889040923,117.55399292737931,119.63704305364423,96.8070270795724,96.15918747580686,176.44298913852313,176.71416061736858,1
170.31968045190527,116.21945943774668,112.71544517450329,111.61991438446948,115.97422728136975,178.90792211952763,176.83026526037554,1
172.16277662841102,112.12620211337229,110.28963902644178,95.75316455074363,99.61692526985821,177.40564971246832,174.89995791425514,1
173.92457509209234,124.27500354773036,123.54585813821275,100.30751160272203,99.14734811972214,175.5938282282031,180.13922104288258,1
169.65267798795458,112.95836938637018,110.24051404536837,100.15337805634375,98.36688817492505,178.3148685428719,177.417565240225,1
173.63107791941604,114.34488531065129,115.12238159798821,107.83881865399594,110.62200228097241,177.74443028888695,175.48971048691422,1
175.01205884323537,115.78550008693868,117.11751743826748,97.09180873549016,97.23186754162624,175.62856395202982,177.1398445138946,1
172.36574262170615,121.88444498115645,121.91307302168867,111.00677836173739,105.81490254465888,179.65029209925916,176.5596159305119,1
174.90656202289733,121.77158390114052,122.53654807819358,92.08426828961206,91.16635531491418,177.50934785015357,177.76889291365865,1
175.75290701060888,119.4955602851891,119.78834981260118,100.02135668355838,96.30066298411785,178.96731944479814,177.51925433570486,1
174.38636021686264,111.06448707638947,108.61719167403655,105.75856263543082,104.65345723780442,175.93292832131394,179.8995697270079,1
172.05026690795623,126.36624673692077,127.19088915501185,111.7682559003489,110.42230532573937,178.90841794814403,177.16105598289073,1
172.38092941345764,127.66829006736923,129.65237784113035,117.32634640752217,118.5288177427541,177.0789951982949,176.90015380938104,1
174.8025227412205,124.32716556299653,122.15027047108829,95.9199409553722,94.30100638124495,176.37469923516116,175.93717289378617,1
173.32835076547235,118.69091104248469,116.90174057132973,110.98574414772698,114.98356675569741,178.240228747406,177.16158836193975,1
175.2401236926315,115.79677261495677,118.12098937034678,103.22378092182034,97.97782524795556,174.66288674227516,177.2163434480546,1
173.64076708315235,118.50287211727603,115.6277033166567,110.5802533552199,116.94144558457434,179.15427643476312,176.66533114248463,1
174.59491409210762,117.66802579017006,120.03083912723208,113.29451802000617,112.41553927107108,175.66580151469984,177.06231374319205,1
175.06454127575645,114.7459411935199,113.28654147979762,98.75285086625595,103.29991311092729,177.9703198456411,176.18931132303078,1
170.74604622450025,126.44723761227331,126.1766747968189,93.52156580203136,94.48337917200115,176.95408993553647,179.31475555319483,1
171.78227534745426,121.4851031990126,124.31452055486814,108.25764932903219,114.03578803197736,177.89180047833673,178.33311797982404,1
171.694766613622,120.30052531668024,123.43510302912357,121.21103696437797,119.61641427502896,180.1390426774482,177.86366546019215,1
172.46658522411556,118.19257445215739,118.34248377659041,116.56421644804837,116.7101861841603,179.17778083453376,174.228082389555,1
170.8843105298546,123.73246469937115,124.51618388988678,98.96143573043388,93.92282900814374,175.80194459599971,178.66852515418395,1
171.23442554579321,122.19977892485076,119.95427869597292,102.96419237118684,106.3024347598149,175.32918981734048,176.46171277375748,1
173.17379895755394,117.50593260547916,118.10136786097515,107.64484626335336,109.36237019978594,174.70479186901903,178.10410731408777,1
173.421566409511,129.55186597109335,133.84127216994275,109.63763482281425,108.24631322455706,177.40881657829448,179.82664067012922,1
170.0819199258319,122.37980113812347,121.743145520409,117.9840965915663,116.51433402450228,175.60743670434434,175.0325087137234,1
172.63552908726544,117.71508405539821,116.95589844208517,105.12940477277394,103.20769645518297,178.5708822065161,177.7011474380817,1
173.58131039002663,125.68424836874519,125.94874292945843,116.0249946889738,112.61765816825817,176.363613355639,176.64425072745044,1
173.3313511977339,129.75774630016778,132.46176529946203,113.28728834042417,115.31403409655184,175.88050139894642,179.5549787724461,1
170.7160887282626,123.66679464204755,122.02187621383825,120.0876413634837,126.74371360145797,174.9764265014819,176.26739305885502,1
171.19493236068323,124.84356320573424,124.62432095954536,120.44394588699632,119.5810711257096,176.29471583249332,178.67392790503496,1
173.84133287036246,125.32474920255954,124.56121402067609,118.85573574901025,117.59867867354279,176.56450616999737,178.7134932366865,1
176.12205945134073,121.38587898448492,120.82905785221061,108.48843219055142,110.38962829958699,177.78733679807058,176.89007346466897,1
174.52399910562946,126.19274053265599,124.91151704060256,118.13965081672502,116.4508486013559,174.88105778316805,178.12864207138333,1
172.2085873910423,133.43434342963673,133.7080023630405,112.23349455404943,114.50377919084734,176.10760955068463,179.332394467163,1
173.7200487615806,123.36509377307237,120.37907736689556,126.06217367065081,126.95045193914628,177.73138826160715,175.63489051063422,1
172.94253957609453,133.0362262563297,134.22624752813505,132.0139419239566,127.46888625256723,176.03730001284706,176.31915919576207,1
175.4285032712633,127.98918165186993,126.11717294621039,119.66029567880913,114.5207361782075,177.34281993155454,176.1585381767725,1
174.4907666022611,138.66471943915482,136.5948047668524,120.7861426035962,116.18201330816443,178.87594949794374,178.0554503291204,1
174.84381312682976,127.25795808498059,125.74477750920309,121.01870478827352,121.49260340698493,177.0482460061967,178.29103383602254,1
173.54316878810525,134.84996422530332,135.42437519715034,135.28399480635795,133.8011705556203,177.13191561665306,177.6368132503916,1
173.6310836934245,135.47042428317644,131.25328689198867,127.95010914639222,129.14511945210145,177.5469074431646,178.72358513639128,1
175.71265551221967,134.5668655548223,130.80349978102615,128.06013057573264,126.54721606030165,174.00350175705785,177.22945197848784,1
175.29861055748913,131.49235948514485,129.7475407086261,139.08525157490266,141.8751955689741,177.20407900092394,175.56111628258114,1
176.33285674098312,132.339104679178,134.63238411172998,139.7444613448086,135.26518467963433,177.2412420279746,176.89472674435248,1
171.98617071513485,140.19560625316205,138.8137497398505,133.7231268564544,136.10316163911938,175.33549384597055,176.36625310034736,1
175.57087113313406,140.829212046809,140.68480983391981,141.52091752751207,146.04340546957476,178.29611848174386,176.77427074187958,1
175.16945769878936,136.3835262059602,134.86607741612485,142.23785777169346,139.4901718937405,178.8011010915793,176.51338302301585,1
176.83017188230087,133.44616609833284,133.95879789927744,144.61729916929573,144.55884367181062,178.30343317642576,174.352055939266,1
173.71976362245366,135.8079797272648,131.65804644561788,139.65179563815667,136.4477303498379,176.46192428085735,178.83648564844174,1
176.46269465268966,142.6998049883264,143.03168640836776,146.9317724203048,149.36893636586777,177.67878516460442,174.29897073843466,1
172.5719644934697,143.93620785962648,143.06739819164065,141.67919287730575,145.74706623197667,178.75769633198675,177.09134911397442,1
178.3680560019274,143.70450385536012,142.35132592026568,147.29267952365646,146.1608875615093,178.15314701327895,175.70781791534358,1
175.58963975686586,145.26303946054736,144.14121196459863,139.0200505438692,135.6355459662818,177.67579333842394,176.03488642515148,1
173.83407521200718,138.8613852916617,143.16391408339916,141.38427988660905,139.22082209754262,177.21023239679732,179.42164222397497,1
175.14325864401758,139.20317489331666,136.51142811462913,148.23502200417582,152.37453201707592,175.20533672217923,177.45299122581017,1
175.9962101489153,141.87873394684553,137.70307221534247,148.7157406202631,144.3229107861979,178.50607083331673,175.18081430295382,1
173.49864715444596,148.49512126744585,149.03034529513528,147.05377468939992,150.79773400863476,174.66904729326987,176.61393211585943,1
175.08798100934007,143.3638451078212,141.08274263035787,153.45646773399187,149.7889501488614,176.7298584114187,176.29859620238196,1
177.43755985434703,142.7566397042913,140.98941251408812,154.2852636207612,158.4716703995135,176.611016335094,178.3845780855115,1
177.47239337301866,148.0753363990005,153.08774969934822,157.78140105803502,158.6171330093626,175.81287876131572,178.89777763217984,1
178.04506891872498,147.484954364759,148.27009030740427,153.21601623506788,149.77261774388043,179.94803933081528,177.17283829162622,1
176.48855352914575,151.96442805083908,151.99602668231026,155.71548175479631,155.25800146354823,176.3941447149788,176.67172315218352,1
179.17012519113158,150.00833203435766,151.0102706698597,157.80587430002598,159.08901790909547,174.42622294368732,177.40337597238553,1
174.885654644228,148.33306309678397,148.25287999525528,156.66561672898987,153.88876716193897,174.5534213983251,175.66197216407983,1
177.97653182130824,152.0177444548093,151.1219300515226,161.59870056762128,161.04967468771667,176.15500202654587,175.64708484204306,1
176.76834575874932,155.13660785725938,154.24528890314684,159.00593252595897,159.4933355403079,175.47209963215516,178.4778181980871,1
176.12295408472036,147.90421822283713,151.2879246124868,163.91258386651202,162.59473153070263,176.2987676673939,176.0944828426582,1
176.32107813891162,152.90953598911784,153.919498354341,160.50154409065115,162.56145256351041,178.68880827751056,177.59584621965794,1
176.6927012029876,146.6804626690724,148.9974276248128,164.26313676870623,163.20771908563114,176.83452308566945,179.25380825813508,1
178.36557592120303,151.47249994855966,150.21411119248341,163.44603836516922,157.97549237057518,174.98037910659883,176.9606550393107,1
174.87123266606383,148.61312414750208,147.83189071358584,163.59358474030248,165.16289574633473,178.8173670430308,177.51267441392005,1
175.7526060444085,153.33105983045488,154.81446893975266,164.27335409485357,158.68040122128264,177.30579764125932,176.34610757557212,1
173.74808477812664,150.2022368107745,150.72907155896348,162.37672283059683,163.36722682481198,175.15791305841125,177.35831046855094,1
177.41640718945416,150.68026416220638,148.82025712316894,169.41919978392045,168.0606436745933,176.53884362860626,177.45122081434977,1
176.12891232275345,151.18463203529936,151.33577606245612,164.0296230189711,167.8940264723917,174.3523242296296,176.56799320648403,1
176.29087488524323,151.77269699517407,153.41127126381988,166.4890647977095,162.33470345268367,177.67266973489473,175.00514225392578,1
174.44245506110943,154.05278489697398,153.4201877606949,166.77587337000438,168.13314719772106,179.13246949618593,176.87890845986098,1
177.274767080026,158.33645674756923,158.48991836701498,168.2553196108697,169.60846955506696,178.6066873060714,173.75335243384674,1
179.02893138721484,156.51827248317173,157.623488153515,165.7485784834713,162.50887728348522,176.57606387694088,178.39325866515813,1
178.69630988512276,151.90221121476347,153.52004615973036,165.79360735938235,171.55040479631614,176.9344392923797,175.93714487635253,1
175.26863508242675,155.1343762508843,151.09835728472098,169.15549187270108,171.53619168694487,176.47137868164313,176.8591048759403,1
175.33863696321447,154.64096317373298,152.2922926205994,170.96299744767938,166.13474345809223,176.28840116591766,178.10594003759306,1
178.90533753256227,155.71185650586904,158.57462909119954,170.6952316189155,164.80504649869303,175.45438338625803,177.47383637304233,1
177.85125993748284,154.99694495681211,155.8449973816115,169.34863095277584,167.4334057829052,176.73306197611245,177.51492818545606,1
174.34126635452034,153.43947820869107,153.8200070838678,169.20669903745997,169.24236982969404,175.39383441137124,178.87663561703428,1
175.55163855756365,155.60073566614173,158.97097064646553,166.730721412642,170.36593321106747,176.66638321111964,178.01073546023187,1
177.90527985802015,153.2133907413341,152.86492448062307,169.79363435354512,168.37596583494275,178.3245631205752,179.02464139367268,1
177.653921543252,153.3411411444029,150.5263964835163,168.89094305455748,165.6445121893551,177.99700523596496,178.40118030692648,1
176.04183817948802,157.09336771939496,160.3586753766632,164.2130097235398,162.81252877289407,177.20925185814465,175.9700825678222,1
177.86982651597432,153.93368514686546,151.22185396309007,169.06766595070954,167.00250248047718,176.30197438473374,176.3830314651689,1
175.82710218727914,153.78511464246407,151.06595277651948,165.92960515526246,167.00984277041078,176.45425872235649,177.18755835837283,1
175.29341654926847,150.71050865574588,149.51219814818282,164.23831497670653,167.43318397333888,175.41293949075308,176.50229191394038,1
177.44524880852723,150.68579395819083,147.4997423485781,164.49742416868827,161.88721608380754,177.32895322038405,178.91272431387705,1
178.35188502482282,152.04458608203407,148.40220693083813,164.85610287396295,161.2066376128919,176.29573430013028,178.11123206947067,1
176.48929277214327,151.8480599486847,148.90253774796344,164.80588666430626,161.6246532133511,177.60761972669093,174.77736588961412,1
178.5756885043537,149.41366760615523,152.1830669374306,163.7952986772164,168.13455008608202,177.4653751287841,175.53364772159358,1
175.84599709544207,148.2514045483216,152.43827497292676,159.84935301763386,162.32144453394827,178.83138696600483,176.5356960655575,1
179.26939786701843,154.53060219580007,155.85256869479414,161.86369327535476,161.4619153469663,177.4489515650212,177.93436930651305,1
175.2204973325855,150.28753255246576,148.1386045529051,163.02951243417468,163.24041573316936,175.1893986624579,176.2557428728242,1
179.09963326055419,152.31703519091033,151.05756818796826,159.95564537332268,160.42030842581434,177.2025849920016,177.3717340376103,1
178.61626898231253,152.77569203713082,156.2238579713772,158.02460129400143,157.70242409212688,176.49585521788953,175.5797152583005,1
177.76392329266847,148.77194682044444,148.15861236630508,160.08130310733318,163.7691485712975,175.5829441075766,178.53342369196292,1
176.46848264620508,154.49881253157184,151.5915804627966,159.30621183077164,164.10234326362294,176.7265921403799,176.55374377790983,1
178.8347764585607,154.48089892405142,152.32097148814708,154.96408243980932,158.2342137202191,177.2636242646116,177.2067793424106,1
174.5190919466373,147.08977616583053,145.25064921025148,156.6161585022402,155.87896752945596,177.93129076834637,179.49529829976186,1
175.47105914501523,146.26470647118018,144.77786406402396,158.44617289630196,160.30075888395922,176.51903480325706,176.22458520191702,1
175.30846186536348,144.42958032121047,141.07793542471737,153.6121091974758,154.03565691672154,177.91246020550838,174.12813050130092,1
175.86993717999127,145.1321242392863,147.20575289143414,150.17804265129334,154.99490358251717,179.58870988121114,177.47097824977968,1
174.1706512786332,149.6687700195009,148.36462015791648,148.32901705898578,149.4772080327291,178.40463893654203,176.61565850393586,1
174.54481477422345,142.49774457018924,145.43702231741548,146.76747317137824,145.59598376113306,177.69785652143332,177.83090199922015,1
175.5611862127056,143.46190101576227,144.460249315167,145.68947251432118,141.4342882978652,178.14683193014824,174.81031083242735,1
175.49087063401865,148.03470482563708,147.59346256950462,146.33313225691543,147.18525380684832,174.7838547741187,178.52310935146417,1
177.59361235267772,140.93972243989603,143.94489932015267,149.57384584401348,152.8958239341683,177.3968479491822,177.4147865079544,1
176.64342943051983,143.0421076877653,138.1489083675301,151.17572976518565,150.91930178470497,174.36497759618064,176.88926114111308,1
174.9522271359876,137.0923311153828,137.02566165228802,139.90522952849958,135.1363849893367,178.05260773903888,177.75641032067756,1
175.07401698820763,144.24341360829698,146.05020562710882,150.7498859195051,154.51654047250304,177.72315020723605,177.1977196917358,1
175.57608464211765,138.26082126840961,140.13598992808832,136.0799973324976,140.60123634857132,178.43213313405684,176.6537047928072,1
175.14297066649476,139.8707325840701,142.66642927394514,145.69088432004222,144.2316815494107,176.96232590920383,178.35119658359918,1
175.51290815037407,132.90560168288602,134.78650672012088,140.30275964753372,134.9843274175106,177.67668462468436,175.5820949357365,1
173.88088685855206,139.75043261429738,143.87982271339783,138.80458187737517,143.6258563608442,176.86183497237215,176.90625980351066,1
175.76143435038745,135.21963203664234,134.0986217018742,139.28128689338817,140.31696906023112,179.15631484312703,178.9372315455405,1
174.1111211032865,135.98831737931937,133.22813088517253,140.5520878642814,137.80817078646632,176.92713554990715,176.6279397973594,1
175.15072256138558,136.89815596440607,140.18519037424812,128.1796030247653,126.33753559912435,176.19755698639995,175.63385539340737,1
175.6401370832919,133.15494067889065,133.3686086353926,136.72927538893626,134.50873015803387,177.44962723316112,176.08380480670948,1
173.98711391633498,130.87661973084306,131.00811742277295,138.5460708258183,137.73855901478024,176.86961631887567,174.62357037615908,1
174.20020754607876,134.63911361743743,135.65226147903684,133.30265900547982,131.07275740698995,176.22009285058846,177.56267948917355,1
174.12033314103635,128.69117176442387,129.0421993234398,120.17219990954965,123.67290923988317,176.36104064594642,175.27682643015362,1
174.24451683161817,134.45316892740624,133.81248051771163,127.38810472887477,127.06576345449511,175.9469886159159,178.1680701168048,1
175.7024659137362,135.76750868743264,136.30595748272074,125.98049754297155,120.17922652845051,177.48648326494555,178.82201294615743,1
172.40823059873418,127.06145038084411,124.33783803376075,125.02888852200121,126.90267881652868,174.75690893727247,173.90162307491187,1
175.36363648684545,129.93691307946906,126.9277767762041,123.33140251858441,120.43436794622019,178.12952687372513,176.80694618721813,1
172.2740524664243,123.5969219243624,123.060242750954,123.38782867208505,122.64285247622493,176.3107257872603,178.4403291833653,1
174.889632993265,126.10898184207836,125.0028637591559,130.2585372663753,131.93185079805374,177.72511000055195,177.32646089983626,1
172.75875766082598,122.69559123175303,123.17665724035803,113.30512607977744,108.17663037001927,176.82400835648755,178.24772690708232,1
173.33583131047976,121.43100523743159,119.13688908477891,111.02197678920692,108.34524088746224,176.62164221318076,177.35894591406438,1
175.24970306368934,120.83228594005575,120.57135176071523,124.24471532629181,119.402239061091,176.9882755462159,179.0564528829934,1
174.48813392720282,128.5433958767018,129.02062404499375,115.8900824232204,117.73481516231156,177.27663533069054,176.83540906065258,1
172.79289350113848,131.7028634202707,131.6639996725324,125.58167468303327,127.34543790628608,179.56752371969375,179.85348455860142,1
172.71038966904538,121.88389573773688,119.84414171220611,116.05316091857655,119.75329332933791,178.55186901179263,178.60909969885378,1
175.14906192793035,128.00073631118144,127.7449129922593,108.52612907555773,110.11500437788185,178.8456805169502,175.0902663868789,1
175.428966381199,116.4009915985242,115.40950169081523,107.96450951152663,102.22090278721757,175.07824335829503,176.73943257324805,1
171.778785659291,123.2036258503077,125.66111533908062,116.7705573674429,116.4678802965931,176.23701879599366,178.3923307579832,1
174.80103516114167,119.03468472174971,122.80950260927531,119.54319863650608,116.9875459151163,179.42370784716553,176.67314710488716,1
174.05907733822738,114.61421936119048,111.31992822399764,107.57928195478156,105.87590098768527,178.33622591033634,179.7758172900671,1
173.22468119586594,118.19936362670639,114.51595297498042,116.63045260076147,112.94083132476145,179.50811321112357,176.91854993304293,1
174.64344044297397,118.6546015617009,119.30955697052825,94.2542604647077,90.72579753578971,175.09255021003506,177.02464775586304,1
176.17642411651835,123.68637949218102,121.80500175684966,97.10257389046471,99.67691461688449,175.44091385486763,177.40451418615285,1
174.78854075040206,126.85028990829997,126.21496722220913,94.84255199863829,94.985668372962,177.3573930904494,174.878058755949,1
172.42285585558358,124.01710876091295,121.1271941561812,94.341410156403,91.16517473027365,177.1119169107244,175.44546456970318,1
173.38356541921365,111.70458669898039,114.51006940499283,98.36116360666847,93.12259789985075,177.05588722155542,177.91912099007314,1
173.95229654944353,125.1250784817607,121.64791682116912,116.05477641419829,117.45294362099347,178.27210021055572,176.7770551486143,1
171.5838930563418,122.04571239433828,123.60995364255834,98.29882220319797,94.91029616233631,179.08146320295182,177.8998446334559,1
175.27244769994806,124.55701699377465,122.86390293875655,92.39688199544459,93.95365027860258,176.75003271945775,178.3271303626294,1
174.56797513118238,119.7709056507184,122.20155446806474,110.14749009625952,115.96918801051999,177.4794870862242,179.65719228397845,1
172.7169122409695,112.28342251620316,111.28370581142822,90.90425884161355,86.56267747960145,177.83005886372968,179.2823230690199,1
170.59381271513226,125.8844597158298,128.11112210445725,120.1862250777225,119.30009378036777,176.57547851076384,180.31166277938584,1
170.43404679577404,123.22839442601666,125.91481178659143,98.5542584068838,99.91812690210259,175.93718633042616,175.53382716555498,1
171.72575642487837,117.81610870793031,115.96529230018024,110.1121184592956,112.2123683909725,179.71883871207376,179.84073590481376,1
171.93689374208634,128.7679598241211,128.1872548347223,111.0998350063524,109.7927364352725,175.6979973892105,175.65324931370702,1
171.93722242452938,125.50028277699448,122.68931716252406,115.80804303403875,117.92673693580765,178.6819363939674,176.50184278924598,1
172.36579076871266,123.84923987623327,124.8423605858061,103.22104977285164,110.07563477203495,177.47695576276755,175.57555420914852,1
171.22373432782535,130.16354407573303,128.82643506158374,114.44106443129228,111.47087958166664,176.5273075089531,175.31758295007697,1
173.71907443927583,112.84291673347585,112.1213463683675,93.21747602796557,95.48910119053699,176.5805615719609,175.84176227030295,1
171.71932969485061,119.79553073071794,116.55842256112464,118.21769758107442,121.45621612484938,175.0950461353311,176.52817611019435,1
172.08060691245618,126.93971626777946,125.2372322357029,120.1691343816985,119.23410542439419,178.20936126301558,179.3751694069605,1
170.91934369211697,112.47064756087589,111.5408251194127,98.37032301756177,93.6224171212577,176.74220360936022,177.46248576184442,1
172.19022253401837,114.73734667315661,114.8884178657178,95.2535714294448,90.70231037846797,179.0006482510989,178.1994777746359,1
173.39733683525722,128.23033255707838,128.3751338204638,110.39543846843212,109.60236979834863,176.12793966111312,173.9198713392996,1
171.46865396017267,121.09440258578316,121.82840182623265,108.94202712959358,112.8283422423483,176.79815084053232,179.31101145605408,1
173.34271767396484,129.19426005016305,126.47204402293671,116.70184063118433,123.35316736533021,175.99764504038765,177.16632682526392,1
172.53313606705868,127.06584955666912,131.8309058579887,96.2505004136169,90.60331556401673,178.14465206998352,177.49583186158483,1
172.61064541202387,114.90349981344164,115.54970976450467,98.16500453392511,95.48333811791845,176.78310090702502,176.64894518479574,1
174.88789006093398,129.37016467213968,132.42015017371003,120.7971590255768,120.36247954319707,175.9725297091935,177.35543357363468,1
175.83892737905913,119.71965243970384,117.26782763879969,121.07040594457517,120.78786690001283,177.94401476307564,176.93716815963316,1
171.9102616879831,124.65768364882634,125.65278416086409,110.73421583594588,108.19802405336283,179.3038429956021,176.99532142726144,1
173.97383408845846,126.73252936684104,125.8005974792535,122.84803579845797,120.44775516727861,176.25106190521748,175.25413724305983,1
170.7247634893258,128.61266503181992,128.38347382313364,122.31853386070651,125.22723728072776,176.89493060518444,177.17341946990763,1
170.7990460901922,118.1533621908571,118.62918215759437,121.25707128498377,121.45104123070752,179.83489485136738,178.27723104217694,1
173.00697542497528,129.67737091431113,130.53992186974696,109.86356630570596,110.18183572167128,178.7617321775425,176.3835024543299,1
173.00210017386345,119.97932084864003,120.81168482775246,114.49323133590747,119.42408914913842,175.66786906186877,175.03203213028758,1
174.54956970223324,118.52938796416151,120.47723193501139,109.84192901904048,105.1396172590704,176.73521973657066,177.04852254818914,1
171.9816514431119,132.16488564143685,131.00705161278032,122.35449092571082,126.752602567633,175.76475181599517,175.1557472254354,1
173.26317599366482,134.9291158145912,136.92489871186314,118.11391019375498,114.48428455615063,175.94271164831596,177.5582674165125,1
175.50945651824617,126.808868242131,127.45890326805859,116.16550160308107,118.31848437668395,174.9471591650776,174.52513223622483,1
176.5339113386178,130.86358383808204,130.7973925688649,124.49249890274729,129.32365488559176,177.20788846782034,176.25160327713422,1
171.85442428081095,124.03343860971714,125.7265312232405,119.20690287367387,113.34984372887999,177.0916702073479,177.55421980933173,1
174.89305727906935,133.6706525471358,132.04547463655732,124.39180977944345,125.40805032277967,177.66543407581912,174.44081744378002,1
174.5048631646739,139.21450167755233,138.45098620030595,116.46225472750562,112.8164281447644,176.72368908740012,176.0859482115043,1
172.61059415716846,134.87443519888484,136.62047803250022,135.2191656951805,136.62257230789157,176.4304551380613,177.0231832085281,1
174.1632674700404,131.06075459717368,131.35630409566383,124.1819245717205,123.10012520602776,174.18967801008375,176.54321701445437,1
174.84600292804396,136.51135687135334,135.35489146815013,126.2380196234358,123.51429633910429,174.70828164637402,179.371539638449,1
174.57846602434742,135.57294245594088,135.23682640484276,137.06191996969474,139.64754874932262,179.8694377271634,177.31409213965318,1
173.6726970843731,131.56740860757526,132.2498851213101,131.88655342276286,132.49335384777697,178.14045381063536,175.34377240223836,1
175.97466527469155,129.09549366969458,127.95764818508387,137.89769096485674,135.97517183193585,177.5314262094108,175.08844826643562,1
174.07130177408266,136.43805724366717,135.0564948549838,129.82697383851814,128.47549110016422,177.49311536488815,176.07671080559692,1
174.33140743581097,132.87525415989816,136.2575497826022,131.7972045309875,131.1928137336713,178.4163260181143,175.35524288191286,1
173.50471743870293,140.35538816839988,141.21306912460236,138.51390746980118,134.70615692139688,176.44487814802986,175.36245339869623,1
175.08328319880624,137.89674264108982,138.24330838121898,138.6520923511635,143.37129559959962,178.6650280486609,174.32524776439493,1
173.8069057480293,139.87368674432133,138.30723743916914,134.12576563400526,130.53572260915473,176.15177372944652,176.20206949741035,1
173.83694826987065,141.20295732145308,143.06370047928664,147.67766741090063,142.8356372472154,179.21021984373738,176.86975040596022,1
176.2392407468999,136.56963822293307,138.62378296023562,143.74540757289736,148.3902719516131,176.14989614659342,177.5348996118614,1
173.93613638185548,142.31963237588351,146.32210061081736,145.71031768404262,143.89973079890325,177.01098085728205,176.19369585388085,1
174.14387308202603,142.65546651739336,145.26744486626603,143.49261179264147,147.75145830695348,177.42587624540812,175.9088546884489,1
175.9511087836311,142.75006623188324,144.84216507705477,145.45776619428315,142.90111004597836,176.3231007994603,177.1928684724172,1
176.30083138979938,147.86329892736933,152.09993739114955,150.82008484656916,151.17080373960889,176.60232579913855,177.21339562389417,1
176.28907173996413,146.32164182307412,144.43875688895054,148.70355971067974,148.44497268888244,176.49045559866047,177.93397217110416,1
176.9074951772902,142.3172855345665,140.08938800388896,148.11479739747156,148.25226914593054,177.00276636528298,178.79943274360608,1
175.74128134511608,140.95162197023046,143.70816775069582,149.8812742763167,148.44613022847136,174.480879438061,177.77803036592567,1
176.76750140725545,146.3820251810538,144.83598426897876,152.61041529580586,156.14647282292353,177.713643493965,175.2521515168316,1
178.4609248082972,146.563382006993,145.0622714799019,153.4699642200638,157.03562207570417,176.6741162979336,178.93253491980565,1
173.5344810715934,145.31387537015488,144.27180008043246,150.95123127331527,154.46935651629263,177.94168130616376,177.011077181618,1
174.0543094989333,144.5379067379351,145.7254705596076,156.9256352717807,158.32358405758364,179.13172313831467,177.5466170025676,1
177.62197142745066,149.84153808534586,148.57101578441473,158.786335470239,153.96428077532354,176.43611486131957,175.53757357508886,1
177.5452102121596,151.2137104323083,154.63639276131056,162.43377069622025,165.1350254022321,178.42990736090948,174.3988173219398,1
177.15727557214902,144.74078125923373,149.24206597892498,159.77934400111266,155.81373390994975,178.67263452117749,177.41558170878338,1
176.81777972412254,151.8427996222283,151.61749595209002,161.76542918235916,165.197108384702,179.60842625770658,178.42603712465396,1
178.21186668468914,152.53684559989944,150.56745486620474,156.99613036799875,154.70434959664806,177.67509368463845,174.49419485583522,1
176.28508516469697,150.70621925133477,151.4077725222412,161.2292518653927,167.6318560858853,177.86825676026834,175.88364821030396,1
175.2362262390491,145.37800779511204,150.71029735499292,161.90184867231605,167.58610854529869,176.58714940476025,174.56398209780164,1
176.49966450604285,155.97293813119427,160.02008740242812,163.17920707874873,162.91562887153975,178.73661544106878,174.61620273205446,1
176.6646631656033,157.32825148887832,157.8660943876947,161.9396387531214,160.65037362211137,175.88921822498682,176.661293501301,1
178.6092934799839,154.26142234314423,157.54662228175425,162.15524576264966,163.89216694014775,176.87788998289795,176.42918603029204,1
176.79515247383367,154.78369705019605,152.32170575182093,166.4992151438008,163.12826652040232,177.3314234765581,175.8852502116869,1
177.35818171523263,152.32031168610283,152.16295513910578,165.9215240294145,165.47299385334836,177.01753191052472,174.24954541702544,1
175.75575147696702,152.2555339492736,152.82625542209001,163.97130707485488,163.8629371183955,178.27567126037098,177.93985711519028,1
175.3506831246829,154.41963645452435,155.93151036667953,163.95071569194607,170.1372859668242,179.58357574200804,175.76914324524108,1
175.9882584486215,159.05111904939145,154.81542298048527,166.82291668047307,164.47169091885965,180.33301705198429,177.3033958275432,1
174.00941780118322,151.9568963452217,150.17832691658168,166.8105290701524,162.53999571005852,175.55903937441155,174.0690595840516,1
175.5184067202644,153.13054597102294,152.71831538412903,165.71415405581928,162.23328842461325,179.2292605180986,179.11084991822338,1
176.197296869478,152.15831199522847,152.07526473423846,168.2390756396249,172.97484257013238,175.83329996300748,177.03636255486663,1
175.88202268538626,151.22163501593207,151.10714774115598,165.86616521136972,161.9100377628713,175.89715655526444,174.97872796880262,1
177.54245059473166,155.7413238173324,152.09227928184924,165.7464041652502,167.44816027916278,177.76293534953433,176.0195999380161,1
174.2756953789386,150.44146003848334,152.55048522784486,165.722991605116,165.86493660163626,178.0758573263558,177.6443225567715,1
174.86972605015438,155.9147759783122,154.90322302420992,167.8108736235238,165.30092664218165,176.63006654760846,176.4666950947772,1
177.45559419159977,151.27530422592068,156.5573084960021,166.26433534786818,169.8096178245237,175.28917797336067,176.9523833031862,1
177.96718865594556,157.7776169676457,159.96585978548384,166.0060361476776,168.27088862714444,180.07904808401517,177.91649320921252,1
175.06586277600582,156.6695645285409,159.07085912024385,167.89737415414498,168.558561436315,179.14754049225263,176.18165997946633,1
177.2689370448477,157.97765906287052,160.56432271430234,166.09968247520587,169.18383824095272,178.4380371337287,177.88338749971837,1
177.60536889651354,153.70192091428285,155.1584374553191,168.30788773782976,166.03897205186556,178.14179899676122,174.3970597326535,1
178.00738271622575,151.62179022332037,152.27808895706525,167.80092733308686,169.8300661268397,176.6100368589352,177.15891091025543,1
174.82829172742177,156.46298587830168,156.1884021074312,167.1945305292354,171.9405912682089,177.42983748676005,178.98695106783387,1
174.10139393393789,156.87070634312985,158.05125121110652,163.20271364904457,168.52571017079254,178.8339557835154,177.92662485080106,1
178.05480684438444,154.31133776736868,153.61783552454148,166.86232123855666,168.02260658148725,179.3047429962017,177.03399111391798,1
174.95537463111725,157.79776544743692,159.0533744228601,163.85843732309797,161.9693515473639,174.87522338935227,176.0002417252069,1
178.66604701955686,150.0211416270228,152.34197695163905,163.57031834087329,161.7518229747823,179.2533367379813,176.0075070864233,1
175.0530347623355,155.9153631399883,155.3527694247065,161.57333474863043,168.1311715639759,177.44627804182014,176.10025558405502,1
176.1195131413343,155.0224214807319,159.51799024354926,163.93203012693522,163.2767728866511,178.45319239275165,179.56634451155193,1
174.967215577681,148.9003957664914,149.11219142228902,161.28669946339778,160.59595316373196,178.36280062650587,174.28111414837343,1
177.1151723726677,151.0616172023055,149.12916407115392,159.80504214821988,155.2992284100375,178.42266610589354,177.10729249120908,1
176.84757847654853,150.86414775991292,153.90098726861405,161.99667350297534,163.15249824008316,178.34773776110083,178.96402388782855,1
176.42659448159256,155.14651176801118,151.34712830415197,156.90478066249995,158.45879387855686,177.5527706046717,177.5920603203757,1
173.86507080109433,148.10462562716634,143.22666439570753,157.44699245707486,155.38842013117943,179.77568028141528,179.25284655551607,1
173.90964393781917,151.62973758307515,153.47505417903375,157.04349894082097,160.30522845557326,178.22940260954206,176.60763781576347,1
176.78009721489335,149.2147213290742,147.6316108505501,159.98598001721808,159.2431186420183,178.90122524542448,177.49856221987977,1
175.2400357901738,147.87982536459288,147.334237920945,154.25135497224917,157.02425739633404,178.6085458831856,174.6082213403313,1
176.7417521659846,152.87933995944823,153.99097158937633,151.65637209720668,156.8089570916558,178.2180914589662,174.16499919301916,1
175.66711700703158,143.5521978866949,141.0148397526724,152.5359070671316,151.10044006143934,176.10155117608323,175.46752175583916,1
176.49354288595356,151.05470550129877,152.44230836908298,152.49504912001314,151.99446407117952,174.88208968641703,178.84964507297514,1
173.69188401414704,145.03778697402336,144.21031197826497,151.78973201708914,152.704328086939,178.92257378150947,176.06208568796765,1
176.7528391838827,149.83158035662544,145.21036903341502,147.88928731309235,151.1003955695877,177.51332311615192,178.95630156312177,1
174.62160064731137,145.30484406977254,147.37582956185722,150.3987018360866,152.00522784931465,178.68565161540548,174.9442248105122,1
174.65747346930095,145.27334991188565,144.82888112621896,147.87316353810533,143.39028208628696,179.06170133396165,175.99971292482644,1
172.94251991935838,150.65223482042933,150.39791025444327,151.4927361320678,149.38458157806878,175.95769514771217,179.4691325059104,1
175.58061765929446,137.28707738821552,138.10634916308223,145.2304329855964,141.74367722180082,179.57072402707195,175.96960497542426,1
175.32272843274714,141.54617712372348,137.73147071940238,142.17156003789938,144.45440698790324,175.94073697451626,177.40954465125557,1
173.94328161468468,144.38535672635115,145.49612514541874,146.7534790836675,146.9399224263042,175.76514287770217,177.72366367597277,1
173.99353319330785,145.46769039077034,143.14581690513214,137.64274181156435,137.29457537962847,176.6238624319892,177.99906606802398,1
176.65782028191228,136.49960731459313,133.1652074607454,138.98986815428864,140.47484271317688,176.76458870123207,175.5933938513692,1
172.07018111708115,137.3907779272915,137.38050136937048,134.52702046161892,137.72758381964934,177.28827101302556,178.72329952804387,1
176.5724108621169,136.5988351607078,136.25168934120964,132.8349557174992,135.4609052325626,175.0584675564015,180.32280408553876,1
174.55587669722559,133.67826879905334,130.70232329648624,136.9583330995148,141.28784219744372,174.38953763513837,176.86240511850966,1
174.682513000083,131.61347087420756,129.40284025492483,135.72233268517587,138.16291231645968,175.04444405815212,174.41236147916962,1
173.0266956050939,141.07217802290222,139.99956785032256,133.15244224742418,135.58887914017544,176.45542372442324,176.0568904913726,1
176.921634706966,133.5507832751059,133.75503085995797,133.0738496202427,128.2932687272539,177.50176325720784,177.56836109817561,1
174.41346173589113,139.35604171372705,137.02521284264083,129.69186679843966,135.74374511366568,177.5545384247132,176.50121249864827,1
175.28317165980636,128.8111252168856,130.18396763295308,130.6441763572021,133.25535892813218,176.50941555077185,178.5075698076505,1
172.8886475998993,132.11023993168462,131.96032273985003,128.0290013628069,125.02239664812954,178.54857585616205,179.12825948293653,1
175.0982657490028,135.17673307670154,133.54427303152943,119.23483082022582,124.96776068291645,177.89072551204112,177.5904649515866,1
174.518105046193,134.46384902904532,131.79876726934546,117.93323298405532,115.2565617001715,177.95874266223643,178.47765857124568,1
171.62701823302558,133.93224457699196,135.33680869862442,128.90294073752705,127.16058344235255,175.91164423140532,178.49199959179654,1
174.38714152492315,125.10908635134193,124.76792000504601,129.3554463888744,132.67364719181603,177.86016868505104,176.16806223200308,1
171.6947834676693,135.43443626293552,132.34409258129534,130.94360114879788,126.63693725996993,175.08525053049382,176.90870918596198,1
172.76107249879374,122.13148190182777,122.35001830325658,120.03905956022494,116.93994904348783,175.49673988747196,175.32040676710545,1
175.29750092185478,127.69217598185442,126.17795256706293,124.91979964306952,124.6570124705934,176.41651164275163,174.52161430321667,1
173.33994241091517,131.6514565362712,129.88029697157873,131.65919829197856,135.51389778729484,175.28036561242195,180.2229826038751,1
172.95058518927755,124.70521104382642,127.98700615095422,113.78383570178043,109.29917146423551,179.97297355284633,175.80367902894463,1
173.89190076907124,124.38075747563543,126.41437544296937,116.7097216428626,117.68793158424472,177.21977212828358,176.1588616441658,1
172.65534126154824,125.61057544260585,125.7572839851931,118.5015512270633,119.19148224584491,178.50680684598885,177.87395035630144,1
173.1959874791825,121.59703539776449,121.69669719322745,123.84116882019056,120.72630622030842,176.841156508064,174.14186920250827,1
173.11683243183177,131.75399617568058,135.248921473938,126.88868313432621,123.09990054261482,178.362838410601,174.99181651447293,1
171.90644648942026,126.57649077967639,124.37893867346746,118.61438907476588,115.74508950181453,176.93092528448227,176.25775121645012,1
174.98022782901057,131.64302189286573,130.5159066711255,124.35051814071738,120.207410945042,179.3693371693946,175.5496806894355,1
173.23023650470878,122.2919439953478,124.58096518942577,107.15639730093176,105.53054578209395,177.75105042484105,175.29428465274893,1
173.5142723113069,121.83890304664196,122.21412874972391,101.54848886788692,96.51132883408664,177.1198707068549,177.773526172034,1
174.55094385552118,118.51612985411812,117.81246202482949,105.69288651309343,108.10372914002588,177.879566255785,176.22213580907462,1
169.8089321384748,122.35980469879091,124.91108874160066,119.97122703898098,116.15054839904658,179.05419018490497,179.19563939484578,1
175.9838294739546,115.167811915899,114.54396365265889,98.46598401625337,97.02231890317755,177.1615766806378,176.2063171953672,1
173.83839078075093,119.16709300380008,120.95545161472016,115.43549559364612,118.46925691458122,177.59826525110157,175.59566044077357,1
173.03353688543712,127.6502364516115,130.00549319228142,106.77628957026599,110.49011740379822,176.4803139505673,178.13554479146373,1
174.00950407729545,125.06554528556607,124.49406610123715,117.94928617676022,115.03184222857324,178.4102167625344,175.09504499416275,1
171.208237406134,121.29448446019428,122.91172279231998,98.32758189858407,98.31131980531883,179.2780539274038,176.87852553761647,1
172.19211725873916,126.89190256921118,123.01945425653253,117.53520099712618,113.02973494149235,178.85823539002928,178.8284720888616,1
172.88876424159963,126.9606051614032,124.41619203512496,112.14158948256892,111.96667612358608,175.30669966577656,178.90282190040764,1
169.9977615326789,117.45769219363197,120.66527731198016,117.77099255709751,120.48352300694746,179.60753353070783,175.3033578394519,1
171.55007284113861,121.0340028592691,119.2120383575227,97.222066644398,91.27363948903026,175.2433843462749,177.31761319943848,1
173.47917467969802,115.85449525053703,117.88645741260623,109.14528146632439,109.94171465833632,177.33061273992226,176.2727901632432,1
170.7275190209194,119.46117359189843,118.6645415638719,95.08023410590944,93.6495208207068,177.56509959604017,179.6445691032564,1
172.5685931098383,111.3153548079383,113.24753350791889,111.35070882461264,111.17102333689921,178.77554151983026,176.08871968007827,1
170.9010984199059,115.90031505566344,117.0932950267274,101.43417834721531,104.46327468246251,178.4045798389917,179.85167145419842,1
169.6922693190489,119.61091460488079,121.90839026441013,101.40339920160642,105.04913439859784,178.48023029929513,175.26779847897973,1
173.70419293176425,111.52396696803153,115.30930968799515,116.75675239694229,115.64134484554282,174.33255334388048,175.1860763511656,1
172.21976753555856,113.07282865057087,110.58006107049859,92.81914686877039,89.80281538089369,177.14895319895692,178.76855510888234,1
173.900746931864,112.5605402973453,115.83816224422887,116.25762259968957,118.47593315261503,177.51635283735712,177.34237629445178,1
174.11369731543263,116.33346665631274,113.68070512607515,107.61854641642368,107.42723298720486,174.79585590858764,178.63580633742475,1
172.99751856667956,120.58664236880834,121.22581902228828,93.93713486070524,87.3822878358618,177.50001969397204,177.8622563493235,1
175.7536518759682,122.63984719140942,121.98689443160586,101.42753428626584,97.32250641358897,174.82672379312731,176.70143166864352,1
172.92857724307785,130.06945421407673,129.742593048836,118.21073818830688,120.47161178292255,175.55249213558957,175.92444480343173,1
173.39130492183682,118.11650678519176,121.77373709391789,112.56981599114583,113.35419336593641,176.82167413920286,178.3589036309244,1
173.83159915763997,117.69244996825844,117.08864148795645,115.00108100550345,114.00263654049323,176.2940332430943,175.8372322344823,1
175.3414394815385,126.7469368919832,126.68419133784506,107.62105158918996,109.86800157199106,177.89428303372057,176.50001721148138,1
174.06180654027278,123.05077223761073,120.62275026051157,102.90684799983218,103.88036715284295,177.331569014449,176.79887160887148,1
171.60459318280448,114.3945646659493,112.61236857244309,102.05765011057605,102.67714010449411,176.1080161914737,179.03947464134043,1
171.59678694136753,117.10704580083701,113.76712142024404,116.92020422724507,116.3432365614591,176.9908889780552,178.58734432097347,1
170.3284366804574,122.23179436400568,125.63370545929486,112.48126657732612,107.90870406101492,176.92563874001914,178.25466390228704,1
172.52322741204296,115.66252276268624,113.83080547541107,98.58755185822774,104.74154734041589,174.10005044566546,177.10996043779988,1
170.9699368748697,132.62351328931956,131.9895719792185,109.5191289492565,108.59642838768998,176.62796520176389,176.6869759631207,1
170.249609901071,128.76931937929277,127.74364536991857,108.989486966723,109.64972355381482,176.44729771481187,177.67532713870375,1
173.61512440565943,131.7649652501425,134.01997317407162,121.0783395387014,124.69511078344499,176.11861656123182,177.36038983783007,1
170.5978680802456,126.01545589452573,124.90480381217193,116.04021766896852,110.52074951463857,176.80366598568446,176.71861680611354,1
171.8590412849948,132.79966077036585,131.1259051630616,123.18920779598022,123.40842021380806,178.76522647539957,178.75827607628358,1
170.86132065605642,130.7772871027984,132.41334833612973,123.2841940734012,122.08188104466424,179.88519940107605,177.42688045747738,1
174.4517472833751,129.91832779168445,129.39384284011348,117.8879685042873,114.54657480192988,176.7595141488659,176.9669732743486,1
172.85011307950182,123.9543170041147,125.09409653962108,109.22046197857105,110.38772447916656,175.9075727783712,176.82007622733605,1
170.99597799354734,123.4647924858875,126.99496044665871,123.04472778924077,117.08984333170017,177.0497566064801,179.94276967219508,1
174.77890746613508,134.1399650625492,136.98913238543457,119.27571980347695,118.32991172056133,177.51770803136296,176.6709716400573,1
173.43651796377364,132.86896564493844,132.64761535137583,123.48032804038544,118.93413739050742,179.8266509063017,176.50583641642893,1
174.74841585347787,126.0259483604211,122.37749579383865,135.12843439624498,139.2381589686561,178.5581354901381,178.7826106282672,1
172.69201957529694,130.36982126485893,130.39657957322987,118.4519073593541,115.23302855446235,174.91634355553833,179.77389931890184,1
172.30413453624965,133.32302389441602,131.54236451597095,125.01470446788899,121.84055645711915,175.55074247020497,175.51726546757226,1
172.31119153349016,128.58545703543717,129.008312906596,125.3024900861307,128.81607394928545,176.60592760095855,176.49881859042895,1
172.7514379608131,136.27099396555965,137.94357517349883,133.96915171944244,130.60448695659122,177.08555793761838,178.41771107521762,1
174.3037991342258,131.5951578999548,135.06091459560443,126.23783503661055,125.31513688293788,175.95299976363611,176.16835064174137,1
176.57289912398664,136.5546836934807,131.89008224281267,134.86301739097905,135.50379767356443,178.21768239161855,177.3478050047595,1
174.1234487159078,135.94739386688227,135.01675930035248,137.3908343823389,131.2322321323326,175.53519278999298,176.24491341406568,1
176.27442099602416,142.69836515557847,139.3016573577991,133.68788883553634,132.79834372796233,179.22795635084435,178.24654075966984,1
175.4113208101387,141.83576671969868,145.45779221311037,131.94126053903582,132.8900366163866,175.1742446876429,177.72848833156857,1
175.48631137079664,134.08968770992266,132.52530646100917,138.13134725285371,138.71399733244235,176.15323301952623,176.3066309256904,1
175.6067697629912,135.3295430102298,135.24387800016183,136.70573086181216,137.7267729628674,175.22149669100457,175.44351872361676,1
175.52543620536596,141.08447976457262,141.52984191260916,143.34102889791998,145.78278784566055,175.1865755930329,176.92826991102598,1
174.71395669201223,141.79367113656284,143.0757586237956,138.29165996814166,136.4058267148823,177.1984733377278,176.30621617179833,1
178.17652766212979,140.43522277884503,141.69552676453344,147.79784667311716,144.62136507207688,178.00808269669955,180.01947821582732,1
175.8432310478878,145.67833260059334,142.8198827096381,145.96606277074656,148.7021912033898,174.36934520907397,178.20915688489663,1
174.73675820506364,141.3928781411401,140.27205852042758,146.9410326108012,148.67656589907497,175.71621262498124,176.13268778914167,1
175.27738601074444,141.3400922416773,142.01091855775653,144.7507646663123,148.95636608515048,177.49416983496747,179.15030010097155,1
176.04772213430437,144.63249335581187,144.53122700330047,148.86451693630354,147.7941320879504,177.68135457285996,175.864577681341,1
173.7326459339648,142.4719444114588,143.65747864295292,148.96986189458352,146.74370067252647,176.15043743629246,177.30513058863738,1
176.66770194310988,149.03723309170675,148.4824722802033,155.05610757747752,159.19681988006673,178.42794276940774,178.58992162404104,1
175.6571820025475,147.48452698964854,148.52326181677353,152.5826173172533,152.8159627075455,179.3794979708347,177.83309317079923,1
175.92775230127504,148.44498511750734,147.74916407130826,155.95749188262468,157.34351477619637,176.65431274074646,175.89599901781253,1
175.67970708833795,153.0259930172061,152.79172940264354,158.0470434212665,155.86294181490794,175.19014357990946,177.33959277959644,1
176.77188492733927,144.46338446504427,142.27713654796233,157.2483863606311,157.12497431243355,175.17284006878612,176.26234476031084,1
177.4100064601251,147.75002561489043,145.18829278230598,152.98544401683733,151.17146790705982,175.40334763427705,176.5216096867484,1
175.66598670527208,149.87012913357032,152.17250697857568,158.9025666601712,155.36436789649755,179.8055176545006,177.0228876336547,1
174.03417194182632,145.82332415485124,145.7380435291157,160.2877247277698,155.65169386690752,177.61909786469093,177.05234866260594,1
174.85367144917777,149.89242411038995,153.05366872261493,157.85861439090235,158.45923315151524,179.5414402865262,177.88543986007608,1
177.02870013586252,148.51598538687006,149.52967941863443,159.35230422926128,156.82134524833404,179.85527452041566,174.59596172099415,1
178.3805154450805,145.20223130178746,147.9639847362392,160.20870839714718,160.06662933972143,176.6625316209621,178.48285384465322,1
177.0865448900295,150.5283450835074,149.635349057638,159.5605320678459,158.47232790799112,179.28131147242854,176.88057404338488,1
176.96424835489654,151.46573806679805,147.01756515120408,161.71477483523466,159.16950242306268,176.85066756189448,176.5859695669677,1
176.4188690910928,152.38981086385863,155.92617678596906,158.93545340982092,159.02523500623482,179.5858324361195,178.31436512849695,1
175.5576492961874,152.64851492795188,150.0472490415245,163.67545201207832,164.77273204846793,177.5111952773781,176.7719961201698,1
177.5944817261465,153.76036216023493,155.3696727229266,164.07857086640806,159.13113614425222,174.45921224421247,176.71467050954567,1
179.35305553866885,151.54582988780115,153.50809040164518,163.03568109849428,162.11111053250045,176.43186008578996,176.77457097078437,1
175.93963138461996,154.79538217571036,156.49684580962867,167.19191586238762,170.54074947163227,178.5228068980745,176.744969817482,1
178.7215065180562,150.6337054869071,148.92689582103048,163.37608782533306,159.68160092853188,177.86365438145282,177.1298317971566,1
175.61322634264275,149.30286076746017,146.79938180779834,166.39772868942464,162.29868343053678,176.25976653418434,179.75249959012203,1
177.17971787883783,155.2760664551834,156.37612588754268,167.5005977665088,167.72825683841413,176.54183015492907,175.25191451541022,1
176.97395571317364,157.62002875422849,155.91953361745072,167.5103351445072,169.77297215132592,175.70193190550629,176.5750695835119,1
177.15786456971483,158.5158084866304,155.96513985800485,168.77884928158932,165.5301362400999,177.2549305157328,178.36619390604915,1
177.0434380359439,153.37248051109685,154.32802201984245,164.92215127435372,170.17198385895037,179.459018665793,175.00543389987453,1
176.91387801131205,153.15949909868266,154.36022226284715,167.73956179399923,164.33527463862472,176.52540655542353,175.89320394696162,1
179.77275773469913,153.2235741739685,150.8249235008629,168.3532829926161,170.40277883562376,177.48013346382734,175.60054230784445,1
179.3629528382616,157.09197358650565,157.396251837588,167.69422563507968,165.18472070570294,175.66763488354016,174.92481670976844,1
176.58909544149216,155.96903880284623,153.7991447473527,168.1001248186381,167.1861532805723,176.74172254034784,176.3302419685516,1
176.97637523814058,153.71340995033503,152.48384112766266,169.21931156760135,172.4677805547397,177.01709658232463,175.01566492003298,1
177.76911019383584,156.77128015776532,160.99239899907883,164.5450408588254,167.75321653016525,178.67260455181366,176.79402987559405,1
175.283110586612,151.76836653286782,153.49206389225554,168.2084757342599,167.01052512193505,179.90916726639065,178.11140737537636,1
178.81848482084837,155.22502418813758,156.3713169206705,165.44078463960034,168.69096625748665,173.60707296008937,178.33573103044617,1
177.59147930562366,155.9362286216534,152.2719491452906,167.56765852370867,162.97528776026672,176.10692899609373,175.40240582561017,1
178.53784874797853,149.23105144390811,149.7033772389499,169.5340586212367,168.06543531847043,176.47024641953536,178.99873788316978,1
176.82930434868666,155.66281162819055,154.36433117267669,166.96996935014548,170.49454952917415,176.20357837126966,175.6055196039161,1
178.45300538611363,158.6890119389434,158.92945093653483,167.39238226066874,162.64389463607276,178.74613958605164,176.21109299301895,1
175.3646911875147,151.19534034181055,150.06078288644582,164.35781363974357,166.57890243545307,175.34065239316442,174.396867683127,1
178.44297399223206,152.6444687025879,149.18012435307062,167.2744239669812,162.03289111308325,176.2959004204313,175.93447862758728,1
177.482984077754,150.43546805846987,148.8238822504045,164.3911163346643,161.57747719317257,176.22774184616105,178.87833233350273,1
176.86359077214684,151.75581053126143,154.3903182024225,163.8497732603857,165.6108051331093,176.5903227269625,174.46144494260562,1
177.8839874482308,156.62424524947573,158.1706894546552,161.68540774203865,164.38747292847214,175.06401777088087,176.5189131691122,1
176.68197687932346,148.37110274291388,151.2059786670624,161.4906193955084,161.77412511138525,174.77588168555573,178.8543307211441,1
174.52595940227954,155.02896617905128,157.28231571774768,159.93602138012756,162.81684619189917,178.96099173334773,175.97018007027884,1
176.51338742378675,153.8571696397598,151.0586443419892,160.482702204369,162.7435933130972,179.2524797629253,178.02085482457076,1
178.28414152143756,151.29232916639648,148.30627008873958,160.39740957528008,161.71023324348005,177.6544387994465,177.70276884843722,1
179.1894927320685,146.99977727184734,150.38728303320883,160.6572083414203,155.439962121672,174.51127761401364,176.533793304576,1
176.58888199671262,151.78012897191525,151.2723960564735,159.41031014179651,160.27048366152488,174.70583533000956,175.9004919290254,1
176.4075101204731,147.74457842677188,150.14278838815133,156.5010934045153,152.15784099077845,175.83735673716535,177.16882186684452,1
174.70433460576047,149.0687967146069,147.3435950000578,157.05357012307394,154.45453976815347,175.86367600525267,175.40509989146756,1
175.15472846873962,150.07310668159067,149.38467660883063,156.60865311083728,156.79808154218074,176.19973487404616,174.29692099271995,1
174.82768921922965,148.56362763253625,147.56275941232784,156.62181945884547,162.64605936612696,173.9945411015376,176.22860311511005,1
174.509286693127,150.93906266592685,152.34181045207467,156.1641663603853,159.9764410446487,178.5065566159978,176.90839992175356,1
175.30512815902694,143.5906832808653,148.28773342650632,154.88995342721356,157.7850658984673,176.26021353994204,175.02194030924076,1
174.8148642621719,145.66426080198423,145.6224828545311,146.00262766644,146.33577972904885,177.95817684617344,176.0448597804,1
176.5870961886459,140.68308915577035,141.4294101295841,148.08142353051002,143.97744504564594,176.26817597429212,174.33793455855613,1
177.88033005981626,146.64595494260706,150.0384054824793,153.81607028537002,150.5171959112038,176.74735055456557,177.41875382373587,1
173.18695953542831,143.45255828159532,141.30339487982124,143.3121329440987,138.7063595270246,175.0293887609599,179.00477327011393,1
176.19966131527883,141.4968024750535,140.70204122412682,147.82562505317478,151.22693080270957,176.82727339305234,176.9311513426686,1
176.9062033536985,140.0804026032639,143.0983238651476,148.36811908523154,145.7796405594999,176.39809438917288,175.21460596343752,1
178.05937625870328,140.32833859870752,142.00397852780938,142.47705758085272,140.27587260025024,178.02631478044802,174.26080358303992,1
174.15995372979484,138.83545402418963,139.70947354007615,137.8368717688122,141.45229861205215,178.44289077658462,177.64225506931714,1
174.0924656893732,140.70358237168642,141.09953819597624,147.25692325304973,149.4529065491789,175.29738860101253,175.94890515984946,1
175.3621230143089,145.56677623135266,141.93297300913895,138.92548284174828,140.1113131965156,176.1791188381607,176.21862225698027,1
173.99429665501555,142.92983290966467,142.86609879039614,144.5007178310597,138.2980243201503,179.61919659176712,179.78982802551562,1
174.04981938764857,137.49642659835624,141.9312474293462,140.2325132394434,136.50418672987414,177.60260504058732,178.1318506878701,1
176.5667784545467,143.87366311219236,146.32211988958372,138.13599876615487,133.2632829759621,178.59122473911012,178.93686286786726,1
172.69572801800211,130.27963777638053,127.7912487131664,133.44497909615458,137.3440835697631,175.80268192574889,174.3921565331978,1
176.48306059735435,133.1125902010917,132.87739388464598,130.8543756088926,125.75307730760984,176.968107842206,173.75732932868982,1
175.7719074368316,128.1060981817408,128.18184060045417,125.51472723118832,127.37955669056073,177.28864395908468,177.63520594101684,1
172.8911172412732,130.28134859794827,131.1674835403521,126.99928576462374,121.99680211152146,176.2018589750562,174.91457104270523,1
175.99148165938135,138.21530887576895,140.03929629206857,133.1087878474272,128.41993371639683,178.46347316171997,176.97563337787318,1
173.61849358631497,126.22910106223337,126.82483872890862,128.55952047100655,133.2427201304609,179.17300145270914,176.14152213641577,1
174.16292039521926,131.4123892969287,129.11040675681986,115.50925433079388,120.44549009247521,176.3888269261736,177.5012276128721,1
173.05962240823183,136.42497444092092,133.75332106009043,121.24496505517533,121.2017453737162,179.67231771500101,176.74381413338304,1
174.44653382854264,124.53369978933682,125.48584649435388,127.21612568685356,124.57961893807644,179.0624346347727,176.42780308693807,1
174.7458416113817,130.48857324357547,134.44507847281983,133.0434762505868,135.29133630597255,175.700358340355,179.57647823164632,1
174.17312153058492,125.94066057868142,123.70735195832478,120.67938449809668,122.75353770706076,177.93574914241506,175.7466633693334,1
175.80002779752536,127.55313197319911,128.28038338058664,125.84490441701587,132.14712604462298,176.1271173338792,176.09166966882478,1
171.59656147569606,125.53187066467092,122.39470526897303,125.13858953936253,121.70236371580671,176.15862771164754,177.2711163952771,1
173.66657835156528,124.66407235819692,121.38732813310129,122.78366052499715,126.53418362052967,178.8710450799931,176.5003642806543,1
172.95623358325403,131.55000494729046,134.97667174557438,109.40177682390157,113.28738442352739,175.22974054593078,179.64660553478183,1
173.77606802735832,120.65697045762656,122.34314852691003,117.04689873140941,113.79126952674397,178.020572864411,176.82255727106133,1
174.29684764198248,133.8089328203966,133.63928168427879,124.942974612699,121.891059664037,178.88744448997682,176.3826797663292,1
175.70930585826807,120.26588370965226,122.91047079170283,115.0780178926227,117.40931125319239,175.16153894696814,175.958491669371,1
170.18132003361163,130.5903976238144,131.74948350832753,108.55920485596778,107.9172337112604,175.6793872575052,175.11388599046055,1
174.5567983401972,132.05959871724994,130.67775157051776,111.52828361230478,109.28118623848182,176.91747082087917,177.2856413656882,1
174.65915955192807,114.81478117681644,115.32849629093138,111.07280371243971,109.5637759839482,177.7808564017312,176.60759484799888,1
174.03655613349332,121.46014272973119,118.19749224934819,98.79633381791936,104.32522745046315,177.07833632626435,177.86350452014514,1
172.70452859529723,111.96033123787666,114.74707284485473,103.56838099466736,107.22148957789764,174.93707293663536,178.02428218098757,1
175.20926878158585,121.25598613918649,118.79276856823918,105.02633606704369,107.73673670287651,179.91460858470953,177.78311096652078,1
173.8409938144446,119.05735649280881,119.5599275269324,121.46588805529969,122.15133194271435,178.02166331518129,174.7136943659635,1
174.32140347880753,114.72633787369486,117.1786056144963,120.68209365027782,117.25807712383832,179.19872939754745,176.36435657631046,1
174.41448453460217,122.0507305782063,121.99779674133833,119.67549034751087,118.52902497229432,179.41982844098123,176.24295226251914,1
174.1127235763632,115.40825806940137,115.05944654121087,95.7863341512668,96.05369232692388,177.76636417263893,177.47104787244442,1
172.37461116598746,130.5907652593779,131.28602471432146,108.12943223628805,112.78698995894443,173.52161429993077,174.05589365606858,1
170.69920519024154,129.78067938699726,125.70409220987263,96.88523685141699,100.84714406654545,175.50480628043533,176.55192731566902,1
173.7794050917957,117.19659199254856,118.29348312598812,109.860189224187,106.70618008687826,175.16768144227478,175.502150574625,1
171.0055510056663,123.13973250261655,121.77257637675265,120.43242497648922,120.02269682948767,176.70288878558276,174.46942092993586,1
170.62452654600574,129.12867593861748,131.33769639713006,117.37858841035143,121.16440003853738,174.4937220925053,177.93852722593653,1
172.1404153875984,114.39623088256778,112.96360927541927,103.67093280046551,107.55784709626985,175.89705864837566,176.39209593890735,1
171.2036140793272,110.70245201395615,107.44704440470014,104.23380119391166,106.73839296223179,177.389520972472,177.41310259923017,1
175.248253848862,111.60348911714236,113.64643099225273,102.67062413228375,104.68283859900204,177.65128649971788,179.18392087913892,1
175.5825119795261,124.66839350684918,124.53184428575533,118.62679189383964,115.62987028953125,175.1492603154192,176.67015594573556,1
169.9674156870118,122.60467504518078,121.29438766699008,92.6127756987675,86.19714500428832,177.53464059744675,175.58223238296134,1
174.12695297729127,117.016994585505,118.50801646061217,92.36076282944774,90.16252547194657,178.38083249377323,175.96074482217796,1
171.59284148738251,123.56418448256939,122.1536301568762,101.12559307891301,98.15892302303645,176.2437843879622,175.83201604980147,1
171.54510045020166,118.89774042926557,120.97465474198,104.43492028667373,107.41382889204608,177.52889031405968,175.82739574310028,1
175.20181526720836,120.25646203405039,120.66238349069708,104.262878755296,104.14748780268785,176.04243362952963,176.18435793536204,1
175.15562970773053,122.88806560468545,127.22464285082305,100.05352951713921,105.5201676707546,175.67802304035112,175.8361077599501,1
173.3903670603033,121.21561904865331,122.59162819857187,97.6074399625048,95.44644361512785,177.20666907316357,179.23715525633935,1
170.62404306363362,127.96505508146323,130.86468606164382,116.74255991433351,120.30973828175864,177.49091743051224,176.74716189003016,1
172.80074983696684,129.15855770102013,131.30689153341913,119.43050616732366,118.63266727566237,178.51560161627566,177.19770708549413,1
170.49236361261987,114.75845187978706,113.95736882504698,96.05496039854731,101.54842033969122,177.3536164402668,178.26867054716405,1
172.40937309985537,118.01966005397024,114.19067815439969,103.72775056815759,109.66344245117224,173.96071472004834,176.82112037484404,1
174.62534790312566,127.73405675347375,128.0400774070307,114.6934461697224,115.54392551609891,176.91765823224029,177.31012119031206,1
172.30538775795407,116.9704637716313,116.4972981198482,110.43167199890841,105.74891719560954,175.75213441567257,174.45369821830496,1
171.15366001779347,124.37444120500392,123.92564273352608,97.37147138753711,96.78704509417709,174.50612978544174,176.81024787744735,1
172.50671460544598,130.43542924174756,131.40827797083645,120.86950620563987,123.55734274930222,176.48355600573242,174.84201120952875,1
173.57468607934973,123.55434041434545,122.65050813595293,116.15221207119563,120.85231126925584,176.88493871743572,177.18014607926443,1
171.53470613841623,121.74370107214993,122.18031452141922,112.18443845329514,110.7412201328924,177.97964734244886,175.38222117306282,1
174.87157890008316,124.30130202435726,121.63431547287425,126.11134358024219,127.81860397746995,178.53337567636152,177.58099965347387,1
174.18120227549855,123.22546240374595,121.91936013803192,105.16822201577351,109.05971726893098,176.15384131503566,176.96591315628356,1
172.0615296572252,119.33460256916737,121.82493906909208,110.42666129133895,104.49160135397622,179.13885506856928,176.80203621203933,1
170.93847215708865,133.98489651568954,136.14350428553414,116.86617384733565,118.8279275790365,176.43741893413647,179.43222511846696,1
174.5567597507441,130.68765483711604,126.85366810827963,122.06948705462717,127.74098392474518,177.05660860006995,175.1883440914194,1
175.39821072002601,133.5790582553455,132.04398947338743,128.53638123454178,128.0773795529076,177.61632148962642,175.38615033748957,1
174.5929411294588,120.9072001236974,121.63047206557043,118.33516602343258,120.92747937128333,177.27354334270098,177.78597089458117,1
172.8020550752828,132.8484068273081,133.1248494238452,116.0250337566995,120.74937415903308,175.45683115431265,174.90285912300527,1
172.69219106837073,121.66858901044114,122.66572687662573,118.3853340202576,119.12968811401008,177.5122811399475,174.4267900531747,1
173.5754722107174,126.47885532819814,127.05589294579315,121.57061106637353,117.08575476259789,179.46522854609836,175.19501943409304,1
174.31976255910783,127.99865626374674,127.0367209920819,131.08497942067265,137.21098278954588,177.90122504480973,173.82829287688162,1
173.63560153262608,129.91747960350799,129.19830703562667,122.44588644741354,120.34402714084918,175.95036027542997,175.58086059010543,1
175.4566609325013,129.68937469513884,129.89011595756384,121.76571794476821,126.17078034440863,175.75347704482135,175.94488873581253,1
176.5540364103879,128.3253428586568,128.30065390049188,135.12053509435384,136.0534591919268,176.93760068171386,176.23760910117753,1
174.3789289415782,137.152678970154,133.0979765272923,131.6663411674788,133.71506874612905,176.12892309611152,174.74598330615737,1
172.48120469283086,132.38702674672692,129.72684095680168,127.43008227765408,130.78737969957592,178.30682813396027,177.82796526328607,1
174.33300516052557,136.0264648902617,135.74255972420104,125.23760557001826,121.74998956276859,175.54030181005194,178.141179035541,1
174.98268120571137,136.40503879167713,135.90125652624158,142.42004983398323,148.2135255238445,176.85184255612742,176.839057222418,1
175.22672261933212,135.56325350798778,130.3393657981426,125.9898487833768,127.13071723625852,177.02086934478243,175.22101189968134,1
176.38282415372333,132.71907182890249,131.67946622770526,137.66574831882585,131.587961292684,176.58107020717313,177.45719898418236,1
175.91607264963034,135.76385309353827,138.53567744690326,138.1450081253162,134.74299407583393,176.42725639639784,178.70447009395548,1
172.9079920586494,136.9543355476085,137.54416761914476,131.63867532950064,136.3455779403527,177.65901197637515,178.04638385169278,1
176.10602370338697,139.42150545432634,135.92250389680288,143.01991898874542,142.41601808275294,178.03135838782703,176.79951952154508,1
173.4929874656388,139.08989410168283,140.4049797584635,140.55599127565233,140.9970757034985,174.82588807549521,176.04852345230248,1
174.89918148649792,138.405229452699,138.40992014940772,142.45901885319492,140.45178367849408,177.09563807371654,177.57293051780772,1
174.55712579075612,142.3522826353791,145.07219969118236,139.34259987550138,138.61966309795588,178.914554590433,177.54949194513767,1
174.97678718046677,143.59942544506268,143.4556708966683,140.24971646847746,137.58603780333826,179.4839034071911,175.4761440940532,1
172.8628484395294,138.71444669261652,134.0645273377917,142.38523237626154,145.33603869025828,177.10864623780762,175.34796889108247,1
174.39705083721518,143.13585507971493,143.15447965820192,153.35274406216303,157.3442369893824,178.91877981735846,179.8456745473138,1
174.35749359144486,142.88441805179858,141.35470931080934,148.40019198525115,144.9282243593146,179.26400821980644,176.90181587177852,1
173.82977917549567,140.56061853195683,140.73382675571446,146.60757472502223,150.61899849949287,178.6883424428794,175.4604834562394,1
175.6193602585607,145.86357169174738,145.90060999760425,155.8805805107755,150.77939999023707,174.63277688030172,176.76461863623433,1
175.03626732882395,147.43295306274976,145.75679044474234,154.68020151050894,157.76436491700235,177.88041163304516,176.62615049499905,1
178.2440598516066,146.68777865283852,148.1027332161675,150.8154858820465,154.51654777696083,176.4698096947409,178.02975862396198,1
174.29791226335297,144.28572693787348,143.77923156195092,157.3095944035268,155.76907077853446,177.22882924190395,176.89321415278874,1
175.8277186597718,150.06229947500427,150.36368394215717,156.90450079489565,159.82315301456242,178.29471891188277,177.05225883103185,1
177.4709792852331,150.0972680105249,154.03186725859368,156.01884385161011,154.1175131959989,175.32862621284104,175.01264038713796,1
175.60414449857961,147.34975834408607,144.03948750135245,156.73260683725593,153.43017471796313,178.214581495862,175.8984325709218,1
176.25369132117385,147.3701876140808,146.9225316989358,155.83975190062492,156.3763808913485,178.39867340812074,176.77139259276075,1
177.2818667337531,148.95860940440645,147.67383332817352,159.66738986649716,159.2199783491657,175.10314882707746,175.1933066132176,1
176.09169932704089,155.37129638521705,153.31657534469628,163.05881447698047,164.78649379376822,176.37951090426887,179.88087738554648,1
176.1920455010407,151.9221650228461,152.41502096734283,162.4242415003826,160.26483450558513,178.46226848683386,177.92985929805425,1
176.33671548258334,154.5228301285493,155.99564666628294,164.75534450703793,163.51640373140603,175.51202842852246,178.2264544600675,1
176.38517086626237,157.98912901661342,160.12126458855812,162.8549259452268,159.76777685571787,176.30447438509273,179.63136383221217,1
176.17520187375968,152.5733927010327,154.25977515086208,162.4875382387509,158.20844641098756,176.14649030680658,176.27947279565592,1
179.2708927034576,151.74652783666923,152.76127330200404,163.64965313431136,159.7896210014144,175.71646837047396,177.6458158111341,1
175.60610211703982,159.00626615470821,154.21523100232292,162.1377998711376,161.8864038851862,177.40189259701174,178.47987160898307,1
175.66261888525372,151.84499824403113,153.97039157563967,165.26980360390593,163.94921821037568,177.81774708500848,178.09202411709143,1
175.47857692668842,150.4292398705288,147.99720236614758,167.34194796266632,173.11969177132906,177.10580360988297,177.78863035376864,1
176.65503435847467,150.03650041257578,149.89217279175287,167.7390137045218,164.95965356173002,174.62594876718947,178.27146235321175,1
179.42186966230457,149.86032842325818,150.6223678874861,166.02131323329476,166.59447807337347,176.77010561602555,176.75854212953217,1
176.3306618927847,160.38481511445772,160.5709656518021,169.0479819703705,172.0141614405868,175.91818928373817,178.77027940169836,1
179.74202122186034,158.1592314734634,158.2766184567109,166.4364945489752,167.1783416989949,176.8688404431861,178.44025264963864,1
177.01658739329795,151.07554854233413,152.22373050750147,167.00177093160627,164.66136691887075,176.7409926340447,177.6508434416212,1
175.37888577049227,153.9495869025025,156.20934358869312,169.40924222051734,164.00065617499104,176.4908181789829,175.37400101866254,1
175.44049984044668,158.9278351144896,157.1606400673404,166.79443887297853,163.79788553043824,174.3968463041851,174.5499880578764,1
175.51482388519884,152.4334961394483,150.4540398536791,164.33107690239078,167.82268266801702,179.10471881183986,179.2943453547219,1
176.90866817524838,155.5847634539796,154.87994366754947,169.25649496504764,174.89487344608204,178.28134191587174,177.1409993750655,1
175.1662003678351,149.5042671832059,152.8487193230962,168.43774077156192,168.92182754313964,178.61113178090235,180.24007840575536,1
177.62221298274608,154.45652043994738,156.19828557566618,166.38207000593619,167.27384914186905,177.1313450843549,177.02255372258983,1
177.41360396378835,153.8223290452985,149.8160086236362,167.12628073368194,165.1733728958158,179.40228478363633,177.5537838222187,1
178.96585852291355,151.33846398804823,152.23316922091962,168.21873761101006,166.91888712310543,173.82448088195883,177.5504292134043,1
174.9449680379516,151.78176119311559,152.96483732679735,166.54685204042173,170.9684104347146,176.79351219518244,179.1032907954225,1
177.36210278653277,149.390331675788,150.04661167513072,166.84090533941816,162.54654468092136,177.77603785257295,174.31576860338177,1
176.7842753393279,150.4281758939939,152.48133741229202,166.06129342639335,161.6295717523721,175.56377435974557,174.52442051761918,1
178.09120429437868,154.94316176132,157.03010768467323,165.29477013211604,165.67918875479856,175.4322928511569,177.53495082795786,1
174.21463782816127,150.06777842671326,150.43752297657733,164.48725589261184,166.11214862800352,177.56868010701942,177.10004772334787,1
174.8016712148029,155.59147748489653,156.45787177518545,165.63025565798733,163.01924531063705,178.59877505919005,174.8053263232752,1
177.44025349046427,154.19184853882393,152.78886812673056,166.01196199117285,163.58815941966265,177.37103021079943,177.80499497139377,1
179.41181105702717,148.53765443882133,147.82471753870416,164.58192914112942,161.54865528804774,176.39152662116817,175.4516698322547,1
175.27756901160265,148.03900830055463,152.5957824668297,165.54484068408254,170.03745789999266,177.89770704162112,176.9404187979191,1
177.75792361456132,148.9656536756125,147.73997682737468,161.69102597410313,157.96056919209747,175.76756252005842,176.71937807408975,1
175.5877042602796,155.9767460387318,156.8804807640861,162.7309125117077,158.1433154799142,174.36041837851326,177.29517919642907,1
176.04755516330744,147.1948299032626,150.7448573323765,160.83799501953456,164.50888028302518,178.1619047645927,177.30425970695356,1
176.11453429656285,146.6929397788548,149.18180735945313,158.63065660220101,157.43866358724426,175.30130137741534,176.42923918856764,1
176.9788404132145,147.3904874494648,149.36582027192395,160.64608869757353,163.3897649661507,179.26016849954823,176.33167514517618,1
174.83598156079978,152.44066409704192,156.15781847293366,161.44140757060842,158.15970711148978,178.4387911686867,177.74535084293012,1
176.00279693727296,149.56186825879908,150.0259675556392,155.46203306564914,152.53209062449042,177.51930762892655,175.58760089315214,1
173.96888290352686,152.16468386718674,152.64178102160417,156.66833632203384,153.58527924491483,177.14069030706202,174.8374485337831,1
174.55575394299171,149.81959597053162,148.49520272080207,151.86167924640458,155.06504407516624,176.83354693590377,175.683036322894,1
173.8166157896412,146.41188129510408,143.7643383748836,157.4147538203065,161.88672911547155,178.63696851891285,178.9000067409694,1
177.57797963609067,144.9151386240818,142.07283108145256,154.0534778366549,157.06744832358223,176.35142685117205,177.3500043346137,1
175.89658112920546,147.49318811615365,145.42681065860015,150.94734999805638,157.62911093114317,176.82740913925943,179.17263554586572,1
176.63527114495025,139.99624697000203,138.30811552907736,152.2110284047936,148.89954714037955,178.37520625622363,178.0829311159687,1
174.51339830217051,146.93663735854298,144.45292624351333,145.18491818134697,146.24867851828265,175.42275779752092,173.96641427870273,1
175.254190293536,142.57256270610483,141.20221690170675,146.93795932692572,144.33741252378834,178.79588289260906,176.61420713611776,1
174.0111264732451,145.8137617700986,146.70311482326565,151.16563878581712,151.56997953614112,175.29041289330414,177.37328381420028,1
174.01990644384182,141.6610620704422,143.80215671310106,145.9450064328868,147.75763903107023,176.2329823702248,176.12081206809543,1
175.24995611652096,140.08115456748322,143.03558474798484,142.0663808559336,147.04224724439348,175.78229721505153,177.78100604335376,1
176.36808134330386,136.2462315544834,136.51101286206494,145.4739927479314,148.23109346775314,177.06815790737363,177.91098133165278,1
174.67110102825802,139.46218255383636,137.92389725976,141.73163666936915,137.29095969869522,174.67806166135736,176.35585487744112,1
173.8483141186155,142.31606434109085,143.78389369188545,143.56599306353058,142.63732118987735,175.54741734034008,174.66468445073141,1
176.71781152353995,134.61973744466087,137.4771410933491,143.87788608524437,148.07485806399197,178.0012315739734,177.3977696075344,1
175.31577219943298,136.84755657377863,136.52156725559632,142.63362978848284,137.5128588140546,179.03877983626595,174.82943336937916,1
175.77836902703697,138.5931868210018,139.61962127930252,135.4861308672882,138.53557563546664,175.1264918508711,176.70228902985573,1
176.8705898526399,132.39960383177416,136.77232135944877,132.9871023328216,139.80351186559344,178.13284685182393,176.53198345722333,1
175.19616438394345,131.70510055539918,132.43502996318642,131.84564401880917,134.6228560359497,176.0597850006307,177.3894260938355,1
174.79162171858434,140.18113909006593,142.60651802908893,135.8845026979953,136.52278410435162,178.03296376318312,176.48665580124955,1
174.60878731448906,134.98148577413085,135.74483763489155,129.80668797125995,133.4784248443694,177.58207535949222,174.92102265962134,1
173.6994286279974,136.9525802565365,135.72992706245512,128.82819789533505,133.54716718268057,178.88203816715432,175.165148863103,1
174.763124549063,129.5545658083279,130.18173365404112,121.34288087223706,122.48551118620588,175.03491674706552,175.57743695581956,1
171.95402496744492,134.94635361017487,137.2320148488164,130.7228612167729,137.2832069118895,176.77065645441914,179.66540794656146,1
174.1299675677936,133.0273606361973,130.1749474108413,130.92801925997023,131.62979806974036,178.07024759912207,177.95780933418231,1
174.12622087198022,132.70396673834423,130.95934754265733,131.1143647210223,135.58628492553854,176.30362881395203,179.2999054321117,1
171.63663742100044,132.49585380897378,135.57110552669647,120.26988238305466,122.77315513407393,175.48641325224753,177.78999105301617,1
176.20107948258004,132.74884137576038,134.5394376890569,114.87363474295563,116.36262257127797,178.0413369768798,176.2437237123687,1
172.14255810638647,133.22868023001675,131.60702422168205,110.16195786374217,107.08408895562175,174.69758882587288,177.63269850072686,1
172.11084704190358,128.825800441155,127.81594518549727,127.4153826919014,132.41499899247177,178.37933231195126,177.52404715227078,1
175.10201006791021,134.04731155004671,135.45185300733107,108.69785226066888,107.31363070073112,177.50533516252074,179.061797096496,1
173.39937796917988,133.121591616194,136.55439642797822,114.41169881133499,118.82304777656346,177.62475504842152,176.68855509414666,1
173.20292187426193,126.69837788220349,127.19969551440016,119.56785357171165,118.52522715722719,175.86209754433975,179.79598380063595,1
171.4857272926786,133.41994452254454,132.68131737329773,104.80289612111231,104.9874131264198,176.57603009702603,179.7183381020779,1
174.2913969979847,120.33122216661477,119.95274410441752,106.87509247782525,110.12827290146099,178.2396261265211,177.73385762725272,1
170.15565427439697,123.98066652336277,121.93149794904787,124.13245664301459,127.11076222637318,179.5350103105208,174.82369845436395,1
174.19693636676044,120.53587500737044,121.53712219440293,122.4809442324569,123.02338142117821,178.56152935938835,179.2567450825722,1
172.71022470435375,121.75353212458594,124.45299574408237,105.86305313135995,101.40926542883604,178.15422685524388,178.43990566136594,1
173.18908050804836,116.93289749486809,120.10996254360033,121.25669215192436,117.21118471475876,175.78578700933622,177.060384185123,1
171.52981424395486,120.62291031740142,119.8267931626605,114.10486140347369,111.13642743599114,174.4871040727749,177.78036115045532,1
174.86263245322976,119.11010778787731,121.0492924619885,99.86259208053218,98.88772292872319,176.93812124151094,175.7674301569277,1
173.8064342189089,121.04391772337415,117.67933880694643,97.79835969674166,99.67600144158087,174.0380447702049,175.95255038863098,1
174.26647028185087,125.9078749897938,125.22778448857126,101.87500516446502,101.94620169388666,176.93040998384578,175.45988451187324,1
172.46662088095414,127.46189951446021,127.49352291786616,106.11581954446271,104.36530708052172,178.6043850508018,176.78528600465444,1
173.73039084640305,127.98321964700992,129.25393566738182,101.10996705083465,101.5559202384263,176.10663509351292,174.13025817301227,1
171.37651186202967,121.84047592226877,123.43136092373176,93.8654417574922,94.49659631461246,174.46969586912525,177.1696602538293,1
172.54491472949343,125.87923647209911,122.1833224877468,105.64188201476689,109.72232418783459,175.9286557327954,175.2808747668276,1
175.27302615942386,128.21090301882091,131.54106691621953,116.7475584702019,122.7749567864991,177.46201754978395,177.65272805227872,1
173.37982696311335,126.94232971376242,126.73012983663924,92.51281489760706,92.2605772345945,176.3203361793261,173.87554160348884,1
173.0936706787128,129.6525544785776,128.8538885811403,95.15440491108654,92.80685421385915,179.1848114592912,175.8782506643105,1
171.80706995867405,122.99994279925748,121.37193888445837,90.01749410260342,85.6438534554393,175.77129602486983,178.8766041163235,1
173.1834745810721,111.80551906186774,111.55080751911747,104.46498948600983,99.31128578998234,175.9386209979205,178.05571823350988,1
172.9470415491387,128.36968826650968,128.29409272407312,118.81590531834424,117.07424837433605,178.0187349833834,175.7676747431132,1
174.70667075355453,116.04677466124099,116.06727960441278,93.47697897398507,98.59821477283124,175.6237669685251,178.32043524505997,1
171.43069008140284,118.21150858832408,119.3023144538247,111.00836668923426,109.90845770083047,178.28920249245857,176.3772203448258,1
173.95159062118245,120.62921597952723,122.76692129408025,110.85713446496761,107.89899864794538,179.89183741487074,177.06801980555463,1
175.199162936558,109.54841616692894,112.38080842944919,92.56719196138981,90.69063648587658,176.15936959034562,175.643132768155,1
171.84021487984268,117.47002049841977,120.26122543657078,95.55510104495085,95.2635724875686,175.11867403753652,177.39918377988423,1
173.60102328436022,126.10244519342326,122.88271425237765,107.23881694443898,108.00542017944055,175.70076959997792,174.79282745022053,1
172.8298073259848,118.92097947906312,117.51156837991189,111.34429990863083,106.84134288367986,176.93081104811796,175.8590713790841,1
173.8699441709573,127.22420424578195,128.57744523914278,105.79659558739765,106.08261893878876,177.7937560918819,179.8274739793413,1
173.3757179415416,128.6007875574022,131.48773412702928,97.58471726312968,97.18181308793174,178.1351507406294,176.004888521597,1
173.67644035811816,111.85551750298866,114.32158369864749,119.09590715591871,112.59322603964232,176.27030961048442,174.4052514582548,1
175.17123999892968,114.88358972215987,117.01691212245973,115.10032763633664,117.9291824364584,177.492191568154,176.3500916032262,1
173.12556122989784,116.2132409201051,117.92206230813207,112.3695753658191,117.29930803756199,179.14595283784016,177.3653452330629,1
172.82492703655802,125.38037368040663,126.3041950486789,120.22928975728209,120.03476624873699,177.5990177906386,177.26195849932992,1
173.32870440361742,123.981532472198,126.30048923677083,117.49002419036691,117.00508660132179,178.7586088299199,178.27918324356077,1
171.62989487426867,128.33806404329388,125.84239103535015,99.78808636819087,103.56455753176849,176.94126771516054,179.43992002203353,1
172.61587126384325,117.13013322713218,115.33880696502669,109.20705925553706,105.1835722978812,175.40789160906954,178.511549429272,1
174.25716774237551,118.00302149300462,120.50669898813528,105.3690344524673,105.83018979139446,175.25967228047747,176.38570673713693,1
175.60505076368847,118.8492285617914,117.84169155291167,121.77598920403423,118.77847148164084,176.4815288539216,176.6771937395123,1
173.72089476453706,129.43383818439486,127.16922387087827,105.80188314888922,107.63429579708757,178.50971854415283,178.09239562136446,1
173.19414771158318,128.07374497258496,127.31057224690406,118.68703850110478,116.97493052596025,178.48062986552534,174.0789259499981,1
170.33753210657085,120.9349961395102,119.3093713667203,120.6667064337516,123.03537015819079,178.56303284313339,177.11131416822874,1
170.29271347922764,123.10675922040778,122.46401685188087,106.20604467523596,105.43816842258379,179.0130665803566,177.44500905591184,1
174.12038175975016,118.81078866163772,121.31439832283024,118.52930642132266,120.09361073141162,175.76693915594424,179.15648259086842,1
172.02755154151103,127.23997200172641,126.92879223161715,121.21813216904135,124.70933876304291,176.610499049372,178.25014870446654,1
172.26000478683554,134.11315838078582,132.56374427535405,121.02172992889476,116.041100069326,177.45924097069908,176.17253705260202,1
173.07259823846016,132.8073637185394,130.18254530955647,120.73098018788286,116.76738841685221,176.2843671613693,176.41043573534097,1
174.57487055755146,119.54054317345566,120.13444353451374,122.85299310090247,124.28457243810237,177.89458236173823,177.05403486826776,1
174.8660276460306,136.4386931826995,140.70046658865908,113.60001430425213,110.87830622074132,176.91990736617942,177.00746755401235,1
172.51262040513657,133.80958961740828,131.38126817061624,117.12329970938337,120.5730721977833,178.80838061570142,175.44967142896346,1
174.2950919555611,125.15709148969886,125.69761870765082,131.4879891068872,127.76939966623466,178.99716788694943,176.62518108404785,1
173.65403419228454,128.79760726083973,125.7955672347252,134.5263283807134,129.33021990567872,174.90653210709846,177.66240403265454,1
173.00209337955624,131.53472317535798,133.31562116234852,134.78080370225618,135.534713747808,176.21527788908034,178.55169890499175,1
174.95422458654377,135.8991847110514,138.14131866853614,138.12106103343731,141.05959758271916,177.0769568299735,175.09324896459668,1
176.3112681335555,131.2311359058931,126.26384618777864,127.15442396268644,124.72763002864062,178.28134893606403,175.40082713018245,1
171.91072024945237,132.68406942556413,129.55946120156526,127.15825801925232,124.93226933502093,177.7549137799101,174.39901988948853,1
175.8819538399462,132.8539863965097,135.53648750204877,122.26970862840878,123.89004983949602,176.5382551472687,177.8263139607218,1
175.3607675349265,140.44624640853638,139.76347390464866,139.30101686556065,143.2755521556877,175.8430502550331,174.53929875562213,1
174.87302219839154,134.195766960283,132.6302935506767,138.34238102012466,137.89392378805601,176.85615239085658,179.4449564623158,1
174.67532506584243,140.03157025843387,138.31494240875278,135.28899143186797,131.0891353275666,173.96908703438507,177.52033189587308,1
176.24323067527197,134.13017653908048,132.47654909799695,139.39426058319714,139.21861538621147,176.24666221976216,174.40318498119868,1
174.02314383057347,137.29635011358508,135.96156273052304,145.91808063302122,143.7748156705594,174.32064090162206,177.8380953717688,1
172.9365020744971,137.17909539045758,135.93294818815625,137.43163367342893,133.2745278819994,175.24314387031563,176.87890714512355,1
175.6556924799643,139.52642139303464,137.45309377682233,139.61642775883277,138.90276020177922,175.83287047331052,178.72876963270846,1
174.1393776848361,146.7272886207664,142.99304498892116,138.04378602284646,136.49610722890654,177.58027964525678,175.6027548786804,1
174.1539570377425,139.47353246181416,138.98506462999947,138.6840856387439,135.82752301565262,175.31845231121954,177.84820713506136,1
175.8912936563983,140.66733807634967,140.62139896545978,142.66008491024584,141.01754895751677,179.12250327547255,176.95701873496316,1
177.7907133290079,149.50743753818193,146.4229684762437,145.41343224082823,142.04800857832757,174.16281947128383,178.43998135726275,1
174.38180947031097,143.20943590243124,142.5964802056555,153.38229093874264,153.3996706936045,176.94096497276044,173.75451705461276,1
176.5724451894126,147.89577171707987,149.53820639630106,149.91452947215896,144.14405178702953,177.0719869336644,175.1902753831348,1
173.38587286262256,148.54262387629842,144.81395310748132,151.69604977052353,149.24830012802195,175.4056445508685,178.13759261939038,1
174.4535182263541,150.3904876902897,148.85005151066474,155.1054304126798,159.5529241777485,175.20622470480146,174.6868522541745,1
176.63034614203784,148.1328784755488,150.65952873359035,158.43132959514276,159.50314946509152,175.32283222382802,175.74087623822538,1
175.11185877017786,149.569154472095,150.3382774286906,150.78419279217422,154.2926650708031,179.01090487291086,176.50777374766693,1
175.13667591733338,147.70277048889855,151.14689070552149,157.68179962843973,157.63826296330066,176.34058610964158,176.38416279331344,1
176.68645936355725,151.89579205693374,154.81262394661584,155.3913786549002,153.6105862107682,174.1798910244681,176.7465675862853,1
177.34097602454048,148.64731090466023,144.88234258264987,155.3897060204861,151.95622766215618,176.1900533734441,177.11498213204285,1
178.62829783178876,147.2859684156086,151.22257521655501,158.426856495437,158.16424704516385,176.26681735709622,179.5089887274316,1
177.65229651744826,151.420017121715,154.05018395894666,156.32737851012257,152.80576339015167,177.7882282738295,177.3650276537793,1
175.0329012870911,152.46087389560654,156.11119198964752,159.29811612695363,162.25571639793012,178.0603352054886,176.05758507190347,1
175.07074266560917,152.28165459136076,156.88094939952651,159.97614085323426,157.46727554375522,175.25529541855846,175.5437198880518,1
177.78812646928986,154.46883595677397,150.97557240492714,159.63197971259171,163.337168394294,176.8202189676255,175.96429930058204,1
179.16768859720764,155.30145157726292,152.79976225556368,163.86570109822011,159.2031473849191,176.80189704808595,176.50890894416514,1
175.1557112607339,148.35876684525036,146.52640369083528,158.90934756645586,157.03256036965647,175.19448378107163,176.9662234830212,1
175.0433099382678,148.34624996915045,145.86808140628858,164.33594033703295,160.95998325032687,177.53562814834174,178.87929485602794,1
175.1685939125458,152.79048207926357,153.48584390001977,166.58748369546745,168.36373596537626,176.2816833363262,177.57193845498122,1
178.4315867622195,156.33979461169125,158.86426613586508,165.8166457505109,159.30334549256776,177.85917837827944,177.32039238415328,1
176.44280186577691,153.22782860838947,150.33461796904007,167.7430909609007,171.45003105314643,174.87350743155773,177.24535517153444,1
175.40872773915407,154.37140045861267,152.95188806282582,165.3923554967075,160.59260084073213,176.18133822527327,174.01018426648582,1
175.84984445336767,150.99484588533053,152.74945771579212,166.63598486307387,164.44139346754667,176.4584213592382,176.87072707221014,1
175.56039128346512,151.89483747950325,151.2316450395598,168.31663803440023,169.91042364923268,178.49416636230035,176.98150481605043,1
176.63565456608242,151.86582321519842,149.85108368785575,166.79627805034724,163.34927680225647,175.64753726354556,176.0464989389624,1
176.34781954518675,157.60302140444387,157.3873772793573,165.34469068652888,167.60057635336597,174.89705048487903,178.00123787284488,1
177.49354356858984,154.42733622827993,158.63113888856802,165.34785559902352,167.02675819806603,179.21475297697893,177.311371900066,1
177.84463045626686,154.40181166343334,152.66747578176174,166.49474191286026,162.4466362712725,177.520134845672,174.857332047336,1
177.22048562586454,158.0813191613428,155.5504448553983,164.6437905775548,164.0821326512978,176.0165274800737,179.9208394096485,1
179.97469366325726,157.6570663802546,157.46202112881852,166.86864108819054,172.0725277026308,176.5794454113053,177.15458299223513,1
178.53391346640493,152.34800112833116,149.13603170577179,167.75383724155796,165.69629751438146,173.91750687314484,178.0391383367797,1
179.09922582796375,154.0564333471171,152.7637484632265,164.787193795745,159.25002429487364,175.90556917060488,173.75260357811982,1
177.42432917047148,157.23508770156067,160.07903656927513,166.23712142481153,172.01688616962423,176.0845687355247,175.28816116910727,1
179.75210001469665,158.34847526535125,156.95085113931125,163.91916092096292,165.1809543382354,178.42521869274813,178.78714353177395,1
176.2481672614108,155.64214115411366,155.2429310967406,167.04551251516705,163.06051816222498,175.65822550788295,176.72504377305785,1
175.62080578635002,155.12749897947745,158.16075663969477,164.6361716333591,163.54366094416093,176.92437039783604,178.21994480455692,1
178.03623029491843,149.857868981236,153.07656807737249,168.58910484581003,166.52532003602212,177.06526970745358,175.72727968818242,1
179.53155205745045,159.0173580084037,157.3063153556289,163.37155118268166,164.49947275479,180.046111259126,176.0313720961054,1
175.58110955904013,151.81904250838082,154.06294602775506,168.22006734576516,167.11144328874929,176.8538554344844,176.4377770741625,1
175.64371498948725,157.82390373953518,157.81599841129645,168.2265888421736,161.48764289147672,176.59649189998183,175.35168045824426,1
175.55897472369864,154.90917007904721,156.49032547446643,167.49244719435032,163.93744739168653,177.1585050174897,175.9707579718922,1
177.5504527463674,148.11814054736277,145.9746267775623,166.15571534981729,164.40401631909538,177.70377597081392,176.71263752805453,1
178.70126160095583,157.37508269884108,155.4104852028153,165.0640861046417,164.37338007729252,178.23871337602606,174.62446196033355,1
175.58205180047975,153.93648182697405,157.49178571804842,161.53643930032064,158.18228888702373,177.61989782402497,177.53553672277198,1
176.11128251498735,148.6323356700261,150.2589759189086,163.23763424170886,163.86186172803596,175.85284170851796,174.97494560275751,1
174.1145438694928,149.71260028685717,152.29993189182335,160.93959418926116,163.40612316604816,177.15575479711197,175.0884292733397,1
176.02929576333204,145.19840872827714,148.39186277168736,160.96227976546191,165.25135037865647,178.59731481249972,176.78924894757102,1
177.20268525911877,148.74084275682998,151.4705018950797,159.19039450115002,158.70416213987997,175.63642740946761,179.01586674199365,1
176.64481171022567,152.77282065470015,152.84756504735256,159.93147844156647,162.85105577720228,177.64073761461106,175.6025913176341,1
177.2706911553679,149.68985931588273,146.0639106815395,156.16523220848202,155.70806362543507,176.5551086965454,175.7598814610583,1
174.65581620121893,151.97984325734075,152.4930024537785,158.31559232203702,162.26508244103195,176.38840100022188,177.40386125427983,1
176.77534979527852,145.886333622053,146.090771876143,156.03084050164983,156.95756389835753,178.83505824275483,176.46396246128265,1
175.91039627865788,143.47108784924146,146.07282183212365,155.6570842681843,156.22768227122558,176.52947773178204,175.64286647503826,1
174.74172411484264,147.52804332179556,147.7000800119817,154.17704412972253,152.04722149558043,175.96036596342546,177.2480479792598,1
176.65144414115775,149.46141775917917,150.67078964654874,152.85342117071798,152.0804811923762,177.22160844096453,175.54332405359017,1
177.29195272758662,145.53369059942457,143.80990486972772,154.91025739326545,153.91301023848376,173.71011459958174,176.3344607093731,1
174.18587832047368,146.57894350699385,146.23399136982158,151.35604259276934,147.40202607991242,176.68468485409875,178.6900411049695,1
174.44278408398773,150.87450757307292,153.29451944989256,151.7608454651633,147.18349698585317,177.69185462840474,177.10292071117152,1
175.70901822981818,142.23632282387888,143.40277757096396,153.0785870566589,156.25782397221172,178.08337730153275,174.94425190781507,1
176.10502539772847,140.7879659051727,144.6032788199603,140.99858142356862,140.93290714609694,178.57618120685927,176.53287049745455,1
175.76170971109048,147.55027698882475,148.72155110665196,144.04745865161252,146.2217162874315,179.7711315259087,176.48157522042848,1
174.72062074206985,137.03448926642247,138.18037847163393,143.93584006734983,149.76071275011395,176.84196360498316,178.02179151998584,1
175.70307325026616,140.34740498577747,141.71025370097195,144.791355476111,143.4901025729831,179.33200016758065,175.7020277875527,1
176.18922889722757,144.97776275847852,147.84356700467265,137.16851328845084,134.16458584118917,175.62598145224507,177.2325521341433,1
176.00586340006143,141.15250777256597,138.15629141423466,146.88227607770915,145.30435287122148,175.21728645028227,178.01882356259102,1
176.751233853488,137.41726730748155,137.00895113036026,139.32380289188433,143.01068868170057,176.73424443398056,174.60821556706168,1
174.9235978062449,136.56582992706234,134.1479370799805,137.89907318611625,134.7269430212608,178.1169665549581,177.54419916432732,1
175.662687445158,136.5338617176494,133.65538390815482,128.73354983286848,128.0896523287486,179.23374380135485,175.04204882375882,1
175.23780460059228,134.73742000669924,136.06048464879004,131.94710076676446,125.61244184591476,177.22785296844737,177.16552042414204,1
174.90169630120462,137.0041571636914,136.69885285736987,133.89950607038682,137.02116506306118,179.26471339465436,179.41712229837918,1
172.65980271822156,135.55126743571185,131.40530467529246,124.34001810326795,120.89660713190189,174.8357753308568,173.80397712197333,1
174.32272389386972,134.98788392064736,136.52267767021561,126.58065740515636,127.50421304737274,179.45535126340502,179.432420177806,1
174.59082566096936,131.34781794954708,126.67815333576692,121.86313484461617,118.5738537075245,178.31510143941168,176.13955483923164,1
174.64699563990368,129.0396619869687,127.90137116874523,137.60504869865838,130.57963107288924,174.02404607712577,177.00047578604836,1
173.46521712724282,135.02413002980057,131.8536304326449,118.19602825059918,121.16455137770677,175.72675047864143,175.4948976141004,1
175.2243580205443,130.67004253985303,126.46346448106382,134.28870656045947,138.6933510003035,175.56717764635724,179.73486798899356,1
174.73869918881368,132.6400573950421,129.42129600969645,120.11431994667984,121.15593991089861,177.4740829988782,175.64118937358643,1
175.43434755963662,125.99316238182735,126.30671407501404,133.33798343199896,136.65247483116667,174.57176227387535,178.11082763839556,1
172.59899186016438,130.35984244670823,131.02802325227432,124.96909468259622,128.15910961305727,177.32168285583785,175.48014750801775,1
176.02695822670546,127.41827024479824,124.85083135251186,131.18743602299182,127.90895767711467,175.61877860562032,176.7386439095559,1
171.7176743647008,129.1857634942775,127.80014449825663,114.40128403500279,110.96357899721473,175.1007324284732,177.36245939185505,1
171.985591621409,119.05967068355656,118.31483262184415,127.5284512550333,130.74322654221874,177.0261295145659,179.5356094244146,1
175.6787097209275,125.16044014812418,126.82259087103559,121.27622989102768,123.5440603934386,179.1055557835983,178.3994785401424,1
175.54938456733538,129.12536557197384,131.0698041291249,103.9552201929301,101.85110035825424,175.5452938398203,174.93630160781962,1
174.58661067076227,122.47839164997858,119.12758534378325,121.71064278656767,124.84547807509409,175.395393073675,177.85786746890545,1
174.4479991912965,132.3903787626595,134.58986368011645,105.28093543710347,106.23495818070784,178.23617858106715,174.8107985411834,1
174.38457767641557,120.22624079410022,120.21866512822257,110.76678124788751,110.92573332526682,177.61512085617878,175.8448134071785,1
174.11136376471157,125.3007236646673,126.55643062736914,122.76866046975121,119.3923840255501,176.6533859693135,178.77980287487998,1
172.1322498782549,118.91760863894714,120.8435703265349,113.92420597428281,115.48491199428075,175.09763202770898,175.31248370807876,1
171.8105169047604,119.12938444809984,119.38369182560513,103.46905329172317,105.49383411072255,179.33537097499027,178.55822867347794,1
172.61718763094376,127.41589121131234,129.16228532726103,112.35056188198854,111.43507499629112,177.44627338840922,174.8943311206925,1
175.12328417199566,120.01372968264924,120.28697598172927,113.07312000479554,112.68594299256745,177.1327047592695,177.70986513834055,1
174.86372518602576,123.90586305150399,123.87991583634678,98.53130571399738,99.04767808504903,177.1548045193617,176.76583078013468,1
175.957369166896,127.14488194694572,125.66518296571945,111.32143386917114,114.24905918166701,178.67151711359202,174.85474845357072,1
175.2355932873651,111.49320952594033,111.00727147357284,105.14077704123193,98.38737611104253,179.25423341009315,175.1223105756389,1
174.0570336161976,115.03043797231473,112.46769985883361,97.62385602602292,96.26224457151686,176.4236477996655,177.5490357583158,1
171.14889842482273,114.43009855062407,117.03690928438826,92.80471475542474,92.01750762271051,179.29137315562298,179.49302745101312,1
171.95935770608395,113.91518459142299,113.79648868279736,106.12479352434941,105.01472250275464,179.46942043473982,174.71860703428965,1
173.3182605624742,129.22255590499483,130.69801962950697,93.573748633839,87.69514346379627,177.5734757320187,179.80257166886636,1
170.34783527457145,128.69955647530273,128.201152992552,103.3872491357192,98.06749738549586,177.07443757112048,176.5208280064858,1
172.94993655574714,126.08888748462228,127.08584618037814,116.4021070674716,111.2923403207563,174.45324024040235,174.53791140777463,1
173.25296929553272,118.71910185454533,119.66657132240951,97.42012582017566,94.65727723577781,176.5162145780503,177.5891651297251,1
171.31750855910866,122.65287876694606,121.06960034603395,95.74482539763628,95.17611776104731,173.76766997755436,176.4096620875569,1
172.66726706667316,112.98199812204251,111.30369408945417,90.63702588450386,86.16276166655952,175.52622672176466,175.48000991371038,1
174.42473440552524,116.18347486988294,118.18610215321972,113.19595527035678,116.28964659123827,176.3823639409741,174.2690449145011,1
170.95785227621354,115.67923498783263,117.23195327739447,105.03663530725514,102.89716196284833,176.83955308052472,177.73739537576918,1
172.01990917142624,121.6902065440566,117.81700173483723,100.50755189205276,102.09121657632775,177.16704978277733,178.1675533484042,1
171.87267364396774,114.79413702224436,116.71727552462512,104.99161603846518,100.3827032504443,179.98490884853052,177.68473119416427,1
173.33686346191465,117.65992653638584,120.1037265235756,95.05868765049891,93.20732718260251,175.94566432985837,177.5067097932924,1
175.03810174471883,125.32883320678692,124.12250821200611,103.01976647261318,99.57486229592605,178.281241377879,177.23029573602093,1
172.57315467050506,128.385675894984,131.42270624317985,115.32299104276862,112.03590263628669,176.75568089823798,176.16399988428947,1
171.3639960632078,128.35036354643037,126.08153901688642,116.80429722661125,119.7065676700274,174.1496735601234,176.46553083289183,1
175.90686060597963,115.02336026624087,115.13235807997297,109.97870034697395,111.20275489782946,177.17407113333343,175.5347543004647,1
169.80280910407984,117.6980189245936,114.17709054523759,94.48871960427404,93.446650946323,178.42941733314456,176.50428837270874,1
171.7578458661163,119.35684110543366,119.22043833421154,104.81593505150389,104.6472135866549,179.05762351964603,175.14144365423707,1
175.41889614412193,120.08031544991799,118.51998492984686,96.3574831721204,95.09729349489827,177.12686764941444,174.95806839324257,1
171.5715158334036,131.06369100934342,133.24765883688445,104.38535895366724,105.66403458994706,174.10382457566047,177.45616575325252,1
174.10751171197407,113.69838410446188,113.63888916866027,121.52832490887718,118.66998561104428,178.1649060894488,175.7669483822397,1
174.37814734621074,120.5309050458948,119.57344554957264,97.0694302376825,101.64357098297083,177.35973624783776,177.28896255305023,1
175.15159942032153,122.5971489178907,123.37507659934782,121.25575585863564,122.8800921018886,179.48993345820787,175.0409633753173,1
169.96147418435783,120.60890585004685,121.57625053102016,104.85385984523437,103.3218404409093,178.3072578681073,176.71762458389932,1
173.41975175820897,118.27562670136854,119.21871765842555,109.80921368108014,110.41254993549258,174.23569411329282,176.05927146836558,1
173.8789601592293,125.26004409471624,127.52090404996525,121.97175130373984,124.96984769972559,175.9539041717342,176.13239486704123,1
172.7328308531492,119.63582052448339,121.32357653550322,106.7592652857919,107.22486996973059,177.1135302282751,178.02805546197237,1
173.10917964499498,120.8174390908836,120.27858156452533,125.25772366930639,121.0090966100602,176.4348334712805,175.4761088479437,1
172.6347005390834,129.4643870203991,131.0785260682943,111.55316152393442,116.70522148358847,178.22370984243113,176.03510537580274,1
173.57355909136015,125.78464486806041,127.05375195007088,121.17447555716662,119.95497719563548,176.8781035119166,176.35016037283742,1
173.3778742274822,118.90142565254236,118.95930029583575,125.82375114889979,130.64145144042578,177.94951557997655,176.28920898366965,1
174.40592604148245,125.80715154055709,126.69928904366269,111.76824586888227,114.55788784839494,178.24531364280784,176.86822310479897,1
173.78718329851088,127.19571914511967,128.26423327465452,108.29693903409579,106.89480180504034,175.6776689000952,176.82604136852925,1
174.1519673427772,132.492147120029,133.35785027027728,115.44159154158984,115.82579490103642,175.5761173328455,178.17944969276581,1
172.51698145333202,132.5907988275643,132.21025068613255,126.77118398992722,127.80545674778216,176.27163653360296,178.04991354672578,1
174.64897656748923,135.3939164173724,133.58778214949467,120.11889731244695,116.82048250061061,177.71407633005612,176.99207538159547,1
174.8721646344474,133.46533124877752,135.9457284532372,130.6079064867665,136.79794770535938,175.1483596113759,175.2475005367864,1
174.00006281490295,125.03038541533678,129.185687292137,134.53686284703352,135.58025333591834,179.0671074635066,177.7906388710994,1
173.84270379743418,126.44637436948352,122.6164266030135,125.16955196720912,119.92311832861073,176.9674085958786,177.87671260464955,1
174.89967286185632,130.67943058967847,133.4670539801893,123.86235838073667,123.36625394298032,176.57873287952225,176.1322768741789,1
174.81092023299524,137.85461481875333,133.9500766416057,124.13619517842393,127.4119372442747,175.37867045681273,175.35130013352398,1
174.73111669799655,130.41565599007998,132.92115087391448,130.09040052763476,128.50080057611748,175.96346436895317,177.69629111114398,1
173.88158571801912,137.76125950074658,138.92414498075703,130.4320061306429,134.87064165892644,176.6575437161072,178.51556982139087,1
175.04901236205072,131.7444620185324,134.3091451456602,135.8359678337981,140.11264156499269,179.34963836141503,177.39802348260596,1
172.05124838091248,136.65408194232856,133.70371710935598,129.7430783941844,126.99490308304756,176.3462876871576,177.00676131693913,1
173.36370429755212,137.29321238854286,139.12357684808217,143.61248093934637,139.82463600788344,177.84049492627702,177.770275385208,1
177.59767738623808,136.15143436826912,134.02651116168647,132.8117869970462,128.91758764072054,178.4878488771528,174.83065174966023,1
173.17972804024078,134.81337560039955,133.32852580399583,143.96768106864897,143.70533951901655,176.40543855099256,176.00883624726865,1
175.18553115365205,139.89265555613713,142.72526215458254,144.74603286731875,142.4176525224647,175.46481371718588,177.4083002625662,1
174.71274251000318,136.91316006076758,133.416253857142,138.75056725429246,139.6174217490478,177.7733522329886,176.34789126355258,1
173.5797031470902,138.76922773379962,138.77672213802597,140.5827046497257,138.6379905365267,176.96951048290435,174.6652501743931,1
177.00271047400608,141.7849255139456,139.69804791139185,145.26768995288512,146.17831266203214,179.5479079736348,177.71699193430422,1
175.35045903675604,145.89673441890537,145.34695431861158,145.02927266269722,150.38113691061716,178.2299533711117,177.08777651908466,1
177.1126925101874,139.8352628725907,140.62796834197104,144.33477801844674,143.7970284464416,176.02092105961253,174.85673354640016,1
174.02124414212264,144.99526179202562,145.0815826278327,144.9813641567067,150.57923762296608,174.85181546485174,176.18534727478124,1
175.37655727370117,148.4098476422784,147.02511725985335,147.17083209314922,146.9510344997138,176.43721317040178,176.73984192138298,1
177.40525444704633,139.85842251714485,141.04478664911565,148.46644897087788,142.5349553485877,176.3337668517538,176.71717806793848,1
178.26902944985113,144.7751721151042,145.214162629397,152.4391102917179,153.26835573312792,177.19974006498717,177.75402331640583,1
176.696099906423,149.97915809070608,150.0642669254432,156.64361176830093,155.96211950250313,175.3135919456086,176.10916509866922,1
176.787321629548,147.33764758576558,146.0737548354698,152.85173217690948,148.6783714678047,174.8604755511886,177.2132176113688,1
177.5257809405758,147.4847602746436,144.04313905986248,155.30600620537402,153.39739946745516,174.9450247609788,176.57890761368915,1
176.77908303299085,147.8164545525286,147.827071396875,155.50873522145184,150.33556699525704,177.61895203060436,178.57308340751197,1
176.52061738638005,153.55527045321517,154.69766110947228,157.103740510833,152.4381886948353,176.24011445631118,177.3116640332884,1
176.85770313200425,145.96977338603224,145.74907042472546,154.9186129426554,159.4194462584463,173.80336685178045,179.14250210955188,1
178.37440030132404,148.52355525438122,144.20636344923284,157.02763187229309,159.5085361064535,178.57789170659862,176.0942017627238,1
176.53359120897323,150.46075661415836,150.78013575946477,161.9390155877788,157.9325261526145,178.41429370994877,176.26068088264986,1
178.267613972256,153.29835124695109,153.38048152957754,162.66694999861886,162.86345496461607,175.88704896410943,175.49535496518845,1
176.60308456159254,152.29072433039954,150.4441480073493,162.89553285195876,160.10804416959732,174.74129037203843,176.29855014858566,1
174.581281418682,156.7474501468757,152.894555580523,161.0657458539006,162.168043632428,178.73626909398777,177.18002870104849,1
177.99519804115002,153.96319924544258,156.95159781956175,160.75343862372185,161.30521117698316,179.18153577700545,173.95046617676033,1
174.4355030434046,147.94634251410136,150.3657192272368,161.60223645152294,165.0342795694548,178.3095937940764,178.0684016547158,1
176.46405802181437,150.04631544111177,148.89811119969062,160.80550274432943,165.2373103395594,176.47326440725615,175.3578951467863,1
175.57311858277905,153.10644902738665,151.99988774798783,163.87034770679094,164.74427917324758,176.59618152643012,180.15973745074643,1
178.98187601747077,149.4719681939615,152.36244856997203,167.75850243724608,163.32157464705742,176.33467098016305,175.85396551818636,1
179.17514272460798,151.50688333709377,149.4767808246513,166.61277273835216,170.44637342303696,177.46589032822425,176.51325527088238,1
177.52614412424526,150.73662113127983,148.62703535241292,166.7429153665761,166.21792605692784,178.0874305064915,175.837548191316,1
177.40658975373572,153.11754379554947,152.20078278401093,163.07729664608564,164.10797146644344,179.34676080821242,175.17908816481602,1
176.5866601814924,152.19797283610555,153.35717774380726,165.0366859234021,159.2280941397816,174.70434419641168,176.014983286024,1
179.32109598527504,150.6632334393384,149.6015090935809,168.2734785507664,165.20151715353174,177.44163688929518,177.38045843738252,1
174.88793129861833,154.25133202755018,154.04446634822472,169.62016739023792,171.93283955520582,176.69813506718972,177.22332662883068,1
176.4571223295957,154.29597336699285,155.95103000917325,167.0674444877887,166.47887456209747,177.03412386237304,174.44147256561237,1
178.9572088047814,150.64557889780622,151.75048984855005,165.82829725977138,165.14299034207738,177.2927737119412,176.13636979891845,1
177.72949031228703,159.0060960983668,159.1780507038979,170.40790844271325,165.3394357893083,177.7187656935396,175.36932635776148,1
176.61312776921676,150.68022460106047,148.42931582184028,167.08068754969602,169.8990624106974,176.760289971325,176.1847972361985,1
177.76198877690294,155.02798022325817,153.1563007884885,168.60238085132852,172.05255512615904,177.99904251851137,179.32663031121865,1
178.1082059701206,152.12033146724062,154.45886627697996,166.43729829736523,171.44728440733465,174.44243837061504,174.3073613229208,1
180.0056236674386,160.1485668925412,154.82656441946597,168.2862025470621,165.83280168334622,176.45633792596112,178.39750747883414,1
175.71622173372182,150.4270113883301,151.14944876956994,164.14903333396984,158.9491349451779,178.50122425304082,176.04105847350198,1
176.619700362787,151.27065780864143,152.98716807342336,169.42150652833345,168.20774083616803,174.07404017005175,175.92837710782587,1
178.3381124756125,156.51757446293254,154.42016730400556,166.90991490905301,169.23212938175638,176.45189466204553,176.2975560600694,1
177.4722839241035,155.6790809946545,157.05732603615337,166.70719248644295,168.95809685502886,176.73877738439458,176.90327666401276,1
179.56758689453065,150.14623197309575,151.03598678362872,167.55789870683012,166.78487940537968,177.14723366808028,176.9022605501658,1
176.60437064129164,149.1640325571974,146.1757642607449,163.19280600436161,156.89259330987946,177.6855545704649,175.96199294724335,1
177.45907202527633,154.6703325152406,158.01059354244768,165.7591115252967,164.55833676927176,177.4978509813546,176.30712458346713,1
177.2114282443975,153.63046725050128,154.929095805526,165.56311486089726,164.84052721601466,178.17651136005304,176.5636263470641,1
173.90859737490922,151.21367866391944,150.66224965569856,163.2954529107252,161.12876186007074,177.18125894819607,179.37747848212564,1
177.57218468486067,152.96859022938452,156.73448330046267,162.08499192445558,165.63427974940396,178.7525785034061,178.49143877973015,1
177.52526546654224,151.26589728541424,149.61594444479388,163.76022432627633,158.32805235871967,175.7301645851354,178.09861411287625,1
177.06975024991516,149.0878369556379,152.19037514556442,163.15685876325432,159.58723520431514,177.32209204944363,177.02197961651078,1
176.73552127329162,151.12939454616495,149.12967501933363,159.7201146684232,163.18007272219347,177.88697893824164,180.20366812823326,1
176.46247016380048,146.29658651756355,147.62543596067835,157.33599478962668,156.14007586269483,177.71060568388432,177.25230269579689,1
175.7436627129529,149.51767841106783,146.93597275022546,156.36193837778427,154.28718856831202,175.27769436221712,176.05708058604034,1
176.64983630778386,154.85261458132877,153.71321866724114,155.45765103185758,157.1500464793274,176.59126160562508,176.490141473333,1
174.2160372951448,148.06857964406572,145.47080200018186,158.7954078755948,162.35481684337523,177.8403749717214,178.6023316173181,1
174.40640451376245,149.20579816536937,146.62508596565524,158.45399934476666,157.4109757213117,175.35484940678109,178.22124077425892,1
175.0392066453221,147.16972644179296,146.6321122495187,158.4936341138277,161.0860318329824,174.95045615836423,175.82325487888693,1
173.58484145308432,147.8222942862495,147.83579602664193,152.33549691908624,154.96031199930505,177.2828258348434,179.87283535984452,1
175.85348196052246,142.56073202730377,144.94586124297803,149.9549800584765,154.7920152712351,178.50406641861147,175.22367641967094,1
174.88631195998542,145.15449082543876,144.9677024158572,151.6923733936758,154.89109876975715,177.86558340358155,179.14564532643604,1
174.7600832437089,143.68786694407976,144.7635621848518,146.94264618342086,148.54651121092107,177.454722310707,178.37065910901748,1
176.0025887293276,144.61974171946034,145.2602495400778,151.34575236328638,152.30087818340397,176.6485846047846,178.17586753637076,1
175.72720646792558,144.88759311683842,144.1366820917238,145.99728593377296,144.66636147523417,180.14237764566099,174.69580597195895,1
175.6362867797723,149.1447031592762,147.79479631116408,144.62480139663788,139.79324958781817,178.8749205086699,177.80141627218708,1
177.4021338792616,144.5341080852647,143.9139251167632,148.81151647595607,150.53805954355312,177.02808672393493,178.4311150094657,1
177.383749445447,138.60048267040838,136.86581881237757,148.55840653372465,152.86084281396737,176.76494382851058,177.22198905572333,1
175.17519422983486,145.93835240622658,142.43692933962217,144.14338735472353,137.84104797878882,178.2313465751718,176.66480229196148,1
175.34264776465244,143.11099347632504,142.5106638617642,140.80441222769824,141.28945035429888,179.9106490318855,177.58050344916393,1
177.62811890892002,142.90060677830294,142.0793461299535,142.87515862342917,138.83818514796235,177.38191637536184,175.77534502930436,1
175.50375336105924,140.7319448039129,139.79735869709063,140.17147480238748,145.0519177016677,176.7037635659585,175.6856605468844,1
176.10419780267407,139.48720112418334,141.77113186344306,133.73624189885658,129.48972949118667,176.47657432338792,174.98599096296851,1
173.55190172847975,143.44927748923934,145.09751629758813,130.36074200690587,131.2676021478095,176.97266447174454,174.0191450388818,1
177.18332496596267,143.00424564026733,144.4636613654221,128.84330082229144,126.18106803908672,175.54799748419285,176.7613798215098,1
176.2722366172859,131.83537010721116,134.9518273027734,133.10134198741684,134.13259106252266,179.53458183984318,174.3295299682691,1
171.64492044130483,136.84388394382387,139.0369508162766,139.0219325359625,141.621018301591,176.97771344501604,173.94850796173012,1
174.99880760177805,135.04848573238937,137.95151325207408,137.2124189865046,136.26133592783333,178.0996057250674,177.82179816632376,1
173.18716241913685,130.2765260514189,131.46919097137734,126.39513944091287,127.76483791700645,177.07626701827547,175.47039369674886,1
177.51480543392248,136.07069606885293,138.54169502102368,125.69254592610531,123.39809567349683,177.24816475443228,177.59679965343219,1
175.07819480132676,129.41113786098455,129.08308083803632,132.30470889826518,134.3551406187049,177.52852802220355,174.40556057981266,1
172.76724055686805,126.75364436700666,126.20184671694044,124.65618530549439,123.26751799818429,175.88305466798437,178.14397976129973,1
174.05366310365957,135.84135334228714,134.03455668847906,132.3403029851586,134.05693998399352,176.73041670080661,178.65181237039565,1
174.0319841761319,138.06230608740248,141.43508114690195,126.98884940707266,133.12216000936817,173.65630862371302,176.73668776323828,1
174.70791924772604,131.1965545511796,131.47250291969257,129.76150404045663,124.25075318237366,177.1100639203348,179.51222938516926,1
174.81245422655755,124.2698147682426,121.68989670981925,122.64308651062315,118.35028057392964,176.79127586350413,175.51573886183775,1
176.21945166722975,123.62072094041564,120.39180947029399,114.92816076291793,109.23989947816699,177.71715062827147,175.725254371326,1
173.503605758801,135.74154330980548,135.56939450146746,117.87937569371307,118.77178650542992,178.54377685731333,178.5326387094454,1
173.54990684318776,128.02131646719388,126.28072121142618,108.69752685358159,110.35210868171134,177.30521363566922,178.30593856104448,1
173.29661555504583,129.8189353838869,131.4209043190502,122.5837491413091,119.54927095730677,177.26292011196333,178.75957762838445,1
175.1773147911364,124.34093439390264,126.31696021272879,120.74565032031032,124.01193016936296,175.98363709389554,176.1847369430248,1
171.66856260831054,131.68104773962722,130.06040102773125,105.78947590323006,106.01702254303372,176.4713771774017,175.07245818039993,1
170.69164971733727,131.65096661473393,129.8194835993142,102.55714539569243,105.36350592803493,179.73077168817943,176.46456068909959,1
172.32497428769298,126.46684725748469,130.269183312166,124.82477524061183,123.91131831957341,176.01973914738886,175.4158439678427,1
175.44453635345909,114.45894656760456,119.42945132252336,123.07099566692557,118.86580036939897,176.64347311381457,176.05238108624027,1
171.52558597209202,117.64475993493586,117.28546122754331,102.09612835874671,102.16290295644352,178.96552663131473,177.3612002971544,1
172.33877329551484,116.64134533284025,117.06219505700211,108.20893855852874,105.82640656379398,178.77616020213415,178.19460932388375,1
170.4418051577374,115.81668164181673,115.09561860424131,97.35319039243718,101.3225239581798,177.40826941327938,176.4369146691488,1
174.92026106139414,130.25314700166308,129.46078573899769,107.34536531333383,112.21103933909366,174.90800878957208,179.4945727114638,1
172.68385000611667,119.90741551700995,116.33864947793175,98.87547215726542,98.69564672708042,177.91697723259975,177.01912502738463,1
171.48987455542314,118.05327247781509,117.82336175556459,109.38279991039983,109.40543680719163,176.93773583725644,174.71228699606928,1
173.8901941019706,120.26172200527593,118.85599145058269,106.19128278971343,110.1728625940513,175.34853955342535,177.7168387147422,1
173.74489326440698,113.67394509120982,113.86921908335911,103.66665412962912,102.93167022111058,174.4120288857836,175.90223579190084,1
172.9451606891324,121.58719344551564,119.35321048859167,118.33220264382585,118.10061349746182,175.8617850378998,174.68232995871244,1
173.99178757109337,114.71759885905233,116.94569460470082,113.64013733291357,117.49490105358524,175.33617688372402,175.8792471431439,1
173.13559404125985,121.92456068679151,120.54675769964553,108.45637259925684,103.1100139994923,179.01699611256223,176.42500408207994,1
174.0821345585259,121.19245209591263,120.2748809349549,110.90086884013972,112.7223705745538,175.95682512892373,177.3736142950019,1
171.97605489000827,113.81142693122567,112.33911030683268,109.8190100265201,115.11836474033034,180.1146782963381,179.5046679537374,1
173.75801242228897,125.4552147863051,124.4177303972892,93.18820615304364,89.67462843365745,177.63884117998933,176.84238119012875,1
172.78122041974711,116.09670511432118,113.35036328629441,89.19480905307151,86.87968717865427,177.22075671040366,175.41326668612098,1
173.36018443699416,121.14683070505836,122.18042132094538,91.071304687583,94.21080976936403,176.4313555372896,177.84491121738623,1
173.56130523581726,128.08570174129824,128.62359070322188,120.62962025365917,120.48156396237333,179.2977371404711,178.91673238876572,1
170.73300108021007,116.46270521605733,113.44605046849745,108.60819180219481,108.71957122521624,176.2190467910114,175.90736804819812,1
175.45304764111575,120.8252676765277,123.536810627919,105.12653002211816,108.62569701648108,175.91981686900243,175.34590848799078,1
172.9627735824285,121.6447106601431,120.49506670840985,105.04724816453677,107.57413472050794,177.86779108231948,177.7441690353229,1
174.20994443679186,128.4581504721492,124.47425053664664,118.280684089766,119.52744159491057,177.7995464430021,174.97003144850723,1
174.58233445379693,129.83668554430628,132.62108691399624,101.50342007440518,100.96777280127766,176.64238069287998,176.52036850854446,1
170.85315047963502,129.2919634700483,129.82297148376355,106.71895188323741,105.72372091014121,174.36435415811636,176.73287752587194,1
173.28616388448026,124.22003809316007,120.52082494148713,96.0329608770053,97.61055839090058,177.84908731595235,175.02749145977944,1
172.27873866711317,114.67609788110998,113.26924635399847,111.80238585880981,109.39863789765002,178.7408732384348,176.4740624937328,1
175.56254220478297,119.6180843813568,117.44255768911769,120.82046624515662,120.77604551638555,176.16534546153213,179.63199844106836,1
170.6167046614972,124.79409213530609,124.58220243621098,112.44157152685814,113.95288132790193,174.1875053517607,179.69869217645504,1
172.1487955908993,120.36828734172231,121.56879881458308,101.56616368910952,103.03310520546712,179.96906931973808,176.99401104738251,1
172.9758483259396,122.73868588154158,122.24693907141713,120.56165395711126,117.15475308093382,176.26887815983466,174.91970021607986,1
173.49415793892283,128.20881039789165,128.8313367636725,124.25165672744639,120.22897567756131,175.1579854449702,177.71655971561867,1
172.93041705876374,124.78648120460696,124.97723312245455,120.75439771019232,121.8631224542591,178.04142593388738,178.18221014431654,1
174.14967144216305,121.13755806591064,119.56182092853172,108.5025102502373,103.04922991964251,177.9054514494208,176.58918018252945,1
172.72696199594665,125.04057442725461,125.41100175461264,124.05468108088365,121.88360505558472,176.22510607418928,175.8876546281325,1
174.2726492692181,131.40839960471544,129.97325003416006,101.08397061541623,99.51962719155799,179.048933253246,177.28377775971012,1
174.71690990644328,116.13804165681518,116.79051118915575,107.9308026231982,106.16636403411368,176.21869937029354,177.8864104284174,1
170.46865166515977,126.2343903403742,127.74593191135658,124.44009209128943,125.05386362788879,177.66728148816412,173.74354557919122,1
174.2127343478404,135.40534879627813,131.88597552767737,106.71739371767671,104.66355087784662,174.53068270975356,173.53190249570113,1
173.93970348532451,124.86959506247833,122.97559685517598,124.06066478023251,120.4568283992018,177.3261794855372,174.6560511359511,1
174.33216851183062,123.20009659824787,126.15093432939604,125.7086798207284,125.51343985986068,178.40218844333802,178.53581319430214,1
175.14001070447293,133.51716684314906,133.0763100184229,122.6066697482229,124.64107541656767,174.35480636760687,176.5986019976271,1
174.53340462075414,133.34680783745378,132.11583947211068,130.15093905332876,131.30108197542398,176.14065571444726,175.21461534980827,1
171.84171843774396,132.0068469307364,132.83186664983398,112.76199067528898,113.18827402143725,178.9887193620882,176.0435527184173,1
174.6999496053717,133.91951376394383,131.60760703583279,125.48932797465908,128.63997086944184,177.05313541416314,177.51245097158446,1
172.8860430865668,139.02479738004527,134.21659453272372,126.51137697432779,122.2200418655707,174.6913616992834,175.44309943489282,1
172.48259464347097,126.5048957417408,126.04114974792984,135.6919717604458,131.10747967300426,176.46658683764235,176.97068498926117,1
173.58611185737112,138.1116759351412,135.19868003146354,136.3895151859423,140.1084322209638,176.71194721376696,176.89647258270548,1
174.44976623490845,129.28356993550892,128.48328799662494,121.05940501093046,120.4414399105788,177.4367953761178,177.52355255147435,1
174.69279397722738,135.8377641126064,138.56273070806168,120.43896146594189,123.26366221764656,177.73252161191448,177.1877965556983,1
176.16682916881413,130.7484442831742,129.98844335318935,134.00877723637169,139.24541275823626,177.03187559673316,177.75239338254272,1
174.06080848905611,140.17888358255286,135.1384820281986,134.81030668193748,129.7412270358213,174.55915026474227,177.8231709960009,1
173.65300089951893,131.46961439504548,131.86964963257986,128.37510063755585,134.23327341103072,178.95879894980348,177.77164955234778,1
174.35705168028875,132.4714273891116,131.72252965537004,141.78400788037996,144.57248621511377,175.04631592613603,177.62846367642524,1
175.65393749143539,139.88609706442526,136.03966040670716,141.35815292646882,144.71645673644693,175.9000000343857,175.93428694944734,1
175.22931432805265,138.05544303586547,135.95013712507722,130.5190619075327,131.39529308173013,177.43731263087855,177.55989092536356,1
176.66634594038635,141.59047136911033,137.9372832169005,142.7705768005788,144.33740212706445,177.43127387158768,179.22962182881727,1
174.32060004254112,135.95768901074413,138.69782144598344,141.82135114152032,144.5141808967582,175.81574172512833,176.7865761442736,1
174.1681669983084,138.00426156105496,135.84033902583494,139.4903908051862,143.90728844665844,178.31016208884603,175.82056829551564,1
174.75551481034256,145.76207175846173,147.27052531391925,145.57748985113088,143.31619970365003,176.14298540382256,176.68498245732906,1
175.74744531357618,140.79266577137395,142.66606982141684,140.225925384791,137.2602652161496,178.19014165580933,176.84265810524894,1
175.63169006972706,144.53289574963958,144.21707140414043,143.41067505907378,139.98683580869206,176.6494477205782,179.5411155469916,1
174.21809905592883,144.82215934726295,143.03974318069353,142.84839931501003,145.1860179959114,176.9838046537511,179.72706575080375,1
177.1827279177268,141.85205492273798,141.41148348287433,145.5976351659064,142.47693918230576,175.42889281224103,177.91693678525223,1
176.12429610543396,142.8376286527735,141.88116178824214,149.89609607695684,148.35307248299816,177.13555222930688,175.20558100971203,1
176.52884081055993,145.1314012466993,145.53375341737222,146.00742023441296,139.81873125914058,175.83708547736356,175.03282207290306,1
177.33846092000684,146.90027701693828,147.75553469105066,151.98181091263783,155.3001217014529,175.40311377881167,175.1752518972264,1
175.30480355001407,142.86099968393583,144.0037274749224,152.36337974481128,151.50130936503962,174.9460323396432,176.51033350376653,1
176.55198392548039,144.57280352743604,148.15937718022792,152.95921498455695,155.39627055767357,175.01547318188634,177.65894776950776,1
175.53159130543557,148.91090850565934,145.72224942977786,153.79700291451755,151.62875033865805,175.27297972225043,175.9678138986223,1
174.70282743858704,145.45913016840635,144.87611943378047,155.4589447503983,159.89220859439996,174.32005708779792,178.94288019987457,1
175.70928013875758,147.21997717328972,143.60584422818957,156.6768756090299,159.83992345578702,175.93709396389602,175.87098227409155,1
177.81747386257666,150.88062574289793,152.80164406953847,158.10746750930534,153.78198198366823,177.62978957176765,177.66919140635028,1
175.73636847309464,152.67909331230217,150.0818391647457,156.70475271522474,156.32451108704865,176.10298809342217,174.6218233926538,1
175.30151505759798,149.4964383098055,149.4212178052247,159.7246854244738,163.6199449879593,176.84028066098563,173.88305908173766,1
177.44825250391312,153.76926192614354,153.58852718008754,160.5690158176966,155.5395435380926,178.17717575122333,176.79670285776214,1
175.9103689291783,148.95846981735596,145.76950497137892,161.02148088183426,164.0408089610513,178.78133720094314,176.82607642825573,1
177.03436091381826,154.14689978744335,153.22487009009828,163.92584231348582,166.17422235954592,176.67559229683977,178.66560364364062,1
176.16090294464058,148.76158092642794,149.67096835943858,162.21101729876005,158.01584531001598,178.6594925647298,175.2089269511722,1
176.53281972790123,157.44433876899143,153.90260849503477,161.1642677837607,158.801553015099,176.96399039353724,174.6615424483585,1
177.83517330276808,156.02009094982557,154.97461015861384,161.1789807941583,165.80854099667422,179.0588753319321,179.20753179564102,1
175.252564546617,151.27384183307652,150.34918463553922,162.1559455430383,165.40860352921263,179.28132200945964,176.85188721090395,1
178.24963525648042,149.40002673185924,147.04654395127318,161.2419409613935,163.7759089050295,173.79407507178286,177.35509161876257,1
177.62625651166738,156.5843354034477,159.00933567225832,169.074975987243,166.10662547474104,178.1737529821771,176.92612691027898,1
174.56040179227625,151.51283757016407,152.38131274657388,165.74615084465992,168.89385067497534,177.02647961174466,175.31218632914963,1
178.0721166891138,159.23177946486962,153.878085509066,166.45746583201952,169.2538077136048,175.6204632916584,176.6698695864172,1
175.76394556367367,149.45636110704672,151.09589051537253,164.8417792795796,168.64515344918397,178.67642868147374,178.6128156095168,1
174.59735422944212,158.51597545154007,158.12450179581407,167.0241984539251,166.2569274931472,177.52739016844112,178.16479969592245,1
174.1198348598836,151.73948562413352,149.47275076423034,166.3602071289572,161.70048483803149,179.44611362855815,175.2777936557402,1
177.96063086118207,152.98590575750003,152.96804073950983,169.84826371171417,170.39531246872573,176.91530973352468,176.07234051043793,1
176.9499584707469,151.7295134355873,154.11601380256522,168.63856343457462,166.7617482645646,178.80308572927765,175.3767526078609,1
174.2812788276185,157.92700528144488,158.8305725361813,165.73499394170514,162.86832414164908,177.44748427553697,176.40127396519716,1
177.85897666159377,155.6840136390786,154.60166281053552,168.53712442054,169.17676074481685,174.0643741086639,175.97916786911466,1
175.30926610857088,155.47858268042006,155.9416306049965,167.36054677953234,165.4773429473001,177.47361128032972,175.51633949811747,1
177.98107885426862,160.73054862597854,160.35475927073506,170.4288050533945,170.40553832129694,178.1036709340778,176.45689675381163,1
179.87283450697564,158.10274436107352,160.7937920047881,165.7940827469637,162.83715882491154,177.91607818497468,175.38967240660259,1
174.00786629084226,155.39502977703,154.8889657939979,166.3849845916622,162.32467617060698,177.77716253797823,177.13318700504675,1
176.95817120876418,149.4403140210417,146.74498269701937,166.80176005011546,166.53384723984573,175.9336453620681,175.70215555645225,1
175.80300093387135,154.4618513380487,155.55261832996484,170.0236489230163,166.3427237783561,176.34091688629493,178.6155781248731,1
175.86945656174964,158.419755726254,160.49379192068434,164.77176012161,160.42441344545088,176.1497055639417,178.64404793308486,1
176.65826227577554,155.99391176198458,158.26509154354312,167.09407028007521,165.191196051469,180.2755411029331,174.5091370017456,1
175.09368614395103,150.87373001610305,151.63972097993306,164.47618867359932,163.6836255698063,177.2726534597761,177.18468680709532,1
176.62048143907535,151.24689508145028,146.59038444091797,166.31587286820178,163.95407889874355,174.5390016705866,177.43392108072084,1
175.63622430616235,154.0078796158977,154.8963899818897,164.73571894411234,164.2502451191792,177.6871596180075,179.78637047082492,1
173.80669244440804,150.83128156190782,152.4953563399924,164.82013415518475,163.49500174683007,177.7549931505834,175.88009450425776,1
178.83096340287622,149.5269360773246,150.0295692847348,164.18836544963446,166.3425508745493,177.62376990146151,177.06349097868735,1
175.43731314225084,150.75183922961395,147.9086677382835,162.36933335772028,164.3598054724775,177.05196911046428,176.37298387961198,1
178.66090288465608,150.35044476638888,151.80697453332482,163.95016943649998,161.7033629018899,177.88432168017454,177.7030432782133,1
174.35009480906515,155.5080555347549,157.0658557147559,159.71508461176688,165.10266539794358,179.27425979363488,177.0121949127998,1
176.77205071861047,148.84994135250798,151.9033408412701,160.88391032253162,163.84345858200007,175.2225073842595,175.25816940703055,1
176.5367443943771,149.94983248549434,147.57095771076857,158.10894900593547,163.1296293938096,176.69474221377263,177.1937336481013,1
177.6750717310132,152.13516811040043,154.96329340454193,160.0091568611359,159.22970502362165,176.14144557987856,176.9036991758756,1
177.04843591191576,149.5157196312317,153.0813433808554,159.55991898579487,160.83743513848978,177.8511057972936,177.63305833928217,1
175.2185641078483,145.84149307463437,144.9670163739238,157.08612882880035,157.03113996017717,179.67642303720314,179.04408854479,1
175.84758494589852,151.88851133133844,153.26227695003922,152.67264669774357,158.48360158971772,177.80468384638039,177.5499168948269,1
174.80156887010148,145.81896029713727,151.32638921618943,155.31892207589138,156.00124803836633,178.13878100546773,177.7442906119535,1
176.79585507054588,147.77137357088588,149.05439278585257,150.58257517870183,147.24495090758313,178.71385650807807,178.44060789823945,1
176.4039617807517,146.30758224288323,145.1022808203896,153.5322413680272,151.54254931227612,178.71052238932302,176.5365397372187,1
176.45319022474396,151.1916262585483,153.32869212905646,150.73324364778452,146.57438115751086,175.8631681472933,175.8823638052311,1
176.58084751259906,150.72210061842077,147.67110693323505,150.8141574319012,156.5577982668021,176.92500555067517,176.6909620314721,1
174.98568731988726,148.15800619602155,145.65217422761017,151.9064309180118,155.87802443404834,178.42004848406154,176.02993126131733,1
174.22583485098053,147.10551835750573,146.544076824972,148.4537769795348,150.2944987082464,178.38973116134073,174.31260973919586,1
174.304219461055,146.01447502220267,147.511487365952,148.56409687557877,146.84269899991378,177.37329066187203,179.44243236032685,1
176.60173649478546,144.8906755793074,140.32833634356086,153.14077525191595,155.5088702485591,176.27763526088344,180.13273243497832,1
175.9151283728142,142.0281361614225,143.91416140544334,141.49285741050778,142.18912914219388,177.33764480704332,180.02419169288072,1
174.47091484357134,145.09129969006443,147.6138399921426,136.38926521574155,133.3145468488987,179.39091759703848,177.63945737532492,1
175.2056019750609,144.14175167090698,144.21687312733962,143.7959407657503,143.32798167376419,177.020333455851,178.68319908443735,1
174.49690632381729,136.79226660831984,135.69810974794083,138.32049174907854,136.96078624057643,178.37241763394738,178.01097227308523,1
173.19450102375282,141.1718316947926,137.19826393723434,137.65463117325694,140.0013661267384,179.41061666568112,174.80966285436145,1
174.39184500137367,138.67119570061303,136.85133072772152,146.31456198872533,140.90245073803953,178.82094072913537,177.36585387690894,1
173.10339605625586,141.5832231395236,142.24543352348843,141.4511699934335,143.36168302033073,174.61840335710139,178.228018252419,1
175.50681371182347,136.0436172640511,136.46761884936896,135.53400528021962,137.530098194935,178.13785244600965,178.01604569173094,1
177.02289603618752,135.12740726822562,136.43374847405573,133.6824360177592,138.92356371022777,177.45471975561188,178.61829129661675,1
172.77178852951863,141.26029560077683,138.1786701865879,134.66641923170872,134.76556356747528,176.8593852597758,176.07462771468167,1
176.82972013560803,138.9618715521651,140.47521587532114,130.58880074950082,133.04344000526464,174.0898399345202,176.1975825178665,1
175.96369124955453,133.48306166637025,133.70626337472117,132.58949704139587,133.03232996055675,174.002509555664,176.81797511862845,1
173.0086354666795,136.37212762492135,136.45457353958076,129.595454330828,135.11700430409184,175.85677493967137,176.50046320028738,1
174.05150433876926,129.95783020880145,130.97808100699314,129.24161201253102,131.40086013060363,175.61205655350275,177.0853935976752,1
175.27536563816028,124.8588222069213,127.59197291324277,131.56608583085415,132.5385429757024,177.95921360313585,176.25533200594504,1
173.866280899864,131.08862849759228,130.26995698610065,119.71868315200624,120.43632647906018,178.10556336466217,175.28803140351243,1
177.32301559688756,134.95041325188745,135.26635249683684,130.3138916163068,129.5709451855324,176.3134959221742,178.8665814391051,1
173.17498517426625,129.33355673390037,130.47825932326919,129.79735788521916,126.35725206550563,177.27669142261507,177.57399100784286,1
171.36751431245455,123.73234686760398,120.1391215294997,132.15477390577482,126.60182411085306,175.38308673091942,175.92613648816578,1
173.05760436313818,128.8286705464316,129.0894480173759,108.25373548630849,111.15504765005264,176.1173531467364,177.8845690439225,1
173.76022420871232,119.94958329839811,119.58145567362,113.21750922880922,113.89329270115479,176.88306122880357,179.93147115203269,1
173.62078299446938,125.36767783445096,121.70490583715232,111.8211157813457,115.49337695886051,177.3430623360846,176.27483157658907,1
173.09868005009324,121.04363392150361,119.68385787580385,115.54752435929386,111.09254107315479,177.48205216146852,175.79810441839342,1
174.470579703822,121.95083149964887,122.21398496612083,107.39151223250916,111.57007664933921,176.4910903310158,178.33197859639802,1
172.3485791498157,122.67930760253294,123.43787165339177,112.41050266588245,110.73686694481151,177.0149285007887,176.30727956418997,1
172.9364156020715,120.93171255043103,123.87574145353491,114.80299677251476,115.82638168922861,177.39578918436797,178.4564812263699,1
172.0926458167322,124.76538151650769,125.05322014495236,99.9097528946236,100.66136552783445,176.67767427565158,178.50942964695892,1
171.43071616582264,114.5205886689817,114.33157574030538,106.89420095879863,111.74734281831674,176.07905368958777,176.34414535992096,1
172.72210840937433,122.0469582419114,121.92606562429668,119.84238325893271,117.6282566777092,175.93304286026762,178.71756060771276,1
174.9865502742589,117.12096974532108,116.41616941138193,119.64736764546464,117.39045358148387,175.8663857484791,179.98151540952566,1
171.37029512310053,131.58431072724392,131.53583620472105,99.84716019320526,96.71296206940954,176.49703950940196,176.42744669456818,1
173.30855474109987,129.4618358312177,129.08298694045567,111.54894556591302,113.90866804276212,179.4782568521508,178.1331115295595,1
172.4304095880259,114.01897740358355,113.57586322162965,112.4265247079454,109.19865194959384,177.0282030419969,175.08974312512748,1
175.17119162630954,116.61203772262009,118.32050888792403,120.66952928986913,119.8713541814589,178.33953457012188,174.63688075166746,1
170.15947730215368,126.92455163934696,122.99714830409569,114.83258991740735,119.30811712634485,178.76592719041756,177.3304998625448,1
174.33674251671886,125.92455260256746,124.44994500753273,118.14753883380612,117.10379646949048,173.93980169691355,175.75673732160195,1
171.41119854077752,121.19855497085837,122.45021158079703,114.19385678179002,109.43115741042973,177.30700770226457,176.45896913955764,1
172.9331714520993,124.35220231560992,123.90076332990579,99.63462154154107,101.43094036118377,175.3835604527921,175.63738818128598,1
172.38130066934468,121.11331474608484,124.45805383973135,91.78978354953124,90.06557367470843,178.3087186516088,176.579908121895,1
171.81268404195683,114.42216231216845,109.07717669430045,100.84278166260823,96.38956227526288,176.68783549698767,175.93773421782774,1
170.04521018884168,123.26360042250899,121.46268536001918,94.92486012391696,100.35830034099193,179.7329339410603,176.03132008643001,1
171.6570352569696,116.13122640493846,119.65368677090161,98.15560191841952,97.99014599526508,179.1507926674435,176.99537361985077,1
174.56930722230464,122.32376756628801,122.14560191780886,105.23324898852566,103.71434039890853,175.0056075598474,176.12924044625,1
170.74890153747427,112.4876847780812,112.43198761364359,119.522464386615,121.44561215110102,175.08846518751523,179.10246663691584,1
170.7534859448405,116.92795891404265,120.0991134750242,91.22919468458878,94.65360084475464,175.7791810178951,176.74866267895396,1
171.79663070855872,120.44833239887878,119.36115516240193,91.385335066389,87.73880746190416,179.35605575362962,177.6649320950003,1
173.36399712883437,115.47622020368624,113.11576989477447,106.26203063650345,107.90353255058642,177.2908307402519,175.35205217924596,1
170.64954261773727,116.00046769054192,117.82363261886418,100.7904878467395,104.63808362570897,176.29959136126968,175.0480587846518,1
171.18855882484476,113.53087127515182,112.06395677664763,110.75957650392489,105.25132148359069,176.0517945055701,178.55498380893593,1
171.9491899657859,115.8641504484387,117.09113382035082,115.81431725790821,114.19360531301875,180.37560480621036,177.62639182519854,1
171.22397963107016,119.24381870572992,118.42045978033514,118.73370621533448,115.38138366043874,177.65862919747198,174.97368530147085,1
172.34927353987086,117.37936794913598,118.51167267287829,104.42129508166501,106.33898484577387,179.66522543061103,178.2002292793665,1
174.7548267208554,119.31607114959687,118.58717668867726,97.30172852518092,98.93770222208799,178.1903366263264,177.0428883356551,1
173.64711330574454,121.32560047547805,122.91731372821614,107.3739659528598,109.75317975724852,179.5316281705801,176.02308924495844,1
172.7870402755844,118.39446609640066,117.9629179946455,116.77686743223882,123.71267134163696,179.0738123398858,176.14104866144376,1
173.97275603686109,116.27172160236385,113.06410226929955,111.33354732037512,106.80200894608858,176.44688894978117,177.96382607959882,1
171.91038869997504,115.91313429131223,114.67604497158337,101.5570497353434,103.10564539038162,178.04917903555827,178.42351917255317,1
173.7590906980405,114.71530933112732,111.46432809789452,112.58007845331164,115.32856216022799,175.0507170646424,178.5610189103209,1
171.38237771149326,131.75398123673457,126.84967752793722,119.61210865676244,123.14958692261213,178.87139386094424,178.06312002968681,1
172.8146690345605,125.49672837686116,122.33060471640738,113.67051510147928,112.6347625508124,178.91978047872894,177.2485430648475,1
175.9092221044236,127.97585547210323,129.80114383476436,101.81770625185875,97.63704298322486,180.2589299779219,178.70087173755698,1
176.21686798727663,127.69989979190953,129.8763523647483,119.21230260593732,116.65791277151416,177.46351321919443,179.32911755485222,1
173.55327117290912,127.19467341962832,125.38837807969135,107.1789310177194,111.3746677645717,176.48371350274502,174.8204559451626,1
173.06102855986393,127.6158281234161,128.82208102389458,123.16755074908419,127.58279180593198,176.63476708592452,179.34183698427094,1
175.33235836833248,125.27308997228171,126.56881444033901,115.77027763657253,118.12064347875217,176.23381222088648,176.89877858563054,1
174.47447950677054,123.83860917222076,119.64292455958974,113.71380350184278,114.0740857116365,177.7057668190538,175.34149432102942,1
174.7679684181363,120.99106747941492,121.57194935220593,122.00481769060904,126.131725492892,176.24760985953156,179.75285707043986,1
174.74604577641244,125.50835036949375,126.3641137890673,112.82312081227488,114.25197489840714,177.94144043582241,178.40618343787443,1
175.59355932237213,123.59472097212524,127.08936771286997,124.0522529201991,122.23860140187881,176.21810975117018,175.34336609991686,1
174.8222315430996,125.09649232966376,123.72550959491477,125.78280061696623,130.48192285690408,174.84759361514313,179.8004477174017,1
174.9257843131787,126.04314017554647,128.12978780926537,130.5857535096655,135.1302420347258,175.11133073953388,179.38057593510237,1
173.60236504258762,126.57632835945142,125.13901123031349,120.81447190958309,123.64236679500591,178.5112531262494,178.36798488932138,1
173.77662221952733,133.75526970797338,132.827474555429,125.56946470414172,125.13253141151966,175.87854970267563,175.44735074996248,1
173.49903638537154,132.16559253219472,133.34637060532307,132.00868895509308,128.9347111107471,178.5078011556279,175.39343474719496,1
174.03909029706185,137.96350831800126,140.80681736079208,124.02071692237277,128.70199049258616,176.85337528279717,175.11204189484567,1
174.14718448635855,133.88105897429332,131.49007262447086,135.20880318074407,129.1784662247915,176.48469011127528,176.57918069758972,1
175.94024519844672,132.18072875334013,131.73386396873357,136.70689256543454,137.75497913599284,175.86601050297898,178.55314880085493,1
172.8609453683298,136.9606701362889,139.90226312225025,131.41394820729258,128.51734238055943,175.45883713252869,178.21101572099906,1
175.90283851200147,135.5260995300975,135.37498570144695,138.50026759416937,137.82583189247762,176.3755730135369,177.0616079354378,1
175.5749739669733,133.74818749690215,134.95478888838997,136.70985933356386,134.25650978459146,179.72932557163367,176.95223857738134,1
173.9917350210166,135.27072567985832,133.32878116128256,137.4949413854361,139.17568396381114,174.36131255278534,177.48650624978956,1
176.22143550194775,137.19176964006303,135.50622758274528,129.5085683655138,125.39011176074048,177.734257076548,178.5418838507759,1
173.91831857065037,137.09296807284358,138.3877430877033,133.01187403037764,131.4361140121323,177.8129555748988,175.53791077230244,1
175.42493950117193,139.53784730295018,144.9000100973754,145.0847428675288,149.68156282941194,178.6574863655361,177.1742080168112,1
174.91320539773815,140.38376791377846,138.8753265989799,139.95945019863194,137.85293984965548,179.1060383673311,176.89351579947626,1
175.11668425758532,146.4434780297806,146.550361430965,140.8054775394098,138.88252385044433,177.6509993953942,177.81426322084033,1
172.7576753347698,142.27028006053126,144.97517050663618,147.13136021113945,141.66496980111194,175.1772799790935,176.50637015885246,1
175.18594085983793,144.02582414301713,142.72094892479393,143.2861745287447,145.06406574055384,176.08037909007862,177.10483463711373,1
175.60447851752357,145.27267658963493,144.16338506278225,142.6167514909579,142.37271973736458,174.9354290396179,176.79977034997856,1
176.26344937350277,142.90978181562505,141.4925585204007,146.18314025307032,142.57746277155383,175.16374378500538,176.6049660212102,1
176.2093493916527,145.62891211062092,144.989389144082,149.30426010506275,149.34308763209683,175.74989872480447,176.1451139901646,1
175.33464477390504,143.49871182083422,143.3055053900269,145.64684188110547,142.28391892726268,179.24854489374016,174.50718596181548,1
176.89934827546017,151.70347619434145,148.87389500809064,150.4328649952014,149.09139712464446,176.44383057622682,176.9039870442141,1
175.6945330782206,145.72739326367758,148.24247254521833,149.98276854154312,152.8809018656475,175.962444246213,176.74256934367668,1
177.34425912151218,143.82575545339213,140.0662310122711,152.54954111629203,152.8832690646759,177.53234559383844,174.4004539809238,1
174.08721421660766,141.97988662548852,141.95721268135077,151.04005791677855,152.9610894882636,177.51155612610356,178.47040828217987,1
174.27349071475183,148.91906355757567,149.99084853611808,154.78968190864305,157.52480188031615,178.22203852073997,176.66797996463654,1
176.08042069161942,152.7227039697856,153.70040666575966,154.3151660743829,155.7037945382062,177.2096205009598,176.54534359012794,1
173.8334748750063,145.11440569587845,142.51541864623948,159.70937032728114,160.86903640523977,177.17139670480617,175.70089060557393,1
176.69250374305065,152.9301379013561,151.8496763927936,155.63105973538816,153.86855675471688,179.4828580796972,176.16865145879402,1
176.3381332328154,150.30315371776862,154.49931700502196,157.6149361174206,158.50580068616046,175.6389587537381,179.22735578142792,1
175.01614879552588,150.768240066812,152.92360649103477,162.84355097390133,163.50711676416208,177.38724138666046,178.52171901314003,1
176.539947607962,149.59407333630628,150.801303784838,161.45232544375867,160.14530717305578,177.783901482084,177.26095665345352,1
176.73942727093274,151.5104484959269,147.1663900535939,159.04951559449876,157.28585852769737,174.8782860083802,178.0966160443231,1
177.86984046957065,156.67495473907192,157.07287145545268,165.896803912937,167.0987869997534,174.43170576081698,178.76813213532412,1
174.0305527284428,150.06803722947072,152.95255950014513,164.4810592788931,165.11717711744316,177.62302246599043,175.43409343145453,1
174.26368452225972,157.59257075268235,159.03744685174263,163.9206326083252,163.49939742915865,176.1353981578928,176.00100176463212,1
179.4891990598474,149.58705828011372,145.97136631971406,164.41094295371843,161.32494560124476,177.29830751123333,175.04030104984787,1
176.30063498744744,149.59593692450974,152.8180884851808,165.38818298264795,166.97078633929925,177.96554708378173,177.1948585792278,1
175.2961614163923,150.9286009791333,154.40886067340793,167.13110434079772,169.1823008560256,175.1031806172067,177.2337066324061,1
176.5568049143933,148.78184196886994,146.51887898655048,164.51639537267272,165.1494326167281,175.2869318613494,174.1137277521507,1
178.5775662505983,154.34585414834942,151.0201524156616,166.56752735784355,169.01452433329763,176.8055779739202,176.11966907180175,1
176.7494689882597,155.12620548023605,155.43930392885804,168.03501376046944,170.9707182922706,177.3657677638234,174.38062414480683,1
175.96499481682554,157.72660171738576,159.00793124848778,165.38574478755342,161.473884824941,178.50559450141768,178.4983954483738,1
177.12797757452412,157.8290148572915,159.23077124568073,165.47567690995686,161.98859486972077,177.84902534098177,179.8995377806293,1
176.23612275730102,157.06391744680022,155.75193746495108,166.7560659110854,164.79463066160287,174.3787536810242,178.97398271212003,1
176.15722595966577,150.80294478106833,150.76349285892317,166.50022804323126,165.09889743322017,177.84579933709784,175.66577845644863,1
177.90200980937342,152.01229936947965,155.61835740603914,165.90808497373277,169.40978324141437,177.7644854829881,180.1273480648939,1
178.80645215867457,155.52023903261727,157.23606291370854,165.8836066319176,166.48698082704502,177.0953932231099,176.54109087507015,1
177.07750300349298,159.97061213031623,160.6836288119488,165.7783169978587,169.65221374388523,178.59476934934568,178.5608984345803,1
174.31558979436582,150.56336160536736,148.1497382205244,170.41933227571218,174.68755816675292,180.1752957252373,176.4586973972525,1
177.2595827572488,156.537541023425,152.39509562974163,166.98168856993138,159.71514793527618,175.11107924122842,176.4189092603499,1
175.6889839323408,153.93641431067527,156.39808333403076,165.00674071627668,165.43088439045462,175.46341686281392,177.6818553124289,1
176.88148101541606,152.11558119469905,152.2699730314335,165.0411273649271,162.38957038361013,178.60789646720326,178.67893429254093,1
176.2629971847933,155.17893170908138,151.57594981358756,167.95553063553564,167.70155413454705,179.38333517418604,176.97873814918157,1
176.9724803424923,149.6318596252756,153.46413263526568,165.50086405049646,167.42369851620865,177.46904441659885,176.78671014302896,1
178.36467304566835,151.18319289774047,153.165799980319,167.7053468088288,169.35432764553843,177.74316574336476,178.18706390366162,1
173.70542729348625,150.8208818367039,149.2165099125771,164.52103523416736,163.51419049693703,178.64338491688204,177.72634143822245,1
174.1382008321058,159.26501782240103,160.27090183416001,165.26353559436757,169.1264112169363,177.39005652466216,176.21246996399123,1
177.40531298748908,152.56138209592402,151.03733090391066,164.37955803222653,159.0881411779137,178.09276634414024,177.17208596255216,1
176.81114038284193,151.8111403930882,150.62396106954918,163.6609946945569,161.64676225473207,179.43221150001432,178.47725413263547,1
175.82355893817453,149.2077682378692,147.4625607652905,163.20290245142706,165.50222548525778,175.6353190697009,176.91619081774493,1
179.13559395180727,153.69203403221172,153.96825148371292,163.15900447819428,160.6714757586717,177.46249200454912,177.94144860632508,1
176.2117313487451,152.84652200457077,151.6326326811505,164.55099457696204,164.7101078411463,178.00316543414942,178.27569312070983,1
175.51211680154248,148.04249681734592,145.58324901572897,161.8486468864833,165.20115724763656,175.62575409251573,177.69149945520053,1
176.3197382604657,154.67889609484425,152.53784606335788,162.02323443107178,165.7876246623745,177.52955219807632,177.89420265185686,1
175.4930997921609,151.94089408585754,154.4236010255041,159.3776875749809,156.79568705546308,177.93763890742298,178.56080439534415,1
176.46077179357468,144.59573005753413,145.70977139855248,157.96220090523224,158.66033374981086,176.82252110746043,175.2683347438638,1
178.52201689570538,148.8339227254772,151.02909685462956,159.69320223486696,160.64838791927204,179.17803206295338,175.83965114693132,1
179.07209615607775,145.7259802460065,147.90481535315303,153.22120812383565,150.28338748470787,174.71331482833546,175.47015274849758,1
175.46368069852147,147.30906010272938,145.61600705660487,154.52225772248366,153.93569873236348,176.1138849964816,175.6540975560506,1
176.85164894121561,148.05405377015487,146.67549393195318,154.8705491910731,150.18618295374407,175.9845721776266,179.28712092117016,1
175.98345620022766,149.1469641021671,150.42921419306788,151.1005586481679,150.6732037921935,178.20995604378498,176.60825457822642,1
177.05069280157204,147.8991705156812,151.55832393850557,155.07014430201878,159.20130553105633,176.42513918004266,176.60386915154982,1
176.71635316796346,145.12647959077864,148.11053514581778,145.78733843501286,146.79066432548524,175.22780944043677,178.53581444371662,1
174.4441993141929,148.56955649398319,148.47186355643322,152.39043043856066,150.55371443848523,176.15460257655712,175.20103348112082,1
176.38608148247823,147.13281509745048,146.79686557065534,149.79943503307265,148.0849297978468,175.95882497173835,178.83639817003282,1
174.59834238089283,142.09526243791927,141.3027788232471,145.66341602606323,144.12359327435786,177.40583153522383,178.29456440395978,1
176.04881040319324,144.42463808963635,144.85579974831282,151.25318215726088,151.13799363757767,177.7590066639207,175.3541475648132,1
175.96012283577286,141.28642895695984,138.339206953303,143.04629985683536,140.9160615938456,177.88733714132997,178.6752671167613,1
173.05270010358478,140.04489069965348,143.05978524262792,143.6906535226769,148.07087591372874,179.87926259151214,174.24322606793422,1
177.09250057855428,145.07303615986234,145.54707983290828,148.17170078653874,153.10465532244444,175.23059557537852,177.5791763789984,1
174.8484585564742,138.6735990924261,138.28793299198117,137.74894616775782,135.99315693155515,176.09629656088063,178.31436243164347,1
174.78179695068152,144.66768876601924,141.1857874945222,136.80697295872878,137.5402956113859,179.50571347023893,176.3638133408857,1
176.04468703470508,136.2915697932913,137.8113504109456,141.68341811887757,137.77113992206603,177.98742400233385,175.1176416072083,1
175.46019389989033,134.31391814284058,131.94498679161828,133.58812837661483,135.61332085646524,178.49832424460166,178.70323449884646,1
173.41619352710538,134.76949100777063,135.8856160173913,142.46478504749092,140.78362948314154,177.49441124036022,177.05737495387956,1
175.99796022281407,139.73318957808925,142.61149477362446,134.2887513201126,131.43916302004774,177.9843798986431,178.46543136068996,1
174.3615257719928,137.8594156113735,137.82051120078333,136.21995110476732,136.19084796705832,176.60180372018047,176.86604232758512,1
175.0283731201458,138.62193140077227,137.08035531806559,125.9350212088106,129.9611733432037,175.57236347140756,178.3120613858538,1
174.65239154716582,136.0975208408815,134.35935483534732,137.00067647800623,138.96062392142153,177.9105882552613,177.01614466870137,1
174.84457284873264,141.4271030546597,142.97754942274523,131.9216563299125,128.1969525276119,174.13971865946252,175.38260984400785,1
173.5919572311529,137.16474909535984,139.68212248669064,131.43209174158702,127.87526557699485,175.6699024635632,175.85963959621446,1
174.92855590493105,126.88002558168442,127.3331106888987,132.14707612391325,130.0538007694203,176.52854293475406,179.92360726511072,1
173.53921415264486,136.0604654544202,133.60154079187325,128.16396404415272,131.89386458041338,175.22316189292744,177.9310578004656,1
175.0925846573641,127.01775927726871,124.63040933732599,123.23858021936185,127.72106112378589,178.13685958696,177.62601140810563,1
172.18269576472898,136.68735925532368,136.80814756032208,123.12996828340862,125.57279925469156,178.55487196098593,177.6159835679774,1
172.5146254562872,126.38513202579598,128.17178510553848,114.57446155988757,109.67377007625726,179.2804441467085,174.58279808002675,1
174.3886069591539,134.66154523778167,135.20313348282343,116.40633430361764,120.87319039019843,174.1556399437669,176.63673130629203,1
173.1752091372176,137.36268043747188,138.14962677798283,119.8821620018488,122.3771991508167,178.29989206560788,176.960686880532,1
173.80410761776284,120.98754231126858,118.27797600694753,116.21000733071213,117.72865519718047,176.40989810085426,176.49692072879103,1
173.44056791712669,134.53793386002852,137.1314750747644,126.58795606780538,125.4568378794519,179.55881309497545,178.49624765872395,1
174.13903230447593,125.87254801046875,122.52947639872468,112.13074654847397,112.09266451350634,173.67304853825814,176.91927921521662,1
174.19651219489435,122.26839249870795,121.06270038063737,116.91013202526717,113.99709945571934,177.78300515796053,178.03818453306937,1
174.56556538467876,129.67727152711433,130.16536838235214,120.46106605506392,122.51726736872794,179.7348155843592,175.1378689291961,1
173.51790316289683,135.19437245128674,132.54983712568801,126.2790614132471,127.25199971645964,178.61214316261467,177.78289432680646,1
172.401348612661,130.16218772091787,132.21563045860435,121.4790020862302,118.82163733902615,176.5146590543007,179.93332226129996,1
172.33657606478033,129.8653252687892,132.67063418708713,121.25142159902742,119.84201017524849,177.08902527836273,174.81534559397346,1
169.38334618101592,119.10902813045439,122.25418515531915,119.01846911769387,118.33293095063414,176.65168815507664,175.34130406146323,1
171.14953796525884,116.3906725434793,120.17460100902402,114.11374237263001,117.60246707668344,178.26184376808828,176.67587670921597,1
175.7599409160999,131.30829221274902,130.34168112287404,107.92044436285796,110.09940482606788,174.83837639397336,175.97507008892384,1
176.3772914603365,126.02959548242687,129.61027696284378,121.20478715265266,122.3637634651933,175.3672328760248,176.8297752536904,1
172.99537095753175,122.06606203352423,122.0951322234089,102.96390063500954,101.12871061788152,175.77662941510664,175.88258675926846,1
171.6099126147928,122.1237351214321,122.41532502814859,110.63392414141659,113.09811308966239,178.5267386300871,177.62938195402091,1
172.5841701791079,116.50733615272003,119.24462045722886,107.89247572609912,108.64322103570264,179.40221685212467,177.71296936639632,1
176.3675117893983,119.48734615164962,119.98188676729312,108.1483190802975,113.87120200835709,176.83478166388784,177.20692591527222,1
172.96386048413,114.66946321526787,114.71301824514124,120.10461025791068,124.21679910309787,175.95577654722746,177.84517407980164,1
172.40324396362215,122.93602687435092,122.332395576698,121.09797331238916,119.59920968800448,175.48683515360588,178.58990925956027,1
175.50169266515476,125.24834472224906,120.88939249992853,96.0276331441113,92.02541393137285,176.6718362914497,176.97905470769678,1
171.40058902876237,119.1067385587887,120.50869697772896,118.30309759118352,115.55320417972591,176.44306110229334,180.01188422792356,1
170.97747232890947,128.0840964048768,129.7855707729937,99.24956892613399,96.75556756622603,179.02696328518738,176.27343808977827,1
173.05511635695717,130.12974997710745,133.06387030758714,99.24032121075713,96.18813921938319,174.39523388010636,178.30680083322738,1
172.2796731960417,126.85819079847622,124.84030584739858,116.61376904254077,112.03394180090329,178.42822523199953,175.99639899887185,1
172.1735087204767,112.44926456339307,112.74325802040437,89.79912144506416,94.26600856614016,174.87359241093503,178.7954485235895,1
171.03352548542705,126.92026193908906,129.0509140887384,103.79983297040518,102.41831172732097,176.73715076718813,179.68534209036955,1
170.44131118150614,127.7427617099125,127.59137112931712,97.39058903330405,93.4236342590607,178.75803369582297,174.89324729120452,1
171.30645270469694,120.71210699373931,119.64733408098657,103.87443792019978,96.83018381528183,174.92121010573226,177.5102205193786,1
171.0477916214984,111.69308328472407,107.1127556496129,99.75431752102362,98.34742883404,177.09719000888956,173.8673038278657,1
174.1745286778254,119.4919881387521,116.26117702386762,116.46095069328706,113.62319780513121,175.1275569596907,174.42723749855543,1
169.09320491311496,116.32222846293674,117.02108414022513,93.87240240214757,93.71210509351748,179.13622580832237,178.15288598001908,1
175.5187491079391,113.6321847230955,114.61074373904536,98.74802748082813,94.99489914474695,176.05496938435857,177.88192882854162,1
172.428169742168,127.83491141023623,130.9731820847398,116.93837079310357,117.26299939189788,178.2777111500431,174.99720550196363,1
170.36081748964577,116.31972874420059,114.6608643522663,106.17953557753695,109.41478814120018,177.94358290326502,176.39435700336398,1
170.69522230262345,112.76566970995954,110.7212282840083,111.27827365843955,114.25202665460596,175.01389292263798,176.24749625844,1
173.6479911557815,113.76125362738607,110.48469122949285,115.07680292703796,117.08090496555805,176.29500709563703,176.50650533497517,1
175.5809836927085,127.33967955795555,127.21303229528452,116.28182661296815,121.0159612606883,175.5963560882265,178.12476086723677,1
172.2981260908689,119.31452665957852,123.45208545280812,121.84077451781297,126.30897219102297,176.39841450592064,175.3232390739703,1
172.9326530609949,124.605568292901,126.51230556918763,108.88638138671809,111.4079992714233,175.4618623693605,176.45962498696622,1
170.6507516447974,129.23031402580511,127.47494268542577,110.13569639143876,110.0687598850362,175.9855636478863,179.34518174256885,1
172.6539472381485,119.41153690713071,121.8428411227182,112.94555021315345,113.29576671821854,178.98976593873144,176.36343661137514,1
174.66560726937067,121.35056398429711,118.31907105108661,120.72416083640262,121.06623146026058,175.3698818661937,176.52097222684208,1
173.27314897453172,126.26349190713866,128.93881299287716,113.88466097893497,116.98982532929647,179.57094225230776,176.37532346934853,1
170.93673482849232,119.48195072964532,118.89122644634962,109.96971891980837,112.59743220965665,177.10228429978565,179.5410388045123,1
172.78371373376993,118.67508347528984,117.78088783626619,104.51945846473878,108.87551947893029,177.6616417528529,177.08901141287615,1
174.03942090417794,120.56073039578523,119.6202057478588,105.83402960523458,105.31767633507212,176.10958274436905,178.83100233779757,1
170.14502198154278,131.35655855730155,136.22334018511302,125.49743549765583,120.76947109270499,177.7376555741338,175.50043003042583,1
173.66482437976475,130.1944475637463,128.84793652049134,126.47916262206628,125.15451286791426,175.82703695627066,178.35161261729735,1
173.7041279505894,123.57461061907705,121.20593231618511,111.66747169349371,108.19888360382097,178.23614918003744,178.24232402004014,1
174.21261936424685,129.7650244572229,126.7479863850307,117.019778240437,121.04583069839819,176.80582815420826,176.34540523478267,1
173.73143966223566,133.14216224719635,136.02721603247073,109.42217550827718,113.67208434370727,177.72293510210332,175.09258551068072,1
173.96309541512449,127.51120909506562,129.31639126591102,126.92648316859486,121.00720275537734,177.91550618831593,176.70208180948708,1
172.12550207528162,134.24378719770047,134.58665765713826,114.25099534758813,114.59375325184197,173.65893178114018,176.64834612687122,1
172.8152585467382,132.40186893970943,133.50042154450185,132.6210351083294,132.71095259617962,176.25029536988214,179.06009134314536,1
174.12891770204763,128.39338431115652,132.7946139787527,128.34814360055884,128.57352350049038,175.74385299909176,175.40182847329888,1
174.2926582648179,136.39581047543453,134.13392785276463,130.82211366679405,134.04533410028677,176.79456616060347,177.66080380842646,1
176.38450261262017,131.20798577728118,130.56830648159445,127.80723453301712,124.55523175491204,179.52094911422233,174.8044130562358,1
174.13380897699457,127.84198439247005,124.07638971692589,134.2837430550052,135.91790875800882,175.137815577308,178.20041198872997,1
171.8413558337713,132.9701421167832,131.6565166479594,140.72226125826123,142.6510419248722,174.0597410471622,174.3274370935622,1
177.13002030343117,133.53094247674218,133.80669344666282,139.49250463056634,140.10648436716193,177.34066709419415,175.58029708765272,1
175.51552231845398,134.47204707432772,134.6550292929451,136.0644581636948,140.11641899391967,176.96539880824304,177.5302097254804,1
173.63742656124134,134.0024470909437,132.41759861802257,131.47981387204067,130.86373782374778,177.69087229158907,177.88683681106238,1
173.477923020488,143.9072715661024,144.88148735085326,131.57690671879743,133.24361500468115,176.07986099651444,177.71416027868122,1
176.5313551398999,132.98416667212868,131.3946212896495,137.00591351781733,134.00425305823015,175.80739616235024,174.6593029533441,1
176.2794878045722,140.4102381078478,140.57811149982828,133.6820507097857,138.0382783395193,178.10714380017788,177.11039678957843,1
174.08017468636422,138.10286155966295,140.3878929986919,142.51784737412288,143.61392720708633,178.4023606386633,178.83529278435722,1
176.90636945138255,137.86957812305198,135.08017681888825,144.95933979553698,145.4286767897403,176.3236807347825,179.0101455143233,1
176.75716900132366,141.52243411176764,144.41169650584465,147.87865916083615,152.6243996235865,177.08964522368726,176.79256837493665,1
175.59744341442845,142.83612586023594,143.99294470546783,142.31510784320005,143.44311007918012,177.22144171384528,173.69855875168537,1
173.98920234714234,143.39977638581396,143.36125575443185,143.42505508016345,141.89486294960585,177.51614641555608,178.69914378231422,1
177.91313443168636,139.1641330319776,139.55571109178533,145.54074134080213,145.26466508098164,177.4286964587604,178.99351149892843,1
174.98427805668194,141.33330313219463,143.12803982486992,145.98177137112546,146.32754735943558,179.1872172460547,178.3915838394848,1
176.25791626988408,147.59691893678163,149.02469813592214,153.4679108470582,151.74156786384526,175.38484261265197,179.43823991915494,1
175.17932809870243,145.9261600004941,148.66854038327145,148.0088455814978,149.70377085521298,176.10548367303042,177.94394172075374,1
174.4333481211017,149.40789439311058,148.0726362124155,148.2046876572583,147.94547287850202,177.56459883998036,175.43617988853143,1
173.99535114716645,147.183541776571,146.46259812053393,153.90118483546811,149.14369622315326,177.54971867472796,179.43361672349548,1
174.24735649600038,151.6079559824534,152.36915613537454,155.8560433247849,158.05667045572557,178.023727769361,179.62609156179084,1
177.23608150866974,153.74737909156556,154.80211208922978,155.10966853265455,149.94160538532802,178.136959483306,176.9635287882204,1
175.72962623511168,145.03963481129497,143.60218819787093,152.11299414616772,150.60863591648166,179.18622268656793,177.63382464287426,1
177.81378097598457,148.20813321804022,146.6140381288554,158.22458974654703,156.75664123193806,178.49609844743094,177.66943202609136,1
178.6786388623057,151.09036787001713,151.30159593669757,157.64101982344022,155.8065556972066,176.67368110318324,177.50584203125797,1
176.04324140496428,147.65641288972657,147.78616144462782,156.1816676570943,159.68436086200353,176.84041097186946,178.95416942560414,1
177.26758520002025,149.73617549232213,149.09882299631272,159.23556315486564,160.05236768156564,174.97424765130557,178.28743191923886,1
177.4200430953658,151.07698507566877,149.83066733133654,162.52882306721747,163.72408678238602,177.31910964341557,178.38531307989277,1
177.8766322996197,148.3859904169447,146.24792749266678,157.81974480737915,160.87698944898455,175.32542722537272,176.86931309802497,1
178.19021487695954,149.71626285742465,148.8243879701087,160.48516279399894,163.45742830104192,177.17306980264854,178.30764293460192,1
177.552111437994,154.52195774004383,154.8417874988206,161.764652018835,160.18363920704937,178.69791601659594,176.684104421945,1
177.14992690836797,147.68786571212036,146.5597095035037,161.94587812555602,163.49531247570587,175.63277007991564,175.8989965721971,1
175.8209004595926,149.68130585446326,146.31292968551247,165.3129130191926,163.38647347206498,176.66683966040517,175.03395175983007,1
178.28454722111246,152.84249220600856,154.73582289577416,165.05061419419619,170.98225602869977,178.4287213471704,174.5378119455521,1
178.05801086134122,157.1262333976587,160.08607111421438,167.13483947037375,167.23110638321702,177.89222592455863,176.52067177679942,1
174.40365486155636,151.20265176959714,150.7181358845663,168.36654272615107,163.00868690438946,177.97492342906676,175.29072058621327,1
178.73413607265462,153.94553810060975,155.36695227904255,165.40598807322553,169.3235378539767,175.3251148379298,177.98221918656418,1
175.62058545638124,157.8088608890911,156.0255261899454,165.54324666572802,164.2110840380875,179.04403144278876,176.33879074457914,1
175.04866379347774,150.96947656198805,153.75162843081395,169.1918802346233,171.22027562627093,178.10497484169204,179.58182866488426,1
178.3807822648954,151.82277642653398,152.1774714283963,167.58846280980222,168.128581694656,179.92684840889055,177.87640139737826,1
178.33856834463475,154.40215950955545,154.09954564417708,165.74698374528023,165.13354445808338,177.48896971805996,178.316458470422,1
177.78878767685777,156.7913444166561,154.01754595076048,164.48138092791257,170.4000358296437,178.4374136190369,174.8922446500601,1
180.09142090770962,159.26801735560835,159.43981670257696,168.95078868471558,171.9177843606573,177.27105676734163,175.11328732281726,1
178.51825720125294,152.24747517294225,149.00792246853007,169.85249484231994,165.52004259274395,176.7708669449269,177.65958500428744,1
174.5811354938547,156.03703095046177,156.32114871127604,168.28078472969366,167.45235219705717,177.44550805294665,177.0701773983145,1
177.21735574341074,152.8585253323997,150.52399995951814,166.69782721792495,169.58808210589135,178.93182568835005,175.55109351991123,1
178.80042429662134,151.05422376754214,148.44536480277682,167.04583411679837,169.8989983586937,179.588401241366,177.30066364544447,1
176.99022640908822,153.8496279409595,156.86493238311053,165.56990449285874,165.2400645750791,180.0760899927231,174.63157196205933,1
178.36997158656226,152.81652934640584,154.10757711098813,164.67791916036808,168.37352762002865,176.21424920425753,177.67708807626585,1
178.71585318889808,154.76916387146997,153.03768850740835,165.35752644476383,170.67201376397534,174.01480347666734,178.53127656611454,1
173.88590822896623,154.43919982675737,157.564256554858,167.53950213728632,171.8502855685175,178.0244088360061,174.78034477663252,1
176.82667523657872,152.05982121758296,150.59985824995792,164.87469004721555,167.4311613676048,178.9947703807355,178.1356263321519,1
177.52135965380958,148.802731141191,150.83155728476356,167.36488960777277,172.23676135523408,175.24697367282255,175.41171362219734,1
176.92787594166725,149.23351267704118,152.31828723935516,162.05091408622468,165.81460738218752,179.04108954271092,176.93788395492822,1
176.79755723762662,151.3634014407809,152.16869436458606,164.39672271407773,168.75901869575344,175.19201300252465,175.69231933144016,1
175.46712781129273,152.6407957593985,155.598987654559,161.9184164976434,159.1811379826039,175.0598803575299,177.41151171591736,1
176.71150943104044,157.32732133003424,155.42443568749425,163.53090606094614,169.69658593934145,177.89646389999564,174.65680143073052,1
174.29293809047533,151.6348701072721,149.1364575327817,164.25869154981456,164.35207652680566,175.28140189175613,176.23639541800486,1
176.85456284824411,154.36885403292746,154.9064241192593,166.02078445072772,158.86260117990062,177.23918628141098,177.25334123367662,1
176.44904028654616,148.70859687119972,148.65050535454387,162.04097466138649,162.2685492429813,177.14166585866187,175.93397133862638,1
176.09564394149294,155.12971675048982,159.2569737103646,160.03028929985652,156.82398882898542,176.10025756905586,176.00710402685368,1
177.6213262168709,149.71470098345887,151.04351387946738,157.56053921620207,160.7231425257763,178.0467547484429,176.20019168454047,1
178.69581428208713,152.13535294299854,152.02026406275888,160.04809292503055,161.21611441661554,177.8812292970232,177.76643679801026,1
178.19286496902703,148.4946644535468,146.64242937530574,154.13357232724067,156.66893323804618,177.80895785859158,180.01713021506478,1
177.18381493244726,151.89873629292117,149.07687565554613,158.2341057290821,152.72150418697456,177.62699836548302,174.46609447943146,1
175.9097462872024,143.91961065308533,145.4963034687844,158.04500536638483,158.17308094283342,176.68607930205383,176.3114502180849,1
177.2564841775353,141.93745239386547,141.13327744762088,150.93739782863864,151.31168739359643,176.42130647441084,175.99710140094595,1
175.49916238275213,150.28700462620947,149.9693105241669,152.58927132496214,149.75293763686508,178.6426103382241,176.27231864258962,1
176.38395775381815,141.50316961911642,146.72475857415196,153.97698376109065,157.2863424113121,176.6999124803856,176.68370735880262,1
174.97683331139132,146.02371001168518,144.31989335312824,153.99293955655241,150.6033844478676,178.59023405825454,176.73591759216413,1
176.6150794880663,144.0380994091923,145.34927968177334,154.93436996114355,151.9506275779302,176.8961597245824,177.49175204077815,1
174.79563876011298,142.22660729776732,144.4987619797633,144.86125813013808,144.671097341912,178.45825904640608,176.01406777898626,1
176.70745137862383,144.41571359174813,147.5637271936785,152.57111987783293,147.11605750083388,178.012270244778,176.54427139714016,1
177.6891597530302,139.98395793083316,135.6815636932799,148.22780461131825,146.16083912952325,176.25237365648943,178.05496128291168,1
175.8324223597765,146.62199865920536,150.3317835099832,142.38843061050585,142.73073157527986,176.63772460983768,178.7599663577226,1
174.58229496757573,147.10058231319186,148.52759093221965,147.90941499752495,153.82837369957508,179.83287953917844,176.60277742968057,1
178.0622346326142,141.3668291268513,140.53333130181423,147.84822046240131,147.58706705279488,178.82295476424815,179.31142261382942,1
174.36294162147723,138.30702124065186,140.99533825451576,136.89172981276,142.26358201208768,175.55323246696133,178.2045007085387,1
175.12254452355975,139.84328203894358,138.94274119760263,139.13829256082917,136.80441673409635,178.01525470110252,177.81269515745916,1
173.10297097831278,145.94239380623972,146.26741339608142,140.42747182403176,140.59926125805322,173.96674476084007,176.62269397862266,1
175.69026684856092,142.05790566917068,141.63690785282708,135.02191977844046,133.5647161441281,175.48038749838787,178.25159851743712,1
173.71008259441064,134.85952649882714,137.5724786764492,139.30197049920523,143.96769178322148,178.98240081951644,178.4905519435413,1
175.91043353578274,142.93402327990583,142.9266573937589,134.20125790338827,130.84572148075236,178.40597035682723,178.82289826905895,1
172.4370045538957,130.25638045014432,129.4005788857671,137.03888095682166,139.27735406925188,179.91743599658662,179.45093139156558,1
173.44322922406172,140.76885069090346,137.22464891008923,132.41440709699663,136.03821087304163,175.37938153223774,178.28353077075886,1
173.58784093559933,136.2000943982571,136.14575099895592,122.29033490621414,122.32200732938868,174.6216481271571,177.84618877380336,1
173.2427900929499,133.22267300693022,131.7779815667428,127.3741607512259,128.90507270619705,178.6720254628934,179.54782576373015,1
174.99226426211007,128.73097590336468,125.19902686559955,120.91260032840806,122.97264045976203,177.4272554051493,176.9365857895287,1
171.30595651750266,134.51288296891363,132.0281330636578,126.08610618669844,123.89147752052978,175.75777167738067,178.6526734855571,1
173.44222870297835,134.2537218148318,130.26980372228124,136.86308053414496,135.50682073679158,179.56322220505163,177.32514918166956,1
173.30272173143186,134.92669106577722,133.36088109194978,123.43345618501485,125.56941788562888,174.99861296819046,177.1023302471727,1
172.84242124400996,130.28503305924764,132.94816833140595,123.56485769198974,123.83998299561654,177.62481097582673,176.7250922734016,1
173.90932764112623,129.75067506232466,131.83815173158732,115.46846114537237,119.46719684757672,178.3388310155812,176.19632158708768,1
173.42077512453562,119.83943051678827,121.09013983131466,123.48029439808028,123.15661082761451,174.8199568502847,176.70894197642082,1
174.4029066069603,125.49953165141694,125.78904192060722,109.87930766050047,113.20681226174457,178.04639953868534,176.12748265312558,1
175.01952272715664,131.9729781961753,134.53582589947194,122.02275634987345,123.65541348417295,178.58199430464302,176.6679988025021,1
175.42984060734017,118.79078141526304,120.99051334610951,123.37842579396826,120.54572549399712,179.24273159070958,175.0226425696724,1
173.05350276205465,122.43177757144407,123.13952709034109,112.07972307805608,109.26758183131585,175.56423996776365,176.42369661917542,1
175.07202707080742,120.75960913332682,116.6221630495724,105.04250790160515,107.26803573560429,176.58411039538305,176.03047635310952,1
175.15728431048183,128.50371935686303,130.19016992698047,107.18087955373305,105.0055758296351,177.9130936400908,174.608762123065,1
173.11605931165914,129.1724715906943,132.33503957752234,122.29905684717419,117.8891688192083,177.7102026539286,175.86443202360647,1
174.47631077031048,124.63871086383988,125.13351034667377,121.58658196406991,118.4838059186576,177.71870152482762,175.819602553314,1
174.26333561483509,130.1157279311909,132.52769459262174,116.40347902952792,118.82707577430186,176.28345277290188,175.20077264992398,1
172.72958625106563,119.20892073794525,120.92800805159268,116.59650354135556,120.79821881040769,177.2011304248546,179.38891155724744,1
170.87106067396252,122.1073503723921,125.39961868804734,98.76381406298201,92.08762394611884,175.81225125834075,177.73986345241664,1
172.26841618785022,129.37670955521125,131.34422405229935,120.48095077641433,115.37575505436102,175.46355408780144,178.0716088941321,1
174.0418893960586,120.07077560469875,119.87131074901043,109.99970349076274,110.90226384068686,177.91140289918263,174.94712301724823,1
169.85322126640546,115.48649689968087,119.9137280490654,97.27237302408942,98.47650362667628,177.44372936815495,178.48219337849463,1
170.4933309816246,127.46921053099614,131.39405831207023,98.9146185720014,100.09372566287925,178.40980965395968,176.8289126780546,1
170.02844539221817,119.33764964085132,117.65107404291149,107.7958694751297,110.16159424564353,179.28560538080654,175.00109567484355,1
169.96321612548957,125.23581887348118,124.3118340173838,95.44856736401645,88.70182921796417,177.56458629107354,177.57699408760715,1
174.72059670827787,126.47911962601857,130.76807442871768,98.95759765929341,101.79226322704616,176.0009721453632,176.81068084339032,1
174.37348125024602,115.89965967558554,116.37139656446234,93.54519640949667,95.78841716959684,178.57084246423844,176.20337680909387,1
174.48121954086224,119.05064548650135,119.95363413083271,105.09766180621642,108.7298262511544,175.37765430614616,178.28588503748043,1
172.28985093664818,113.6663729226979,117.26141477284418,94.6191818939227,91.92853480126327,177.6411814589393,176.84500235417295,1
174.15778884222698,124.41377947008286,124.42996249718463,96.88604670129138,97.99610236622956,175.05478199384396,176.5861544096933,1
172.7569232446292,120.40019102140342,117.98451115434526,113.06145840068731,115.47056196984144,176.68666346906633,177.32424491124854,1
173.06405328544892,117.12267312523399,118.71008363064199,110.55461672176776,114.95179877094463,176.62583901104654,177.60499815668513,1
173.39782488358668,121.4037890477642,123.98068990595709,117.92197567188761,116.63847558846447,177.3430452791385,175.7418690719939,1
171.73504294316825,127.37915298474913,127.35748106361667,93.32171684270438,96.10910393181238,177.9454129107353,177.37041058619334,1
170.99501152470037,112.55980063736756,113.74688093051877,94.31755486257886,95.22413734433587,178.08055931415905,177.5201515574305,1
171.56669722104388,119.20171074848088,116.81036253957822,98.85309151948593,93.32393514134814,176.00979956953333,176.74749366109,1
174.28524507391853,111.94322125615466,108.9753823027277,111.42053777307838,113.12857943479504,177.31865903137728,178.52629468369946,1
173.839937251577,119.32766610982132,119.63794878085231,93.4495136072554,98.70475705034049,179.7513340372968,176.61115571271668,1
172.3367713159366,120.3457866895932,121.90821645600595,93.07844115337608,97.85709247626504,176.09090148594902,174.60485686567196,1
170.65576516481437,117.29443379644468,115.74670991761296,109.10807786346766,113.8645038070009,176.56444027371327,177.2874661285604,1
172.4174405818748,121.6423136514577,119.17200492104769,116.17994645720663,117.10083746070626,179.126286121977,174.7247410704661,1
169.42722563380335,126.4481793256206,127.8136402277809,105.2562478314409,105.61054071816436,177.24555046694545,176.1534256369236,1
171.00187489224558,121.45103700032277,123.2576883888321,103.67187187914949,100.65588841684595,178.91098225914172,176.15771066106328,1
173.4867875002153,118.35750029306533,119.15323330892664,111.48428817629203,104.94140981228014,175.63059806382455,178.70124112461386,1
171.84785768439545,117.47456897121735,113.24319900044821,109.48041930287548,109.27528788180024,176.79514952694763,175.7503751994332,1
173.98821053759139,126.8004838060722,124.9266918063748,108.62583640608156,110.57093348730986,176.22463724330854,176.561256566792,1
171.08997432600117,121.05488191434407,125.56814156042334,95.75675441301803,98.20319479232984,177.8622264645918,177.10533977192608,1
174.24709733969914,122.52397873674076,123.30968111750605,99.67015360770462,105.725299416336,178.59631105827395,178.50559440369878,1
175.50193266095897,121.15343104613682,121.08849388227878,122.40861889182688,128.27487012314057,175.31846165860452,179.24864279768246,1
172.2611670166617,132.29568313020832,128.53845274699992,105.86615142354492,108.7969039304505,176.27523158435633,177.91527956417397,1
171.79142962413752,127.40355790717896,124.9442218205732,124.30836328008608,119.9648128236544,177.00993425311796,175.55970417755387,1
176.41273025331506,119.50726999112884,121.28202254338646,113.52170451262027,115.7038743956556,177.3948960428927,175.4419175358348,1
171.89720116260492,120.01435590630099,122.0289016238507,104.30293806643309,100.34306162697968,177.3227824281923,176.89901793842117,1
175.18922697601613,126.1634183817749,124.83952014638115,114.01558301007849,118.11650768033343,175.02063971741688,173.88097746001563,1
173.6527298835682,119.23715035527354,120.46988321778802,114.11709127303766,118.49247993530102,177.32608146481854,178.3354569778394,1
173.22410356630616,128.90617729081717,128.13170070580952,128.91877068227595,128.2185745270188,176.00196281944227,178.88854952550386,1
176.24208727110604,125.22606358908158,125.66888612279632,116.53540191137293,120.20206465028947,177.75684701184932,174.7027609745898,1
171.13167967481635,126.9134284516483,128.91402294515348,128.3674500398244,135.31765973152451,178.82821122119316,178.55476350052248,1
172.73109668379755,131.92975519650707,129.3691904896354,116.85081999095426,114.94426383651515,177.20445246693922,176.8934006506417,1
171.844234422018,129.47773812327313,129.75938331854238,122.75944122355362,122.99035208762774,178.28131523733703,175.9695529217926,1
173.6215063829916,134.93926424155995,130.80926670067532,128.73287663500267,127.9722898036089,177.11286663471742,178.57356225022085,1
172.72777363790627,136.47622906827746,136.90018342229868,134.09338901150736,135.5968391064421,175.3116793182003,177.00056167415204,1
171.70637591278015,130.59248435183233,132.25521250455708,134.0147901802802,130.9071074680299,177.6261157430226,177.96422333980263,1
174.10799350362984,134.5333628986583,134.2411030641611,130.03670491408423,128.57100656778806,179.99748148007015,174.27870608326165,1
175.37596416573865,127.03488487083821,125.95053828411787,125.3671644119389,124.508267959881,176.88895663822507,174.70780219921272,1
173.67984318766122,134.66893224986762,136.52530453063545,137.85837269323193,135.4115365140983,177.3815528446861,178.69172306071673,1
172.65407379169264,140.3614307008316,140.9687358778069,133.22003592547225,133.4044123484181,176.58249337009858,176.25828155493065,1
174.2614184584562,139.6035522692121,138.92362752627926,131.107920537685,134.25428059762925,179.74295060147097,176.897393157102,1
175.0225653587852,136.5781230987943,136.95500325040447,138.44712298036615,135.5768056428742,176.81728943120112,179.12830402713405,1
174.28206988096343,137.78953186736626,139.77032398064904,141.55006776937898,140.61544871554116,176.29559742940333,178.84471953134096,1
172.4481738419704,140.33669778695372,142.1262238084948,143.30938645805918,140.32342633592168,175.30095734532057,176.52221515338556,1
173.37142990785685,137.64521794958713,140.34381733881995,138.6663400733862,135.6339239326407,176.8325009114306,176.8698462028397,1
175.55954301636532,143.33273281913984,145.15379383900836,137.25451246106053,141.52304223817106,176.42970016768763,175.73853051386268,1
175.8595006759059,140.12403575186553,137.12035788638806,136.64860671940878,140.12819524072256,178.51676797620712,176.88555514951042,1
175.4221009732831,139.89171603997076,142.4456935525815,148.98355881176155,147.94302689070355,177.93386040579458,175.60526385782129,1
174.7048067771118,138.29283881551578,140.4302355343662,147.82761163017173,145.79930441779103,176.659245956319,175.5367730723847,1
176.9193668432713,138.81969994901362,143.010482360536,140.3359440378853,140.4330554850491,175.9101222673277,178.3342558158839,1
174.63966785584097,141.78132176578916,143.5273978516642,143.8437553278146,145.2644437170119,173.97934934353208,177.52386552189256,1
173.1789213235645,138.72764198533048,140.20808691502015,142.57663908125912,146.53505952849477,178.44183669374704,178.61069877949777,1
173.08664959851623,143.2448055641419,141.4379930860151,151.79248172882504,151.8894689937092,177.26357734764153,179.7016894693511,1
175.3996234675513,147.13826059896954,146.13605594618207,153.5561432528638,147.29890199920993,178.9040869651805,176.49848334119181,1
174.39706993810697,144.10484039562522,146.7296284601511,153.6355816670187,149.22426676329377,177.58000643088639,174.97305144879908,1
178.5059446376341,144.79180930681952,144.57319010781328,150.5068543845267,150.3483519172301,177.6284430737942,177.161826569399,1
176.4870900172119,143.9808684605251,139.23209541968941,155.67149887959778,158.64250949215852,176.69834835351978,175.47051049535168,1
176.71514473929838,149.21985879954804,147.5875936495254,150.3164757818669,146.3095626151961,178.94614529913974,174.6230482741739,1
175.409373471115,149.5506416501587,148.76099971942784,159.02912542639905,158.75347698253876,176.389420941625,178.24410269324514,1
178.04790302239377,150.684905057691,155.27377451283965,155.31020249336012,159.51675653547548,176.39703995679568,178.69024202660648,1
175.1035190633195,144.14819927231102,149.1451953708945,156.6946684092608,157.5542648492336,176.40189476108958,175.98085345607373,1
176.90124988431742,148.01913044566268,148.09288187413406,157.3365463783434,150.4885553089023,177.54343727638908,178.52561082508663,1
176.00849121680488,152.37288520912608,151.98748151183537,160.88296179075076,164.49145186793237,178.48105658468162,176.4194413487188,1
175.76261517596657,149.83978650273986,150.4219985016265,160.54087923752033,157.67012522749047,174.70512215547393,178.5074802783154,1
177.01078786631044,155.0374923360399,154.8555447467476,159.71734202942568,158.85715076725205,179.14353874541456,178.50118764469187,1
179.238381860995,150.91360792467245,152.1267532769868,161.31057355357282,164.22159548103213,179.51061519838873,178.8902348016133,1
175.0497590146887,147.92219716197732,145.66489966411564,163.09442775250238,168.60170659791822,177.85293944408735,174.85798333690983,1
174.34260735128893,148.26726790635178,149.6865535502117,163.24417805647255,164.0195274837251,175.53980015041662,175.72759056173638,1
174.9397698786819,152.1051865513529,151.63593096362249,163.71225999570248,165.02900191893707,176.38736850823787,176.90468340642946,1
174.69812527631416,153.7079057741276,156.5155842941167,163.2612616384119,160.11543872019956,178.90315842932844,175.40291711191662,1
177.02040985289423,151.6865878853736,154.00442462190992,167.39425244308507,163.08428816779877,177.45899281724647,179.72605985847207,1
175.57213125602914,155.84446922390967,154.88016308380506,163.432537230478,161.4165473133404,178.80487465645106,176.26710187251936,1
175.66185741698857,155.17994115117298,154.44628370594032,166.14909230008837,167.86646728821088,177.49697549185495,178.1489079137641,1
176.3657368275748,154.41522106691738,150.07633300197884,165.37569585719913,164.99200803308952,176.41702505168033,177.55840253317064,1
175.48025813071828,155.34061571389643,153.19844939540695,165.0741736654266,169.5845850670295,177.35249341463336,175.2968059675144,1
178.10527303505773,148.3707240424238,151.90712772929268,166.65479756552284,160.6253893124524,176.08286354964758,178.34435257420847,1
177.75647643262988,152.32365102368612,153.4875007581596,167.1013047194361,160.94715132726074,173.8651920213977,176.15717638403444,1
177.07181631887102,150.79644528757808,152.46094831559853,166.4497945917334,170.66821384682083,175.492817977877,175.7064437104936,1
176.47552307761183,152.36773338195493,153.19290805039,167.45510126265518,170.9567478034833,177.69050162095732,178.74662851771967,1
178.71396067184844,150.57577905590696,153.64749669361927,165.80602278026853,163.14532677356218,175.6919280607925,177.83752143612398,1
176.34769294895207,158.93140620502797,157.8341757815751,168.11270275327573,167.1492398837239,176.610349686072,177.4421012038427,1
173.86286460311555,159.300505550936,158.1511262139234,163.83564123473613,170.81135262978233,177.3941627474428,174.95738165486074,1
174.75149031319546,158.91157456827614,160.88564234596313,168.47604885734617,172.85417831167467,178.16900903858743,177.77773740614063,1
177.53383873882376,159.86445695929692,160.34535627047282,167.32042761989948,170.09498231493924,179.0714539847793,175.32372234160812,1
178.99670355216438,156.18384046710275,158.36592644552712,166.21315751052472,170.5328627324789,178.0962601646912,179.99691420664757,1
178.14113861446643,151.1041695908872,151.24977112146127,167.71606134011367,172.07946229217723,176.17104540269224,175.02854261436087,1
177.5150773500051,158.62958746839968,161.9426169309783,165.39835102385504,169.8080725403976,177.10127306631978,175.23375637583732,1
175.28158623630833,148.9660200875952,149.89247452992288,168.9982448493075,171.388046853606,177.20857757604088,179.96193832785724,1
177.17235962502613,150.0496152117982,147.39070374865634,164.43710636707345,163.88174008400216,177.26520347969006,174.95188975328546,1
174.27222277949267,154.557261809038,152.24138750481748,164.5653452790885,165.51141320834765,177.9474281823718,173.79114981323895,1
174.19865818225145,156.2348757572705,159.2936057544268,165.5862606968285,163.55322314841453,175.53802876369437,176.32111571976472,1
178.2454160519203,156.7612102569653,157.4678570009813,165.86562308470087,169.4439715463268,178.3592622487062,175.0511873424095,1
176.87018630933653,149.0747954981681,152.86538743140383,165.8713459916323,170.69282043814027,176.83454029959375,178.3479885428505,1
177.07924435506158,154.73788834980888,152.4833106179799,161.89857709142805,167.4787460920093,178.83663040445816,174.4578215700075,1
177.28742324703296,150.1784771533778,149.44239865564802,162.19241325966428,164.70311365955567,177.59468524792533,175.48575877412262,1
177.0056291515587,155.2499738254807,154.2052412457259,162.64764551094368,160.6947080487139,178.23326590162512,174.19725713355734,1
175.27737546789865,151.28012678701884,152.08717710464916,161.42640562065583,164.52216919291087,177.57004319897666,176.4115973194478,1
175.0263401908143,148.38431785843574,150.82810118918084,161.0380211245664,157.56274962781043,175.24523719692536,175.03789086649752,1
177.41574165638093,149.89639060185235,152.355147812103,160.5393280706395,164.963876522278,176.14087306533983,178.1553334915573,1
174.1932019295096,153.7221546605507,153.892168061982,159.02080434861432,157.59289412640692,175.71099092911962,178.2027917670207,1
176.4881273805987,152.64492799374264,152.71226574407856,156.3601359089831,154.12427486128774,175.15975140377236,177.1522929213811,1
176.8496592721397,149.0989277007003,150.79454443524617,154.5962028347679,157.7531186460136,175.31696525646652,176.7268971722489,1
177.1911081831553,143.86968539847567,145.88885663539335,157.5785681288121,156.59348316292986,178.43513012724216,176.3416757370902,1
173.93164534141098,143.70958380304404,147.064527644287,152.97425279688628,152.01888323602887,177.43351583094,178.60317370629204,1
175.64032287756558,144.54565313023372,144.55340333375312,156.3596411881493,155.56513899479805,178.39214720152683,176.0578951882436,1
176.56116178786405,141.33785056768318,145.97676045910046,153.67455028756666,153.631788441053,177.4833124664825,177.12868523146923,1
176.91376562768014,150.0812246901204,151.34970386936584,151.04527023470672,156.29822687909305,177.87363356445942,178.3910479034238,1
174.69202004692394,146.53474435389222,145.19001256265045,154.31137774275354,155.0932270456521,177.55805554040998,177.48191069890362,1
176.72253845156175,139.4414151958102,139.5590825051973,151.65620136354252,148.3449118954183,179.89802425239802,178.1726686302415,1
177.30548943764742,144.19660467032142,143.52090071920657,145.55918461783608,141.80220295312031,179.70392833837022,177.18061829980232,1
176.20777899390686,142.27341225153612,145.32509930891513,146.7356589068051,147.80268662395773,178.11063095784138,174.9782364258028,1
176.20103235169023,143.2746206450364,141.8496383627401,144.2653351389946,145.45684144642377,175.73558183476058,178.63445408364436,1
174.70781924380404,138.46557162744665,135.03165381465502,143.65381460232095,142.87115613637013,178.99148936179628,176.71099233178654,1
176.75258081951898,140.3688426508579,144.01422464641823,141.79066560431926,143.18230990781174,176.70319096962632,177.91618755656512,1
173.12407588128477,132.84005189846673,134.60846764306163,140.44520997107702,138.7726861125829,178.79696538734325,176.29533010523303,1
177.2629444330668,144.64166181179615,144.05436060560655,142.29287526101507,140.71606939986603,177.86911903176633,176.85838692534455,1
174.5883067775357,143.65962504149698,144.0399971256753,137.04484274196136,133.35961316822187,177.9583206152097,178.11243896024155,1
175.00228017230083,139.50880055284003,141.63567007440867,138.75830072662367,144.7450714168485,175.4382506067009,178.44703466551653,1
175.8179109278031,137.13349556302916,140.1322904398553,132.7555203613902,132.4205021236551,177.4348572511578,175.0593016288121,1
172.3040593281557,132.6493761206921,131.58762089342048,132.88657148852843,136.67797143703947,175.8711773359583,176.79969691195015,1
175.22058376052294,133.86333525173134,137.16193651847163,136.44502542687204,141.87370233340823,179.0666497285696,178.60170158585242,1
176.109854331844,135.45564843402002,134.31647125309703,138.33600506874768,141.2109107815046,176.5193881458477,178.4301902368405,1
176.03234557176538,133.7819478312717,133.00537580556704,137.7825800275416,136.70142767055887,175.18616183536656,176.09666783955086,1
175.47039266551,139.5523160687982,139.3955284294357,123.41965003901545,126.69751740040402,179.68987944080664,176.46571468424986,1
173.55186667677506,128.0843859498219,132.50459566932884,133.04401513663635,128.20343357554395,178.78325884272527,176.0196042503303,1
171.83222340315493,125.76121738290865,128.9325764112409,135.00160837669932,131.85734485141532,178.0878433459674,175.2672709766312,1
173.6926632630686,137.10975638051107,138.7766475657328,125.31960462439483,126.43038114819882,178.7316202980082,178.7951138684127,1
172.93946908616135,135.18029067931533,134.7412845130891,131.7958953912851,133.50563391732,176.0030608787797,176.22511838614608,1
176.50434852735913,126.53398751907459,126.345793347018,122.88580769802225,121.48017733175557,178.02608058597013,178.62907313272262,1
173.08205735970435,131.46747157972877,128.7172222931805,124.78359473046439,124.4135100037791,175.24236076050383,177.9038983290104,1
173.50746343099186,124.14599006065306,124.60208501565936,113.42130926643041,115.30350341944549,175.25246846427646,176.32376003368068,1
171.6095059119623,128.9643331893026,128.36051262917087,128.58754119210877,129.49344402648498,178.34794591120934,177.36760412631543,1
172.2138834088958,131.5344728926584,130.98795544591616,121.27776862489988,116.3049948639014,178.26715911836428,177.93763083793792,1
176.89035095697167,133.61961067765512,133.5555040586254,117.34027522382527,115.16582686448785,178.53690834298865,176.60592259360527,1
171.8055747298441,132.86105571144813,133.4748175383345,124.06771483681187,124.7049515446491,179.4327000447691,178.01234033294,1
172.9648417002,130.0880020071339,130.13895988577403,116.06645224037294,116.04958483895699,176.425125502972,176.6986212944306,1
175.20476678034262,128.41389949545194,129.13450320380576,113.84547878132055,109.1052396595546,175.35497039566576,178.16795830971398,1
173.5032436815231,126.57839612489043,127.10780639000356,110.94424753941263,113.32638356238884,174.71647267718097,176.51927832557064,1
172.95584412435716,121.99979388718165,125.82740913854418,123.45479052411767,121.094609361332,176.4959011862562,177.02981071889414,1
169.86928184531598,125.85044276867254,126.0623066896666,115.19366838681265,112.87486464337184,177.1323453760899,175.51037704308555,1
176.0892334077208,127.8944799979004,125.37393966273612,116.60665478393261,121.66294591958032,177.02695177610428,176.37360760839533,1
173.55691879353694,124.14333562587363,127.87342996185612,114.21615015010843,113.63859191672282,176.00148475685043,178.7166310529121,1
174.7230828554839,119.73139604380012,119.69004876708131,105.94299380894132,104.18759937974069,176.6024615986427,177.362177746912,1
170.38969458850332,114.31499256349514,115.81400618095117,112.21709478968191,117.23379667521463,177.87245139464443,174.97798755632212,1
171.54556306254906,127.89632393735377,127.55815235497286,103.80322410919634,110.26136287400125,174.79387822019825,179.63207057060933,1
175.90688426670076,121.97597903033042,122.03220653412515,101.96265025513405,97.27619294903765,176.11975803499172,176.95557559980932,1
170.66132133045053,120.89335252266862,123.80514158629198,112.24558143126859,109.52341258527369,177.08029427686571,176.0112663764893,1
172.24315675303194,128.2374619208743,127.77916732383447,114.05205654152252,113.58870580579337,179.9676724796416,176.8533778768013,1
173.45232832642336,115.875382746588,115.24072261760978,110.02526472472877,112.56117724725902,179.86799747506947,176.43672132728562,1
172.21404824699283,126.39827567655624,125.26420548911045,100.32190255792584,101.347115965177,175.4390955172565,175.42353414018666,1
171.01491308215427,112.25929911155282,110.04933036601314,99.1272192047854,97.978241932423,176.6289514654017,177.523437073321,1
168.69691745578052,123.63094371131976,121.266682006298,103.03281041924417,104.47555348900508,175.47204687135707,179.8664903586176,1
175.52462979630482,126.1694373627358,128.38954614419572,108.00533924311532,109.49220820449753,176.06509606585246,177.11253739552595,1
173.79759140555174,122.1237402282607,120.89664018487225,116.1450588738754,118.02828547529623,176.44322189567472,174.86912387253642,1
171.7570881337912,128.93796819171314,126.36616467559898,91.9953268865885,91.4376392371195,178.070807953957,177.32349083229298,1
171.39052936106665,117.54553032725434,116.105876571591,98.74514193714592,97.04845802144465,177.50059987838435,175.6717801638918,1
171.1305122155681,120.86423266819894,125.11908945017946,92.03789394779557,93.64536723754782,174.5929326453582,177.26588883354339,1
170.48985305421377,126.93986667729561,126.5808497448464,97.01744521685009,94.39616882618942,178.65938339020482,176.86315219355106,1
172.79634320741565,116.51809073534828,117.62989137129159,94.30621629914094,88.79372315469226,180.14718560124712,179.71596344718196,1
172.9727220387864,123.97192938378174,124.81332081768358,111.15825612715203,109.7658525111278,175.1820539834976,174.4362102671562,1
172.79845351754042,116.18640483783037,116.4091452798325,120.49554152665536,123.78642571873708,176.6151688983706,179.24976160105473,1
174.42286043001178,123.57910089205268,120.59598814699687,120.39014516126173,120.2951369416281,176.35267728784208,177.12168883204933,1
170.70019884215938,127.60474998223441,130.0739655772102,95.16247554528546,90.42222536702735,175.534035934023,175.68220479315826,1
174.2648514731566,123.25089149402297,122.611922994492,107.09722031244496,107.90725719581195,177.01022327938088,177.65894184439486,1
170.7087431090984,129.53398544201593,126.54423256876422,101.38473111636544,98.3049682771051,177.41255139138414,177.0940464711834,1
175.43539751800185,115.88755918132753,114.50969881996659,114.85076726132016,111.21935611271067,177.0510372513143,176.20392476287142,1
175.2164883211422,125.22396043224089,127.21448056008983,113.63983016544803,118.70209569474969,177.27867143012637,176.42895713345163,1
170.7015060728771,117.82965075775647,117.20557302704525,99.38942998232191,101.58649223808534,177.98566011673623,178.0804792820787,1
174.8548037644901,114.6487483668887,116.3138660796229,104.55433073017055,100.86781805056424,177.31431939898474,175.7547172057373,1
173.7508540723448,126.62523239245746,126.02138396637167,97.60390571757638,94.89161074581533,173.96579097670073,175.6668480371486,1
173.00302044917774,118.2029771309695,118.12226773687368,101.51441660708565,101.63217033254534,175.3600444100384,175.54305147966585,1
174.2363505105521,126.22546050603616,126.48668263468015,105.45728371111902,107.29039800672417,174.38537424724765,179.76252456161134,1
174.63025381993373,119.03158061582941,121.16408678010046,108.77187019858809,105.69216697862254,175.27888362812075,176.2312849227802,1
175.62094965176044,118.50909341306509,118.46477761423408,109.83231596398169,115.58724151321407,174.31261929129673,177.52909953254036,1
171.76240912092828,119.65388740696466,120.17646287674985,120.80694802072497,116.29755292245405,177.43491394365026,178.44461934723896,1
170.30451329765208,122.07316389677145,124.00626932287638,103.78025982916367,101.28952106942216,176.4481928849975,177.02891399438735,1
174.13099482876277,118.93064704719448,120.34842757562667,105.98579516771689,103.09690115865429,178.73334847094557,179.05792162133193,1
171.8315670632229,124.41258178547176,123.20685169919625,124.83186328945246,118.84223516389957,178.4174681152554,179.56976411520432,1
170.98318189096972,120.2304243468641,123.96745970164407,112.6783317784712,111.3220345475506,176.9504227437911,175.7408591131362,1
170.90265789155848,127.66038965992617,125.57773555308434,115.26825486350633,119.59927637573573,175.5665454411506,176.02783789857688,1
171.35526691169292,128.75926614120485,128.92394421362243,126.22674595763134,125.65294071103379,176.12673527511592,175.60919199709986,1
174.67204527555378,124.19270619996112,121.572524938277,124.11288061283344,123.43586753555624,175.93436685584768,177.02499635957477,1
172.2370669541953,124.98959679048849,122.80185921070891,115.22659095904835,109.76824912951089,176.09706488071612,178.79424814313128,1
175.48992801772303,129.5899770951055,128.881390643518,128.3077579894107,125.84674833310125,177.12869193755816,179.09677073355826,1
174.02913115062572,129.02628493888878,133.77458075703416,132.266266043682,130.14135922343578,176.25568494325645,174.0499192523709,1
174.88310090908175,124.97077794990643,121.69167312471781,115.47271650313536,115.29968227574813,175.72043957126846,178.9325773147001,1
176.54010359775452,139.26243364088637,134.0583363052592,128.6510941082166,127.12413055645698,176.88077071506783,179.22249435612412,1
175.89048380532364,133.0693209245696,130.72356291602924,133.96047539399706,130.64574107582956,179.1213208150907,177.96814490760178,1
174.4532576018692,137.25631636595327,134.97788805913027,124.97430764137508,127.4305800722527,175.65593748387357,178.4684770861998,1
175.45900685234167,139.1158294735873,137.46952491661264,129.07614492187895,135.86679675731426,175.08206367977908,178.62160612239904,1
174.79130249144393,137.89161645718113,141.77180568027472,128.4511101029587,129.5645028729905,176.4545397070246,175.77638249441358,1
175.10554478764988,142.76294288548675,142.61431036157148,135.8756515983325,130.34317597692421,176.88361844490603,176.3844534732348,1
173.55815564922707,139.6334235007884,139.70652679671073,140.7319911260997,138.84390014768118,177.69904708388972,176.5663609530421,1
175.67304697893465,141.68124287988715,143.38398990351592,136.21315139725482,139.14277428606056,177.52974400727598,178.42938640871165,1
173.36603792229812,137.7456787589142,137.28480087442003,142.3865649140992,139.55055745443192,178.02066927373014,176.69974493775356,1
172.5246549720879,142.9148182848403,146.17694423329752,145.11345781251154,147.8103085664113,177.17401745304295,177.36766147582384,1
175.72777292830534,137.75292326034764,134.4252891764848,143.1681296947935,146.57286172883607,176.88847193583823,176.4281174971879,1
177.14260704505708,140.78867440100396,141.32898276111857,139.91462517746345,138.22781601342973,179.056858878182,174.86011862219198,1
174.68788046447796,146.40732260444284,148.57089852097104,148.6428622892528,151.1609332281946,174.57658736099265,178.5505422925152,1
174.9129691806398,137.89172085727435,135.20073361520247,148.779779073704,151.1237922560009,179.85628014619667,174.96884587447437,1
178.33109798589552,139.8695866288498,141.4013157389955,147.01702849447128,149.92078579836829,175.32695454702514,174.26373861877462,1
175.1546461750262,139.6847108278131,138.87792084172779,149.64947049108642,150.9277399724266,174.7042642382076,177.529451135507,1
175.63949779601873,141.6396650824209,140.69039143917973,145.23827941687276,147.11834552320852,175.0512370423915,178.7866046882705,1
175.26097669828803,143.97132106423444,142.98174796724894,149.74827654421733,145.63997092110978,177.75905400676558,178.43907473569143,1
174.51669361526575,147.10751652460138,145.02248510095993,150.29491099208664,154.13718790496728,177.82573335267134,178.83098149164573,1
173.92711807533325,146.9474597029831,145.3412152989334,149.6542179407989,147.42028732722792,179.75592388127845,176.147284004047,1
177.5304967849707,145.08942905559124,146.5830296018797,154.02994293461194,156.92414109436677,178.7730073229331,176.17364219447958,1
175.5629290288527,144.6519959175533,144.31777300417687,151.34455001463832,155.33685608481642,174.8372240113624,178.32749880966318,1
177.16378831810633,145.948179208847,145.8819555436325,154.90280388370527,156.92203908452436,176.48327023771358,178.06682339820753,1
177.15381257108396,146.21704621057467,145.76714500015706,154.00908451220982,151.58704395550183,178.09576762455185,175.92295243085414,1
176.52927741915,146.68419844849137,145.1363277265354,158.673960844723,163.02806593471186,175.5013880496691,175.3316772199709,1
176.368573157056,146.19266839198667,142.88437421961996,161.4961356772185,157.44409390326646,176.70766021602512,178.91046944425878,1
176.25297601933457,149.64695666862974,150.83445735248787,158.51932462612197,155.16333039578515,177.23073367242858,174.37181699704237,1
176.07780671181897,149.87613397748075,149.0267862686159,158.60616714200447,155.76057324098176,178.69195816714821,175.37054271522442,1
177.24621581645198,150.5431521152184,150.0885534480612,161.82421533873475,160.4061544651644,177.5664802586443,174.73563697442924,1
177.45291826659025,151.3376705666336,150.18112052139176,161.16500195980953,159.61152290734609,176.80445065719314,176.35594277293694,1
175.93996857354279,152.7513383791557,150.0876917916857,163.1835386333737,165.30763140967474,178.47193694405584,180.0019703732164,1
179.34975469493784,150.13414119434208,147.74546084629785,165.42139631672308,167.28592268561138,177.1078907689641,175.6103501683363,1
174.13963483855892,158.94998818531158,157.56186881539554,162.75959336539248,165.52209610987086,176.7228423265094,178.93434750316766,1
177.74178014390708,151.49064489238265,151.16486424296107,165.66675595839098,167.22254119959203,179.4549983270977,176.83596682629752,1
176.88547847932028,152.15364294503422,150.9893718227003,164.0259671448866,162.5265582091723,176.4701407247694,176.21107037979067,1
177.70897956754004,156.10425295788056,151.97920782212677,164.53631118207153,168.70610559461133,176.79195097994756,175.56454299086178,1
177.93911242139205,151.76819633443014,154.87772320232577,164.5878273376966,161.04767824815573,176.78994469902977,179.66044831431546,1
175.06759894683324,154.2955087090253,151.8080756422182,168.3356193179241,167.08868562165858,174.44372894533126,175.84776583353664,1
175.9946876269045,156.08605276355337,158.6900247590214,164.95266764015062,164.07887894815198,177.69915376732678,176.88506993110477,1
176.14042377925412,157.3451682360451,160.2812461844,168.082960785691,169.91393657849213,176.81505247535992,176.28732987494658,1
178.64544836156884,153.66387325173423,150.99200340864448,165.47377213611887,169.3821025017383,178.78079460108722,178.75513396680654,1
175.54699146427185,153.50138434904534,153.82570808388172,164.17900113811407,168.33324944669096,174.02606780562522,177.56960254412922,1
179.04332865665162,155.5406598567873,158.43409242965976,169.03623986506597,166.33185390913715,176.08869107058268,174.13550891988226,1
178.20975207667985,155.91707372895056,154.43704537185232,166.68643696469408,162.1541827987963,177.13839554243282,177.80083740169798,1
178.4135924643466,151.778557716444,149.68454230067908,169.74903735268035,170.4368771553955,178.84959433597444,179.33702800015962,1
175.71763917218084,159.11249083278767,158.6093204857315,168.16673554557295,172.2302254159186,179.94074175082702,177.2312584007095,1
174.42350592814884,150.6182708866167,150.34925544821743,166.62928375834503,167.243767756007,179.3800687889315,179.17072271535372,1
177.64143113850275,153.7263964831439,150.30588290331713,169.29019724730892,163.74868224273305,176.25611810653726,177.63306499584726,1
175.82410946735882,157.91550261000106,157.89560577377225,168.67349339675636,166.31172893786632,177.78870577145688,177.169233819562,1
176.8865531772174,153.84215682388742,154.46692022550837,167.19534907775937,166.1571571290991,176.3823784389037,176.49093823489702,1
178.96801427775083,152.22046959829302,151.81868649419073,167.74526472463026,165.15556351990358,177.30811443852,176.32877272719475,1
178.50676300222273,153.60517178826976,149.6543847501237,163.9351324926741,161.52398438118414,177.69461900200997,178.68304542232903,1
178.08956176399323,151.9155467782959,146.87879633167577,166.71216001394797,168.14837408512227,174.24650924443264,175.57417346783035,1
176.86465807976523,153.3785472718443,152.2712944843597,167.17322027908267,161.319427831134,176.21696479603065,176.49445494750802,1
177.86800948115683,150.9953492896228,147.05847426282423,162.49461212099376,162.64435566840774,176.51664778791434,176.55514491775475,1
176.76098169524738,159.10411372925213,157.2390224691196,164.5733096741382,163.6360311170059,177.84895975012083,179.2444140705469,1
177.1743191940364,155.41788591473076,155.16200737796063,163.81527387588721,169.00065944730414,177.66458181456417,175.36499908768585,1
178.18256226820463,157.7001302176927,159.1226894920691,163.6892309452325,169.63877813970691,176.00128154899144,176.91511267051783,1
178.05995047287072,155.3202078109364,157.33245835498522,161.8576146995265,162.8330242825136,176.73397740320257,174.79238967942018,1
175.0066767333718,155.01926898177751,158.5801489578784,158.58096085726666,163.99002935136434,178.21266909842183,178.1971305696623,1
175.0759479773165,155.17667490667912,154.54291796885403,158.25849880960735,160.34279888427972,176.01458642641043,176.4677025601597,1
176.52220835127108,152.7279555725566,151.70667013433558,159.65036222239812,157.79878960321952,174.2972682064899,175.1335501544103,1
178.098525063135,147.23484757233743,147.69048986294203,160.50515266540742,163.0684613794165,178.23092972721395,175.29744542991008,1
177.37890082991663,148.1980637031791,147.63519950979165,157.9791729108516,156.52071058222342,176.56479964156608,177.09802333693162,1
175.00555272294145,147.21421094403848,146.53475376638178,162.6784221348407,167.3621684273977,176.70457672973464,175.7693735856924,1
176.94092379545197,143.73598190985035,140.69280281326115,158.6021862451675,155.81880505568844,177.40594872072037,179.31407399987438,1
177.3180298910641,149.21872350754631,147.76767011794257,156.01865460532196,153.45837614716496,176.60435982282004,178.42262220520732,1
173.32193261933037,149.83169267680705,152.43149743150892,154.59370713996012,153.60409632091893,177.81243787237497,176.98821945826148,1
177.19713414445923,147.34155237544527,147.77417027831248,153.61899439795022,147.7675124078703,176.7878512377547,178.189932010315,1
176.9030977568841,146.0961933167006,145.14458245442287,154.13847302393393,153.44215151320833,178.31511760870538,177.8273924205196,1
174.84147169875877,142.9118160597938,144.26547205907943,153.03810951264512,156.00421196677542,178.0215906735027,176.8721559813604,1
176.3646302712416,151.0136126845157,146.75927416242348,151.66746251467785,147.31240281031643,177.11252867065843,176.61010601594978,1
176.67910079784792,140.93498859233702,140.57704792087048,150.8181474240702,152.60235358784496,178.34440783885722,175.07235375463551,1
177.25585285328918,144.39331486090384,148.28934555316195,143.92483609220895,147.69402154329276,175.8364379117518,178.15712020996517,1
175.54877393100267,142.43180254061332,140.2799578975502,149.57170038150173,149.78091739912685,177.12772882312336,176.9092825015698,1
174.10840392308546,138.29990683809558,140.60875245666196,145.53902413650658,145.16808414160963,174.82973270551776,174.6322833576446,1
174.83176937614195,139.7448362443363,138.20525112431648,144.1746292631121,144.76677592690123,178.90764788229816,179.5503047493493,1
175.20844124545496,140.07310839895277,142.07847868976427,138.67931586461114,139.25343622437322,178.29878838778313,176.01437689884952,1
176.41634855693195,142.44288999565265,140.48396610742012,138.98392486306557,139.26488727221732,176.8880662091209,177.17955166723334,1
176.160512514473,138.1835420615118,139.29244461416482,137.02599090700252,135.50377276939426,179.85008614758758,174.54181382869726,1
173.81613676122066,132.24697886911548,132.83167743790625,143.59433437896925,141.73710629401467,176.15744054510492,176.07612490294605,1
174.49461486333567,136.85851434364548,135.1954128467254,133.63480093651745,136.42845756862377,179.1186656710789,177.90297579922267,1
176.38525669396725,134.94891697615253,133.97582285582067,140.55153748116518,144.5012108545263,178.12023510504287,176.5805763420352,1
175.50436890376213,136.30881969500953,140.55138356380832,131.53793063294034,130.16412444348393,175.6122458599411,175.68729239193019,1
172.65350449343825,138.14768732708444,137.38541936978282,136.19015059250873,133.54428443116987,177.59736407677153,179.15929861474436,1
175.32111098864047,136.78472528358714,136.42792252500803,132.93456199586817,133.27316398654264,179.5851984775786,175.81949823907365,1
173.1988567966234,131.8415362602202,134.42553248645208,128.02729238649394,125.42423552801093,176.5337320515762,174.82257885469255,1
173.17980621015795,135.28595049846885,134.08346950843918,129.09658087632243,130.3951759310667,177.6188242778563,178.55595154282486,1
173.2486988415026,132.2036209379487,129.7389100022955,130.59203007371005,126.30200864348787,179.8109857762278,176.15015218808125,1
172.76554914957546,128.13920406246183,126.2388483427199,119.05183641729458,116.23902646138701,177.163788281588,178.59212885666722,1
174.27094370843378,133.55461324451826,135.38564496523557,128.24259936039653,126.7729906090429,178.58649451311874,177.54725792524727,1
174.3234201377603,127.74346062491655,130.37205105930207,127.51298151517132,124.2644501345522,177.4288301432934,174.90323674989673,1
175.44861667911724,127.47745813958356,127.77183602298796,120.57794410302076,118.02009235943324,179.8844401921932,174.1780036015156,1
171.88787808641513,127.47157566376679,127.13938591015446,116.89038448657007,116.18279842837582,176.88791787383718,177.94415334920464,1
175.37019332819102,125.1283113744375,128.03315233036557,126.46146866321251,122.85358534831227,178.9323499063894,174.9736564408913,1
175.02841610977455,123.09472550655994,120.27012607759367,129.7766710639715,125.78463050786657,175.5434286996793,179.24993766940534,1
175.11654824988258,125.00457747359779,124.08915911876983,107.17937956271675,105.93743256367098,178.15829059940347,176.39187443455674,1
175.55664151330097,124.46668886811014,125.91508766055644,123.6250177489602,118.77336677730722,178.05459490513636,177.54395861897697,1
175.70696370850013,122.71089000869772,120.86036089835758,115.78982488847616,114.55066028172806,177.18126256773732,174.69857301790032,1
174.59719469075043,127.41022526439583,127.25029058254823,117.06355065842408,118.97848259291152,174.32715802395134,176.12791271691887,1
173.182666714114,133.76950505362453,129.91133790721565,124.28676766358565,129.2176996011134,177.7836663984164,176.4553021543913,1
172.30311272831227,125.89456738003298,122.7360559405874,106.13023659404448,107.47979293309066,178.39798174665793,177.82174517848017,1
174.07262503048113,126.4479290052173,123.51499501571548,107.21857469835253,102.64846278133555,174.88600537396155,178.73345430046777,1
174.8731668761476,130.74942213746738,131.02404779778422,116.18524436308788,118.90700228366492,177.9921438986205,179.28300647501925,1
174.96150979811281,129.7778542479257,130.96270302407416,107.60784039267703,103.82745126308261,177.90613905135868,176.36670997908072,1
172.5235166894299,115.32513739544254,110.62400367829714,106.48044721620448,108.74343660591632,179.02459560646608,176.87444454505166,1
174.44385955869242,125.03217153563648,127.1968919634864,104.26988446136478,107.96039173098163,175.9194051415823,176.21032323734622,1
172.9517949639098,123.34093447735042,125.50930248209654,106.01604295564113,102.49083180320567,175.30091273523846,178.96445384715585,1
172.50318774230476,120.24160747580858,120.91201021263879,97.50760619361131,97.93794577655824,175.69590369075436,176.623557581893,1
171.57055212718092,123.65243468813306,122.68165702092564,122.37338999871758,124.6646225695915,177.68006828095466,175.85843656622907,1
171.2698295494323,130.72317729794793,126.36689379115832,120.60951438192586,120.96089121709744,174.96497399325708,175.81325793334426,1
174.02778783607772,119.31034515362525,117.25637512956868,96.69840382146526,99.58678884434573,174.254377819015,176.74489962744428,1
175.7297722619172,113.6879015442112,114.07558880380351,115.339895010715,112.99762033073142,177.88601668506513,176.48814462052613,1
171.21509333670357,123.53630349368149,125.2961678653587,102.10481869531107,102.24797747183152,174.88568221232308,178.4918655906821,1
172.07618320741744,114.37631720741007,115.49585469578875,112.73058225476235,113.86601246852643,176.55740458167546,178.43788393904072,1
173.85134669478973,122.67580760825676,122.63004882447169,114.49742214297495,110.53042756928183,176.70663908355803,174.10967918070753,1
170.19367958082285,127.35584389939251,128.86284692911332,118.66802147727651,124.84080951084998,178.23575433465842,174.88891190765025,1
170.64029513442023,128.48450684871807,126.84745664355901,108.78985272241887,114.69626427294307,174.68542949307698,177.81064262453728,1
170.33149312062147,124.38176563125482,123.8220764834487,108.58850248267686,114.09827228889641,178.78096242870512,174.838282025865,1
173.27219211567723,112.55692527996584,115.73474537532665,117.99607550721149,116.68084723575588,177.5281001842171,176.28394303304435,1
171.23086745254187,120.87924953007382,119.52119904151186,95.52995860486939,95.16932279424418,174.38080955678646,180.09557114681223,1
170.68812146098247,115.00108668057038,112.0241658071373,117.84680695210473,123.75690981118214,178.5495174471628,175.0710278921455,1
169.4613772245178,110.73932751308331,110.87143630057875,111.22313862599997,113.6165749433588,178.2815502545889,179.65644412544984,1
172.24228619074472,120.77559456285817,123.22748348927783,120.8106654096042,117.77526826513007,177.31026894982796,179.0043285567191,1
171.68713125865267,122.47419215118792,122.48033985142948,97.22694856878877,99.67438479662691,177.80748573173642,176.26434579104065,1
171.8293991619396,114.85572360540084,114.59361060441015,114.70202654819299,111.54695997231326,176.78310777770844,179.338131135129,1
172.12162911211078,116.63081857789778,114.58845272592426,100.73683462297845,103.76487664369034,175.8488741951134,175.5523833032479,1
171.80129256141197,124.12996064030824,120.96358609112679,119.28559286611164,118.8213385270502,176.82466820917816,175.4481089663395,1
172.94723962026168,126.5181056268703,122.85899739746277,101.86899224249817,104.14504377460365,180.1182710484655,177.4087737245678,1
171.20561497761895,123.7944366017721,121.07557856437003,120.06725032117718,118.18325590363371,175.89842107401256,175.14338591046996,1
172.05917995991152,128.9813565466357,129.66215948154425,117.50142047661126,115.16412298127638,175.78484517113517,178.7517872481785,1
172.1695687935511,128.74902390371943,129.29798916821352,111.29567832100732,105.47894078018678,175.85813626519763,175.1450415482978,1
173.17262745480045,130.11696850917593,132.47071046816436,97.99296075236742,101.1537586631739,176.80481020510845,176.0501093779892,1
172.73194175270095,123.12823678862424,123.90228046895679,116.14354943017622,118.74792814865361,177.75722416650115,176.10721524604838,1
171.1441337602685,126.92419627208395,129.93139945857916,122.36866944611164,119.42964148056302,178.97084784518233,179.73685770112868,1
176.242235514209,116.88976324312577,116.78282173102828,122.67010053940456,117.5073613005213,177.5808449424523,174.50436943963038,1
173.58030498004015,130.64545023720447,129.58471741135145,103.27653310434314,106.04421769912699,177.03832037156104,176.8347856655687,1
170.46690251901128,123.09011127793458,121.9127243439195,106.25149544365314,108.68390379237054,175.76094072808996,177.4430635765599,1
172.7232510882952,129.22380673668167,131.65830497987008,101.32217203632206,99.36399113551781,175.62372467466713,177.28360252811353,1
172.31590560968687,121.96845805599395,122.25289970977667,124.04063523161554,130.88595321041547,178.44078111469952,177.33836009285764,1
173.3520121085617,134.0710453771281,131.83622766004294,115.01046178321319,111.90578583420609,178.2585257181326,179.2575635996871,1
173.0577665890116,123.89721870066806,121.66617969484302,118.75421706628383,123.3828919793265,176.6084954548701,178.54284366490668,1
173.1241097442729,124.58649280574643,122.53882226438566,115.56622652551523,109.78867097185702,175.37592502730712,176.94437790199177,1
171.71723113561356,124.57928941969179,125.06400981108362,123.19897833315312,129.61908925064768,176.1334347361555,174.45602411660371,1
172.42160945449803,131.28587417953344,132.2643406519747,119.88686665703753,123.02981370674264,174.21726383450556,176.89260750857983,1
171.71568949828105,124.87050518554341,122.57914402512014,111.11572553798212,114.81824587038815,177.57395272622094,176.82233013261674,1
175.65729552231193,134.76581318714696,136.11275416445645,128.89688885935556,130.58225549944586,175.55555301882515,177.92306699082718,1
175.61765127736444,124.07440322721419,124.69398238929068,128.19594942449925,129.74159738805352,178.64946089283788,177.92430275015982,1
176.1624451947699,131.03786978911316,131.48865335518204,123.74070262369287,123.92327590677284,174.36299711184932,175.1020858513676,1
172.59181324555652,132.70185233821684,134.57425742563777,115.20410708842097,114.30702572800176,179.4699657810667,177.22471503932468,1
175.56903145258434,134.32421856096258,136.08249993772714,134.3145181655948,132.6760882064405,175.5413704964254,178.80380257097048,1
174.38925385425335,127.2680973378608,130.49290331015166,131.89427640634244,131.4570099660234,177.9977567565329,177.99480885529655,1
175.79923169293195,137.57863019009267,135.91193548746293,138.1083354675877,139.98490379000802,177.28299993524195,176.22245494129186,1
174.87600677865058,138.4557109290417,137.9455373585289,130.3843950265751,131.52676025916577,176.68955668276615,177.43100700004305,1
174.455739498438,136.47063671266295,135.32223881186357,131.71302023080875,135.434793005297,179.92430691821144,177.3394159949369,1
175.92077470948257,140.5622294842934,143.16188606784272,128.4453747005883,130.71996919806085,175.86278486022647,176.80200016659055,1
174.77120813850863,131.92407405464226,131.91498053280705,127.11664334349678,133.73602756196715,175.13339182879105,176.809494962232,1
175.31008739079613,138.0993822628468,137.48738976315963,141.7745230329011,144.5619768500766,176.33905193539235,177.95679504111808,1
173.1119667713584,136.85034582235198,135.18119881685337,133.1269566124542,132.1128111670873,175.499309658882,175.65689339824462,1
175.35543771269874,143.7268761007018,140.65839043944192,144.82367202076176,144.93179844013932,176.98995715093298,178.92127873129533,1
177.52858530411604,143.41393824416403,145.5132992861902,135.7968551265964,133.50853723458522,175.87028579304226,176.8301070834264,1
175.08374177120623,140.1244739011495,141.20428211871683,136.02783751353675,137.717009868259,175.8581741311062,174.897832036485,1
174.68660641358701,141.90530286560377,143.90382426274724,138.36645424553808,137.27614163374724,177.55548082303568,175.9604524970995,1
175.060336567342,143.72510394911296,143.6513692998243,146.682802731695,148.40496100439123,176.54743981630298,177.91240136222936,1
174.45673130214666,139.34912874937044,138.7316731202982,150.1299138132267,151.5333240541453,177.69624043323157,175.97051422179163,1
173.73395511917852,147.7365548023241,150.3913558411872,147.8434341435828,151.18414490248205,175.2841974468763,179.8358924325095,1
175.42286718568812,146.46437174965695,147.99470291907036,145.98086582910284,144.88180610792244,176.65262608008098,174.35873977665392,1
173.6320739017207,149.80172370492548,148.38147514606084,150.1625893179077,148.77372401123208,176.0459310997587,176.64470669473545,1
176.94579837983932,143.16784105770714,146.35327858063516,146.34438628335377,146.8318946967018,176.00987858466547,179.55011815363264,1
177.96133236810707,150.390145147872,152.15593251497185,151.7911385724588,151.0286401847154,176.021944873344,178.96721290926186,1
173.12312641155256,143.40804960932422,145.61701980857185,152.67546659272617,146.43618494945244,175.07478379173048,178.34472298471533,1
176.65204490820562,150.2567950519572,148.86131313920936,156.16866219817373,152.6336763945782,176.61140917735693,177.15435033366757,1
174.81727248171566,149.75534670081942,149.254874546231,157.25780981984443,156.30106645900077,176.16734630658397,178.19166984030744,1
176.10726726074626,153.6514125498557,155.03355987848323,158.7968984315648,161.60682619036263,177.77170695790602,176.48638543851726,1
177.71646839532053,145.6122460034635,147.19958573483203,154.88159761542474,156.64749699728603,178.92384381385656,177.69187130337613,1
174.07393089442468,152.54617037810132,152.59741080777212,162.0692408995368,165.84726794351826,177.5075593795367,178.14347739593643,1
174.6939945436026,149.6247341176735,151.01505905661423,160.9213011426927,156.55256011676656,175.09191387609434,176.92155383535857,1
178.71733331466424,146.89839740848845,148.9257965679553,160.59777407481704,162.671233325502,176.36063570674872,175.64200102580813,1
177.68928448651056,152.0040127607387,152.210398231454,161.30321800890988,158.29525873065572,177.2300876389179,178.44208839943323,1
176.58248586012255,155.15476537708776,154.3320817620794,163.867566925312,160.2268358730558,177.12655467763787,176.46461801996915,1
176.13792190713812,150.75435104736832,151.2167927495101,162.64758123293382,166.45861735233515,178.12314327152575,176.6470161382,1
176.93302315457387,148.84783691047215,150.0932481629518,161.93222716008617,161.6951528697746,175.64053572323377,179.1313789495071,1
179.25186892976402,148.18450504343292,151.80007252652447,163.1133949365802,162.71277922773808,177.8424680574868,175.41028598937706,1
176.07797650146017,156.79014646119023,157.19164534183224,162.37822375465188,161.9708256107675,174.39596217676086,176.82664324962084,1
178.93667492428239,152.52309687383337,151.527888908631,165.74459378183718,168.06984454228152,178.19715323151635,177.95293550550994,1
178.13799902537053,157.38779912242615,159.26587190641473,165.8152954928221,168.91346462131597,178.71092909415765,176.3843364781353,1
175.37936772747221,155.32616829660407,153.91234480178886,163.31526335146816,165.11829320040664,178.50249888109673,175.66116814639832,1
177.61515995059577,155.55898034057572,152.31956473818616,169.96794233002785,170.95358461008186,176.47473107623537,177.53298424808986,1
174.97554856052963,158.37033640092375,156.62844337193496,165.38395402855974,168.26249657669166,176.16003165891732,175.5545187076201,1
177.00521965740043,151.63128486590844,153.21033903745368,166.80951047962864,167.30091492945343,177.04983965443935,175.14368970399804,1
177.73494558289465,157.54860242826896,159.05407798243047,168.1863627918137,165.62748281596353,177.50012894820372,175.46270420724966,1
174.04189986411527,154.19909592069192,157.41826190573883,168.825759845852,161.76502438395877,176.96999934777372,175.23330657929685,1
175.1128102831109,148.81886778531415,147.20440819099392,168.19593835375701,175.22290642906177,178.3796715391753,177.6889915440511,1
179.28823774980484,155.61664487108405,156.59724790123298,166.81210828779058,166.81974536444906,179.51682311396104,178.41095727203174,1
175.5973768074818,155.37306688588401,155.58224859737965,165.09099832075592,167.9049307380492,176.34935697343607,179.19856219288434,1
179.11876800476182,157.88139318438124,156.94242458930574,166.04222139899917,168.6077690515065,176.60770339273282,175.98993394209901,1
177.69367017026386,152.0979332167412,149.56702209829768,164.8439034035889,168.123586243235,177.55058113902382,176.8358473517532,1
180.42211847766018,149.9608654455346,153.5726973903189,170.08207509649387,170.98687530073974,174.9566689337951,176.4043395658605,1
176.649850662911,152.58300946652705,155.85839594327112,170.0963684726022,174.26806073862187,177.38667494706962,176.83370470605743,1
178.356389044718,153.77985604274488,152.6267977552014,165.21075767020707,162.2379975588582,177.0029988967043,179.48005221596614,1
176.57652853417258,158.5761383792378,155.76701353868833,165.91107041301603,172.43620487629173,178.36958927930144,179.16438387278382,1
175.57722597613247,159.34535387235732,162.13194111205593,163.79886707290606,168.3036849126692,176.33648083620403,178.2312235522831,1
175.75036662136733,157.56771508417876,159.52776761741143,167.55144170170647,169.67240640106962,178.96188079498978,175.8622586465365,1
176.69645829150298,149.81936019770149,150.14056124232542,165.80498056236436,164.50959967585936,178.75798618127803,177.27674221799,1
177.08158302632634,154.12001885411811,156.01745689795456,165.6745829833912,171.54795324061863,179.60646227059598,179.4071766680174,1
174.89374437644761,151.56314767133972,149.35431912390882,163.11072094760564,161.06276060199113,175.85665797951486,178.25475394978363,1
174.44325860612759,155.59918850983215,157.7321781388449,165.79621495904348,160.03951081697605,179.01110880613462,179.02728251992758,1
177.69348062744228,152.8265840187573,152.67514616799747,163.35691160051246,167.6663921329675,178.0276575689915,177.35773806491125,1
174.15981548546495,148.93735385803538,147.1644343428044,164.94161903843587,163.83793618190677,176.68311836720594,174.92420846087694,1
175.38287342573784,150.78866358986534,151.9492141447152,161.74697206335335,162.65413959192577,177.00000918033518,176.74308436993147,1
174.09157306166352,147.0561220340745,150.28819982459768,164.0685731625898,165.60355363993577,177.19509917308346,177.71506985891193,1
174.72058001271085,153.63600015179816,150.5333355829796,162.71625142236567,163.53595042430254,175.15926393864018,176.02046362813797,1
177.51436737120233,149.13829787553544,146.85771985624845,161.2531469301849,165.65429043349528,176.57575461627073,177.3388013014861,1
178.4014884147118,147.10471346174066,146.75335689425827,159.7656638567307,163.57298882196264,174.74327148941796,179.2901538564429,1
175.93163747399996,148.92941484986218,149.5313272438218,158.53920577948765,154.45181895194025,176.54679290803273,175.7333597664212,1
175.36751866184932,145.51847892947103,146.33877492603673,157.37004479876924,159.21091723445338,178.2889774159608,175.48263177215912,1
176.0324693997615,146.86322534271628,145.7720837639801,158.21033698789878,159.06386273984643,176.6638304784078,180.10675461477186,1
176.30118637591127,147.09114989494427,147.4409910373394,153.18327587472766,156.31171982865322,175.23942143387544,175.70020646820657,1
177.96494155669032,147.06868923096022,148.3798056166802,155.30221859466863,157.35333147261028,177.9224265545964,173.51752526356793,1
177.15420869167147,146.86487978818775,147.7091257560394,149.41397880053844,149.26812707814585,176.63586927750956,175.14289931603855,1
174.2247583201321,144.88519019720485,145.88251648856206,147.20647921645025,148.60952370700272,177.8917081615729,175.8994051234807,1
174.65507116219862,147.15226441581765,143.67629208357164,153.7398115755042,154.1208000310741,177.1396401493766,178.39243509133212,1
174.32364427510765,147.056039366754,148.7735210198543,149.72712294443267,148.07684207896617,177.38104483459955,176.75473201455625,1
173.50843207031951,142.43675183030243,144.415430431473,148.7278606629404,150.9891126725588,177.03677946760178,177.24616963858912,1
177.43728647678444,142.81109061094853,144.05851526178563,151.97348078401365,154.06857112695877,179.31109499980164,177.9985349200749,1
172.26846002779718,143.3874811184844,142.84712135579306,146.25375467817256,149.46449644395642,178.22074934796697,176.9025741703951,1
175.00689573232106,147.21174075181483,151.18140465665297,141.52849902053973,138.7121332822392,175.69763478473863,175.1331245290721,1
176.83970788451757,143.47710773736625,141.20319918382614,147.62784714355686,146.5492505410133,176.98285889183794,176.09560222505138,1
176.35975781378718,141.3127337687838,142.7363483066539,136.1031806845416,136.48873820130936,175.33985068451244,178.26913899619677,1
175.48682518907577,137.23725201168247,137.2292965178809,134.98895209241533,133.17372295009937,174.62118026931932,174.62528885378802,1
175.74107649223154,141.01279742972983,141.63400322794288,133.51724527586566,130.34939114833506,176.43095943406828,177.3696254132648,1
175.0793911267193,131.67885394921012,131.18912690345743,142.51736586517984,147.16447635335703,178.14721065975556,173.96146014824168,1
175.23864245517848,137.2703027223833,136.35039997310034,132.4750779856132,134.3669673689898,177.0286123251537,177.6077396199068,1
172.69340203464066,143.43692708981465,146.21964616387461,130.4166756021647,129.71291724519148,177.71660217560083,177.2456323552376,1
172.9514946935017,134.14306813115147,133.81938439456766,130.01442492153762,131.26400380105662,177.47214303675312,177.8839295740397,1
173.55814935836028,140.13921601488136,141.92598332001998,127.28435922436046,122.48633517370858,176.79690118687157,176.57172014410395,1
175.8010841297054,132.80497774034757,128.9427061450194,133.25636237799202,133.80299787663694,177.38120578672053,176.6490088773599,1
175.01395614136186,131.81199922989518,129.70142276758926,122.3255056030628,125.8340414259095,179.10355620082302,176.54474326349984,1
173.92163575273807,128.9024699544184,132.21184101433028,132.1134457888201,132.30706820104615,176.95008049597845,175.23604901736084,1
174.88304563723187,125.16673339489174,125.86208668127638,136.65766004530502,140.10508010655172,178.59378907684265,176.58473936299404,1
174.76785714599947,132.67612166021846,136.07469968848275,131.07540114075368,129.82482683878447,178.39248040240466,176.95744330506957,1
172.81516805568478,128.76613098084917,127.77919949011961,119.41818378717736,117.163732448286,178.2715232401356,177.812035981082,1
174.11818276338792,135.15394534874656,132.9131742390964,125.04965909879486,125.34410583520102,175.6291349966827,177.63364291604165,1
174.43973646773864,136.1674462396006,136.63236001722817,113.84030638389069,114.84008250694528,177.2542032396489,174.15205547598543,1
172.9300077788943,133.6973045270914,136.56032976144195,114.60175218263471,113.6590692506176,175.11837321625347,174.90999323410554,1
172.5673197302872,128.87247303806421,131.3100043153484,109.18277557006054,112.06591115109109,176.6843138305891,176.40704525646578,1
171.4279107678395,129.39047041444613,126.51591927480649,126.84265928537815,127.47728775671678,175.3904096101768,176.26788814769202,1
172.39779986843138,119.6331466240008,120.6526041984529,115.29703036856304,116.98257214058826,177.0950902335621,177.42415439805274,1
171.58470815431937,121.4135610578388,119.8814889673517,121.14168092404904,123.53720529341237,177.29460769370962,177.24191959559238,1
173.83510426083157,128.98362064119385,130.050233927844,118.11216301516016,116.45111407047455,174.92685953537654,177.95630157664485,1
171.37279312351723,115.54425824194294,118.86667491407705,124.40862795977866,125.31632698250569,179.6388424513186,177.14789648426793,1
171.8976983106245,119.13040785433638,121.93598857183858,113.62161610112184,115.05579614327914,176.09433414808953,177.5551475329612,1
171.2076556375298,131.11276621477003,130.4781722641537,118.94939074768031,124.41629458376713,175.71422365900636,176.6777194033585,1
170.439912347169,116.01444594760598,113.76734097404446,105.66049106322633,109.8355173636892,178.18530073634426,176.13667219122638,1
173.91900117416228,121.89623140564609,121.84689432545925,123.7344747509965,121.684776125028,176.6387193408522,178.19896957848127,1
172.0955856837432,119.76435231769399,116.33805219871276,107.97994701708484,109.08795818446485,178.40776945050837,176.06053769481434,1
174.95334440041515,119.49969234857556,122.29285313305458,108.72039907543228,108.60377807596207,175.48066266925778,175.86723687292562,1
170.22990108848384,126.78695472428805,127.67444683770219,97.89556064706014,93.65305995636287,178.52919774200504,177.00559987394655,1
172.9992841535484,115.36945659523019,119.22480905098574,115.18466743007798,117.08005563548987,175.87418274935843,178.427191704263,1
170.68354836345316,121.69402441102432,122.10372857573856,116.64252359176149,110.98244750103842,178.01466007193497,175.9136529538967,1
172.43224573217068,130.29360627476913,132.6264332829238,98.23003408817745,98.77434309329938,176.47350166113074,179.4801650763654,1
171.2313183911846,127.73478542430632,129.9437369523643,96.71745227158436,93.9218380516512,178.71225103535636,179.78789150608677,1
175.55101151823345,127.87034641696235,125.39820382402988,99.55786269621527,106.10212525202168,176.91045101989081,176.22932883664257,1
173.5041907483665,115.05303307223336,116.62906935377875,114.81485159448009,112.81757170941306,175.65850367012604,178.66089535295006,1
173.12979167423072,116.60152887276719,119.59770941972427,120.07185641225789,123.07900104392162,177.3236793718819,179.319035438633,1
172.34616977783432,121.30054921009956,122.32568581684397,109.90786510193008,109.06100909363568,175.63107729183253,174.707555014704,1
172.07773144913799,113.48420502925343,112.16439248103346,113.55404208678443,109.0395009053177,179.20735673072946,176.27609954335068,1
173.08596802577333,112.26927554176952,112.44908355698676,104.33111795875526,99.88603492584036,178.24152879950393,177.66750577404494,1
172.77193703658637,117.53508863831107,115.85614914859951,96.83694533764603,98.52010824958788,177.98349343498532,178.9661192828067,1
172.34201360575977,113.38132841497746,115.38418092127196,92.65870919514742,94.88046399788541,175.8091185415236,174.9484153846671,1
172.95192211887,121.95475492197122,126.87476663545625,98.55517752614374,97.36010691965558,178.62904596993852,177.08106316028244,1
170.71199895963696,112.8515218506043,115.36338484625249,119.94864395953907,117.09178501151749,179.48994656821623,176.41275032610235,1
173.32008710138854,118.25433586689675,116.27967320964547,119.47569057022027,116.11070796187911,177.84958764569848,175.54391682287044,1
171.0299604812623,122.58016962371153,121.60678993530627,90.63054930195601,95.03340412508233,176.32285696124603,179.27408273643275,1
169.35878213798622,122.44733263409846,123.54430845784465,107.55519247288771,103.88433078387057,178.0498971477846,176.44259667248986,1
171.49568396972347,128.38016477402172,124.85282358716411,117.7425797786585,114.67065131510591,174.462654779764,177.96181490582413,1
174.0602185313178,112.64593918489604,107.68017810287274,116.03779735797988,120.4648623642387,175.69991938240432,174.38518632624644,1
170.08895306045622,114.05223922668557,110.42141083445053,117.7490268744178,124.03702945738354,176.3046163992751,177.6899324566012,1
170.98131682619007,123.43890254245929,123.49416055174775,114.87508244299917,116.53876700555104,175.69395082108656,175.97975390409368,1
172.67480076023105,112.59383612649282,113.94118009901611,110.51427139070248,107.7756816825973,176.3075800192875,176.48101302300833,1
172.69772296251114,119.20950198013381,116.31204306247588,101.87852440021412,97.7516195758329,177.30536736532383,175.5757234697198,1
175.0806516954449,121.85665969693973,120.59832557360731,99.38119087218584,94.97022823582674,178.96651769210214,177.43838412020094,1
175.5784487360116,116.60351191943273,115.5695641492476,116.81959414400391,115.6110759236828,178.38802812484442,174.7774905283533,1
174.8525131414569,118.165668067948,119.17762960778722,112.89283395749851,111.18875308357397,176.05990991557675,178.66712944271333,1
174.4771053387678,114.04369700719538,114.39267585373385,98.91530505438688,99.30842306742835,178.43711523984481,176.6279092216545,1
172.23464620909618,117.86068892298553,119.42250957236506,118.42197898912119,125.2191698976147,177.18723725031927,178.54681663163367,1
174.25406298434424,131.81696790847306,130.9347160396287,110.3453406368473,115.28749652275694,177.4480035380797,177.38800410817947,1
175.46383537319542,118.5825503720482,118.8406329036414,115.95334138731145,112.60607761806243,178.38230175831052,177.75615724115994,1
173.74965305783516,116.52273403831649,117.90065708826717,113.6043478652507,111.70483098946247,177.75515701417865,175.74768669176166,1
175.00206229580778,127.51083076173923,125.81063092514545,121.99335096250739,118.37383711516927,176.55789890566092,175.9332129316086,1
173.57139418640057,119.45058731042884,123.24416437436768,110.23225515295013,109.23675254657526,178.13802076984416,177.1041124903032,1
175.72953073854376,127.95246396053639,127.17578344681081,128.92896738716013,128.74337916355543,174.84273078732676,176.67074283103122,1
170.84826831543793,123.66167850324817,126.25397717996185,125.10181106319791,126.63566828304637,176.83200557027652,178.2425277376373,1
172.21382271273953,128.63653184695704,124.83053505007842,120.75648192725117,121.63732081799361,177.71580852235508,178.23370204051957,1
174.1243189321716,134.35287360005904,134.4021043226342,125.60907909078445,125.88860089411855,175.67166495708844,177.01524570370304,1
174.20009118346943,128.51793368366984,124.49048448709725,126.67033758052447,124.78472465229342,176.67553976233418,176.10989315792153,1
172.80731218440488,129.07218271410014,130.10602044027988,115.21009605301072,111.62457493992999,176.5757132695714,176.7121307980757,1
175.98054147757122,129.04229231641807,127.44867630693763,120.95094457182974,123.30451187695627,176.0743324252604,177.40258142520685,1
171.68415078357316,131.36770635903565,136.4082544673081,126.97847875163296,122.28478111721216,177.86653206675913,176.57815354878153,1
175.41510711174394,133.4315413992336,131.64473094790316,122.32058776833894,118.27959010065055,179.41348062118223,179.33845532851433,1
174.41506264369656,132.91592216774092,133.61819959378127,127.60021723932955,133.190222059764,176.77283078422255,175.86829833700978,1
175.97971134802125,136.80533731007455,139.3855540260939,134.88412709863633,138.84811505243042,174.62226434549402,175.24654304359154,1
175.01652746838707,135.88563603841007,137.2016237840715,132.76571304123436,129.96737075192334,175.46939316184958,175.83761759967277,1
173.51868593820018,130.68945713666156,134.77803840032686,130.2307788821444,124.63376394420888,175.9677219776019,174.23442579588436,1
175.2277980728701,132.11160253415406,133.08098223605742,139.65087558151362,140.6130151897565,177.9292897329071,176.59369014830816,1
172.97933785918443,136.23393290945495,136.15747962191745,127.22095329023726,122.43361633198734,179.81036373611096,175.19099100759877,1
174.75314777760062,140.78033701949664,142.362211523772,135.40098265550486,138.6905038855731,177.43323336995405,176.21019656652393,1
177.240272366804,138.51364446566458,138.73693778445667,135.0354897930759,134.78127574688907,177.29803794034748,175.6928221784817,1
172.52334093178627,137.61063056203685,139.83345050882616,134.61947183797875,130.54381301879954,174.5470630172259,176.7966979156173,1
175.06028706966586,145.77021607880565,147.7239104904648,143.9116894203855,145.2932994857993,177.9331097726265,177.5945709022744,1
174.22378583959176,144.4958481891467,144.07115276241544,135.5276660798784,132.85120101124218,175.69367423424768,177.36331274496902,1
172.42616350803405,138.40275887505211,136.97172689403376,140.64426147578854,140.57151646290816,175.7001583581683,175.58533513517537,1
173.26396225859403,137.73348352325826,137.068519665607,148.87549853156588,148.1149734414758,177.97991978564866,176.4623773328768,1
176.38149323388964,144.43768879974263,143.1728050627,143.94226494142623,140.35756992505728,175.9978395154542,178.16180689181277,1
177.2668575288366,138.49674732016427,138.83007535704817,145.17173471977202,149.00143347658843,178.2738533518038,177.401773044059,1
177.47663230254926,145.81633095309263,143.48829532455775,147.5635033675432,147.77752455131693,176.58040735899567,177.25499151574292,1
177.25116707389105,145.2568405298346,146.82788933791903,147.28795296351777,148.4512741016706,178.12438670472346,178.38466612503575,1
176.35731053409512,143.00215490835984,143.34781927983758,150.7833239018619,152.01243110297483,177.34925292449904,177.44966170281086,1
174.46831013576133,144.12160283437908,145.2434552398649,147.09105148491074,150.39693419523155,175.03764392775952,176.10190690877525,1
175.25865867611688,146.11631649652614,142.83110545322822,149.4101389147393,145.34366771218606,175.0805080565891,175.85931394842288,1
175.63509585027626,142.89575269388828,144.5051790418518,149.1925581633816,150.72747235186606,175.72219334002284,174.7808042992241,1
173.45777712245666,148.0189425191118,145.80132150613807,158.17533708772697,155.94442354967657,179.12898162663237,174.53119331632152,1
177.49685747354292,148.12463116801663,146.49329414562672,160.68785393150816,158.21554083687133,175.264771725878,177.96201540298966,1
175.7343321329468,147.71207140960126,149.7793906918715,153.60566395027223,154.9693321882655,173.77369448958328,177.00551752765443,1
174.11921184367384,147.10302326971237,145.6856596944907,159.1458312616946,164.57539385741813,177.7607241892573,176.66947940141938,1
176.0613995218364,146.51906097056872,149.14700955537523,158.23977946225264,157.85576196863008,176.59812226770146,175.89927637120664,1
176.532657077589,147.9577970845531,147.36877232662147,162.20139641949865,160.59494666562128,178.55995439664633,175.75224597665363,1
177.32532890265253,152.8070694995657,153.6587684549398,163.30424675877097,160.24656467143805,175.96421731512092,178.3312399205883,1
177.3174875541368,154.2817893582024,151.37736228300895,160.5323686520567,157.8396829183245,178.9634860925523,178.39896140303196,1
178.1942995169375,147.06542433873577,146.93092480914376,161.10772693513724,163.82253522591617,176.75305915401594,177.74758731738117,1
178.54426310864437,154.50282274264228,154.56227291460476,163.08869155028393,164.9418470571232,175.78810307271195,176.39700450338643,1
175.38750515365405,150.40019333306154,154.52948919378176,163.58809436382268,168.19626639625403,175.7797567560594,177.1010096899845,1
178.65095180070466,154.17534369959895,153.20399341095563,163.93741327583234,164.50956349665518,175.30564382630732,177.34702743106064,1
174.84924328482123,157.32066421610804,158.93560673328142,166.48035209044264,164.08705094511438,177.1485674979949,176.22642945112923,1
176.54488948702306,153.1657594274218,151.82320968212935,167.32036818412487,167.52826675375348,179.76216390272685,176.67305024240179,1
178.53265556558023,150.34586317933807,151.34061487395286,164.7392220765976,164.45523655330948,174.57474671493105,176.86360699380813,1
177.93094116113355,155.96392519475734,154.4232371592652,166.91080788866125,162.82936141213983,176.09301890793864,179.77678787977572,1
178.7707368962508,158.79225638873038,157.12762260978172,166.24160260112154,170.65638119692218,178.88594974291345,177.92690415996475,1
178.75357376832125,153.71891289371368,154.30507638791698,167.410337534457,163.9208860933214,178.47910630262044,179.0059595587013,1
177.83980777103847,156.70265214546103,158.38064710395494,167.6956618538452,164.92468041881318,179.97345922231327,175.78319233507918,1
179.99435887022128,154.44217040110806,150.89062481446612,166.1771994753396,162.6607909874846,176.47321388008987,178.3816139895057,1
174.82356408740932,151.0055274234645,152.16534641542933,167.70316569725796,173.68736725148455,177.80765348427667,177.29388112431144,1
177.346921482932,158.20869281220374,153.4909222139442,168.52507821974598,169.1733233019534,178.41108606214456,179.64262891429675,1
176.0053448012285,156.43438978118786,159.06983611125037,166.99917904302683,164.3423631849004,176.374348324429,177.75996285187267,1
177.82610191800234,154.21017716291692,155.97956679585081,168.34967843424496,171.41099056432785,178.8715668204292,175.37465287862844,1
177.1051066573867,154.84444279672115,154.67425844351752,168.3072786725803,168.5114377165845,174.70979620993234,176.50538988991144,1
178.38868282928692,154.39337298949425,156.1499027066711,166.90497070983778,160.07282486601878,178.89045613557553,179.1740521859003,1
179.31325962772442,152.32253172807364,151.78636992231353,164.44899911710158,170.86342961944558,174.94595741853266,179.84844069842427,1
175.6293970478487,155.33670327776073,157.06678331330005,165.73155594909272,167.26262037496616,175.98588882555336,178.8031566475661,1
177.71049927726014,154.77529248493798,155.33501074145155,165.33539229024734,165.62909689334418,179.9807581930146,178.11686146658485,1
178.4117561052659,153.90986189374533,155.1853385830481,165.06015775288853,166.01013276966432,175.1587026729695,175.32151172546514,1
174.6153102258759,150.09176893156962,150.96062816538918,162.84671331671308,165.89756883394853,178.57934209158805,177.5605547334838,1
175.04279265909295,156.2996909584472,154.1338514749534,166.21697822783685,170.7332842791692,180.0710553429967,176.20780330711068,1
175.81069189901976,152.88517837180544,155.27327795907217,165.25981435765314,167.70284632219548,176.6926344469996,176.5672571396834,1
174.99055284390346,156.27669900923044,157.05891506670181,163.04313103005543,167.62876530722545,178.09923335592603,177.64399884832238,1
176.22981568128642,148.90205003985025,148.313728921766,164.79434053962294,169.5973890792456,179.74695726849228,179.71572473934586,1
177.142000314407,153.55465483066277,152.4186528398308,164.1640680297501,164.359722016045,176.74844911447653,176.87813976887398,1
176.22594199345374,155.14256248938565,156.62871914114268,164.41652533719264,160.3076556930642,175.34719641718735,178.09926965577986,1
175.38080210609638,148.16523406401447,150.6345011470338,161.3526952942559,161.1430874886222,176.05758270931662,177.98263954641038,1
175.2467207316194,155.04529948198703,152.4184190002531,164.18564369753034,159.00678016699894,177.77364376772147,176.489866154459,1
175.75863439528382,152.06969454850994,150.51390020722806,159.7459289087239,158.21410530995894,179.5227986974494,177.58340320503524,1
174.61844832549588,151.39683169579786,148.0650242000745,164.9655059643282,161.00770380591192,176.55063643509635,177.4428410302877,1
178.73352196632163,149.94718889972785,150.31155102109662,160.52817162043112,159.12676588321082,176.3589806739113,175.8014690628646,1
177.68332210785508,147.8901306922012,149.7952853425225,158.09505114989216,164.8949938911706,175.19662276223775,175.2356687958135,1
178.33345916786956,154.7003190949481,152.98632789613362,161.09152070213904,161.7381714989866,177.48018247311717,177.73100871154696,1
174.32494257319016,144.5131595640293,142.06191797186963,157.75043541744097,163.6610484510431,174.88663377658236,176.55384317474025,1
178.1858864570036,154.1934784356584,153.04097593614588,155.29533652497858,155.96083629786563,176.79919807118316,178.1033019603918,1
175.04406700949835,152.75735880909605,155.94574170861074,157.17650044889837,164.54264534261796,176.5242348127122,174.7955267764667,1
175.68747422046656,146.60082618847966,145.35804813795255,151.71926419201117,154.1900265114006,175.04191261970598,175.2841839429022,1
176.06651163956434,149.67444828678364,152.0185198502878,153.5896885337533,152.1281582133641,176.52670964022005,177.74964810071853,1
175.02407591851818,143.0771527332317,143.44968188635667,153.31269798297322,153.34784714420024,176.41304804347666,177.61402201600598,1
174.0009587969488,146.5066340755887,145.51041988853083,148.0999350205194,147.92347173364814,174.8389735213722,176.50813030518657,1
174.10359415341742,141.3820161836723,138.59943586902526,147.20208185643017,149.26736494921778,175.64579991183805,175.08343009179197,1
174.26215981609747,143.5553405045245,143.2357604761499,143.53657877541994,146.87208243965932,175.32513499112227,178.00541053448816,1
176.22375738252313,144.17649527391464,142.00002550917583,151.574214820468,149.67919081692955,175.50820686513936,177.8990404845692,1
172.75178937584639,143.82287742258438,146.07781298276396,142.5119900499001,147.69438222136787,177.6715744828372,179.2395444679625,1
174.40763779032355,137.78472341122614,135.31082290193459,147.99834500004062,150.8594049025996,174.85278332877442,178.7747068476938,1
177.06931419414298,144.19297458374234,144.92371378905793,143.71435086768727,146.31635369349036,178.84306970725248,175.26294981549952,1
174.50807719462097,137.58807761558106,137.84226894494464,143.80622375486777,144.48156337874855,177.97938891801928,174.4025257263804,1
174.35901295835166,139.49915591668332,140.10619382396828,143.32582594992795,143.93728635876354,176.3281974664469,178.7550826311878,1
174.90474081748155,137.82984551514497,141.79494012221812,140.3775878122472,139.88308369354198,177.3720844263578,176.25396509048412,1
174.51813571475964,133.26809122683025,133.14453461206747,135.76771613312837,138.80656747249407,176.93619703174275,177.73568993418525,1
177.3074156862789,139.90715444558342,139.56680631233786,133.51212393042448,137.421570599473,174.7339219750914,178.79447268103797,1
171.9897166528802,139.68147422085994,141.7519917300509,137.3195571924527,137.56447432939132,176.81232170447686,176.21361822778752,1
174.48510360433374,130.02497202520803,128.4269647736495,138.42158813867886,137.7083275742566,177.11269883635748,176.9780695264184,1
175.633219343813,132.6151144842937,130.82847417601457,134.41848689010936,138.21891310141845,179.71064663529143,179.2521125869369,1
175.86670249856624,134.8549794655746,136.07787473336026,131.16903870772427,131.87725727860047,176.97867500630971,175.54560970509098,1
174.6905373273327,129.75575130747848,127.26936126603614,132.87499067603488,136.43370314311937,176.47344187697155,177.69240385675764,1
174.08454188330145,136.7275622578575,137.13166700290876,136.7561192013449,141.5181253945451,175.9676499117185,174.65184869327234,1
175.06587080676636,126.36697087611104,131.34342055208782,126.4086322149543,121.75171193212894,177.7925728407455,179.86881321083501,1
174.40852942216534,131.7759851704816,133.57463525635026,118.67462609415307,114.40591117877948,178.6136722562677,174.6498770060566,1
175.36547197111545,136.81115016098437,134.54352229937965,134.81694699934386,139.10542371637976,175.10786089863345,174.3632128457653,1
174.89055376090195,127.02311114603877,131.53656923292755,133.21783348227524,136.82377890583024,178.97446908115148,178.9561540584477,1
174.59712617914505,131.5369955962748,133.72461084030266,130.69890561452763,131.5644711885809,178.53279897512192,176.0983378807756,1
176.2936060620925,124.55922292525999,122.45011880488481,123.1641218519282,121.55052710954863,176.56217585112404,175.12640100090218,1
172.5569937800492,122.59856652860748,125.71132064323149,128.62182211970605,132.08653043044927,177.1568277043154,175.41810874061537,1
174.4412017408707,128.57697789040063,131.82827872701012,111.2336127385137,110.52826231137914,178.48323063807715,180.36133650994964,1
174.32565427112644,122.69468438512237,121.63857814508853,112.99318475766141,110.77424673503474,178.89204013581093,176.6683006974421,1
174.13063690772762,130.56597989231355,125.50283142528791,106.91301179288963,110.7489992610574,176.3785987636958,176.4169786762637,1
173.3695593519449,119.72253006320214,122.08590458565729,106.82460387495044,104.87073752844123,175.65972214995398,176.20825650112965,1
172.84660866363257,118.24012653672202,118.58450885928774,122.02056236194689,124.77601057561094,178.23143425853002,174.16043444851795,1
175.58634259565687,130.2913452609835,127.37399456938218,122.74833539825396,121.93935140187858,175.92565406033862,177.59346026968387,1
174.9732869138576,117.3715431770944,114.35069615850878,107.80529426464017,111.30715900877297,176.8160241073809,178.6024928384168,1
171.56021972070073,125.97447319628506,125.72374825382123,106.39603880943658,107.98722463931684,178.1589376244388,177.5681048739523,1
174.76585690904432,117.77595080077617,119.26144553510142,115.27856654214321,116.04894360783577,175.6200188917375,177.04075575890846,1
173.19735091037077,118.13620025163797,115.84192118377831,116.0507689089488,120.50141618918482,175.45852536362176,175.46460405070934,1
175.08531275747063,122.84418480183581,118.93635693672239,120.77484213015605,118.33772758632232,179.21608799281995,176.87020322138213,1
173.7233728968039,127.3099697061865,124.82153934906273,106.54507596771248,109.06426895125472,175.7664980719839,177.59619996856514,1
174.981509362457,125.44632966955488,128.97599253202483,120.33859815313562,119.6954662556078,176.28330814254818,179.6088883513054,1
174.3778388589046,130.27587538931144,130.75525384254226,105.75137910645682,101.45240783300173,176.11360884927592,175.56481659583065,1
173.70799052619896,129.32648551488356,129.43565388200093,100.21219313412126,103.1478752562336,174.71484304291076,174.21632965418428,1
172.49711123780236,127.06545230396324,123.89741856497912,103.25208695957247,102.1867047166438,175.1554767943695,178.17769346116333,1
173.81588359557898,114.59045533919314,116.15049932357658,98.67309582851118,95.99489145557438,178.495729155136,177.61930749825183,1
175.2862271765102,123.21127792218049,122.5705925721094,95.43171355424658,90.46615007958809,177.71348060340904,177.38317552570393,1
173.95553074890887,122.80783187893921,121.74776226077279,91.81246778918421,90.38992780493477,177.74017917441122,176.8115494579373,1
175.3110277632522,122.40251201452462,122.31743204521264,106.35950207885492,101.48505780945229,175.91092932589544,177.60667893147567,1
170.86285223152817,120.25780363493554,120.96646348303533,93.00228367051074,98.00733942608603,176.47976129683033,179.92155373422955,1
173.35382257638008,122.70503096335158,118.99894399786979,110.25701967133313,111.46324553138948,175.7395637147693,174.3056145811947,1
173.2313887657651,125.28282651481945,122.13267585532031,104.64936953663089,101.6749721188858,175.5898681875495,179.50646137179726,1
175.19000381806526,130.4428539439375,131.3349733011832,117.52012886235094,113.9824453013733,176.97714353987655,178.45252468970497,1
174.89301372243347,121.26669097677082,120.26191568841612,97.988176590186,94.46009824865381,178.53898185696377,177.32483754586113,1
172.89367440954283,118.66519602250864,121.51621341210186,98.91416972385039,100.90917826175396,176.0696457924401,175.93626104504006,1
171.9488202023556,123.64145565434735,124.43562566622056,119.60305547355463,115.70853980896892,175.1743860017599,176.85571897573928,1
172.91964007995674,118.00235404698128,117.83220427511675,107.38800809000985,107.48361224327847,175.85683052453564,177.08055148922068,1
173.1420619254852,125.9136151028152,125.1862437360024,94.03580331207134,95.78226527716849,176.29909602652688,174.57813892514733,1
171.53834116674452,113.39575444192239,116.44141547437522,105.34028732224112,108.1973399071326,177.98036311146444,176.56564765531277,1
173.7815608030022,119.27983450123328,118.93949385903424,107.3245945961242,104.35165551750347,175.09409588897753,175.02184292690313,1
171.25422850637324,123.22749440315667,123.01399264030596,114.76778870881284,109.84497658435326,176.66625446699453,177.06892871375723,1
169.27916231748466,124.44481521844939,124.10087103043345,98.10732856273015,96.96827625603966,175.8192051077189,177.42974695911056,1
175.98113301618923,123.3687256367249,121.87105483921924,116.19463995520091,115.58359255274404,179.715285669857,177.81761791261746,1
174.19428831302966,123.24073375338438,123.18968502849947,95.14674872387171,92.62443680838135,174.77463008971603,177.10081876040897,1
171.65949472326878,114.2307399533544,118.6202886217129,100.62202128025858,99.51104177652007,178.16857349112288,176.3623668712023,1
174.28661583959993,115.44099322916993,116.68407641082597,99.01944492114015,100.3135696337566,175.19144081557005,176.78564772107106,1
173.9733307520303,121.76663580893346,121.88076276606014,119.17282458739714,122.2941870186595,176.33503217445096,175.9075618824909,1
171.20839730562673,131.53455219027182,128.68185144538796,105.64166727240382,105.32068827327193,175.1968466647716,177.2079041786446,1
174.0721310060344,123.90466827298124,123.53476372931081,103.21923944562752,109.02753751062941,177.9777178246553,176.83047863385022,1
172.0395562557015,125.99141277507559,123.31311933919808,103.24501856019586,99.80575470442103,176.53895812329486,174.88829810355827,1
172.36646134112917,119.03422622504327,121.25157628828384,105.56318947743728,105.44427035633471,175.9465899761234,175.06756239288688,1
173.44646112997188,120.6618749188669,121.10914725298692,107.71803483968691,104.43322125546551,178.53526180465457,176.7652834082671,1
171.48982795988383,120.19557009614479,117.8747788770445,123.8975551899341,125.5668789829885,177.51270225174812,175.651977123143,1
175.3526299679164,119.46787335947857,121.11183663836661,123.76049043591729,128.74972160086665,175.9858831239189,178.29725203982068,1
170.06761038523305,133.98972750525363,135.27964394545782,106.14003984161025,104.09749775519849,176.85893299326546,179.0540276667146,1
174.8695516016337,127.64075702034795,127.41618998387577,112.40911303853852,116.21501499810898,174.02361282447134,178.16495376537236,1
174.05919749158215,128.94479136296857,127.82088563652364,126.57320122396935,127.88329856228387,177.79141278277123,177.35499974623917,1
173.62111094629697,131.36586367169232,132.1379840430651,129.91632054568203,128.56562338305224,176.53003703949133,176.02022921341822,1
173.2018919648728,127.85239356812642,127.64565886552164,119.616016707085,124.24103280247517,175.95796637507232,178.91506253740224,1
174.40108434740733,128.27350278622214,127.6061820488217,129.4265134793114,132.79527840991184,177.6054884728823,178.33887066006375,1
174.44230054436315,132.03648657508245,129.18569644423258,119.12729639900256,120.98978480748589,178.11376858723366,176.35314669182083,1
173.6115050300976,130.84323059516376,131.679590845055,135.83329010440804,140.827758234583,177.584783933769,176.50393420863023,1
174.5241105267251,136.75884507767427,136.87579223472855,130.22172857028423,131.89148067289892,177.9655071005052,175.4690481626376,1
176.35889896757925,139.37362136199863,137.78194727019067,119.59948620188487,117.99323291550795,175.62607015180313,175.7390361062643,1
173.96441377778186,127.73570388446716,127.92305751532393,129.42401229556464,123.25786207686161,178.04093813241175,177.30751547447713,1
174.02033138950313,132.2243915342998,134.21302309702992,136.46107034677655,139.63398417562865,177.4322160399995,177.87377557274706,1
174.04875516323608,137.73198678444723,139.02960173550687,132.5676762916559,125.03222698886772,179.0520384053891,179.21723385932168,1
173.7732906931132,134.82608740921788,134.02645239933776,128.25968860296854,121.72866422629167,177.15898289329945,175.10281356020903,1
175.5757072039117,138.23666305480177,135.97916468518525,135.6824889281435,131.34557232418354,177.34838087310092,177.50034467738612,1
175.70300355934208,140.0241684616513,141.5512231627152,130.81153833114206,128.01784139864662,175.86273949186707,177.44428114198112,1
174.67063987020813,133.9108959703941,132.28098655401945,130.3360412831756,135.31290369733398,178.69773333197185,176.10726115142137,1
173.61562361063702,138.28063995133328,140.89841337091025,130.6975022982103,127.43965817290594,174.83674577284214,175.6840384802297,1
176.78742601990928,136.90559767898606,132.14930713681608,139.34339478696864,137.9152860859186,177.58114755366356,176.69484616643643,1
173.30913757200216,141.39722192744827,138.42204967075466,138.4304481872968,138.5084069055753,178.6979421728491,176.13619041366994,1
173.46039312715263,141.11305891655465,140.74115225589992,139.42403983036547,145.64766846367743,178.74536339707925,177.785295979043,1
173.68997580757573,142.76683248851373,143.9691946021284,142.18173220445382,148.06273496279204,175.68622142075097,179.16408385691022,1
175.46839466455,147.917990246425,143.6756512503303,141.48958712636676,142.40370485256562,177.2204357985583,176.5616107945648,1
174.3567952588252,144.11432580860313,145.3767711170738,150.08561553591326,146.83572398349168,178.9337335274291,177.46729262550883,1
176.70789108649217,142.65999611290172,143.44801148844758,148.2225706896133,154.99835605773933,176.68230794810268,177.5132058900986,1
175.7843543507588,143.11264728316283,144.84584415881656,148.52957074365492,147.82347832736158,175.3400535050112,176.90283027209185,1
176.69346009528644,146.47415158075356,147.94649782511914,152.54348362208555,151.15441661251197,177.08001945116504,176.0247225763714,1
174.96902026508795,143.14598216256894,144.3603718117991,153.23136531528047,153.23070938448163,175.4044892956416,174.4529355474383,1
176.49706040643431,144.03892197241012,146.23377304686636,154.13381479361001,151.32403727886162,175.78978933949102,175.953216338535,1
176.15469711018125,150.1406684713174,148.35601947864745,153.55525180445323,153.4247298515349,177.81114208421357,173.9739354686405,1
176.23517686325783,144.71621557992617,148.1357710704734,155.504535135135,160.78497969253996,178.88033357248824,174.00368202640348,1
174.70404704707013,153.914482246153,150.12947104374783,152.1919948567256,152.9282731264998,175.11672467119593,175.76189366785607,1
177.09194769595916,153.02773247334,153.1389650347235,156.2103804855956,156.8801910184646,177.75886236248124,178.88533169750386,1
175.01219378228734,153.58221341263186,154.00461506183274,157.0520813786577,155.70707167999808,177.90358910498858,176.40418604639413,1
174.41497192029763,153.32238773741156,153.03763794623754,159.82525365820086,165.15561753320574,175.86424427562451,175.85168921920763,1
179.07894763180144,148.35876701770553,146.9668151503879,159.51805618461168,158.72560760768445,176.73744109812984,175.41234191332805,1
176.32060213094124,150.8177236579135,150.8963573830658,156.7179476409884,161.42040891172496,177.0914022358576,178.4791980888619,1
175.2044408693931,156.45107305741863,157.14869292445167,162.294434268177,157.30941419970978,175.2277329350644,177.11375301332941,1
175.53585990218087,152.08608581124437,151.067191844266,161.34640986679204,158.20437366349427,176.01955549303847,176.57980191300837,1
175.29738577139122,152.07675979244644,153.88622749792538,165.06460485452604,166.94497890889804,174.63175136535472,176.59648285630385,1
174.16270486177626,149.4802875928506,152.09772839859014,163.17959966001942,163.33303856045805,178.00043455373532,178.26368107040025,1
174.46457102315864,150.04019907990917,149.24467135001157,162.25692478272146,160.08254866624821,178.6451930782496,178.5736646913962,1
175.85869108734315,148.98415002533778,150.94545170593685,165.01851722224302,165.4847629284189,179.12710684517126,177.1699976685649,1
175.88332059544547,158.15336351594945,157.57065084694563,166.599730565958,168.26426124194032,176.5700217567244,179.47677074485512,1
175.74385724833655,157.8432306653415,157.2625293216544,166.67257795040257,165.26643720278605,178.27620508871183,175.33919580579135,1
177.2955073197605,151.79701348676605,152.53202549194836,166.6817031655393,167.46588648312277,175.83728636990003,175.6343356309081,1
174.74567722064103,149.73261444884056,150.81266213183073,167.62662640747152,165.22177504134314,179.30638456203206,179.66731323187835,1
176.58503338925763,156.72285629425832,157.84572949373012,168.07775764706085,166.43359256988205,175.98454669543156,178.93601437878596,1
175.60302489198142,149.6466245391468,152.76726459070682,169.5565027197808,170.37370053883183,175.15914266022762,179.46457304639245,1
176.47236762794512,158.84468687941134,161.71088494999344,165.85250871491166,163.77499350906865,177.52248739629277,179.48787511133577,1
179.78657992868978,153.20649503656736,152.9213736275805,167.9762205044482,167.88732070081966,176.22524956743712,179.0075426619908,1
177.666098234844,156.22353661607406,156.95453183314584,167.91438181488434,165.1115705341857,174.59307515287608,175.4857497841337,1
179.81177361555768,159.2138317903749,158.90568312422366,171.30054867290656,164.73106343082748,177.7007760595015,175.5992045203022,1
175.53210229971813,153.978281828672,154.69339308662768,165.42502619443155,169.741414470065,179.11553110911998,176.18380472092204,1
177.54101026250615,151.35147580656326,151.76683952506778,169.2216072560612,167.93553227755834,176.7756643576734,176.25601767219501,1
176.50990021586605,151.2061106485166,151.75363787093232,166.4536635677843,168.43536336667498,175.08537155292672,179.11474356911387,1
176.93655625081186,156.537093172251,154.66215997196835,168.51499598550785,166.3760226588882,174.52186467915956,176.862171956019,1
173.65652739816957,151.14873098127455,151.73132856397626,167.5364484429753,173.7134632076822,175.38425013020253,176.6837057793325,1
178.64046363787952,155.7532908436556,153.2893392129734,168.8153944481116,171.14222338319345,175.37040536575498,175.66573789488766,1
177.05519515455157,153.94524513735783,152.74734573477716,163.49024763857523,168.80329499021587,179.27389469758614,174.88777680395032,1
177.0527423522722,158.56939208320628,157.09194314874603,167.39370217190867,169.29794038737322,174.36555253856858,176.55565288746587,1
179.0465096867582,153.13923511506212,150.98209906405,163.51557525333746,162.91742521922785,176.51836867509658,179.87360257036957,1
177.8162134830219,153.8610086915932,150.6819684826473,162.43880714219807,158.8325223606832,176.63799044653214,178.82788281876876,1
174.42854733532062,157.53095508459762,157.06726516047405,165.05780557658528,170.7416233132166,179.46448286281728,179.70715895221508,1
174.4924626526211,157.24388790281617,158.94746961933475,165.438569076884,167.1008145069101,174.26236536987068,176.8396289235239,1
178.01365336514493,151.7935094830112,153.09631038364353,165.1358619615988,160.94141666354102,177.29317429162623,176.42814140732773,1
178.86995339940347,150.4054691958107,149.06754805645127,165.97596275640535,164.03826956365603,178.83759212128578,177.309299672247,1
176.62084481917543,149.65890544761655,148.66984853086035,162.3041654960291,158.47355782204647,176.03473491463544,179.65339249841213,1
175.14703362951607,155.578616799595,152.6266357701967,161.66235064215098,164.22025649713134,177.42699465191748,175.58445164114735,1
177.39300819973985,147.38365189852226,148.51543862008432,160.02601666346558,156.13094525379836,175.5989904297572,177.3350798372826,1
178.5709579582888,154.50511324166467,156.28295745495953,160.08925226264788,159.006186547668,174.90070577489277,178.17220158701954,1
175.59668981819829,147.67697463010785,150.24452643677856,162.95903291782997,168.68587685304115,179.98189624067422,178.3012980770335,1
174.12325677050086,154.88323600839357,157.04827546959913,157.69640329678174,158.5140993148567,177.05929224498388,176.4844657532053,1
176.9540727104498,149.03771034797327,148.85416464630873,159.70445685008184,158.62382086953767,176.70542944195208,174.96037632430938,1
174.41353048357058,151.77158845044082,151.74566588842413,155.50057092598266,151.70304500970616,177.90387401366414,177.61434819079057,1
177.08642883449258,148.6774392891652,145.79851865527374,158.93199422799827,164.19309819654725,176.7000220449651,176.10558875228713,1
174.45615107169152,151.60897395431192,151.16008304459197,156.5210214333617,153.49253514550315,177.3771825401404,176.99262905943743,1
178.2333239865168,146.00373968079376,142.19017199687445,153.18617692542244,151.1238850996861,174.5355109620165,176.18429149797265,1
175.95083527267113,144.74382653670256,147.30063083126495,155.94105461532908,161.84770209187187,177.35513428811913,178.61193186066316,1
178.8836994301871,147.26819556672604,146.8319626900141,149.36339761481378,146.59671195834113,176.4958034711616,177.70156738338213,1
174.29604842893244,146.85179382156022,149.86491798204307,146.83210949314255,148.68344774668427,174.3224058778732,176.30828141562515,1
176.2598336386939,144.1344497377201,142.0625383154884,152.5112334968417,154.93148567037017,177.18419063052087,177.7952255114627,1
177.02758210976208,144.4674982724541,144.55904314135663,147.35476073927722,145.57372720085667,176.61595085356757,177.93294782875117,1
176.75424674797588,145.60741072289164,148.1909640229991,146.02125541207744,151.46181750927497,175.32566623058727,176.95012428022866,1
176.42885910576004,144.34206174954957,145.0407973204285,148.77818377598473,151.289248951222,175.22830410658432,177.0140923568009,1
175.72360685897664,138.71850044074074,143.22311589604024,144.70815700692583,145.12125898472044,177.09250062108558,176.07966783104334,1
175.6664196582232,135.30236401468787,137.68886570868418,142.55181217418925,139.14887088722352,176.6814517153249,177.86117857958791,1
175.12789197173436,140.02026557091355,141.9643822140138,136.4395329657508,136.77095303924614,176.14270787889555,177.4437756869839,1
172.61152159779928,136.82823597880338,134.7094458694506,136.20098475431968,136.42902172390995,176.58630583216527,175.16125032859057,1
175.9356461550955,135.57910191467985,137.70499916207115,131.1347595064283,138.5518428043283,176.6075592830174,178.25792285208388,1
176.6788444634054,145.58189364162615,143.28068925520355,140.52416096793303,140.17455656836373,176.220382252666,176.70403814193497,1
175.73059169970813,138.78041033186057,141.37735578772887,139.3715701537528,134.46176612964308,179.5179477183452,177.4336619068733,1
174.7903897370657,132.67053820707008,132.40691983149526,127.16464845808603,128.65568841200954,179.2924176555647,175.93629461491358,1
174.68046458281904,132.45205239061744,133.62099552985103,130.96975877103586,134.7569876124844,174.72853894909113,175.8492702593935,1
176.84802388581335,133.17978669060815,135.57956391670382,132.80256794154172,137.14235236059702,177.52634891934684,174.33177629387225,1
172.18505413393586,131.63740314025927,135.19242113773214,124.83354578049668,121.32295149613485,175.9464838801405,176.60821874923712,1
173.37563184020274,135.84944405695427,134.2460951007927,123.7991864093367,121.74391266928424,176.16685245734098,177.0123007206977,1
172.73891854768254,131.55256968222793,127.83157395296692,128.85530023811614,127.6616720696705,177.86785666572806,177.4267852529336,1
175.12635851406966,126.31727537201986,128.66351114641955,119.52642629853979,116.45204370931039,176.05025853101225,175.31635429540887,1
173.10770161202845,135.2764603049135,138.2107501426117,118.92712431757344,111.6289074746611,177.47149375850537,174.80866659606477,1
173.37943016083483,128.81065521923563,132.5198523182379,120.60269624103081,116.04038654551593,177.23000370539,175.7736231504881,1
172.36315898909936,126.41546701208738,128.5736634387641,113.7546970732316,121.11730967385364,175.78830816120197,175.83699619978518,1
173.66217648302654,134.22931460121734,132.50423866179838,124.94740873695577,130.05733399944125,177.52984881768984,175.58502801122106,1
173.2564768490933,129.7103695223833,129.858481129784,113.19337382532835,114.56982532558534,178.1680192160173,177.70932081566608,1
176.25868235931222,124.74948105364201,127.97282566675419,112.59425700613264,112.21162917645566,179.63205878133633,178.02001665425826,1
174.66426719770814,132.86534437853138,130.42666495514896,120.55687801256913,126.29625873484747,178.09171589231136,174.6350994919903,1
172.2744668513705,127.83427858104791,128.10518854921156,111.01700324131855,108.42549615488902,174.83357093756393,175.74125936646203,1
175.50729800331098,131.60734608083973,132.32708061952485,123.28609222817374,125.95509960109345,176.10168738601016,175.56228439549326,1
172.15706727872438,129.07789551274976,131.33499190071336,105.0718518898601,101.62510238477378,176.26064094303754,173.9149053949591,1
174.0292436882266,129.49809342459733,130.8499886911691,104.21176053196572,105.68953995339211,176.02605552350087,176.0667946317312,1
176.07173122456575,123.47040235840319,124.37105607392112,122.9337599234557,119.45585283673309,178.01856132316033,179.39302581141624,1
172.14825782537088,118.25025499403439,120.8649732128802,110.70468772264839,111.93596317809619,176.45747436461417,176.21165962070165,1
173.56562452874627,121.94516701598849,119.9766237598415,111.92855337184749,113.7204658440095,174.2820430466834,177.95482525008032,1
174.2930373884783,122.19103275005777,123.45789519971446,103.49155643932542,102.97197931242566,178.76196836161958,174.32803983426683,1
172.16706775221698,124.99202955159272,127.14957217822372,117.24520996116345,112.14435258640675,177.96503964375407,174.77575382046516,1
173.40912529609147,122.15057872329486,123.41798968600246,100.75386246786343,96.01626463774201,177.50722929195905,176.51774765263153,1
171.32868976318966,122.27086244816384,124.38479474381668,116.11451550070238,122.1174395150467,176.38983234650482,177.27377650100843,1
172.56232418899145,116.37579040832624,114.79860755251745,109.56872664516445,106.91019123832235,176.19279690657703,175.87702416381973,1
172.02625251934253,115.29793594581773,111.52499081930412,105.6003657655344,107.29779564377489,177.63880623640873,176.06898359739748,1
171.98871361989757,117.21143270177859,114.44611934990854,112.9852211340713,106.44377616914981,178.5100854289128,174.7308474716312,1
171.70174855042282,110.57900659873071,114.93094929721354,107.05011099204275,111.3347356371082,176.73078434994315,178.4204808833802,1
170.7668549734425,127.69812477245246,128.69635097056215,94.51106740399072,89.54714335363285,177.66746038416377,174.58987876800813,1
174.49137826388554,115.02302747000095,114.43189088146758,110.64859902312568,105.69743313744222,176.50196609230255,174.8986819983338,1
170.8985698639013,121.35004347722953,123.06182422006657,101.07625856046641,101.34920729870413,176.3968325446894,176.62221207644086,1
171.46663753900535,128.01448304651848,128.20670334950103,110.8406074669877,115.8989672992126,177.6288927040548,178.6867401482655,1
171.76188799411372,111.8065129563552,109.72500620910338,109.37544610842401,112.40883119570032,176.57368690173436,178.16131440072778,1
173.53541900816967,117.469846513565,118.45218070467355,120.84958388747094,119.92629711917702,177.2698343309985,176.7091049054061,1
171.62233095543363,130.34898511878083,128.22521256974977,97.9532196710466,98.53489578088677,178.28133272630424,176.31999634966292,1
170.02093966821369,116.99113404833417,114.89660672060933,100.82075899477861,95.89490885053706,178.70471595648385,175.5317055071004,1
172.46283679467837,113.09270549980572,113.5338662174614,91.91940577741597,92.27818125199265,178.03828137298436,177.74808386132256,1
169.78803178767444,126.68874741633807,130.08182187050576,104.60765359648133,108.41512065308208,177.28022981628746,178.56061153443179,1
172.65523222679374,116.35313603506981,117.13958481769292,92.28215564899463,91.71203674428637,178.0727180670548,179.1586708399604,1
175.07702638320657,121.82919562159086,118.82588652732048,92.12481702409445,91.39018696508874,176.79779377569506,177.78591774834115,1
171.81456072679077,125.72303366284491,124.7746987507986,95.25192967457522,96.57651296901761,177.7998662141103,178.46279659628587,1
170.9827848156938,110.26181929622098,111.57878973179145,95.30638650108999,92.09888141120018,175.17945751376067,177.78760602856045,1
174.17513705581217,120.30939645640865,118.39743668430438,118.9880013609076,115.2650149711578,175.0743639577838,175.25293563778857,1
170.02716477884388,114.7765051774514,113.27239976481832,113.35775691359056,116.13680614436866,177.85782315702414,175.15909590680582,1
174.69440172164875,123.90270902427635,125.48487315189223,121.04299974067433,120.89328659573741,175.2933058947924,176.7613206107147,1
169.79019107765455,115.31473105838043,114.90718332431871,105.93338542372689,107.62503536741946,178.94977885913926,176.76243097620946,1
170.88151719886727,122.46924078079769,118.15698701555203,108.82652552734096,103.87108287439332,177.62522497743095,176.5934566440254,1
174.13548581233687,123.7557643960152,123.95727598868986,101.46051829075847,97.44616241821436,174.04882618516945,176.00217055985084,1
173.0394430530879,126.01938275481368,125.51303107917985,109.73582165034667,114.56374080031003,177.8211467062248,177.5984406758005,1
170.02726590712905,131.08566425700653,132.27191818367592,106.15646373388928,101.59600870163901,178.1268881493032,176.57631302519567,1
172.0607610688824,122.29937290682192,121.21383879798196,124.47239530440284,121.65264449863074,177.05550586545758,176.4128204827273,1
172.2937665810092,126.55742661928547,126.72110850684119,107.63717734176208,107.1481626700588,177.33991982137528,178.79836251722398,1
170.27823163175876,115.68066993361944,120.08863655409125,111.99466794261757,113.88076458676555,174.084185674504,176.4961423571928,1
176.11660262835355,122.15929773729856,123.03308879282301,123.35110704543185,129.66374667000562,177.11752294612924,177.77243571910427,1
172.56083885473532,116.9188441630885,117.96654980702743,105.62253164961908,105.28130485812886,176.23825994900872,178.38307970608335,1
176.100600702428,129.51614854967684,126.02105659141147,115.56472543606168,117.32550522746732,177.2801042832942,175.78276479962864,1
173.1417126055529,122.71192539003734,123.7860500909868,111.7131354241599,112.9541460734082,175.26650354572683,176.32990620373164,1
171.60455471016542,123.01279650049723,122.1769394490126,107.52007676601671,104.90775259093773,175.6465044568517,177.61750496979906,1
176.4499859204382,122.7289121677811,121.3667126697153,117.78727468319784,116.24045806190348,178.2886010406258,178.48343077294507,1
172.6310526921206,119.18479786353525,118.28191042624296,126.74424211820322,126.46882743289326,175.59973797661212,176.8852400554909,1
172.93518710284843,131.1547232170957,136.06144753809176,119.05139994532645,123.02092354764943,178.09874350305859,179.88247408449422,1
175.11408281052596,134.5757056573981,136.4884451790776,120.48043440133816,122.11344452323075,176.99382297543087,176.61023929549336,1
172.93310361726247,123.22759982340382,123.3614792179227,120.64955893207966,125.65585323660181,178.2198447637636,178.5138303928262,1
174.42196656461698,124.93968930333885,125.72223080086441,116.28542182496034,115.535212190301,177.0728341497909,177.59498841014926,1
174.41143214816623,134.54904296788905,137.8630134797825,126.91207498564721,121.80483783605477,176.1997612745029,177.3538157404072,1
172.5473145263738,130.86415722088356,132.6444973368023,119.3063593232634,119.04534624269301,176.48102338487448,179.65976050735577,1
173.18001207240556,130.50532102152022,130.16591107154272,122.77984412433024,125.87393194900723,178.1337692410043,176.9938103619346,1
172.1954526184261,134.14867230711084,133.01322354178336,138.81955582214187,135.6395406573894,177.7444653628004,174.35896448637843,1
173.25837887346978,127.6765285743571,124.10481860083704,128.48675239961239,132.9276530818164,176.86652337964753,177.08488664213138,1
171.627156516989,131.09508190711074,128.49516834716192,123.88353165348101,126.2914077182539,176.95703967072973,175.96410982094667,1
174.89989110988492,132.5562008100523,129.85254941789833,124.62111959966818,129.65082322712615,178.17674064647034,177.32358933957286,1
175.9659436653723,132.73845691866492,135.63562436831302,126.41863269411348,131.0075410287306,177.5741983460326,174.64818369920462,1
174.71050446264798,135.49344308030527,132.97085437722637,137.9735782759622,134.3691481875454,174.49972763779687,176.46708261743066,1
174.608906978603,142.2839654845765,142.85184392955048,134.04005470613288,135.85744193550147,179.02314660601994,177.63348249555654,1
173.48614714730806,139.17633344894892,140.65724545269856,142.67480877874996,149.5135885422481,178.40687889860908,177.8052308633713,1
177.60666323475834,131.71559380495594,132.4386623150373,141.46475668404048,140.40503911829794,176.11528538967232,176.72228758080203,1
173.08165013058635,141.5912766050243,140.22604713493658,139.62748929013506,135.69271965010515,175.82024104485464,174.77213524411675,1
172.87292110874287,138.0716607019517,136.99361391213802,138.4212348836373,142.32279878283072,179.61274888082852,174.3776854850137,1
174.0578577309496,138.5435632978159,140.61192507829261,139.46079986185794,134.47357444350098,177.14017659733503,176.70782164193935,1
176.961608811636,144.93576503880493,144.40940906613747,144.1489154624552,143.5573041379872,175.6274387831103,176.40377636331303,1
174.28060948819598,146.7741438937334,150.45268839631092,146.1199434860954,150.7871950422075,173.82299296898364,178.46787025229926,1
176.26674432189918,137.08610916249424,141.63659530988946,145.08279601638358,147.08837308606857,179.83463658102858,175.97752139028393,1
175.96191565225186,147.60992390828324,146.36544955729912,149.18585617161472,148.5852106278678,177.93473253972883,176.5617473426877,1
176.43813603778088,148.1793686846773,148.86393691203753,147.06229849214108,153.43746993421163,175.96578025384565,179.33368753436872,1
176.75625530301988,144.0390435856421,145.120561140994,150.92068797736047,155.80663378321532,178.68569929179176,175.78389575942052,1
173.5131443321563,145.00306727342797,144.9403178284342,147.4568962505394,144.67785012362177,175.44826805492505,174.96139424256876,1
174.47927324265424,143.8345305992084,145.2064375341248,155.2925880362264,153.0165687566244,174.46694307176912,177.272944543139,1
177.91909251911434,147.94371452829702,144.5991963178642,155.23666430606877,153.47386208115685,179.55902314663587,176.7144176442914,1
176.23848151715333,147.2655545443611,146.56066807649086,154.30360718819801,153.58679023281087,177.90268872377885,175.80750353463142,1
175.61515364942272,147.45521840733934,148.03765102617626,161.38868221896809,159.21191990408693,177.0076640509163,176.53327702779643,1
178.05989151038153,149.6161117340518,148.90107811467243,155.331259399388,151.27118078731107,174.76355963299457,176.14965692264533,1
174.74715345811586,148.17420669143786,151.25013829651684,157.35066053641262,157.72225434733485,178.63802506911975,178.59616669014062,1
175.9662603545456,155.47097613313306,153.23714119012112,159.0049491804678,157.30529352127152,177.53710757218604,175.86426874962171,1
177.05330910991188,149.06317886548152,149.65608192891693,158.56569879057932,159.64287987220405,179.30249074929685,177.3988045616317,1
177.63298862020022,148.79417797240956,150.04350147382738,161.8832668791526,164.23203812809993,178.025836030405,178.24364941488432,1
177.89299568218814,148.6039339695619,146.78317326551954,161.72734397395524,160.41253831058359,179.70250431223937,177.43270810924514,1
176.26807999871457,149.50744699894864,150.44330613897554,164.94931222543488,166.5273336312475,175.85916274442855,175.40124757297028,1
177.2524949033934,146.14138208838952,145.7960030601602,164.90315412568185,158.54495313861352,176.70530992922752,175.0640744657812,1
178.05815390070856,149.91321437972144,152.72633402558105,162.27908195107912,161.61065253996549,175.4145524601399,177.65688800450093,1
177.17707436854226,155.29209183872118,159.0151521784911,164.22880712203815,162.10079605255353,179.55901025491164,175.77160680998034,1
178.6536606892677,156.6455543034895,158.28410788950012,164.1789504674976,168.63076889062089,179.17257824099445,176.9383661528826,1
176.30693707599832,153.805483375402,154.2216562602421,165.59078299780185,170.59870837941196,174.65043469556963,177.3045889705325,1
179.00271580920992,154.0960678980539,153.02660219043833,163.96890771420817,158.41783751091248,175.62964940909123,175.58358942829457,1
179.0295178653679,154.31764060425812,150.23995790060027,165.67178122442726,159.82778823326504,179.90598723709022,175.63945815019068,1
176.13380384511177,156.40356108304667,154.98701734083474,166.1891364974451,171.22188363486237,177.18052942870236,174.82525665403108,1
177.6334423800986,158.53210898511566,158.45472790259944,165.04350171442164,169.39425904091885,176.66854803341465,177.39869844521974,1
176.06384086819264,157.35917540956808,155.71327176419925,169.2355796212019,166.90636740634972,176.94407879144475,177.15853968305981,1
178.08417230774805,160.37152445661357,157.49055696745455,165.81838309231657,169.96237306452468,177.67722679494892,176.61463933177671,1
176.6548371516674,155.07583452185747,154.6900591682516,169.20938617896098,170.66020768422538,177.20191183156555,178.17036314928583,1
178.72168444026497,159.05334070047402,156.38774783027878,170.20457901646756,167.36574565377163,177.49280367789143,176.79781533470629,1
175.30148336536652,149.38070465471043,151.60285026456057,169.53023397818066,168.90109269038592,178.05343506489695,178.75166844510497,1
179.86042663850102,152.44589732592289,152.56212319773553,166.06736815424844,162.2973755613404,178.7153317432669,174.99752291061546,1
178.29256386987947,157.87623903105793,157.03901779010414,167.90210252090594,164.83047003303702,176.99890863888464,174.46790829034867,1
175.9095797236013,157.77479887258545,156.03004025697194,170.13088490860167,171.14662960701915,176.4770744081983,179.1655423104421,1
178.30805075748344,150.02675676050953,154.13430864492307,167.74085854868562,165.62741197758052,175.1540658641507,176.31039051919666,1
175.9589655028388,153.3080219666484,155.0760726095512,167.15261244793396,168.81772411311871,178.39030238973507,177.86282802926806,1
178.01091431118041,155.64341358350717,153.6169821518524,165.6756935559268,169.29579304369238,177.75978073969532,177.25180596523228,1
178.44046516655376,154.880978907472,155.7693491448637,165.49517409863833,159.07332614645642,176.67819488675903,180.41079989871295,1
174.05563419346882,149.39905810087544,151.47450314169598,168.70381510682398,164.90806293239083,177.8694306024192,174.9692751009472,1
176.23675040807427,151.92733585457563,156.0298684877622,167.68417747247236,171.15332872256926,178.21080603790028,177.28389098502188,1
179.5602448412793,159.08079944305734,157.05848616591712,164.41425860864388,159.66760012696804,178.6472724069287,175.8510083053616,1
174.16013850477532,152.9145271545997,149.84673789819337,167.16811055828606,169.93933276223885,178.03631176474818,177.74543805367472,1
179.0310512112942,155.67507240450462,151.89957517246404,161.17123134907445,159.275810627767,174.62883645574678,179.26846992721548,1
176.109310150774,151.01892323961536,149.50045652191872,165.28376055407162,164.5862109282243,178.49781250916448,177.3639648748748,1
173.61596868020933,154.29239427769588,152.38917198776306,162.7509645143917,165.9918471871455,178.173588727161,175.20252507701986,1
176.2112736398311,154.81945135914333,154.83013138066843,159.05854980608436,155.34460337152515,179.24587022103665,179.22859131142397,1
175.75266587821028,148.9474054241671,148.26165566608069,160.58244909358046,166.49322832742376,176.90361816838612,175.7930848023314,1
176.99958390782427,154.6454761785913,155.47757834708807,158.5467426270825,156.98481081665003,177.5243558397171,176.26341969586767,1
176.29570223242578,154.29670327426757,153.98643153739965,155.68375437798682,155.62482329615338,175.41516855635976,177.75816037312146,1
176.8499590702873,150.14506643647655,148.2347018030361,157.04347512743203,150.5309429427556,178.07649802289993,176.71962043404326,1
175.15876016012575,151.5057955740721,150.92990798030047,160.0078568886295,157.58747643334243,179.9210316168909,176.0964388644637,1
176.47185382381966,145.02422179508906,142.39020205771848,154.94317912556932,162.04688255776722,176.86871147818803,176.2107365499598,1
175.34508428480376,148.97872751658636,152.06342667404394,153.29692791381945,157.15583627488874,177.62609906256128,176.49620162925814,1
177.20542693588314,149.7352135225751,147.61284371491794,153.1608659117193,158.22102398763226,176.556872489387,177.38987266575901,1
174.57804381003223,151.76652289068934,150.46206775828523,153.16335649120717,153.84630097326897,177.86670358929845,177.36141318189544,1
173.32226164883713,144.71146910665746,146.05457456759402,154.15894349836296,156.55590305505345,177.2191067324107,177.36399537378605,1
176.0528701947358,144.84370958409437,144.89740946636562,152.55321379014347,152.02479989158655,177.1297830638619,175.85473436555023,1
176.06429070610318,148.74162833086208,147.11980395316124,148.01412250617284,142.62413451730296,175.88050237387841,177.57350912819146,1
175.7099830811113,145.5026962697042,145.45810802847836,144.9785552158634,138.97803194633462,176.82094627479665,175.94948670494315,1
176.49833347601722,150.0085829887707,149.80097301304713,142.9988975331604,138.45772798336068,176.56405406778103,175.88184888174115,1
175.74179866053402,143.4113533485208,144.32390331476014,147.20915216384228,143.37303776826266,177.68743253446254,176.4189359645734,1
174.84045235943674,141.03594835564715,142.45809904828775,149.05859297585943,147.83047253096075,174.87280240234097,177.16661014072477,1
176.3655609327335,140.91093682951276,138.07032381613294,139.01921679860263,145.10326455600324,177.54617574787534,177.01446988305466,1
176.212482428854,134.94481708791307,138.4287464148702,144.57244982925545,148.89445032717103,177.64096290733823,178.35671071932555,1
172.85678325957522,143.81668822356332,141.0352302104483,140.58812906448466,139.29384847589589,178.89801205302828,179.0595101704044,1
176.0599942822046,142.18264303218737,143.62470891962505,144.91016415619498,140.87380798837987,178.05443190910808,176.11808882064565,1
175.56988932795193,135.91176340052482,135.56154075198106,145.8801105632516,143.42467257578807,177.44259857236312,180.08238403117144,1
176.26003202586418,145.51909670010568,143.5046656662428,135.8056501955437,141.76216751404533,173.76252288389531,174.3648977403768,1
173.4667637210996,138.75880598554235,138.74259372929365,140.5698892136479,138.7566475771686,176.9810730880595,175.65925413782614,1
174.48026418934924,139.6019402357146,139.79519692325073,137.33319593893415,137.02409417207357,179.59104071338737,177.42587217922937,1
175.49578790504995,138.73752467904006,140.5846131601348,139.1528068035515,135.21672425871978,176.85940963374514,176.6000543033091,1
172.9272464562559,128.46986775789014,131.03576268209548,127.59788058026786,125.13774210867184,176.16871308754577,178.79133811561812,1
173.99736828303026,140.64079003025446,145.38002415778234,125.92670755242807,125.03472675176549,176.17528214609902,174.73360814485707,1
171.0889515440768,139.8464148297861,137.28927974250743,123.80439321610227,120.11047946595308,175.7208650822835,176.60239133060708,1
171.00836794054499,130.67231940464708,130.24749187962377,128.29171020317187,122.7490925357709,177.1276399828387,176.9442874364646,1
171.82967919738311,133.39385029140763,133.5710169722179,131.01262260470205,133.45936497931612,176.07064109183244,174.8353108959058,1
175.66430119442455,131.49525074819994,134.0651930674778,124.60989442563421,127.78260136725032,178.05881803412836,176.15536851896533,1
174.49289621375593,134.53450149936558,135.67069689244167,134.95444120044203,135.0598594875326,176.35158897282957,176.6249538818919,1
175.88624673094702,125.94960279296191,129.97337057870735,121.34971990370683,121.64081652014218,179.26652829970652,174.22966148042568,1
174.17807496079251,131.27372539520394,128.65053302265864,113.05503367541556,113.19705901782488,178.0818771792248,179.24422013882324,1
173.7385583960454,130.15334448128874,129.28041720033707,132.4888879162365,135.33982073288476,175.61192939498963,179.26335171858648,1
172.09914582446012,125.49196986623998,129.00068646201103,130.84905452111335,128.59596944842127,178.46811612058352,177.77534699349408,1
172.18017138485664,126.28966639738951,128.02770837493014,124.13084850281832,120.21317990109061,174.99853716145526,177.10287998571462,1
172.3007021516143,133.88275519155994,134.34247489582557,124.39145721438497,124.78466511240406,177.31910563728786,176.39837711223223,1
172.92582937847413,124.61318801891358,124.4879652722711,121.47501978139421,117.0080552793599,176.19673970064363,178.5352270973563,1
173.0744426661864,128.49324314851438,131.42720942831778,112.3739038856675,113.30937478303443,176.31812402793278,174.95234639271777,1
173.44301974675517,128.01756640146314,126.1633821353242,121.61996622003018,123.48744486687644,177.07780128178055,175.2432990909306,1
174.4560125678718,121.851416210407,121.24365799200773,119.83402558223302,115.52712080363796,174.09876592327325,176.51403803725282,1
173.57818352277965,123.8526515189019,122.0977974072221,105.36339545234179,104.79866130203614,177.41895793306995,176.96603819278712,1
171.48395434579237,123.87893850272785,125.1483382293709,119.49354547717397,120.45253203914432,176.93965865157236,177.21490071691227,1
173.3072642898321,131.44219141019073,132.44164194755007,114.72061974472432,113.36122611129453,176.8757741957172,177.9327160864676,1
171.05902586923463,127.86504791054513,128.08298648111827,105.99046415095913,104.18997988513077,174.6800143815811,175.57823463616265,1
173.6299043161028,128.1908138081767,124.5765136636653,107.031201096175,100.83898577410976,176.9538982418218,176.79535145180355,1
172.89780548231096,117.45375375000391,119.72901483984118,114.34173736515227,118.61572102276018,174.91940243045343,176.21503144971373,1
171.27797354002084,126.0776747086215,126.6367794764795,121.22307248039229,119.26178429919476,175.59206809685483,178.97791151927908,1
171.7149620804784,131.52696276313762,131.23157354201214,93.91845993024782,94.6476802219975,174.9570073506325,176.93129919539615,1
172.55567329487954,127.75617203719435,130.57291986009022,104.29584670201183,106.86309164629711,179.26520986500094,179.93152585768007,1
176.02114007556713,111.61164898887006,109.47072094709044,117.5650321906558,121.2337557094647,175.65400095347005,177.49789557113556,1
174.53992726497987,118.24470340372145,118.00820137403684,106.50567731175741,107.10496740065807,177.51282128238324,176.85977190831468,1
173.94955752368594,130.0665436496031,128.6782683783136,119.27215949276727,121.54792112234048,179.53514463513605,174.57326423837245,1
172.8134484755064,114.3618955239008,117.40955088026482,109.87702851079582,112.88323854187679,178.09021515980828,179.48827507641604,1
174.7588441301577,125.13696053926418,128.67285515984307,102.4238342040749,101.971384039429,178.60470169496048,178.4290212305724,1
170.8368056771688,124.86984370144405,127.15077984279601,107.14855885334477,110.32026348075149,179.63770629772233,176.65448010550838,1
169.3998510799696,116.99925078277778,115.0158390228556,107.64787368419229,111.27693961254622,178.45734919370233,178.35767878720645,1
173.60067199970382,125.37408382767406,122.9453160165121,95.99816339564973,92.08079996583425,177.47816364314036,177.00199190839223,1
171.4659702431933,110.92567084630787,111.7596348682799,110.32095948438437,108.08584995279311,176.50349814206322,178.35413272696462,1
174.06667116391122,115.81325006605483,113.1035596902008,103.73438152849592,105.73964707007653,176.9314457508931,176.77203699723418,1
175.80817537071798,127.78454675624255,129.15582898062772,112.23563688023968,111.87134454333552,174.02260057742393,178.85333020301812,1
170.5345593957311,114.83884967807705,118.75160853303322,93.36936738104743,88.89744657186202,176.3356400118525,176.15717864070183,1
173.30245617204295,121.87427241568992,120.37241151604461,115.64792160328899,119.78540313733075,178.98193703707202,178.43939845564384,1
170.79445183546187,123.46085755573743,126.27601754091596,118.27541326495906,124.04184266644808,176.5360949347665,178.75109101645185,1
171.70884711548078,124.81677026281955,127.22118156103805,100.92155972023613,103.78195164542666,175.67476125768843,176.49514320354714,1
172.85726274268924,127.91509630354638,132.73655516654932,112.13384145853946,108.59899326079426,178.90849857345424,175.39040836152856,1
172.10142427176356,119.28826290588032,116.48880054135077,93.60792038483042,89.72915449926836,175.9479763967671,178.89554735640647,1
174.54656744061793,125.03950379105977,123.77436017369004,107.04399626192198,106.25630626357338,177.4054722924387,175.55375715501208,1
172.73526369398695,124.67334841164322,123.35292601440358,117.96085340035386,115.95368275871758,177.6287950903462,176.16903495107897,1
174.29169664339994,124.15562798148967,122.78600173624227,110.4011170976949,112.26903254921092,175.54910036093318,176.1958433352816,1
171.23703255853806,119.04945690503772,118.82452159756686,108.91533728222724,109.72697314830373,176.68959288430526,178.41741001858165,1
172.65663756695164,121.11767327912959,122.10500152977411,119.17301215764735,116.1441270431591,177.76293009955276,178.22818809601202,1
173.4570444748945,116.45180639637873,116.8465951286124,114.46727293889609,117.59983614448362,174.18008946194936,177.3074766231506,1
172.63952233421742,130.7848754628874,128.9218122995804,106.74816020250026,112.1149903850939,174.01400570021974,177.30825484443878,1
173.36672598051481,122.99255357760458,123.60193356474633,101.51403010543687,95.9643659884319,177.64372940594993,179.41539542865632,1
173.1857940036785,130.33016084424628,128.37151301164474,115.40982422790648,116.1923392877916,178.49534513337636,176.22279073609474,1
173.8027043585668,120.75063804209567,120.34008124866821,127.29969015367955,123.43474212372487,175.0346970270672,175.87794843684182,1
174.8942495943791,117.11740510017627,117.26389159833157,107.05136135452254,106.59698161432618,179.36571372068812,175.35750137858773,1
173.1106020373224,118.1089792709269,118.92821053149802,125.84926799110963,125.5272827474543,175.06059732047933,175.7139779170178,1
170.22439198790957,130.23630975673237,127.06275756829287,109.67042560166063,111.74452591822815,177.21726678244562,177.58210530358463,1
175.53650031674786,123.84069406638855,123.2081915263231,120.66742043965193,120.33063392468762,176.32862891169268,177.24234189620984,1
171.274586613049,126.17636684186972,129.26033323448863,119.43900833630462,120.88495055795217,174.89225787054676,175.0162617703654,1
170.7939587846431,133.1317917457981,132.2405692628783,112.62263504950079,115.95228057182295,179.97202575687217,177.1450849051108,1
170.8765723950805,131.9528508755804,129.91361509321888,131.216554904141,133.09330031600058,177.31493408222255,175.25661708509355,1
173.57069397869915,125.80322737634825,126.87826692042104,114.19966788761747,113.92488198716333,176.8582038987702,175.32478800344072,1
171.89714195962935,123.23310487593056,124.8589492421447,129.74364736093705,133.0555638565692,176.53157436493973,177.23670607477797,1
175.40631034685518,132.14260829264538,131.8103023301662,123.52319128587376,122.03269352618497,177.31731938481983,177.28431545501962,1
174.96217387319172,126.06054684078124,125.00064431406773,116.62611432938742,117.32407558524255,174.01389867809303,176.351818405226,1
177.0894972616771,134.22960298890342,136.23192102861015,128.9486852583599,125.15025033666635,178.2680721603176,176.61052393470396,1
174.4162095643439,129.58175678306333,129.98501770559866,122.78436678469733,126.97197098578889,176.4758776224691,178.55954367049574,1
174.27708014641448,128.24423334774153,129.29991307307336,133.42864110514915,132.0278984590537,177.1607899205047,178.5590221924853,1
176.30474277492735,127.45279074799275,125.3851597169509,121.83984191370882,125.71553058506252,175.33307786311934,177.30884482745893,1
175.18102600833484,140.08908243947056,143.82869238029355,137.8268204178774,141.98962305916922,178.7442650862584,175.8640275512252,1
173.57856288517385,134.46664239959327,136.03320994076378,134.9484348003178,140.3121817827584,176.48960611421634,179.90209691737715,1
173.7427392177777,131.48900916146104,132.9979363134299,141.5446985840563,146.32396996748705,178.1534622228703,175.69984649084833,1
176.05040736825956,135.18350755836437,135.56541239629152,143.02898856934075,138.638741190416,179.20890470178244,175.68399027696117,1
173.29130825752668,129.8713490092668,133.4095327938768,136.7005351893953,132.64091235911982,178.25068869585326,177.47692032446895,1
177.8973587787315,139.2786636740052,140.2699434983342,144.0488979412553,139.11973210875763,178.61887400054357,175.09915669071663,1
176.3936650422149,145.4742319404144,146.2689428601866,138.18668749993867,137.44127217283304,176.89558570507074,175.88053713528078,1
173.79892603832022,142.72478119538104,140.75934244908487,138.48083464357006,137.0810141261777,180.2811110377143,176.78836299098828,1
176.26776945333452,139.56531002049314,140.2523663459862,139.58304092961555,138.3082191055048,175.39176846518285,176.9670248193557,1
176.68136940527117,139.20142575075906,138.34844909309643,141.54236635815445,140.16937849331515,178.58506365614016,177.75285488577936,1
175.23881111673538,138.12668775535363,138.27083751677662,140.7902980360386,137.1177315471533,177.86072245335515,176.7569867253573,1
174.28468700380776,147.76630069481288,148.66465633381705,152.44674903954035,149.0659614870684,175.4285147426448,177.08254972776407,1
174.8821640053096,140.97911054561035,144.99391006430176,141.36239065741773,140.8435234836276,175.9877929893297,178.08517806948984,1
174.4948056491957,147.42797405382004,145.53157360905377,146.26174422276165,149.06456298662732,176.28139616631034,176.5566200191511,1
175.98518470201842,140.8007115851508,136.81285874978852,144.1280663902844,150.43075547002672,176.87074762876438,176.1539192408998,1
176.14230880258575,144.0712386113106,142.68266392670273,150.32982176094856,151.0408047060321,176.6930675824682,175.9217003916394,1
174.399964211174,144.40582284858556,147.51875181476595,152.8063444083381,151.69375658289707,178.45930176038163,178.21527387061002,1
175.99701482041314,151.3274552140722,151.5184009561235,154.02196484832234,152.3290332112141,178.76338498860522,179.24314730191276,1
175.4238737010512,145.07565146635616,146.61141510311433,159.96192101866694,160.77024364015986,178.3004839534156,174.69259877968557,1
176.08507468099296,154.55396494047633,151.0120191266336,154.3525648615921,154.08936523024593,178.2437747671165,176.271444953045,1
176.58821137162832,148.1595229335077,143.50507538113055,156.3984924454698,159.7515059245048,176.67908652070065,175.63401967096186,1
176.16453502911187,149.81389900155907,147.32090409350826,160.2002724913109,164.7795481415711,175.52577798558576,176.69423969603292,1
176.6548598378236,149.97340180325227,150.02708982739117,158.81686224559851,161.81456579138785,178.58253698692158,178.98010896079984,1
176.89525849889827,148.79601977916332,146.9112872555555,161.4128072126296,156.51423615422596,178.8749049092523,178.07666439876897,1
175.59590434259843,146.95803538279137,145.40483875462328,160.9364962596804,158.325637062305,179.75967646189238,176.7531197898294,1
176.18653000573076,154.22919511546138,154.1580570902984,164.85679676392343,163.04539121232767,174.33589024348464,176.8481289497334,1
176.90039030318488,151.30582004178746,152.668352711918,162.3800905130192,164.27162498393784,178.6211896375651,176.7016341345956,1
176.1495197140727,155.42635711612675,152.3683230314324,163.9890318191867,166.75697905762703,176.7897659022527,179.75601655712623,1
179.22374596644806,147.60587737904825,148.11739121428766,163.62274822546775,168.6609967822281,179.09043793731652,176.90264007433058,1
178.04778343894847,149.51626009632875,149.19554006646908,161.35028291158642,157.17126872996707,176.89751522296464,177.06215147319682,1
177.42336279863437,153.76529004414476,151.38302432390105,163.4786713160381,162.92917064001608,177.4670399761554,177.23480486788503,1
176.108197723411,152.11913895975843,151.76128183277288,165.83392340506046,162.61267627465077,175.24790018841767,177.34178045851735,1
178.84819932410605,156.23776943439557,156.42538546973978,167.26519238481973,166.46429382742704,177.99363810233135,176.14129317689157,1
175.95349742693548,156.29398127650563,153.02372619957205,164.15332055601698,162.69815938645047,176.28156308278182,176.95927055288902,1
178.03227462906594,152.52415003134422,154.03165882466345,166.57414731960907,168.6417471728033,176.46203301832676,177.3936300043385,1
175.89400271774372,151.38468683935346,149.06728598305034,165.46405252781062,168.8938984505826,177.4348419835271,176.80538836542925,1
176.99836105156407,158.28758269101613,160.70847464047023,167.3383267556253,164.93055003631704,177.92149619701928,175.51749825404318,1
176.7615742802343,154.78747209133283,152.68317959269646,169.02231128708524,171.74626509172478,174.05697516824006,176.41547142179047,1
174.50474345756695,157.3681606485345,157.64849999642738,165.1795758124628,170.41810766486626,178.7244214644529,176.43069523810783,1
178.70517042599684,159.37353959921637,160.8080759198463,166.68489346859093,163.83567990931473,175.73528059364196,177.0597757220727,1
176.47061361447544,159.08422114194317,157.83429059753433,164.8359434165734,163.96093737544638,179.9156642872681,179.83589735026067,1
174.0942154127029,157.39375613855282,158.69546547117363,168.47189917495598,173.80595885446138,174.85181218777507,177.45481497074417,1
178.3875004534053,159.75032936549627,158.6900933397259,166.45276281203036,164.09306198367776,177.0043075930043,176.14985121922095,1
175.9011953345296,150.78603939397047,151.664038136159,167.9174536944924,163.51042119793527,174.55635802288037,176.51784139079913,1
178.81577111978157,152.81368070174574,154.2565830753815,169.01314683069222,164.64911626956905,176.79690909621746,177.77803794458248,1
175.28109962042618,152.22768796172224,148.7022693674612,168.3894987364974,165.9549617377002,177.10905188581842,175.07524408395267,1
176.2283366205904,158.10619868339015,160.95353470371464,165.0032963487243,163.53773601108952,179.4116182660534,179.7409705564223,1
178.14989087729802,155.16187217494107,155.08490697588832,165.4194497548734,170.6038204968021,174.5224301156381,177.9763026968631,1
177.66242375796125,158.79439014102576,156.36001440563783,166.29833276497322,163.34701696094527,177.7654229722536,176.61708798669787,1
175.7461441449249,158.74325062314534,158.14779885581584,165.83133386186157,164.8371806555883,175.47199489580265,179.42511553819722,1
175.0522750672743,157.35205044863153,155.8520955869333,165.08259196784576,160.90683272544436,175.80123302537564,175.84115264984962,1
176.22480631104716,154.01097064695466,157.0742507551245,165.44719143924613,164.17227453632523,175.27501051021008,174.77640125730042,1
174.72012922295988,150.52148290937015,149.79888369118183,166.14937661230834,163.2532099219723,174.4200341113193,175.4295436981994,1
176.6025744722666,151.71099680648112,149.8234911297359,163.22077103450732,164.12227351617287,176.38297564077186,176.70942242829642,1
176.06628554869127,154.67734625951525,156.15236474959275,161.9252308662154,166.41346572569046,177.19107168081237,175.91043406378037,1
176.9610534342955,151.14959682889574,147.53775299956231,161.31347801280205,160.5486702131442,175.11533578819183,177.16202609487954,1
176.94068733016167,148.10195212543903,146.34965531482956,158.9567123941061,156.76546494377885,175.70904883022382,176.08774474468686,1
178.62421495503813,149.99859096102517,147.49991846273068,159.02276231166806,160.39523647059858,174.91864263925936,174.00351571215188,1
176.57476617372683,152.45237738851642,151.97751535749032,160.23288802598807,156.15302583289673,178.91822130899914,177.81186270462024,1
175.30151561975325,150.2164925437205,150.56102146393934,162.32078041300485,165.4969170278655,177.84486222946995,177.7392447227961,1
178.24141939704498,151.1834110828299,148.93856650929888,161.7045892242408,158.66216703626276,176.51257230674116,177.49569436057294,1
177.8723765900434,150.32107501960303,151.48735146039354,156.6427346056412,158.26707417671955,177.4244631031721,174.68641955827135,1
178.32405451182802,149.34497886825196,146.13459395738624,158.99426363434182,157.38553879576642,180.01967997177394,178.96029746183913,1
176.07425852190082,149.14261977832814,148.52467294944154,157.3376642651314,152.49518968284508,174.17016212213468,176.43619534599685,1
176.2356762944607,146.19922163111522,145.59253995243364,154.49912890119475,154.38895492582878,176.06149460428995,176.10476712870238,1
177.56715325537516,151.33963561129286,151.26157172793242,156.36736338033666,153.35545197227992,176.43838954284664,178.70068398836293,1
176.3784924264193,144.65156008418438,144.77279493580758,147.34713777408064,149.24880360046996,175.32910053613,175.88562001137154,1
176.50892304407049,144.9528162020275,146.42562563386718,148.72852102770983,149.37731404083289,175.43428723230983,177.25594964007018,1
174.56349412207763,145.74944014017382,145.14042801165866,151.68226853111386,149.77595706282952,178.27095788370275,177.5007274041366,1
176.81626873890673,145.96570204890935,140.79886239024023,153.55719367057682,154.04646915146276,178.36225644589234,177.41584445538163,1
175.39312909960464,139.86018152527822,140.12500658291106,144.26951779330582,145.9455076179469,176.86328946373408,177.13660034048723,1
175.01044130743554,144.08720419925493,145.64404472817623,146.87930765827141,143.4785409343463,177.13007781048987,178.20559439210214,1
176.62884846482066,136.65389228780595,136.70722463392204,146.09704116203224,146.79285084457902,178.05148150639315,176.4283377000382,1
174.81631455187502,147.76498290354257,145.0881272122566,141.34682941597728,145.79187539444194,177.06846224559547,176.91043885760664,1
174.23492141019037,140.1431058999355,138.616991307215,144.32259540100097,147.20533084606558,179.77040458716684,178.45461362137593,1
175.83994840632477,146.6244052158017,147.72479019187625,144.14789279078758,148.5238448027546,174.5997593481665,175.0494708771516,1
174.06142678079527,139.47890330537362,141.94990423847014,136.45589318233877,136.5296438651838,176.8146068405681,175.52479186884085,1
176.42034729399805,144.85951894249052,142.7613324298262,138.8008614389865,137.3494514398238,176.3374830778173,177.4654843906423,1
172.15458140999337,141.63926113679346,137.98311499931083,137.3781351509072,141.85595603317137,178.0568431902442,177.872813928941,1
174.09829987787919,138.53129088611317,138.39828335908427,133.48382577148558,129.62884504940823,176.05385561008737,177.69325494296504,1
172.40379633795862,136.28342922104721,136.5311323051933,134.87172120621753,137.79358753144487,175.9966183116011,177.765012332134,1
173.5091036943466,139.04475388733667,137.01439604008385,141.1781465653325,143.00857021604983,179.69595271601332,176.1924580197871,1
177.06506984345677,139.9904436232462,142.0805737816052,125.21736529740176,129.34242405807692,176.48466531594136,175.4863090446677,1
173.98661449043226,134.47899962699438,134.83283758547856,131.4090721967624,128.62717429154173,179.21597911586633,178.48126493786978,1
173.5006355908769,131.89211955520278,132.14222967708218,138.3068494884271,134.68470597122288,176.32524068385962,179.053884239675,1
172.61677648828726,134.4895137521937,136.88102976017555,126.20086139166843,131.11084469990232,180.27547382491224,176.3205702201519,1
174.04676534121617,129.15156645070488,127.0447352611871,134.21828141571234,129.6168575235098,177.27302815366062,177.5354417006361,1
173.87665567687435,135.66151236479686,138.23382942699192,123.13817860838455,126.50623242091869,178.3341226476984,176.70699837844856,1
172.15743744704264,133.3826023767802,137.55003888098938,121.16999593824622,123.70176559966588,178.07508350446466,178.4886446282793,1
174.32186808520746,125.85422754167969,125.28442688001743,129.47816232744148,129.21634482047517,173.97666253149603,177.00056829905355,1
173.6496501994997,128.39822188760164,129.8646973197457,116.2189106373895,110.83710541969978,176.0605422627691,176.28507565444897,1
176.1919057112303,122.59492465455476,121.09898784580305,130.86627398683893,128.40102299494563,178.61569128189117,176.4220061033362,1
172.95001582705285,127.92023244101576,129.83561356677785,123.08086756342092,119.66023663418217,178.77367688994295,179.59683826429554,1
172.77234087606794,120.93762401896448,124.0130721836316,109.73764016186404,111.39615658988134,177.71766637442002,176.43232948965073,1
170.97432285690516,121.79011836502998,118.85966799317337,107.81124443344497,108.93935641831219,178.34916766079638,177.72469041776992,1
171.99972029293863,119.41824898046977,119.18902299423497,122.45632411575123,121.9300779293782,179.23199418310173,177.0610311476862,1
173.12288007807425,130.34354401908092,129.41474779450363,128.31634257066173,131.83984708328668,174.80212897616966,177.55757522286623,1
173.4027350246712,123.90340593928163,120.52660872386024,108.96347764943103,112.92166985185311,176.75075075440003,176.6144542681506,1
175.2272180041746,128.92998685811406,130.2062843864981,102.53788457865313,99.00363360647249,176.39478554235845,176.8537920419592,1
171.62115019417396,121.04188939356692,122.3988175393442,107.07692318718114,102.72202534143477,175.71762512056853,175.3591899472661,1
173.21876177487215,129.27306693977164,129.4975920415551,114.50149585679463,106.85383699479515,173.99470665945032,176.15752806617735,1
173.72373277129105,120.78889902067772,121.50350925764326,121.51014414152992,121.4728264239292,177.95842692049368,176.52216410595432,1
171.46676648741592,118.54210871965815,116.21895274261799,105.18498917632152,104.534704501014,178.77666337667011,174.6288165534623,1
172.13083901513022,128.27467103609388,131.98116368166407,115.97194735945237,119.0660883264492,178.78179224089493,178.64188741903536,1
173.66451866303728,128.06039268483875,125.35481433740883,113.95456642943266,110.18297565419456,178.75292293819473,175.14608380207724,1
172.27304514315838,120.98946800768853,120.8502781749747,105.92277271828874,104.21909308985113,178.9381693718008,178.76682182780752,1
173.86276011041855,121.9896180612705,119.80414191409201,105.97691361428238,105.99427216114293,174.00443068729356,176.98594906194103,1
170.57713047888197,118.18354000362694,113.89661562828464,112.72656828378629,107.90980825685655,178.50009165383702,175.8096551557362,1
171.18779161608833,125.01630567051554,123.13993762713763,103.91137748391017,104.94260612391646,180.1530134917099,176.40718803196438,1
174.0032389677742,114.65312037360779,117.52766054835867,98.67441504523723,98.31228588512232,174.94758157042378,174.37229493165677,1
175.52903920197278,125.03139180911403,128.74247075231943,107.12639840728471,105.8973592138419,178.55825413625078,177.98330351776303,1
174.1374187488587,128.2283260277334,131.38194416684172,104.52813275544625,100.42818279498155,176.00866153751585,177.00892173421772,1
170.12108610364015,122.17827935407774,123.27023505285639,101.91042119878581,102.25381941903076,177.7742926451972,177.74139317515622,1
171.28867214509543,121.17792380266089,123.35637985326782,112.77663709707639,115.66093658112808,177.4132302673635,176.62168538838475,1
173.66920923904135,112.29452513309982,108.39130649207397,116.57272776617006,122.63664118363745,178.87428637679284,176.81468842273296,1
171.32967927640814,119.00089660546894,122.74188718044257,104.69275574500058,102.64673669537854,174.4366783356445,175.04322316853876,1
172.45718380150873,117.07114764783545,117.31090494089948,110.58545999036639,107.89213985727656,175.17045653727772,177.45258535926655,1
171.88328684890374,112.8227524608599,113.43234592527651,112.60482604788203,115.08730776259874,177.88089590321871,177.79282026134683,1
176.2729310795537,117.26626991386901,115.6703548969812,91.29445867758604,96.01929997335277,177.18952452003788,177.7863415322332,1
173.47635105528553,122.60604147770246,119.65329229169834,89.91728984833718,91.11109650809925,175.22558819063505,177.4882787573314,1
171.96279316899398,126.42624944258873,125.65075035418585,93.85132518555781,99.44685753808199,174.6558840893072,175.98587996531614,1
172.6289978591903,113.2692516829892,115.58945345437296,101.5783505936904,99.75148810220466,176.07285514436958,174.92508379428128,1
170.87908686322157,122.5865653509937,123.93661466120983,106.47844250582617,105.19012633322303,178.15569519922002,173.88879096557378,1
170.8114043308539,117.2057517194755,119.78585816551657,105.05983829307378,101.72701712695228,177.06060028104196,178.62189457811624,1
171.53452987454247,122.85632173322085,125.60383476500523,112.64986771081975,111.83594529475107,178.17467446625687,176.51129279593948,1
172.88024283285182,124.48953990032156,121.67842290382755,104.658818060691,105.6745164698702,178.29761966447464,175.82480901073956,1
172.99687131764327,129.64464233482994,125.54082778766825,99.2711832760526,97.34811996092951,175.63506323040497,176.4416338509697,1
173.20075832873562,129.1866607623987,128.91754906488615,102.44035647004887,96.70385931890998,176.95187029569863,177.43946668356722,1
169.40119525601503,125.37071348004785,124.09985937608161,100.62688115490482,102.39181416526424,177.30730506861073,179.4342334138292,1
173.74061866606812,117.11739613756403,119.88303539404342,98.45071103416718,96.85950505452547,176.76963097495744,176.1742377791885,1
175.5348222231953,119.01503385628897,118.58523554188045,115.9834637142119,118.78538984249056,176.9508208635447,177.16281171248167,1
171.51947897002697,128.01001406163786,132.9219200203658,101.93445284482281,104.02103024593482,176.34683749701145,176.396833509038,1
174.1124594347654,115.1269090614688,116.16243890058854,100.16240969430157,102.5073063879288,180.3225284800959,177.22899967298355,1
170.7422917834826,123.1388558917135,122.4527655685531,119.64635663953973,116.20790638899318,175.5588653325621,177.26883718000616,1
173.0282585190551,121.60018519082197,120.08725474120247,125.91711038850326,120.04632623283997,174.31730782350246,178.0092618973765,1
174.06134298018054,127.769250582385,127.0918729541267,117.75265515728364,115.67591570354017,177.8900583606738,175.5883320370874,1
171.74832952425064,123.27763511387295,122.43923557963659,106.78252863787144,109.42340476243243,175.06493085052512,175.40137634752259,1
170.55415558495653,126.31875102060226,122.77014647731473,104.99346130618795,102.90792064184029,178.76002599912152,178.41017377537202,1
171.22023723698237,122.5563913649754,125.3016855943294,113.9004408201844,114.34612665767781,177.78239639333827,177.4459878620162,1
175.98525598118854,131.5210656212625,130.22368487537378,113.62713884030224,114.64660791240432,179.31303060205613,176.97758407561764,1
173.04695177927857,126.47154046335851,125.34947769629963,122.96017690785787,121.29707442064375,180.26131228107147,178.34765755292915,1
173.1619169616872,132.0149612273337,130.42349698833303,113.58205678504001,108.11565140769967,179.8949514602653,176.69287407660747,1
174.58981921494436,128.644234275084,128.27732344380067,114.3951818828551,119.5510229140471,174.62055742281308,175.61634327657114,1
173.84876713168302,128.65777853034427,127.99635626549768,120.49371133061939,121.670674799078,175.0135869203403,175.2442209943154,1
172.57284584513656,128.23356509771747,128.35967630036913,132.140590569783,133.0115561652595,175.8908590953629,177.51834031198752,1
175.1151153287429,134.24848080431428,132.60930203200604,133.34109970599272,129.41844086163653,177.06424196235906,178.62655453802964,1
175.31991154360534,135.05762095399018,136.44984949627613,127.63975511031869,131.84141423737915,179.12758383712745,178.09516202486208,1
172.63738347375894,135.6553255537591,133.09238979477627,133.57031425486133,135.41732718784428,175.3511455781548,176.40143684216798,1
177.1736890287413,134.68876929914651,131.66990652769528,126.60385614615842,126.6297983420826,176.48308541924106,176.6431091628061,1
176.31613428128048,128.12507825206887,132.42581820951312,136.87502042721795,137.8684719259956,176.99837768170534,177.1858077548848,1
176.59914290835275,134.56297376135274,134.108176115955,130.85408492929923,133.2129659963342,175.66722338825127,178.3779837520804,1
175.55253555319499,132.84312999197434,136.90848986149754,135.8473117266891,135.907873956095,175.21767462688692,175.02724613459904,1
173.88127610685305,136.71167031738133,139.6903898458733,127.98789382991971,129.6250478137453,174.01540979163974,177.38102571032073,1
173.54736823491763,138.758556130667,137.4418569449154,140.6975101756448,137.66220108065056,176.85392667230414,177.49399551699682,1
174.30283178406015,138.04609663943148,137.05053242399276,141.64548880265158,142.5833811536542,177.465042399614,178.2350484465377,1
175.1241722968393,137.67874017931615,137.82418971421924,137.12389039198385,141.057318732419,175.052351217751,176.17202786203276,1
174.6325548403148,138.97196712478947,136.6048355711914,143.08694753601873,139.44970119927143,174.42847231794732,179.3184903321587,1
176.71822657943932,136.84733808028642,139.08533812894606,135.01619410643363,130.3278729442952,176.4971636505462,177.45103129391538,1
177.06280290196108,141.15364268352062,142.5734668633283,147.95595772153018,144.76771853142938,177.48343289734973,177.63501221933996,1
174.94678137876159,143.86531195690273,140.87785314556123,149.5028767234846,150.60965866260864,177.98402439425098,175.74381137518745,1
173.932862159346,146.9803605271821,143.13939191505926,141.72134838213125,139.2127118880476,176.24625492244704,179.3101147665949,1
174.10928839444506,141.21951047361193,140.90120724405787,143.74469804983474,145.10418775702828,177.43156614784397,175.84213435541056,1
173.99256276622972,147.5202677910096,143.01637366803587,146.38505555178304,143.06910257145938,179.11514976730345,179.200374271415,1
177.8142580567192,146.8022749663581,144.0285215807509,145.07642125633964,144.0413610763618,177.3318188684661,177.9483107623012,1
177.21835510007924,142.32232795360622,141.38039641190122,150.102408951934,148.3131564596208,177.8412334139478,176.93475348300115,1
177.91484330808393,141.67660993218945,142.40997505081324,148.25046034449684,147.65862771668108,176.81189066782233,174.77379146295468,1
177.23879832680836,147.6974293806553,143.9344527784684,157.81580657627632,160.24731423691728,178.21793724155688,176.82909226500155,1
175.94406930303967,146.62857230656195,145.88910692678488,156.71059606333392,154.5878616175303,175.04490555450147,179.6505739540933,1
174.4863882169904,150.46649105705256,150.92806891429484,151.89566506465508,147.97297575038544,177.88306241910294,177.87738770050717,1
176.38320491814278,143.75159614189863,142.38877963400887,152.77866069832035,156.8558203830213,174.87055380135126,176.72994967016422,1
175.13977343330902,147.51084299691763,143.04704286412124,156.83119570327028,158.57991042599886,175.666141505431,175.23982423824827,1
174.0747479546384,149.1606420360533,146.25046770166514,157.275690071824,160.795289220611,179.00268188647135,177.3490919515018,1
173.9172393228053,148.19084545533204,147.1022843579592,157.8383744804891,155.3686849313176,175.06586654167694,177.39843707013318,1
176.15544084416854,149.8217689961796,149.0686834543843,159.4904652490413,160.3380513818004,174.75192281916637,177.36524538307503,1
177.31408691720637,148.70456410580815,151.412242820422,163.2506061867161,156.70539171061773,177.6169850500075,176.52728022275397,1
176.10416073781178,152.70806848634626,154.03730426879548,162.44163111027592,164.7634454093453,175.8078552517011,174.871220489426,1
176.28029461569196,147.117969133106,151.52030460641438,161.55793584099317,158.92230351373954,176.64823395922463,174.5824925402636,1
178.90968501473748,153.48457658372374,152.56287840828404,158.02384980182185,160.18032551926242,176.49806974785437,179.62721720939007,1
177.34270908239108,152.41756956325358,151.78347707167353,165.72166575933898,165.86665278592827,177.37574800832573,175.31590584945036,1
175.10773384416817,152.6601887436526,149.66166677230117,166.39266497567678,171.74882567524952,178.83911368279266,178.37839156507914,1
176.5615230828812,157.6241165824919,157.83555384956446,163.14765837644114,163.44957039832715,177.32906973130594,176.4577221665946,1
176.07330002558464,152.9552521694128,156.35786448736005,164.9800260399804,168.22283868883034,176.34822028105353,175.6043316120167,1
179.76751880284218,148.5469037433527,149.8135151343602,164.04118804440813,164.2719103475348,176.55393050719854,175.69630671066278,1
175.85097632240283,148.4012924867323,150.25436271850234,168.39209762338433,170.1616872340534,175.09288277438114,175.25400052260983,1
175.84342000077226,153.99441519485433,153.66179224118522,162.6587230393593,167.2258699011448,175.94060898692894,177.57824073216867,1
176.1602128130799,155.4714607512403,155.8897300504908,167.9686770173635,169.19050314160154,176.95676939267284,176.45467589601225,1
178.35943926278375,153.9356204265305,152.0930624793118,165.46655312623517,165.87789286797292,176.60685802147785,175.86491185916694,1
176.6712614903036,149.89125788733085,148.74417664494058,170.6518444360131,168.38454906635005,175.20417789431605,175.86478638612797,1
177.06073791271123,156.80402707681904,156.4031853163389,164.57600393611148,162.09520029898133,175.83041842435418,180.26986305063713,1
176.25168401508432,151.0831547677652,155.55769511376727,166.18467792618046,166.79253373648262,177.70148765444677,174.4940628708218,1
177.8982735554183,153.22178162788825,153.36956050878598,167.06678037986248,164.48519905811813,179.29433918586932,179.49931213333542,1
174.44808975799302,154.76698659179283,157.22136679057033,166.16921088015786,162.88148446663183,178.86814024469777,175.87155457665438,1
176.83843342163073,152.17601410608708,151.16827113884221,166.9008168860253,160.95942138418675,176.05467345392458,175.69507341673253,1
177.93202461223711,153.5154465144474,152.69198727904615,171.17041080401077,169.57824570373108,177.224824627152,177.55416410661894,1
178.27466721120982,149.6890196135745,150.5398620496447,165.40811976593983,160.51049812603372,178.91820036395544,178.72079704418374,1
178.35753922181968,155.78101295429016,153.6834956086581,165.9262295678163,165.1645563334793,177.27898933910996,178.0257468789997,1
174.31342883905904,159.0342955131874,156.64001306591732,169.2297716633671,168.5256106934765,179.5160274442434,176.49992732556996,1
176.28389032572156,150.0829567441716,152.64911024964377,170.22648113039887,172.87428536522327,178.1517834098275,178.07955691082984,1
180.02461079163277,153.6039316310003,153.2451898261184,166.27979524235133,171.18979262462258,175.96838435927557,178.89129740879997,1
177.73867283957892,156.85661069244696,158.18366164940096,166.49829839278968,161.83200988686758,175.60876963313,177.28356879942763,1
176.7762944257324,150.21594191519748,147.875368941052,165.81462673913137,162.07328251604307,176.81128446300187,176.25445796401564,1
178.14324330815072,153.74072370544997,156.92308706923393,163.3847605842014,163.8411681292947,175.67328189324854,178.04576033196827,1
177.62220379991973,152.13697655474965,150.9384835235352,166.58776454360515,164.66840280694916,180.02178608500668,178.40407702958024,1
176.29089516019084,152.28787339615462,152.6321693812803,164.5978091268957,166.06739823879832,178.00954212690684,176.17242104485896,1
178.54605888398896,152.9517293823093,154.26935641714454,161.4261588070144,158.30112805207608,175.33473799890098,173.88713079767763,1
176.90881893817692,153.5483252470962,152.51378083466346,162.62706675902197,159.23367683786373,175.0407736812419,179.2595887927415,1
175.09545358408855,153.20830923537528,155.1180491348004,161.49077521237714,160.16244815676907,177.45078285297754,173.94136143889708,1
176.0823063132704,149.91580148567098,151.90789308628536,158.90728835092543,162.6947688446829,176.08351011361557,176.8761835831831,1
174.48893465175476,151.26787266723844,152.3829878138335,158.2664633600892,160.96046141841154,178.6702230670693,178.93816896707347,1
176.43267483255065,147.15305161844225,146.6082951269943,160.22516634869757,160.16736735855204,175.5224311971661,177.11092106704191,1
174.81904224236666,152.61048546921373,154.88865669560258,160.05032010463498,159.55404430126862,178.0367004551845,175.98873843061384,1
175.69794652523305,150.7988301240376,147.31777591226464,155.0608586214312,156.66736907138278,174.76959639355468,174.10390924748364,1
175.57578584945185,146.8936609895244,146.84603334086702,158.40659468552445,160.0963580881898,178.05694261402232,176.41411961730554,1
176.2470946720887,148.57033502472308,146.21679796824517,153.9266192565948,154.513464864095,176.90928335684663,177.37182071022335,1
175.49973340035197,151.98287061974315,152.84307112791242,151.78616828807964,153.11905121347985,179.76043729693214,178.1721449000639,1
174.0509385160673,147.19419221766634,146.80561301361882,154.43368174675038,151.55244474685162,177.31686626480047,178.87955036933874,1
176.32544846257971,147.41275838940666,148.56801162409573,155.00922628246224,158.3340640717783,177.10945783336678,176.08358940555115,1
175.55491441012128,147.6734908431155,147.21069147613682,152.44777549155427,152.23374960318162,175.38367978828776,177.73893619944695,1
175.82684389952126,152.2144111620038,150.0447004912037,146.58213680902054,147.81239781911034,176.55202195924997,177.0270944231012,1
177.19727538822622,148.81246021567367,145.07248902983054,147.5405352959167,148.2979177219206,179.86500923787617,178.73598558494643,1
175.14661140302576,142.998891707356,147.79710344399007,145.55513745422644,144.8969846446485,176.4433365953566,178.40436156469377,1
175.37100338078187,143.31202614387422,142.76558162521073,153.8074657448982,154.58246683245525,179.27032324615342,177.45299896927403,1
177.605218906245,144.38516295282,144.44278841824075,139.04073237376485,139.08466665915978,176.89054607704526,176.77775310770087,1
177.17902569436208,138.15548383271613,135.94049905491565,143.2439660121382,142.31157719576277,176.14132384739162,177.77285275344514,1
175.7331952004038,135.8787410054264,137.99841025839422,137.4723114683386,132.92291252248415,176.45345237573665,179.1333581137336,1
174.39116202035777,141.9852613230817,139.1001254923267,144.75137447592294,146.48748312067585,178.76468500596317,176.57736121255556,1
175.14311134476765,138.2902039509456,141.1494563504011,146.63948213324625,150.9094504947512,177.4109422936966,176.63066670768856,1
175.89792413644588,142.45295867739134,144.57890867051566,144.47622989185686,144.79698551439046,177.07193822457418,175.2403544350309,1
172.62825685910485,142.41201839433177,140.80407193076496,139.08532129668265,138.79351511832047,176.58352308931677,175.73642218778764,1
175.87471676994363,138.64521778366017,138.02986247212291,141.21348690230948,143.4387741791072,175.33692752210092,174.62403053413092,1
177.17588247776766,140.20205496068567,139.6532247047874,141.85458369193583,144.039850051739,175.72826649292094,177.1775275919146,1
176.54975553242457,138.51386305395067,140.21338394660762,132.44063961124976,136.81050390405204,176.80768096757814,176.93924809493885,1
174.54466982739382,136.33620428133122,139.23804575386907,127.63193393844621,131.4835502491188,178.03563756293994,177.6573485170289,1
174.04702149938038,135.53028346768608,137.29251318944438,123.17708708764113,122.96360575337802,178.7444109442611,178.4096017279857,1
171.75279908377428,131.28416595475625,134.93964636033917,128.4466342168189,128.1953177465106,178.0370184330412,178.61117133920453,1
174.89292845276074,129.6398699711313,127.28037261756994,133.19898748374052,130.75332313858334,175.61673862639347,175.99012173760795,1
172.35070516285083,137.5864595771891,133.7352423225485,129.3488321477667,132.2599653749544,176.68791706424284,178.4277047494315,1
173.30716377317117,125.87969629500732,127.83018847437259,132.00414881900213,138.26887416988546,177.60891915444202,178.36039863379636,1
173.45847001382018,127.26255676707235,124.84646285204552,120.99184679992578,127.26104411202112,176.33458263044918,176.2565655175318,1
175.6377115040676,139.18500775179092,134.12463833844066,122.79559408914025,120.63860528784943,175.4263444028822,178.8905289686226,1
173.8404236912272,136.8064408057155,139.85920798166748,122.11340409637972,120.51881527895512,176.98551931723992,175.69564835431365,1
175.01928188127545,131.6868597071735,132.27102356392606,121.97095057375628,128.5444842763603,175.50215780513503,176.47551478650004,1
173.08864575588518,128.18364893973285,125.06593075062023,117.7159045096452,113.78624942243059,176.262639559712,176.53523917746966,1
173.02085402277407,124.21824417318902,123.45232931835463,119.66694668232313,123.16673995986115,177.68685218524018,177.56574269802294,1
174.03674641536279,123.97801862086084,125.68974106439059,115.07231345494894,112.05185519393304,176.34715584334495,177.04869662390314,1
171.8010979220648,132.80444344253638,131.7211203633419,119.79093960203821,121.58900989356205,177.5910591943342,175.65609168331224,1
171.92721569464675,134.63020357441394,136.12694550520447,111.11755145032747,114.48731862345244,179.6395264690777,176.46762012278822,1
172.43489392895185,121.15295662391803,122.1657959229102,107.15358379810517,113.03795485286464,176.69733182161528,179.66080610986944,1
172.453089883235,124.17585833715442,126.93373586147122,124.20063044612856,122.74691443793058,175.51166620552823,177.8034459415481,1
171.71023915702665,117.94766879796123,114.81694523672842,116.46007706313654,120.73353214676695,178.8518906358005,178.25535071016697,1
172.66303717701032,123.07946685714134,126.12467643655984,113.74918388286767,112.10742823501181,179.41091628571294,177.58961191858575,1
174.29774007552965,117.9441364118604,117.95474167464855,114.30750202571016,111.57850801266777,175.8714833424543,175.35201803711752,1
174.4814703092607,116.90484979914051,119.45215466746045,101.16869327872165,97.88984179588977,175.7060101437216,173.8341856427496,1
171.39846823285419,123.38245129157733,121.522968010755,115.3815169739139,111.8552217354181,176.21291393496864,174.6813121740606,1
172.89860884417078,113.11737708042095,115.77798230653798,111.60496624433075,106.68146243219603,177.6427814027673,175.17899558798834,1
171.99487933062005,115.33851139210454,115.49017905977249,104.13789033615305,102.67050666253469,175.71301890655582,177.88699753765883,1
172.28492844511862,114.4089218141039,114.27568555093875,93.6866770278935,98.30767102762874,175.45915839659156,179.76778285339574,1
172.43365127529,125.80493371402306,124.23267239410335,97.17939110303469,94.00982688499106,175.4788944567049,177.81899483870149,1
173.27335963567168,112.99243225171563,112.0494970069397,113.78175726517352,112.91501818082554,179.96698461165363,177.88132056132181,1
170.3859778487699,126.31844988981865,126.73578517855981,92.85460243922624,94.89992576470024,178.0885796405545,177.2322377805548,1
173.44072326666944,118.33626806417536,119.99309818963732,113.35796781871095,110.36678728919551,178.90203757342593,177.07788060417644,1
173.020010240488,120.05082312726788,120.24921000711574,109.74746276184956,106.12439730575309,177.78685721615744,176.40382900779366,1
170.43834269817881,121.58075589123122,120.76980558029555,93.11903214358955,93.35338531388294,175.24442770904014,176.25163831319355,1
172.197968835431,117.77960912998152,118.23214514325069,102.38009727412339,101.7176675168966,179.44301079365408,175.43258280347385,1
172.3172680682789,113.15422107993136,114.85739112048289,111.15747238082183,109.70490631494836,178.26724879269776,177.05326347597577,1
169.33674919520448,115.93431789912667,117.38708493362732,96.78808536125764,94.48477769788818,176.7280037702753,178.36852901413295,1
173.19921370752786,121.07947547434429,118.8115512168136,116.18553188505399,111.10983583539522,176.23849963016977,175.2860257901925,1
174.54412889362675,119.73886333791967,117.78905082038396,91.3885343633167,89.9838492107328,179.15629979115428,177.45931022377871,1
171.5381510662824,120.97189877836628,123.3844551417292,117.40333944063094,117.7983188573855,175.98613003071267,176.81082708867538,1
174.97910939239463,116.96283414026021,118.18575379945283,114.22480508790768,113.88257689263384,176.4916131963358,179.0793209159691,1
171.55147049627638,131.07048759049363,131.1313266110792,108.65872360183984,105.51711381371749,176.43063534318864,179.9523582123819,1
171.60115380341006,117.41154243552633,116.33487792261714,120.36458825177544,117.66846788342627,176.22788100145524,177.14259609412113,1
174.84684415902598,113.74478841234821,117.72274159040133,116.86607796179311,111.94875752239689,177.95448983399993,178.19551419197003,1
171.60958337626317,114.67299760877403,117.59349564785018,96.2244988966089,91.56002090346423,179.9220583411162,178.09215958309844,1
175.59108774153302,127.02744988999343,125.39468201058966,102.3372623985978,104.2559081160126,176.18112010226537,176.42406870243278,1
173.01354134357643,123.6250281786804,121.97734675703853,120.39491905568305,125.67861363037434,177.0011122740681,175.3207068753996,1
173.33047097338292,120.17692102289159,117.07096145744563,120.98397864698408,116.91110984586007,174.5474035496248,177.94547602126332,1
174.1141878508329,112.24471973606329,114.9320378402324,111.58824211703198,115.63810082347041,173.80597640274829,176.4987198442913,1
171.9326593497999,132.37289704341862,130.1133999189292,119.72736409978809,120.6636476544375,178.29680644161223,175.62186450347872,1
173.58702240972355,112.42232036724756,113.06661791981342,117.82390863033882,122.93711684617787,177.16408680819157,177.29665957752272,1
174.14245913598398,123.44934213411638,126.8379685488981,103.16906213135071,103.88793524525016,176.67915037502988,177.93204870810956,1
170.9255015404121,119.34949222862271,120.81195371910475,117.41739178458576,119.6636546558818,179.43937260146032,178.76900267427487,1
173.38060744701824,124.58654020517447,120.50203391818765,107.004944101937,101.81461926067132,177.15334677989767,177.07129562316632,1
171.68662011929706,119.55881824994829,117.02012565357055,113.3804151727831,115.39137278636146,176.67125366475014,175.593636349617,1
175.21492426301748,123.73742478775455,123.14221750196097,125.41540627628494,124.02310820438653,176.9245334413255,175.25108082562605,1
172.42895325653922,125.98526760036657,122.59222709410233,106.82509912997834,111.46961379019648,178.27463381392113,174.46506062033714,1
172.76090517070153,119.94521111226739,119.6809559682811,115.74601341915677,115.16198908241594,176.51954218343707,174.87374503474078,1
171.99535729162847,124.97089392636641,126.78141848737238,113.11117079881747,112.32413591006905,174.7391143622178,177.60207238168766,1
170.4369561847982,130.06431284969992,129.40242204281768,111.72547834297642,111.5887714295626,179.29444156989845,176.2320875412426,1
174.23921803948508,135.74421711643663,134.96123094088068,111.42206693115666,114.21368797525002,180.2498569908924,176.60817046938246,1
172.37379971091445,131.78228017673712,135.40854136104306,129.74830458019431,133.46649286828742,178.5961243377419,178.79924735021845,1
171.4881687866897,121.97509453129739,119.36153612966064,120.85233410039501,121.79221143516614,174.05415665226482,174.3156351543953,1
174.7270472739132,129.3367242301522,127.13489541263428,116.06973294137389,113.51215225257064,177.95093951021136,176.92264151194132,1
175.58308833769607,127.67033440645082,132.50846351304529,125.53607305998375,125.68744193124657,174.14552341202563,176.56368223430363,1
175.81917436521167,134.412364470364,131.99217150701276,122.69086936240453,120.39570588387427,175.4056465484939,174.88772842119565,1
174.17994303506714,134.64449971261365,135.63688311764255,127.91360580360627,128.52947645463604,177.96846751057265,176.68435802846508,1
174.3201026354884,132.29668618148622,131.85083794276616,123.1962908326259,122.23155806407783,174.16148652307896,179.24350133081052,1
175.99371162154102,129.4847634949609,125.73819650943013,126.86563268719108,130.77544152407376,176.26334868491782,175.88746197243302,1
176.04389196726007,137.31516537805354,133.02090868667165,137.65845546127937,132.19474913075416,174.2522482982876,176.41203959225834,1
175.29312788898048,130.31839224336662,134.85443903658734,135.33232862391503,132.7952618484778,176.8560878290735,174.0197087185129,1
175.24634728998367,131.74201941024126,131.81410931272634,128.97290764080026,131.24581352016827,177.07299885067926,175.6493198564325,1
173.77637805129373,130.5554869391244,126.42565120260437,125.0717162317084,127.27846808445882,176.98285714857334,177.42472108746804,1
174.21653585629318,139.89307101146693,142.42809719320618,133.62856933543102,135.35838779456708,175.53188652280562,175.57623260221484,1
173.74222177581186,132.87237950327005,130.47539771555412,139.94090220931443,134.83150362989264,175.48119602037997,175.801087481687,1
174.90112905345467,138.72613900543314,137.5346401404625,137.59644948558352,134.72618644930944,179.0936261940082,174.9674075141646,1
174.763267419122,136.34771025431397,140.78579625363452,137.09943526526882,131.4519638928829,178.45287045758263,178.49450788589743,1
173.74949927584757,137.69414983813908,141.7404615771291,138.72306817054874,134.50027356777002,175.92264549191918,175.3260624722528,1
177.23841229927098,143.81333739839317,146.79970541145326,144.32802412750453,144.04110756168217,179.69300195950456,179.50322604519675,1
175.2773566719785,144.7385486257684,147.0921164065683,137.01030986494655,141.09984021765797,178.1928277920411,175.62623132635517,1
175.51503105003954,144.0143491013217,146.95825785273547,138.54692265567493,137.61163407610084,178.26656109733685,174.90519930327585,1
173.52178780209795,140.4655652133795,140.91574814502016,143.62967645308294,142.25958639564072,176.5733772954148,176.3301445841533,1
174.7984047273709,142.72934361745655,140.70920244863603,149.14968109235505,149.01486176454344,178.00065682252168,177.08592965387317,1
174.2081666538773,148.39917773227575,149.36676742722267,145.60958245193072,143.14983487665847,178.63063821610717,178.63232787761962,1
177.538356601063,147.80668243815254,151.07214880132898,148.099813811641,148.2236357334151,178.60389430588842,175.74147738340966,1
176.2974823451362,142.62549312144793,141.08203757068782,148.76469547734814,144.64610025837945,176.21471562163222,177.72050517305632,1
176.0892535677636,140.7208113400784,140.55127993531414,147.61486123043701,147.2330016039992,178.07871783630202,175.56575781034277,1
174.28956770108528,145.86450512903713,147.02736437864786,154.89515753155933,151.0011565605148,176.47916496141158,178.47578439244617,1
176.26298558687265,143.64667051625244,142.9401923889507,148.5335211377278,146.72062574825898,176.11064954500333,176.88154770152974,1
176.09345966199868,150.15959014703063,152.3051804871902,151.63388728774342,154.3200597861038,177.70914204014335,179.1763778928052,1
175.79798394244455,146.453684773955,143.4562221453623,153.0019026671453,150.3896211500814,175.58950005057545,176.2789252956144,1
175.76003552354896,150.45675546657102,150.3644980844843,154.60760633068494,149.4783845056356,176.42328451752147,177.8603396146707,1
178.11316078408876,150.59718969255402,151.46065919269387,155.80979100674432,154.63906950647316,176.58877319271338,175.58020219719978,1
176.33048622966018,152.1761104992846,150.01312273071645,158.39942611023355,161.70137694574618,175.96495018717613,177.1959388754369,1
175.58605417757545,154.66994657475922,153.79049851297174,158.29830503279305,161.18886397701644,173.74335017837225,178.08791286505738,1
176.70110578580275,149.9533558461246,151.34326803561368,158.22626884211567,159.0061599844595,175.5764599896717,175.42195876612718,1
176.31546205016915,148.41308013667123,150.1139663316476,157.57068171344187,157.97856043820363,177.34831824811843,176.78346977859894,1
177.79295990501566,151.9556181524195,153.93132593938253,161.77897783289217,164.3872690302687,176.0658422868742,177.92537860590866,1
175.34130832504292,155.36628461713212,157.9924367396678,164.5804829905688,166.5021847121295,177.64350746748107,177.40216424041068,1
179.40949558430992,152.00673862427055,152.5594019047855,159.99156625904075,159.16295355130134,176.3684477168483,177.4349770292516,1
177.99437861540497,153.4518984231703,153.44829782627176,161.3601978624925,165.5833384958558,178.17404488657718,177.13261224906577,1
178.1103265559045,153.87474547291202,154.62891420176547,165.39484633877925,163.1518637602966,177.65650332840784,176.55392530316513,1
175.6842869052619,148.8613596683769,152.00824827275582,163.09826163148614,165.41056859753115,176.7816189647914,177.64696563091044,1
176.01275189967566,150.69133359439266,147.58211896479273,166.37141608100356,168.74868907139373,177.7047475108754,178.03363932772157,1
177.69694457075653,152.4355700865148,150.0324770927875,163.20248892188016,159.46869590284572,175.29132004606018,176.52362138370884,1
177.56974030013882,154.96568433348537,153.49235061486488,167.98406547982387,166.06372281397557,178.9573009242533,177.46318958249995,1
174.39295279439506,152.6029313830759,151.78961780872098,164.2248748234608,165.0715907218987,177.66990847987026,178.77354672840124,1
178.5420657665983,157.97534141216465,160.02256035200776,169.636360146017,165.16489570879995,179.364929727964,175.00434667320292,1
175.60496215815454,153.17590077826938,154.77739878992128,167.7129123230785,172.5262044456843,174.54894152702144,178.70782608451086,1
176.8694126875794,155.02651536391608,157.193103242544,169.4595511576241,165.12681064158585,178.3764824557597,174.3364626645574,1
177.1605345462404,152.74934074574915,151.95014995574317,165.4615952765096,163.83027014108268,177.78312212191312,175.01868188701462,1
179.08599012122366,155.18465528339559,159.58661790742775,166.14526774630824,164.24160265763385,175.8510852376566,179.39246460879377,1
178.9481533309555,150.7642067916777,149.09348987593188,166.18510531685908,164.70502477355626,177.33925342561344,177.82707207305722,1
174.69242076617823,157.01091349426196,152.2745881749342,164.94385790237138,164.15456006188126,178.41405473749595,175.67603922639276,1
178.22307378123816,158.24589976356623,161.21997175675543,165.01369523498016,169.93438938816678,178.32580059130012,176.56772950342636,1
176.6969314998709,158.7309156868456,157.23897243235686,169.38604875332257,170.5693761748102,179.27942653330095,179.63814646011838,1
175.02605925574196,154.99231472972863,153.6275517208137,166.8924298576294,161.00753129265945,178.9731870881209,177.34074279671572,1
175.8611039183968,160.30125395159442,157.71300212290916,166.60115383854404,171.64754196882535,176.9180702392783,177.5404687110343,1
179.22654306332595,155.52176214972144,154.90681758166298,165.3303606895698,169.1004186295734,178.55202377723398,175.3426521915304,1
175.29376192256743,150.94873343113966,151.40207653738122,169.2706519917195,172.9158196518379,175.8806800797528,178.22959479350234,1
177.48149527658492,158.04353343070017,159.41974458581961,165.7017302442726,167.99510687012284,177.55393918145674,174.20986954152613,1
178.0921829229453,156.32416041422488,156.5745585538753,167.12061036183778,163.7537011061294,174.63142709894953,175.93383411449187,1
175.8249253237836,150.1248428694836,151.54561881408398,164.85268972760426,163.21749152663938,176.99753661594832,174.72082732463133,1
176.96953785336453,155.15367302948363,152.4696287356914,164.9218194960421,165.89408816786903,177.06771173114757,174.65750398815032,1
178.3611305696368,155.75508344566313,156.7171136745362,163.2940556887766,159.0743047592184,174.74834974896322,178.10842526385684,1
175.06610458498687,155.9777782843061,156.34852946399056,165.91020773325647,160.57154519989578,177.19039612796067,177.3045256203642,1
175.53382169557162,154.77395253053118,153.36187596524698,160.4454440338772,160.77746590528514,178.6378306268666,173.62539785498922,1
178.07859885442923,149.14893330613305,146.96592577325342,160.00747778674227,165.26396794752725,177.8962264698107,176.63422686617042,1
177.51138335402635,154.59471237608247,153.67004512923964,162.12188158614813,158.8983028244783,177.63475531938587,178.44104419807292,1
175.40352434914817,147.95577502832873,146.4390264214784,159.9287886693842,154.00548413950006,177.7227765232822,179.84632617985068,1
176.06541513914667,149.09427750826606,150.0410046258411,156.3135031867683,162.06275199757198,177.26250177128983,179.14244906375893,1
176.37456713582546,151.22615490124764,149.45775774632284,159.74172750334543,157.4878439495249,175.93165119433408,176.62046563640052,1
177.2086631410829,146.81663175630177,149.0838530032526,160.10741371273755,156.4144739229211,178.83178446902429,177.57910173568303,1
175.79762685625377,148.91044290851622,148.5281731904848,156.4546021741901,151.82742614084,176.60372951050368,179.5775032884755,1
176.53985581477068,147.9742702270735,145.28151235073977,154.62923598427366,151.08288808827078,178.84324910187917,176.35788794716228,1
177.0197364660801,146.30992771983333,147.58514255425746,154.42862137542758,155.08409552806467,176.05872642608185,174.93177208932212,1
176.22347894507675,151.56440351429026,151.8376198859733,154.57980007021447,158.69137624547744,176.89896421399035,177.15151272198057,1
178.2927045236577,151.46935591068146,152.79719275756187,154.48293175082964,151.3790999256027,177.92330751483723,175.10979374036208,1
177.2237343284274,147.3027921720534,150.28151211005928,154.42794023348458,148.71491428902473,177.66812350951824,175.8542365313173,1
173.26940554685154,146.22925970065367,144.98970503473686,150.91948666329264,147.75268148692865,177.5639675092041,177.46127490010363,1
174.9949216759196,146.49737935800107,149.45870960044917,148.91621692690995,144.51551062371706,176.89110918598485,175.9057508534257,1
177.0023903698091,143.62269474550126,144.56282192659506,144.76877966921415,143.3149408516764,179.11045017061744,178.6096526458554,1
175.36413783486788,145.29789904397737,145.30234711648302,150.50520755303984,144.94483619250525,176.1851294590221,179.6622919350804,1
175.629782007583,146.56007915406028,148.92457428924334,150.0198022085089,151.73827329753547,176.2431621362984,177.62153464265515,1
175.30481676808193,140.25476258301043,140.95733359375257,146.94401022675197,142.78823624926684,175.5557391314311,174.98849470568553,1
174.41489099414028,142.70246249861242,142.74108683415935,138.43476255688742,134.18405517284444,176.8875878669974,174.66085768500406,1
176.01394342493512,138.5669764578533,135.4301404824812,134.83037917554012,136.6918521890199,176.466437832899,178.79881805975282,1
174.86241242683423,134.56494601499696,136.55843777945296,135.36240975533912,136.3352814805035,174.20920865507424,178.33503686552555,1
174.66911289294111,136.86356574386033,135.9993583269912,145.3899090627858,143.69470032808303,175.9766421495865,175.79283497091905,1
174.07815428156024,134.00006431668672,134.1453824247031,136.01211958905336,139.9177893613703,177.67134239747352,178.12193201736707,1
175.1562214717361,134.6402357662117,134.03874138846592,133.02081344191063,129.6471043909442,179.75081834327378,178.50266333370394,1
174.68988337312433,134.76564763912597,134.53162399017046,139.94048572156498,140.755002525765,176.33877978741532,179.4531346251065,1
175.2786360248496,135.80881306736703,132.07889375196206,130.3176370775901,136.1336589615271,178.04170537805308,176.94546142422823,1
175.40136490212862,140.0866538616718,139.81201126321432,128.945561018306,131.11835912550768,179.34334645332143,176.43913698578183,1
176.16975141447344,143.21696866856436,142.08187912591688,135.98215035331572,135.14712769236792,177.47100491393144,175.75204673319328,1
172.32232099287907,137.281684954606,137.3696833337506,127.06795763391548,128.5102746674307,175.5447714405638,177.31403297443026,1
172.28809851664656,135.62955258189405,137.28778823884568,128.43379823518623,128.08069753429078,175.55694440733865,176.1780376853312,1
175.56862354773924,128.7163947350162,128.90849709558216,136.62337290432052,136.2807294150002,176.21925557037605,179.86376547055787,1
175.72634956288516,136.7947386012412,139.83526272554565,130.89424083924297,129.99558164851157,176.58356812860032,175.63457645527862,1
174.09153322685674,134.69420901204913,135.73022888175063,117.97501846877034,121.33630158257543,176.30270466429977,176.9378495273346,1
174.9008275666483,132.40069438171514,133.73357511055815,118.68041029243885,115.43813513878997,178.46546709149447,177.2356099338266,1
175.17632559112863,127.10271378135833,129.56504590351315,115.73441697197012,115.5565506953016,175.72364700417404,178.32808379591233,1
174.43229478747287,130.21187862909156,130.88811458450124,124.43355660640947,129.12405926474167,178.46803431771536,179.76428551186697,1
175.1784473244968,123.46216129570584,124.03030990800964,110.91022812791583,108.71810694452154,174.92746811282797,178.8014668822374,1
173.30879634983967,130.47331332051047,127.47495841601179,130.2166367234914,127.23418585306953,175.88885184910896,176.3213238265729,1
174.05874439914666,121.08331533835552,117.79387757001714,120.54506554476728,122.74837085941807,177.0441947015268,179.76142735581348,1
171.41738576772795,131.95646583646183,132.39918402792347,118.13251665937372,123.51014187808694,177.4305434804764,176.72090933882666,1
175.42490664325345,124.3409489170755,126.38157468420412,103.7484263077888,106.93505952325295,179.32751340249362,180.11400063079145,1
174.92805799036435,122.34109155779235,121.30202079423282,119.53867470078674,123.51502159461224,175.96491876203493,176.32114847125868,1
175.12619594429162,126.6479683911075,127.56098136528448,113.60314980848128,116.0020044423053,178.44419139589814,174.28844345551568,1
173.40899491795167,130.344221627467,132.388800379731,103.74825925468286,102.41660336142442,176.3590499618649,179.75030222460046,1
172.71420007879726,126.19798009514057,124.07355683131297,106.31343347831839,110.62100782541866,176.22766327123188,175.59917895055645,1
172.12124399895723,129.68095913358016,129.4062889235215,99.91830464473294,99.14098602296416,175.30431778945314,177.07813550872424,1
169.55248419944851,121.82272481989907,120.69651807941611,112.6244450030643,111.14842681423306,175.2742953807157,179.27873700317383,1
174.9630980115527,119.39919904294109,120.70200330578285,115.28128531648022,113.97587056933567,176.6674083354727,176.67683659839923,1
171.5796595259655,118.28327129942407,118.69178216343789,114.93408871332755,113.60404123341112,176.54612384611417,176.39636094584313,1
171.45540189310373,116.37125784883013,117.27969216311581,100.14492699886884,101.9652268061313,176.9489231584769,174.4159434807658,1
169.47449674744726,128.01143958843852,128.30086799367714,122.7061509461017,122.13881858186039,174.72154079905874,175.2195192919626,1
174.01971478938657,115.66282315655252,115.44179735246202,106.3575861998998,101.9988620901154,179.47229832806576,174.96106622830223,1
172.62526720458558,124.78896286865493,126.09897038770809,99.9374492140329,96.65901454458904,175.14612573817223,178.28827313860137,1
171.4522508793827,111.90960354902604,110.72314181770791,110.76456823319309,108.92525492220878,175.5512623424698,176.35804566674287,1
170.63080618837435,124.97847620077066,126.84390176185751,117.56167743537597,120.17138687007098,176.37754737254053,177.54821542766868,1
170.3093673284865,125.81265057910369,125.98316379922736,102.5462241227102,97.28924238309193,174.70942372803034,178.08384113396036,1
172.55413279311463,117.98966126511165,115.4711414659321,96.94794925639815,99.30445939139794,178.83702456270058,176.44325348163093,1
172.69477334512692,121.74280465140956,122.49353916315793,110.74379427117489,110.59923531853056,176.1906902268873,174.26219717955541,1
174.50368268812295,121.74695171582995,119.91776704700708,92.24152221877904,91.03551491299358,177.9098384976964,179.21623874828862,1
169.2858518134202,118.02739177621704,117.21304432834629,118.01113547423205,116.10884484120679,175.66616322203816,176.78846833355422,1
171.26604829752736,118.29458356939473,121.46855030077467,119.670287090801,114.22329357868756,176.54796880116507,176.83880388041817,1
172.21890165864664,111.29712540542732,110.79405716777755,95.82652630385137,97.85732426891146,175.55075495524233,180.02706646652098,1
172.71087480733385,109.60869318758665,106.2829680689457,102.6225231235427,107.28711226371504,179.2484472908993,176.16237218150496,1
174.51655752135792,125.54649232650823,121.48311202743234,99.81012864978155,101.29100715832003,175.1364601127172,177.01671012226475,1
174.56170115506708,124.95317414961939,122.26368956031459,120.43382119032583,115.25110467423187,178.5522144375517,179.75873703378394,1
169.41644588789205,117.79461223115266,118.99802930996995,105.03129223452484,104.56361290024168,173.94035950721062,178.0282127861747,1
170.97979429913866,114.60794553609153,113.66038185847165,112.03036047338897,107.47472806023171,176.28644631129688,176.48031273603428,1
175.16928688438554,124.7697835111535,124.38664650254772,109.50033537614934,109.00699153712556,175.68702349435708,176.94558526944414,1
173.8578240061426,116.61978853954916,118.58636547157253,120.44209398027498,117.36768503102304,177.14961843298755,177.22094649538965,1
173.58736787709648,113.98898314054541,110.80289038550612,98.60168755523148,94.63707704520031,176.43501025760375,176.91042986035302,1
173.0405417933714,119.99487254437338,117.01663749517758,98.90618151645096,100.1366810920014,176.34626024773493,177.4801455732703,1
176.27026515218108,119.94734130020107,116.03159703541075,116.05232352962199,118.23217847909937,176.18597323942979,178.69705999660692,1
175.4012133437193,116.97486148041452,119.27042655075218,114.760297229246,114.85008466098648,176.67308889377,177.03638858657445,1
174.6896061110513,128.08176924608793,127.83480778599966,112.7162090379054,115.06278277898112,178.35415602549264,178.09211513487966,1
173.46327898070047,121.75507198377105,121.62293866022067,112.26411241799441,118.48578580379383,175.18497439935328,177.94427023523372,1
173.4263323176817,130.63533323193082,132.74071157686348,101.66212291822018,106.92311135435246,177.78858126162234,175.58981901387958,1
170.01555812711248,120.34710262184488,124.21957016255088,109.59258903493094,109.98038298536918,175.6255117431596,176.35576675897315,1
170.48886889244915,121.56181251850003,121.8816312154951,121.63341205548244,126.95217779899048,176.47908599262354,175.66759657467276,1
170.53812046524314,119.01262587201931,117.3528406022218,108.55479350312574,107.92445468100118,176.28213425739446,178.49404518851912,1
175.2775705897081,125.98162188996274,124.82257450717925,108.30589777047696,109.55071822599966,175.87577463566538,179.17963905805667,1
174.27586576037586,124.96074560415234,122.93730640307233,101.92996194474892,105.1490451374638,175.4131411063376,176.05258434868531,1
171.97701280755993,124.89880920866915,121.05554563485225,115.15270357421446,115.99740244981813,178.0444573398555,177.5298612698888,1
172.13302824905037,126.4567129245358,126.96630456089648,109.54443846954288,106.93631305314176,177.5867229193628,177.7889371743163,1
174.62596689917993,128.995565157328,126.8864999029733,127.88956408321151,127.93143341433507,177.5038369079097,174.53830660703255,1
173.6888759184029,126.07928512099737,128.62016354709237,107.51515691697179,112.18288043786389,175.3987926195206,174.3376486910383,1
172.2853069083301,122.59707735878433,126.74262590194807,119.53974155787166,114.8207040619204,177.9450348392165,175.21138504857316,1
174.54281612919007,137.1372359271737,133.69145526755153,119.30107122107853,120.41605098316047,176.98864952670084,177.13971132664815,1
173.47398854800636,124.63269725936237,123.5616689575054,118.24254181129275,118.41908489613924,176.4533296697341,179.60383681898162,1
173.8229785440573,123.63909148099616,123.02574517755754,125.88493087583574,127.75914445396282,176.83250660277866,178.40141264473462,1
173.86475108018928,132.97327852019836,132.13263720826393,126.36072631431105,127.28377801720045,178.71395241926422,174.96879669841766,1
173.8924339959022,132.83994934851958,137.0816837681481,122.1428252623,127.4705067507525,175.07592235877354,177.72554262783123,1
171.98742471147702,139.6662464772097,140.23845279719583,137.30289076141176,137.97472318816025,175.79528417271877,174.66280660035528,1
173.760793243888,128.09048068347684,127.7981574762934,123.26781503794912,123.13784123413107,174.65017051817534,178.47780679326914,1
175.8080567300242,132.12195917429779,130.53268353099602,134.5836496176623,137.3810152885204,178.81628356170935,177.9104727364888,1
174.1915723642842,131.91483012115452,135.52951216323206,122.09239582022124,125.06574701361446,178.74175280694527,179.3868817241638,1
174.4202456331253,132.18144639092648,131.65292246892932,141.3696627671056,142.34280300269594,176.1722454050648,178.7208962118778,1
173.74764185959344,135.79661597351307,134.80231842038995,133.27031301816137,138.0999079520276,178.0040143568456,176.31328668037543,1
172.8679020190895,139.7719477625819,143.37534848276235,137.2754239483462,142.77241428442935,178.32151691859065,176.4262913889512,1
173.61147568208614,139.60535874122235,143.37884785732768,132.9322458670939,137.79573453710117,178.8835584622068,179.24040132758705,1
175.5849773206851,139.11328352635306,139.94174517250153,133.50121564148333,128.33102943886385,178.19287877965436,176.6568385086613,1
173.97116683172203,141.8403605442763,142.64885716235497,143.58383447507214,144.73239726179315,174.44211727983114,177.89441945942977,1
173.49821257810942,141.31345038507422,140.56109957891474,147.13078451456272,149.28455791445626,178.2473913454167,176.44058129244735,1
175.0471814289998,139.3812362612769,138.91604014649087,145.33444275348256,143.97724113459918,175.9415578681073,179.25841143285535,1
173.40189377291478,140.52770373976176,139.30610482446824,146.11144288941514,143.1903400317303,175.61650165046504,176.52561105865533,1
174.68598603799146,142.97574213916187,144.7062483804107,141.0140339906666,146.27379880665814,175.552397569196,178.60664472945479,1
175.18089735947797,138.46541205027103,138.44026172528154,145.9756576519879,144.57210566477423,177.77504775676283,176.08970290684167,1
176.87464843522469,149.32826746935072,149.77396641043458,150.6032031027798,145.88913950470578,178.70464182830906,176.46897490475845,1
177.4752731006209,140.71279755934628,140.19828571949276,152.29867591366366,149.5963564054008,177.6801679873783,175.85084863887158,1
175.49474398004767,145.53139153910618,145.56473361797532,143.4269213603455,141.54277320730597,176.6066925156809,178.74563005466118,1
176.69935907923627,144.54535632947778,146.91184909998623,150.38980794120414,156.40050090988882,177.5656586596365,177.5754877229198,1
178.60968787307073,144.80665850709013,145.54445541266645,147.09280686261886,146.74859827815,179.39580558169249,176.94361120356427,1
175.1583402923199,144.48263880594783,141.22761260715484,154.87082224199125,149.64273534292298,178.4033595294938,176.48383957642284,1
177.74030926640438,147.1767832338568,146.40784426200858,150.17347687125036,154.5121371236643,174.67303317663524,177.12848839506515,1
174.24025890030097,153.669779315002,151.28261188820215,149.72753841492346,156.19977756584967,177.5890231793489,178.58863052351188,1
178.46836143142664,146.01263323874667,149.9702414238221,160.93776534320952,155.20623530793097,178.57719261666946,175.9228078861671,1
175.81131231269936,147.15706508798684,144.8237851586381,159.86311862720837,164.4338494972009,177.58763676252693,178.05707096726258,1
177.89001826170224,146.4963047497331,144.49098051888268,162.39872433515947,159.35489120279846,175.95888770068012,176.72094894367774,1
176.69105054514105,149.0898100579049,153.01228591118982,158.59628633348518,161.38924996649743,175.39557428021865,175.3836045823556,1
175.66587645118133,149.7543369723028,149.37949261755045,160.66132091527618,160.7708320228509,178.41864998418072,176.60748536352537,1
178.0485934361066,154.49590109703325,155.29935166857626,157.45649027636236,155.2843397485707,176.04601361196785,174.86087912298728,1
174.07363022155,151.15122957196797,149.97359045177214,163.36661881488948,167.68984733996,176.79204481488017,175.1796508986843,1
177.79805374094292,157.47242796058765,153.92804057171546,164.37237181714758,161.51448712795846,178.872391264109,178.31330353484262,1
175.63492250259554,154.66044390159843,155.60499388444183,162.22118906227678,157.37616445978168,176.68232294494655,178.52345565556192,1
176.82770621779736,149.33985148181168,151.74466706063146,162.48786862844386,160.1554504200862,177.92006487807456,177.77845612534887,1
176.84130715108768,151.39428904237255,149.1422374573341,164.2717047214528,161.43454937735515,176.49011616001692,174.69982778225202,1
176.27421419107483,148.43896143789553,149.29906064898609,162.8786852133037,159.67554976655987,177.25402410509173,177.8689509573464,1
178.74163073994274,151.98447096262356,152.682855360605,164.06578287278816,167.9546118582447,178.34949846767404,176.74256504068885,1
174.57451060688447,150.11855830107683,148.57507386396122,162.6533606735222,165.45111359892152,176.76912186774868,175.92735519366062,1
177.89524359799452,154.92327516403608,152.8821351068038,166.72459307503402,162.2542646028771,178.50097667147443,176.0346814440981,1
176.49159221783796,150.5951985526659,148.11606588232263,168.88239699065306,169.6329001941959,178.51987425507403,177.87000176582407,1
177.3812724302716,157.68800225822542,156.77148193261849,164.26448820523774,164.27598954814871,178.27116692985305,177.59181347222406,1
177.83417256173357,158.58491016498579,160.00766177826952,164.32482655020488,167.77881339287956,179.61877071913932,175.77242512260477,1
176.59845580670188,154.59810952579875,154.43062772506616,168.60727786027783,164.60665661056203,177.8361880870782,176.3043658693927,1
176.83725366218476,158.2309871918362,160.47057705580187,168.73624212186905,165.3049725325943,176.77483482988336,177.99375384365337,1
176.17741039959154,153.67357949830438,154.33582193455936,166.50206581017696,167.58398105825708,176.56769960930933,177.3727457518299,1
176.57625234817033,155.30920377763744,157.76676383186305,168.85000057465692,166.7141699814565,180.09292160497972,178.45878029365954,1
175.27133926489452,155.62489714627273,155.05619590666956,167.3491166456452,167.37285819048347,174.7958143854533,178.5448724526467,1
177.88009310850788,155.14862173928043,154.0424465418475,168.36068038615497,172.7742287209847,179.2183754474705,178.66827458401343,1
176.01543634968615,153.2276710961384,153.7570176826607,164.1263296013217,166.93444457323432,178.93063369310943,175.64185136480194,1
173.69624524016666,151.73277848182863,151.64394493574952,166.82985038821457,171.42968461179865,178.05620469593214,176.4876310875836,1
178.87741707416782,153.06615820431955,150.84500138124983,163.27117572330576,159.4526329239497,179.49502339123177,174.4425729794764,1
175.99542309789297,154.46653307674157,155.97709416135487,166.94185570370178,170.32495750004628,178.18454542941473,176.63581585673143,1
178.32122182794797,158.47136011589694,156.3325755421153,169.32435306294522,164.3812428831557,176.30764647807834,176.54410575062656,1
176.6154747851901,155.57463328575977,156.6277058076892,164.28535674350303,167.94285145179936,176.22819220500995,178.612944551507,1
176.4851130647676,157.68291828047398,157.07981738667297,168.20816339674096,165.91776379358774,177.524080527772,176.09031954902224,1
175.56655252905622,155.23125095763243,155.53985519467244,166.88228122240088,166.74751194554494,177.72598331618113,179.53815827541197,1
175.23867696639647,149.7333329319799,150.11159524174622,161.5797276106856,165.37837025676015,178.7731480886761,179.4763380585408,1
175.84552576534315,155.38097905131113,152.5211571506054,164.29682664174936,167.1023636630121,177.60097545364528,175.6397419047638,1
175.15943715399413,156.06694336513866,155.38569068810622,162.69383318104116,167.29051657121585,176.05243378346879,175.13553680348699,1
177.26630216187627,154.0024176948683,152.79014690554047,166.00627352429544,168.35236055563036,173.96771707867117,174.93468537658683,1
174.79760753522103,148.41787290288357,147.08776822440777,160.39721586608346,162.15310926765977,175.62263969869954,179.44201063092822,1
178.911728401507,153.55549508891374,154.80711807602862,162.21860985934572,160.53620192245222,177.49432378087292,178.05082737974985,1
175.10531391785167,148.26812023780573,146.99008307017826,158.42246130800643,156.8896266653621,176.58070183460995,176.9940336685959,1
178.46064872569966,146.28967918656653,145.86880806027503,157.48490982102953,156.08910950662087,178.51045707611655,177.9942192304326,1
177.6293061549901,146.43092764105882,146.10926872681316,161.08312170958558,159.78043567637312,176.73064356312503,178.946061944433,1
176.83440015900155,149.303221371102,149.25120166445038,155.40734444676144,155.69758799950932,179.11606369819992,176.6421319057761,1
176.09172722859077,153.74126001677638,154.43113734315807,157.58325919609246,162.4750016299477,175.64520681802577,174.36311791825872,1
176.74973752305718,144.4282722726233,148.67777179856915,159.0113944089234,159.28711478345144,179.36964173650753,176.75486936391226,1
175.52206203288046,152.0234545037943,156.53550626794564,156.2392363065247,161.13839289449703,177.56511804664177,178.10892375079226,1
174.61603210465486,151.19736835670835,149.16198804189733,156.33122055414,158.20751869947551,179.41604747550733,177.89782711046902,1
177.28114162517446,146.77248875803315,148.62588686233045,147.52408944177932,150.10938085513038,175.71825254699417,173.68114384934464,1
176.965380777143,148.73015777440415,152.76439752626723,156.8962411421496,154.59553944714008,176.70217088626916,175.1854383423391,1
173.62323317816586,149.16792570403703,150.54839320420257,151.50646795137666,156.12052506742614,175.01689653236036,177.80241433191256,1
175.61331397286477,143.74609116845647,147.69935422055235,153.14972141442462,157.27348052433092,178.35503896885342,177.27373498895582,1
176.03303134883927,146.36952652762523,147.26836600686968,150.7882695531587,146.39692576698832,176.16538721408998,177.64047424377168,1
173.48906672299827,146.9602895372703,145.19847038459895,142.34789605156558,144.57791995631388,177.87816053638468,177.80788147753157,1
175.18745878737113,141.2585149811511,141.49369795808462,151.95849069509242,151.3265403896056,179.81649130107354,177.42340104552758,1
174.053875617719,142.80339246645684,143.85372282306952,142.3946734599101,140.77761257906178,178.03628924153594,177.56861887140673,1
174.92192971679944,140.08144445602142,142.89604061326813,144.57567450557065,142.1447574455251,176.93093317565652,175.57644333229112,1
172.345793796939,145.66667113618212,145.22230477516115,145.15094007473206,142.03028581981079,178.53542901518193,175.99748303254492,1
176.96341235146824,142.40955938610074,140.79444515835374,141.93923250387147,144.96802355772226,176.5480575123068,178.59707535104388,1
177.66434712141714,140.48461074555124,143.7027888867661,136.71529820219698,136.5888409827913,177.52594012274318,176.14176770750922,1
175.12523045856332,136.60617428453307,137.2388471480198,130.5790983995953,136.2502359562511,175.99506567692615,178.82655232900632,1
175.22078821094019,141.24662844385247,142.3064767964787,144.34458992353868,144.34619386181748,179.3160054881488,177.45814884725337,1
171.88372834276288,138.32015627400457,137.8814345934675,142.95933579688497,137.8381276745471,177.36667315779547,178.66467763866515,1
176.04602066637966,135.0903235693711,138.88833969031364,130.837611504577,126.3118326366319,176.84482912287694,174.63433483387476,1
175.60042708654885,139.4449797565932,143.52990515797447,139.7668817560151,137.6833306541458,174.2204089558786,175.87261794901988,1
175.59534082335796,131.00913419540453,127.21867374245858,130.98700327716125,131.88329577337763,174.88053016323892,176.42668614642167,1
176.54131459640308,129.86942896665565,133.10894520265293,135.79866718784152,141.76309128597265,176.42111546958915,177.2775101373502,1
174.693036994951,131.88535474990013,128.36921087134817,129.96464790628167,124.99762308828363,177.10656047303456,176.10988313137483,1
174.649568779012,130.05743655103103,129.47906997525556,130.58736250186848,135.11128707973828,176.1853027791932,178.69878672142272,1
176.73294008593462,124.24988446677122,127.18128912918299,126.38648031335129,129.52676618848335,178.5489196411498,176.84706264224383,1
173.84378189975214,129.926342284836,130.44646323872203,130.98126696178426,131.16726167295383,175.17288599578433,177.27792363238325,1
173.60116552353065,124.03991796972849,121.66450067447813,122.81059918387986,121.05463905117124,176.5594276178777,177.46056990020844,1
175.75446796340844,123.62215102863648,125.70739751752895,121.74125581036782,127.24801008491902,176.81284177651906,176.98304002027996,1
173.1796425314196,127.34462935069485,127.08435374441433,117.77862246902924,114.62178570568665,173.907601134558,174.55107756876944,1
170.74940774474686,133.52320544136913,133.9729258478716,131.7778223557373,129.8173303222297,177.46516370039885,175.45171584731264,1
172.9822283483495,127.76795216104651,128.17167352106694,110.00888002400559,108.21120671645326,177.4381971211985,179.37283301245765,1
173.07239493697057,127.02029282122032,122.5570300183382,128.95061388282548,131.73706581556954,177.43919520733579,179.1802561574877,1
174.38981753351868,128.9249769952831,129.59518147323223,125.91850407151702,123.83917258126768,175.9347973944075,174.22931233264435,1
170.7073716355839,130.29366949610232,129.30930760560167,127.44000512037523,121.93260205693193,176.9737125453328,178.03892145732377,1
174.156001140579,129.23341020691686,127.7338282399532,105.8076824986707,103.15737251644147,177.0523930011327,177.6411720674897,1
173.64480807190964,123.44790337212174,124.07213220944325,110.40969139484203,105.07452371711292,176.07688781188415,178.2429278876464,1
173.71401902689902,130.04662359605334,125.32524357514188,116.09181057239577,121.18804826175722,177.5710451937293,176.26954535301905,1
170.38564556055766,132.00047526079663,129.96398253325282,120.73096383358305,123.97222240022391,175.80796228973688,177.0605777452968,1
173.9360073435758,120.51759933061179,121.27042163874123,98.6193593868506,97.2043487808714,177.76919531701347,177.3045993231843,1
173.99598659702102,128.86148309339728,127.52947663465045,105.44719370844226,104.8389095911073,175.25223122589748,178.87967297284243,1
173.65148054039133,115.49989445553005,114.9906398666439,103.75837702790041,105.44205842594788,175.71375327121834,177.43509806628373,1
170.83172702560347,117.78590538144903,119.56199086400693,114.54173260757433,117.81275756671839,175.95342104082556,177.21621298193585,1
172.48051500006244,115.97700056591492,116.60942408542329,103.98324705619493,107.0539612761614,176.42078364061143,177.7208947967521,1
170.34192076406794,115.98630386268272,117.37524802274503,109.05470570196516,110.79748345004987,179.08935984371766,178.5487654145874,1
174.34736818033394,112.08971070812787,112.03079763169347,95.80099383679152,92.03822533179927,176.72916578817535,177.95751170239714,1
174.29151393825555,121.2264098445907,124.58794592046102,106.86824288382388,108.17516497873486,176.8034160784267,176.2895730364426,1
171.07247852365953,114.56117565065918,117.61144433885475,109.63854163787272,111.93573443707572,176.23008881445602,178.39501709519988,1
171.019734666127,116.01191620008944,116.30064235736468,104.96426136794172,100.90022433383598,174.2420313762475,176.0235065189853,1
174.0298374678631,112.48933528527768,112.78735536161103,110.44987983969855,104.02243193461919,178.62159936348024,176.53368617198663,1
175.10944290322422,115.65119571152626,115.12429934926224,116.58103448077203,119.09796021183446,176.55061605473853,175.85747839184972,1
170.36490275605746,119.08117746763158,114.9539291256667,116.48169032324023,115.47375529382634,178.00281862965926,180.47009563460134,1
173.26944874261034,124.95163849694418,123.52561868816099,115.9581024591902,113.03820520068777,174.14181944162033,174.52233046941365,1
172.38263446058423,113.2493694185739,109.80634038122079,90.46404254724715,94.36299769480644,176.44484142105546,176.66285510800577,1
170.39482218621896,123.53027474861024,124.40943978544954,97.49239781732079,101.44014037549934,175.7198418689424,177.56323030958725,1
174.70540574643488,122.24330588171911,125.30261113909579,106.98791757351086,107.8965523437179,176.72587338570005,177.00790060574556,1
170.93078445946213,118.5768522052974,116.53563596241823,98.33298237118346,99.49702867360378,175.4053514255907,177.25215739119906,1
174.99961667378892,125.41468784320067,125.5638148057749,98.82231608376935,101.42800983652214,176.42812971355195,175.4052178039055,1
173.88163425444918,122.93715461129601,119.65877977014446,100.6005570855776,99.50278619038711,177.9114731906951,175.57447307422888,1
175.52262045180476,111.0637072771028,113.7967498073528,96.95515647467097,98.13265362462633,176.36290623927013,178.70057506105346,1
172.1081736575465,119.0680472663019,120.26008341355984,119.8957420761005,121.15628814565325,179.00903138063404,176.10500172750156,1
175.62021496109088,126.98160137390273,122.41681103501199,101.7330550451831,101.52077812547275,178.9847564784634,175.2360942118189,1
172.03705345106687,125.62024685897292,129.2296880531387,98.18715639455334,99.3828583475919,177.0061084093857,175.98821279819012,1
172.77208170865117,118.07665432170192,118.7690818033851,101.78727785444428,104.65586353655586,177.9483630579049,178.60510282612987,1
171.1350565406618,131.62138772548045,132.48557402658986,115.54870312473376,113.23610088825185,174.63373765816024,175.99639757400087,1
172.42158517010958,124.89266176779347,125.02533512393046,120.58898850959159,126.30403436281742,178.34640596906178,176.39165921938337,1
172.4999526980157,114.81401735466162,114.51299863192719,101.93870452558478,105.62014457817888,178.74815572744666,176.98802462816337,1
171.6308802865888,128.4858699519763,127.43038350321422,119.12004786587896,120.88711218641005,176.31179797225545,176.7610973103828,1
175.2060618968647,131.03697118461764,131.51532714025063,105.55377715570259,106.60784681589858,175.29726830233264,175.31311552494557,1
174.79757531802068,118.06999677215813,117.74344691680733,106.60790474475961,103.93893120610747,176.8455109753842,177.82472288257443,1
171.93000510130744,128.58394958820392,129.6172100905184,106.03254009257455,100.37868359245934,175.94740986141642,177.6099424594844,1
175.34033204201342,128.50669610676422,125.79024792638235,100.00484377205025,102.39857333865727,174.21815389856977,176.97878302281936,1
173.2284461980634,120.17730873025283,122.08488923027352,115.4617999700012,121.0563673408202,176.82572903151305,176.55329919517317,1
171.00499091289305,118.12378812520664,117.23653687398566,122.68871015466493,119.9126727850767,178.40546103294355,175.96493425042908,1
175.38956362039826,129.28945514280528,126.7748709971606,126.27005163604484,129.71051513677145,176.76750568255886,176.94191012147385,1
173.46778654290367,130.1901430612337,132.07592921238316,123.68922122821195,124.36430449326997,176.0360692649878,177.1381336463907,1
172.3893346061572,121.24210197790443,119.97922245512248,109.77510449771643,110.43963517918034,176.89093102476764,177.6742594916714,1
175.79475489644588,122.2294757723535,120.5362990908014,127.30039579839566,128.97863212662205,178.12451995683637,176.51708772932054,1
171.0578610652693,119.75958061336576,123.17537577093992,113.5117200624044,111.56079879339532,176.48937063874584,173.93659979021217,1
171.51449590281365,132.33032431170454,132.80147744323918,116.14128433128215,114.17717477878294,176.1953543276221,175.10888027879403,1
174.29369678533263,127.53837262888246,128.62884733538607,124.85455677911072,124.58727860067575,179.1051156367436,175.404463901438,1
172.29737492958213,125.12553547460546,124.13167599099155,112.88034970436534,108.46477064424147,174.70094763051821,179.55608888020905,1
175.05040405000716,126.0968765203095,127.98406019007864,128.48515161381292,126.95671752050166,175.82757922327465,176.74329529722257,1
175.51564802083297,129.94329671393734,126.11634681648134,123.56159871590263,126.91411102562554,175.60283060404373,178.6055608496079,1
176.8094981133875,127.2168592040071,124.86544971735039,122.72770160433456,120.69488667095288,176.03976296920902,176.0393863073686,1
174.20058312182962,135.94742846725634,135.95332980747384,128.05219101133113,124.03418176761355,176.5133383508965,177.3632158555605,1
175.52177678233159,129.5524632778577,128.96382652741582,131.18146487654366,135.26210750228122,179.5126820317199,175.35299098787107,1
171.9069038192589,137.78486195248686,139.47545448249662,127.10470045471334,126.55663596240856,177.04974374732205,176.43604097732188,1
177.73897865313086,140.65958524606253,140.9883840503139,123.30819705901982,126.77261141022382,175.79580298530672,178.86601495221313,1
175.36935805572546,129.47343320181,132.38567032376054,135.9394588753465,131.14644278598982,176.22504469505134,176.77279794215517,1
175.2975505871814,141.4251632807725,144.11708348496776,140.9399194201174,143.11344427558822,177.8588978851798,174.77872106824384,1
173.23469087516384,137.99356684776728,141.6962451669933,136.43779162199104,135.74565893395112,175.36554057293355,178.27949251191046,1
174.4944655618581,135.98789667985588,138.42825110434347,135.03867259974822,130.94340341714405,176.45525026857715,175.55895772651564,1
176.53603358710464,138.6222961707578,138.02912685785984,133.43837158604993,135.60810467595488,176.01305101551503,176.63435962441193,1
172.75596117929578,137.67719832868113,135.93513349912806,134.87954534563056,131.74886018092732,178.87235098926544,178.17693217624586,1
174.12349967395207,137.56223341382596,136.78309148735042,144.60251242462496,138.4325488718634,174.34942514194842,178.04096940691488,1
174.84249768629917,141.48518602235896,140.34792574546725,137.6368577909902,141.71824583185324,175.59799425404876,174.6224440548288,1
174.2002965843989,138.9120087699296,138.42523851066255,147.2874069078221,142.75489542610023,180.19961194614467,174.59782215202432,1
175.81605509466726,143.05369196397896,142.47139439779107,141.12995025089936,140.06678984483258,176.10987260346917,177.78277261867547,1
175.591532046268,141.34307909282367,142.36428733088906,138.6428550013837,136.76837073861705,174.9225299649801,178.3376473441561,1
174.75115940025992,147.70069775218278,147.09367574694204,149.7898203679613,149.04341647616198,177.2140641389722,174.27131521383532,1
174.6231369360277,142.74534909626541,143.36521672754185,145.68461324504207,144.1089426447789,178.272750512721,178.1187855282271,1
173.25649958187356,147.25133127270772,144.23124181807987,149.35333433455887,149.0641108416045,179.0632622102731,179.2798923457308,1
174.9775002580042,143.8636423542613,146.13121950136798,153.40327453055977,151.03455089837738,174.63057968757343,175.59803531875752,1
175.76984736004684,147.03350419708633,144.18629252205656,148.9821563481231,154.30440003804105,178.06523188006037,176.4653728338158,1
174.95489388637418,146.52673931841858,147.38100666612783,153.25078511890734,152.17346473304715,176.84307079976182,175.10812943687097,1
174.57084469559715,148.64491202294457,149.38366377243227,152.49585801237913,158.34590846545134,176.85795547013512,177.17072760154255,1
177.14546803727217,149.1648353834461,150.35451101126083,156.50660338870486,157.12843393197366,175.8490266525916,176.6438011160158,1
176.53737866927122,152.09011064986234,153.248294451719,157.25804835746027,153.80953981126498,174.4090941045458,176.01400768673977,1
176.27296241032437,149.60819180447922,152.2606066686453,157.70455720587302,154.32966737817384,175.36273976240386,175.41913666125,1
177.06438799857463,148.84925758912297,150.40554852247732,161.51460745688703,163.30852015275423,176.72518648953601,176.07218890560367,1
177.6014621977671,147.47216190928424,149.6063250606827,159.22236295119086,162.9636141749317,177.1401605750779,179.1683976651686,1
176.20529744156565,152.56134756428506,149.66620705155282,159.5463578816143,155.9449482470414,178.83583633273548,177.08833116479477,1
178.65655017634515,151.77844883148884,148.94646921810096,164.5147779500068,158.6491286065534,176.61943085771856,177.3275821455352,1
173.87847316103853,150.7057992961739,149.71891464983236,164.06156510636757,159.85129885028923,178.2697210095602,175.91864989493294,1
176.07626949691362,153.37614403898635,154.47388294017935,161.30238921251527,164.26525143311585,177.94156221864904,174.87691272782425,1
177.38751752509364,150.62313034031806,152.26443563743047,162.52569818882824,165.20956591355065,177.20320552657324,176.28806868411016,1
176.62151718350975,149.50219145130433,149.55334120783763,162.45191150088579,159.87992522158729,177.56537144920918,177.0154594846391,1
178.76243562786286,155.16495045077014,156.65095562155255,162.94971564621272,164.90621827381742,177.4047527553433,176.7442853535935,1
176.67310194926114,151.27597599855415,150.86249972198348,165.57627175703283,166.7167226183868,175.63571126150367,178.84560221963488,1
174.33272479645507,152.51814878939575,153.427221037679,165.08048371851658,164.57970763937087,174.30443068558782,175.7936574701527,1
179.5412652704436,158.2319118033784,160.4473777613656,164.49670372590208,159.167374801435,179.06494573379712,176.86564108495526,1
177.46073007155263,160.17810320917246,159.3204310130011,165.7056789885961,170.97423893695716,179.7427680703884,179.78944110346154,1
178.05928036909566,156.29338784760378,155.08169584319205,163.0141492318245,161.12740843127744,176.80450630857115,178.4654096265343,1
176.4165589798163,153.02932862804536,151.9610211807534,167.32452353310575,169.34298868903502,176.21743204685637,176.7609625818186,1
178.2788571554346,154.24269839545556,154.62333823010624,166.40555394426735,166.70864847252568,178.22598478821857,176.14837711177347,1
177.77371346008965,152.4909635866412,153.76669458715762,169.24538526162567,167.78767445084932,178.13346371480444,175.17942447219986,1
175.3241527305523,156.15960626724134,157.75428986310322,168.9346671985287,171.5340363248361,176.38028138190916,178.91489413624237,1
178.50905661853773,157.93560362359938,156.49243382747764,169.64449962750126,162.73102991117554,177.67170786724952,175.9628161858428,1
175.80020582573763,155.27777170168773,154.58623722792146,165.65773058795082,168.54708422113035,177.03525216979475,176.70638636068088,1
179.04209330251612,150.26277051843772,153.01501659882442,169.6528403542366,169.91749489070986,178.05030576066468,177.7384754498031,1
175.6440089305384,156.80367601982522,156.48472194037376,166.80333187289943,169.78268648458152,178.80984335178377,175.6129710297741,1
174.57760791117536,155.86907903581047,154.21254158670624,167.49424327400655,170.77793171514023,177.11558837041005,178.71764127815942,1
179.3768634251828,155.96204528061145,155.51556825433443,168.62314221381126,170.72057100326026,177.74799806946115,178.0624455518351,1
176.93908268152586,155.58294098381788,153.04659047042898,166.84481486969167,167.22502600416718,177.6440905850695,177.2986530228921,1
175.9766342722903,152.56184327797826,151.2975147696516,166.8693770487875,166.77868144206778,176.2758334111493,178.36854447880742,1
175.0741384023932,157.44115442849753,158.551555861732,166.83043760451037,171.8496411339505,176.92917038896076,176.1180950211129,1
174.89720456572053,151.0161817557238,145.44497990071343,168.46877111086556,169.80446314408783,179.69071959914112,174.42388779460694,1
176.98805358271755,155.03098647099645,153.9636697949265,165.7071023542783,167.3465490769837,178.44977280085098,176.1447922060555,1
174.95876572257583,150.7432925541048,151.34194570637132,165.22138321738248,168.5454910981709,174.6381908800313,176.99700061626876,1
178.0860942653941,156.63819717245642,158.32847688572215,166.76692806965144,167.74283137438616,178.8026988518661,175.97301243890948,1
176.13279557409766,155.39786945375522,157.74629302228166,162.16646850244192,167.57902662824677,177.6166062636062,176.16633685151984,1
176.09749795547353,149.10155659016942,147.13074935876202,166.19480807263616,167.24820283003493,175.32955158533397,179.36673944755748,1
175.53440667847727,154.60709008404794,154.62241924717517,163.81598719548515,161.57821059968512,176.07504605802947,177.93805095049936,1
175.882306114959,155.87755318693766,157.77305587426582,161.40126673246914,164.594613334076,179.53516733298963,178.95424826028943,1
175.41126931284998,150.77214063654554,153.58896518662706,163.12540562362645,157.8810128672956,174.9735315891572,176.5083184860414,1
178.67929959106246,154.86286732158845,155.7172526838771,159.5155141545239,166.45064908433437,175.06082228260854,175.8652231323868,1
175.57373717662284,154.93080761664743,153.01295465279625,160.00818720094924,161.80774517621194,179.13582474144647,179.00290531424324,1
179.31215652288938,145.72724830196663,145.17181557773128,163.84399262634892,161.66118687315932,176.8382528765832,178.4599647259498,1
176.73632076713545,153.41004349586427,154.46053443540197,161.205064892354,154.31554912565653,176.4522583658489,176.2854976847955,1
175.53128872611526,149.59261694501717,150.11592619717405,155.57934238715296,150.86901060563073,177.35912854781782,174.75574138339434,1
175.8388699249589,151.27971503221244,148.27075623676467,152.83423816142067,146.87552503494925,178.5127030843897,177.3421245423022,1
176.35268125689635,151.6158593442486,147.43184499126522,156.23095233625892,152.25944082206948,174.58228134630443,176.8553782282347,1
174.78214047211205,151.1672219828473,152.10250551983586,150.92650772554583,153.0670656058424,176.21661974445644,176.0726796673925,1
173.77906601857117,144.39872992548047,143.1941978401037,150.94598382327263,153.04632165898673,175.92372197262287,176.98146045430585,1
174.63942843537086,146.30531207977967,145.58563647642512,152.48610521290644,151.46800930606227,179.53273255639817,179.0304811704755,1
175.8267620514604,143.16458580935472,146.67742637774705,151.88961170891452,149.0651630204744,175.51207038982946,177.87596989536027,1
175.92822919761377,142.88350220018987,139.9178243377669,151.32193315830057,152.78247645964993,177.03858462225253,177.03641064743113,1
174.60528450745372,144.0913935911759,143.01373061470923,145.33840624681565,145.11356170318243,177.35014894618794,178.18389349082747,1
175.5608545136674,143.2804307701977,144.6949035324306,150.0150796700765,154.97755252939749,178.21311100102804,175.1663526081182,1
173.3530060410452,141.73364789275035,144.3754173922289,148.43204017018184,147.52179141850027,176.65422992722003,177.07535304420975,1
174.52038661931195,141.27791219267576,143.6047177819924,138.64485947239896,137.75130168215662,173.92895006760182,176.55090345546546,1
174.35452811167184,145.77749376304507,145.5736443464715,141.39872566573317,140.10043925406222,175.02781992013226,176.00781691535028,1
174.14434685660603,140.48609659131898,139.16777130794094,139.02535045496094,143.70025923648302,177.13474613111674,179.9607384623801,1
175.9029095582488,139.0052530236202,135.75294127923155,137.37819645889178,138.81906261568813,177.9319572949823,177.8836751190024,1
176.2867518645689,142.05059809328972,143.40335145734858,140.60410203444803,139.02187012005993,175.90586452211807,176.38574311959542,1
173.44221530663873,140.9224332429773,138.2942204094916,142.90031110511097,146.763671715397,178.47107645719018,179.1699163651127,1
176.77958006749614,139.4135722467279,135.54531279606326,141.01787598070553,139.1430845761963,176.22280814410468,177.35367084725485,1
175.03286869977188,137.4443819094858,135.21839353636224,132.024022738183,126.86976319763407,177.76615129580094,175.31207633953477,1
174.54586448453213,133.15153246948353,133.1108418017422,136.72915385791336,142.86964021036331,177.11859701852515,174.7081833434711,1
172.83275480108838,140.44540944825107,137.0297459356812,136.30818507194002,136.72249681120945,178.90654956545006,178.69740949858758,1
174.74582001279583,130.66236069306404,132.34274239060645,131.9905702559316,132.9443288108949,175.10004082608611,177.75722532484406,1
177.15373863994907,131.06620478674319,131.54862481476704,135.42520192697359,138.55394703452964,174.89810427315152,177.8470948798625,1
175.69253958473607,126.73781981144546,125.0136128983828,123.58742408487502,120.23331169693553,174.39927936598508,177.6797404764741,1
171.84039734019942,135.51455605775516,132.32985444931967,121.76981824880635,125.80376949586308,176.9244797753927,176.84142954640365,1
173.6078912604621,129.00683404875045,129.77760907013086,129.94314766333014,134.4381415355748,178.27190999166464,176.3353287417009,1
177.07111927956205,133.21629392736176,130.77028345350058,122.69803725663685,117.39373697010298,175.6861638638832,175.66470520317478,1
174.49203094598482,134.3919452889006,131.56196774341905,127.14865604234669,121.4172808049104,178.1787301771559,177.345256278146,1
172.79337380699988,135.25506556183473,132.9416568037468,117.89935309587986,118.59840382762611,177.09697945435408,177.76275647286207,1
174.98960042208103,130.78637457207768,130.1568429799493,123.51451247122073,123.74373458034476,179.452037914145,176.62410347039642,1
171.08121534346967,133.12206692347982,130.0702735387161,129.0146315192717,129.4808386135151,177.32839201854884,178.05481062414316,1
174.89379398843178,119.01984547045045,118.41762369013858,107.78958392110789,103.01702999726139,175.67167218911004,177.1270208978415,1
171.52729841920132,133.06259293995726,132.3470441564537,123.87657721676777,118.34650760095161,179.41952982127285,176.34035244740747,1
173.608684568619,132.980920179396,133.4115071645393,111.34589925942522,112.74860952695074,175.57004803044512,174.76960514520485,1
171.66076486471835,126.38139231513306,123.13575086369711,105.21765044348443,106.21782629179552,177.91832770514702,175.57284599352036,1
175.01462980651095,126.21661463998899,128.63683082237068,113.92670148473428,109.03909249701479,178.2515320740995,178.33207812723498,1
173.37202908349767,125.63307942725085,127.23472253370042,110.4933408685359,113.10478065617698,175.72634860893754,179.42902636017132,1
176.01227823045625,121.56166849619159,120.49175911311134,121.95797122255935,127.07900890670061,179.449367999293,178.99849282831687,1
172.48057404134903,118.2533198293148,115.8260199772368,105.77114855274887,103.69708970924246,174.73183352527354,174.95063500102717,1
172.7560681382558,121.31885292144092,122.5776245262923,111.44310290849121,117.12107770987953,175.91311063861838,179.42181317846206,1
176.4642868046451,114.24030126515842,113.29511179319232,114.00523711339234,115.29845876751772,177.46993525545906,176.3035000914687,1
171.34416697487944,121.72244807171096,120.56764321570583,110.1256260621397,112.73132953120256,177.40270231978343,177.29143599513293,1
172.60914773500403,119.38111356790445,120.8491995117264,111.87127383181202,107.36745569846076,178.5319145823391,178.7323124115976,1
171.95818504297486,112.63499113807487,112.46505542995051,112.78741669525817,108.27645858328883,176.78216060345028,176.98170289795888,1
172.6231568586071,123.89244152571746,121.1674639603366,98.23710995528745,95.545690065691,177.4705690414256,177.27155074039868,1
172.92624793103036,124.33501210139517,128.04954359716743,96.39872221363343,97.55720403585285,175.50727378190535,177.20668451901795,1
174.00310153321993,117.27605785262999,115.19848054579282,103.71927700284158,102.68159498471097,177.16337531547677,175.49942863789124,1
173.67269572734486,120.62260297472285,119.74917745939098,95.938734923659,99.13767344493608,176.17440243265733,176.7523189083734,1
173.8483770392534,127.71229185010361,124.35100513416124,104.89611406203964,106.36644022964187,175.48061242013617,174.66314667124774,1
171.00525829984718,123.09346679482232,125.56732920630012,98.42596067226805,97.75372643925328,178.7608866114084,178.26768293722972,1
171.95625442004837,120.23310109066654,122.86410095456993,115.25474838469982,114.9432182958762,175.43742924093118,175.8773245469849,1
173.31848143447226,112.32875805764252,112.72292141035442,115.03101937036479,112.09631463554072,177.6083593987635,176.46485228316234,1
169.7295893013476,130.35944352581052,127.45948771399615,102.94574824393425,105.71508477508189,176.7363891514283,179.37876230508516,1
173.20828934805954,109.70899688910465,111.51180856735706,100.25696979469092,100.92912642182007,177.00817313909175,179.01938061224115,1
173.2844030775576,115.93264986507793,113.75877210813009,92.03888679804581,89.95927002301018,177.47215757278673,177.67975076957916,1
170.93727568932582,111.82302452495512,108.64475210325061,118.8750783115077,115.42108963025485,178.3408111075152,179.5749554776668,1
171.7881272990009,127.12788296613749,128.68548100652026,92.14506279078037,91.86059593543644,175.55465574073634,177.27574916818588,1
175.6036800913495,114.46289239088634,116.05478012283841,119.65609676776052,122.54782179794066,179.37982092084255,175.61453660055105,1
172.21794147298667,112.44039394787488,114.30018167285812,90.66044944825087,93.10033969682631,176.67696852205012,174.48637905803432,1
173.50839236605142,118.44700046195729,116.92531865473639,108.63787034914426,109.43920474044555,178.2096921539253,178.09928326985056,1
174.5306826077819,126.69372305725562,126.6150139885606,113.64648995381354,117.91115783517778,175.58896242685591,176.47549989144008,1
172.12824484227497,120.98197917096333,121.85434150641754,98.37310201679185,95.36175262437948,178.3105622020735,175.02297617715396,1
172.10242444993284,115.21919024141154,113.80145208466963,118.38277006206239,115.48124680936236,179.26680117712345,177.172499999628,1
172.16629054265485,126.67581836842051,124.12971614290329,95.00170407715673,98.86787419874855,177.60897569538696,177.7063374866975,1
172.40006815774098,116.38164501795563,118.92294293866253,99.42811760562698,99.26647343821104,176.3259952641311,176.442958286452,1
171.3561270939916,116.01440495996474,117.03016654867449,103.52751426309005,102.29842042482657,177.07762182209007,175.91513600626638,1
171.13134391352827,120.60475301602936,120.21099071151642,122.05679266539653,120.15515065206549,174.45303657716954,177.43792309740678,1
171.36744861005195,125.1397644091639,126.98531844945431,121.46644889558348,123.51394644177627,178.84920035950245,174.35433487128614,1
175.99109514845844,123.04852754718935,122.48579487119063,113.9575692424894,113.82358997762474,179.06216306696797,176.47823368861162,1
171.32258748087185,127.80804963709222,128.70650787546847,104.85875208245433,104.89835384825494,176.56658990763412,175.35198385099258,1
173.65436786734335,132.32164185038835,133.46510762765266,119.45451634819446,117.74454995055636,176.73139086520743,174.13831180269423,1
172.0099609034271,127.13992853214833,129.19734237170545,120.51637068002616,118.74996519952275,178.08823917515832,175.75126457688302,1
172.6070363874691,132.83082416132729,131.3590635081158,106.95637877718188,111.1515767888477,176.15805085838366,175.25013572405265,1
173.24781930475743,117.8608449644771,117.54349487507251,106.40125832694432,105.39805173430959,177.20404976068468,176.2481965571059,1
174.79852443479012,134.17405688465945,132.32046114801568,116.37774624729867,111.6770398615235,176.66361344649525,177.7642748103895,1
172.49823504826094,126.71226567779733,130.012997044486,117.79428728333053,118.71431570256735,175.19402011673208,175.9589986462722,1
173.93465064400942,134.103627228741,133.32395999186053,115.21912874361486,112.14774705037676,177.39985292254042,175.91935425796257,1
173.45383427044305,132.80154433660547,131.44103963186194,114.95994119129513,115.86741779249765,176.57125128130753,176.40969514789268,1
170.44885740615484,130.2558503664516,126.960609582896,126.91028477844499,127.19085129169774,177.68552917973503,174.31591447546967,1
174.4402068567644,132.2752298971859,136.967579749484,113.56148228803232,116.54748426461634,174.83926210199184,177.2937367228568,1
174.21569922204202,122.8630504966559,121.66929919380253,121.53414979530157,117.46218047899053,176.47316725564434,177.13799415940431,1
175.55858099769745,127.77110264048795,128.5913970810732,114.3950262411349,113.32385615154631,174.27601140346718,177.30369078232744,1
172.58896618917638,134.5692171945492,134.47942947939683,126.1056350011736,124.26775295434474,176.87380680370453,177.522368941479,1
173.5557649719492,136.17758098060028,134.28096513482575,128.55885202564042,129.40164490382926,179.25310606869562,175.29280790110283,1
174.827235073852,131.51292663603493,131.99246667698404,122.451682812348,119.09155261692267,176.9909540688493,177.25359283591905,1
171.8208101005339,136.12480809185828,136.2980483137259,121.13200507418169,118.81482187847183,177.4036118011884,176.69420332268768,1
173.58236270924417,134.91402711472523,131.17829050956158,131.94524209984954,131.3904424902857,177.61045764165988,174.73571947687654,1
175.84010115688784,131.59046211015973,134.06291437403442,123.69922442811557,125.9197433380246,177.52457960048142,175.37105261218673,1
174.57686405039215,133.9249919992502,133.4861912272749,128.41516223488344,127.823888855496,173.74479747128805,179.48105131598874,1
173.9545827206606,140.2091557292075,142.14555642525076,135.08112210656984,136.96638760977467,178.41085735367463,175.96048900570466,1
172.63029453258312,141.15325094890784,142.81794402156672,126.66214061725769,124.18238287877337,177.72711413501762,174.871690557484,1
175.4326016206281,134.5151160890773,137.2301788169175,135.3250705200688,131.9727654535686,178.84013197091352,177.88286564353044,1
174.3028605128442,143.91451989876126,142.05291993362485,140.01998463597457,139.74448797810174,178.22789882107324,178.07562532945246,1
174.2373721317373,134.72331121807088,130.81250633278924,137.09074615630962,131.0675588668334,175.46569145838086,177.09804836389546,1
174.9503723204964,145.32952921262918,143.77942036453896,135.5784717749365,133.62340174652437,175.03508288225228,176.76716412492507,1
175.4790434831218,137.97441700632112,141.17709679041099,134.196028409815,134.36398427456868,175.94321551786376,177.24079505044324,1
172.91565437729113,134.5026925082406,136.48380929264556,138.95006469547008,141.9864779962341,178.52636519466031,175.44660568238044,1
176.43645421105822,140.75537262959745,137.53202597338972,142.4012532778402,145.387832906208,174.60762082807568,178.9605465375864,1
173.49637396042485,141.5031505593499,138.6793596995042,148.35392466423343,147.18271897944112,179.1232000263021,176.71910899645363,1
176.0394588520296,143.04738133267702,141.57475359405007,143.17064295346754,141.18754678458657,179.7981176767784,175.90604888475798,1
173.3382184629936,147.576435375306,145.73842237628173,147.5399160020298,146.73130122675494,177.8227777669955,176.6814211066456,1
177.47641477414388,143.43558804000764,142.27819994413537,144.1483813990153,139.9506124023839,177.3417565478882,178.76437998603515,1
175.91091862089772,143.31750873610315,146.02790992778338,152.8764303001531,157.1098843400366,179.76366485177556,175.12637115366638,1
174.4417958872884,144.87341676332807,140.74370151942992,149.60901920782905,148.54915428216032,177.22216724662778,176.447156772016,1
176.23113961626447,147.32787893098785,149.6967963949233,154.92504425333084,149.80335418388455,176.56555909355887,178.5798124653143,1
175.18237738830592,151.21577149209452,153.49453564332956,152.59951997992138,155.08125152056016,177.65524717875687,175.6132276440066,1
176.65877847859042,149.91297614788368,152.21929718709447,153.95232016347134,154.42083943003956,175.59407817200682,176.24417333866012,1
177.6891493662399,144.74956402364322,146.7521804212813,155.98181235684328,159.37172505726375,176.82491762142052,176.93865414623406,1
173.19888441293583,153.90548268044185,152.5754880772754,152.9583907957401,154.82616285749137,177.82956749230482,176.3080111091014,1
178.05442090442307,148.80784968157084,145.99638457272994,154.6980939119146,153.17573909064367,178.39706708694433,176.83787515585243,1
177.21613145830767,149.2186913450785,149.89763921101445,155.36009848965668,157.0816478345452,177.29224585297825,178.29554352754872,1
176.03564407620283,152.47589401362393,148.47231934340908,157.44725545907923,157.76569801242687,176.736271985956,177.45339550978875,1
176.2016120015743,152.94027875017457,153.32156541889918,159.63830322896322,160.57494770332394,176.80647418366385,177.73652105343388,1
175.93505849769653,152.46006817438735,154.72794556024613,160.01501925672946,165.44909489081056,176.57154908837774,175.0672741583701,1
176.86134379522855,155.86696489273913,155.88725460016897,161.02547861943293,159.07588939180917,175.39183553172305,176.7338967330017,1
178.2619104780817,153.73258415382094,150.94451080323535,164.67767395133248,162.15758985208052,177.39602824221484,177.4076206706675,1
176.8538662790443,148.39029922415216,147.69973024657318,161.22569615252007,156.41402743718552,176.02047074358433,179.83854030527783,1
178.42319877257506,148.4955538733436,150.29166232287926,162.2462800766791,165.95114827162882,177.48992245881036,178.39968411782252,1
176.57188317720136,154.13047413177608,158.6749723294608,162.39748699747383,159.43765289902473,176.8731767002835,179.02835527098975,1
176.85970719742437,150.51553192545563,153.01353877478837,167.5163651599868,164.12817945029917,177.5682531069035,175.04595413900208,1
174.70461280235443,158.0932900028885,156.12283622900264,166.06783772375113,164.67577908124892,177.41284172453754,176.7572869116602,1
177.03146798901756,153.2847224554369,152.52088105806664,163.38095448066184,162.35547797008988,177.63354715558714,177.37045272891427,1
178.2030208613746,153.98091051889077,151.0062536189644,165.6002745823456,163.44651813818052,174.66130784208002,177.40568126266052,1
177.5170743868737,154.90401739883396,153.48651717278827,164.1804440034609,170.57718008367002,175.36126809817037,175.0230470204186,1
178.78560168629622,157.26357896083996,160.10315039794702,166.88403816096152,166.12895246995126,175.8240602589126,179.26858882795318,1
177.62651697067736,156.6454135890896,154.45244318759467,169.12077638167236,172.01609958075892,177.33386398687603,179.15909741442854,1
177.68747423020523,150.21418374557868,152.29269557478182,166.4681387308982,163.50181942831384,175.640704294775,178.44139533364776,1
177.6746958290554,149.50904771160987,153.62559579256228,166.74374963668453,166.42487267595604,174.97406699956656,177.20265689185715,1
177.6559762300854,159.97627010452533,161.8011924579488,166.93896672471868,168.74901444559154,176.4717932248215,177.88660899788493,1
180.00162363429018,154.79902345425828,153.4761556466587,165.51775037181005,164.80941868253595,179.17081140366471,176.5830620838462,1
180.14794954928283,152.94245354796058,154.7150604014563,169.7467214320936,173.1216070062532,179.02917433948704,179.8618527604478,1
177.5799726340251,157.48164750445028,156.60601514464818,169.82547368995952,166.31445360181783,174.70629225650924,176.62234832897303,1
177.2096762771836,151.00306920474546,151.27899888350305,168.40120808207038,170.5533370396509,178.7610152318393,179.3051567143468,1
176.81877200546296,150.61474190459992,150.57178243632234,167.48286346604556,162.2249336372386,177.7910282323048,176.96540510224332,1
177.88491921156594,156.71998445815518,158.52943944050256,166.1643555927057,163.16043543778946,176.85175580801655,178.7091981321682,1
177.63465170192205,149.772921621941,148.4018426725139,165.9233720236116,162.12134306141996,176.44065347060476,175.4063310217389,1
176.8842102004544,154.3321276782986,152.4655146460636,167.87455084403663,162.85027268880555,175.04509157411286,176.1243876800118,1
177.44831422148044,157.64926394735832,154.98596536100538,163.80180691646495,169.01120801118046,179.31740637234714,174.32371461519378,1
179.65381570088164,159.31416983286863,157.32445129339993,165.75829695545656,168.16424665691767,178.71183738309313,176.81078271776863,1
175.93743852320694,157.55472375848598,156.85117054608176,166.65184096710144,165.03012034602796,176.2751212255162,176.10190254827327,1
177.6606077163832,152.83604920516964,150.54754024658808,164.43147548054338,169.79321791644523,178.6352263693556,174.91512193638803,1
175.77945108909205,156.83470475593748,158.25155857469454,163.85605516199982,168.53920756531593,175.86062587213607,175.30258415148086,1
178.62851670339438,155.18872608969036,154.1889658879676,162.02929319505247,159.5328807608498,175.38637521084243,175.37529428196288,1
175.91695557134966,153.10594871253568,152.555181075633,164.53532583176033,163.93047328034535,176.75409995447674,176.11902292885543,1
174.66936759524106,153.87665643474037,150.06340922207195,161.58653962367944,165.65293330610913,178.34362866344398,176.47502027189572,1
174.29360557732193,149.50454248512662,150.80128878191866,160.5572654312376,154.50080302866044,177.89970423154153,179.69825149656697,1
177.39285632344732,153.69309244219133,151.4405862154081,161.24815548176704,153.97499692534313,177.57442661347105,176.41310785764352,1
177.07446365303238,155.88594464816254,155.84280236665793,161.0250903947499,166.0193398853076,175.97221804155527,177.65060415456094,1
177.24336285494485,147.96003360432834,148.86355188130187,155.9964307960718,162.24894857853386,176.51419962140466,177.15684381879183,1
176.0184495942761,151.4335541245551,151.14642358618022,158.82756250951837,156.46762724276996,175.22369941919595,175.33264013327772,1
178.18250833237622,152.98523496443235,154.2047648891324,156.73848721481684,161.55047878311592,176.96730660346125,174.41750410295725,1
178.9305964123049,151.82137378506877,150.93552039370798,155.14649602060064,149.52343603260468,175.19574597860222,177.82018187982473,1
177.06598724039335,145.36020824596866,144.39193850914975,154.55922995041436,151.16191423475667,177.43828873419537,178.30335592161472,1
176.05476992556046,147.31193548828668,149.87757462170597,151.26992957230053,146.54755169510443,177.54079339523983,177.61481412359032,1
175.7948940620358,149.04275238840268,147.26420904955395,153.0627253195392,156.35790595662263,174.61909045667878,176.78529348711336,1
177.33494149758053,150.43157967174497,149.9845659440207,152.05547843599155,154.98279561191575,176.29284319207292,176.0082200513276,1
173.9825587201981,144.44541831334087,144.59361814841637,154.5963842928394,150.01720384565928,174.8692827368747,177.5949247816611,1
175.48399125448017,143.85234080216648,143.27160023142667,150.65976745711134,147.22203572578593,176.90271749645288,177.46784826620143,1
176.1116054601709,145.0397983568859,142.6953435780403,153.45981146797075,152.43075118233676,177.50508013574154,177.82109824373933,1
175.13406730688652,147.20792844739432,150.55225535974867,151.498162317185,146.7020206247431,179.27335241142993,176.98126652544593,1
174.51943960407618,145.2242625681769,145.98089525565453,146.31302943315157,145.6980380436883,176.4137145495425,175.6145089230031,1
175.44607039321153,136.78843115027368,139.74597016063012,147.5313397209644,152.18839153624262,179.24329570257694,175.7270301850657,1
174.19337989398042,137.97120542177402,135.00298342465132,143.44958616852958,145.49970112742665,178.15100076767473,176.90687426009163,1
174.84513206892825,138.31613109250742,140.4502237670598,138.02644650460954,132.9524143750862,176.31986264656695,178.2128784099036,1
174.08248609501408,137.2051185796435,135.81044506843102,143.63575018901878,138.08920424566566,175.41042549576372,176.91313933203963,1
175.99848899079763,140.61738687449866,142.17045817183543,136.25603323409607,135.8926822886139,176.45111539107953,177.293963710367,1
176.8216108378963,139.48500613680983,139.43037702029346,142.39605776008096,138.39829534703946,177.0984862809333,176.1599246544846,1
173.5131487728144,140.31656828862722,139.49632039711048,131.42713487269398,128.31142346944023,175.76856613764022,178.6162082197263,1
174.00915502162087,134.6796437924475,133.98164587603247,141.16433642323076,139.1562221697481,178.66968572765617,179.27687235361648,1
174.47816251396475,140.94426750062658,142.36097641397618,136.53844058897425,138.94903909842665,176.1483564265081,177.62374643563388,1
177.12597535398567,128.66575924572896,131.47191863874454,135.81083552269467,134.40354865649002,177.40380766829014,176.68462415850556,1
176.04607960178438,141.62320142836623,141.00362233454373,131.37736626675536,124.64385517118151,178.37472555861015,178.76785070247522,1
173.18577586863663,128.5935802821419,131.13334103747178,125.30143119593302,125.82109304667469,176.44270836121373,174.69100314068982,1
173.1484378275944,136.62338701163472,137.59283866269598,133.64726298072728,133.96791022941676,177.36670318618113,176.50209590250574,1
175.79066044628502,132.16149479203915,133.34462638138015,122.38301137470344,123.68506915897959,179.07813997603733,178.4628564309718,1
175.72117418660787,128.3924835715174,122.92128807043704,128.38246463782517,128.84189626723713,178.306834085447,177.53356974000832,1
172.64482558958497,124.68224878503848,123.19419078337981,115.77863399966809,110.88330195655661,178.78044273065746,179.38893698917803,1
173.86611691526667,126.28940781569122,126.33563588236368,120.31019074630049,115.99494724172206,175.66272120112058,174.6802350297947,1
172.77825266108604,129.98048337040348,134.57795665114816,116.59051595768155,111.01974159374022,176.4351168995655,178.37921754894316,1
171.87777880426663,128.3280600317955,130.05031726166578,128.93703604202318,123.88290456630986,176.62954377814643,177.609300336639,1
172.62618311044616,127.2661813414945,128.01806642598885,121.41101672218215,123.50490305714288,176.65931876523916,179.79178707952147,1
174.19330089498524,128.87048945535065,127.09146499206246,119.5451803673642,116.13634667942465,175.23897625622243,175.0458206312688,1
172.3150832818608,133.09902247092364,131.45564780988283,115.0228040173965,113.23779476411693,178.29661428799974,176.69238856522088,1
171.33729527146536,122.67963372075378,122.68642965546958,122.31967509934302,124.12755173521933,179.18591826894877,177.59669648623714,1
173.18541105678625,120.32734516497098,116.734248681921,122.60469459155765,121.95691517424083,175.4350952304675,177.9931399844101,1
172.32164816142563,119.36550999073476,119.60150188797991,114.39508798351025,112.88272046771083,175.90030353263546,177.22524632846776,1
175.12980689997383,130.69392588056795,129.98590126788426,120.05516802466941,124.34338809346784,179.76094389911074,177.90804094751704,1
174.04429835205275,117.78492835862816,119.05687355727373,100.90203211915164,95.54306418944026,176.82025494425207,174.53690113489455,1
173.45262173219137,131.67276185819185,130.49272184383616,101.80179050187887,97.8832533978967,176.0806748338902,178.00397556484845,1
171.00274708115168,118.42292522128538,116.30409190057007,112.18431662613881,116.34025699827399,176.64863695855516,178.0983065246628,1
173.6678929876436,119.29525895777931,123.55906167299572,101.10072918073415,97.69204530714886,174.58874200778533,177.05742490075474,1
173.78236650478817,125.95807444649047,126.20035727122595,98.5684523569855,104.87014103680366,176.16377795095983,175.52814067673705,1
172.1913231067993,123.36079713353652,123.7052553174636,119.41731909422055,114.83691173635857,175.92020854304727,178.01084410111548,1
173.2907937726521,122.17096930451913,120.11171969361074,102.87804457454797,98.89372519704351,177.95604693304963,175.85625713583286,1
170.8975807310576,125.06124541807466,123.71551156998873,120.16001929933329,115.39204470948543,174.37050706625806,177.2974820918877,1
173.29654047111637,122.68241641408947,124.34932108516391,99.02191402655755,98.38812182275097,176.88686922072165,179.64306622422376,1
174.82325840988494,129.48635586718078,127.47755099451064,106.24198032676195,108.32269787866905,179.11933846404762,177.55088260260084,1
170.8289213415212,120.62659493567008,117.11074207897698,103.34510092948045,108.23965765616894,177.88070371588364,177.60582619035253,1
170.58658527310234,115.04511121032105,118.33813549501512,112.39650245657015,114.6261225257441,176.8973290912942,175.47917620810662,1
173.6094962672486,123.99880847083742,122.8680322201471,97.52809813679832,99.5342439880818,176.91981683870307,177.62161563533098,1
175.15338854366445,123.52345913617447,121.73280442027105,108.8457778038088,111.008645802287,174.26893544197017,175.97102754257017,1
173.1910238145422,120.00659770722828,118.62973063288644,110.73878697550887,110.75571159478076,178.13854405199743,175.68561444048095,1
171.90528997202142,116.63428386321917,116.22524462201268,90.4293886982723,92.49878741415698,176.1012248396319,179.3416800089918,1
173.98804212002338,117.05627138340809,119.20153068459,105.6823834475259,107.33898156514668,177.8541349795581,176.3728859274464,1
172.71429382635787,121.52967986346754,117.38029035677557,104.99712477049277,104.04459406344901,176.41670332540824,175.02513462248697,1
170.24034668258682,123.88263461472114,126.84222934066877,112.95725393197503,111.89060993497593,174.89788065326948,174.62039841704595,1
171.0186350108919,111.33774483209855,110.96394842765291,92.56683952058681,95.51581649868112,175.70746753172813,176.19332258755455,1
172.62838860854848,119.21102215781052,119.78471676317736,92.93301470269587,90.03330797663457,173.93544698736653,178.26227473154654,1
171.3283823121856,119.36240268279131,119.2700744027799,118.92454939783129,119.5506470812885,176.9988840085758,176.51444852883037,1
173.91117188531757,111.62961067656283,109.57287720076839,109.40045866164934,112.87504369779953,176.89866971111323,175.8642397527181,1
170.79825983334453,118.71764797022435,119.91892601451869,113.3947571142007,117.83186046118945,175.09411644880964,177.25545923611296,1
170.85944007037213,116.24061760967474,119.56013047329785,108.90533347103954,106.5445701184635,174.73207307164617,174.20642065815966,1
173.158082367609,123.10319241549523,123.18824596612299,112.26069242602392,113.64792924038933,176.39058394438715,174.95753793802027,1
171.4473783164398,116.28354908529388,115.72481886963537,101.28224260595815,101.65208726783159,175.32598579842403,177.27106718829518,1
171.38848616444324,118.99324034615866,117.95768491905288,116.97262375717929,114.58963269635343,178.93546465276734,178.50601055239116,1
172.53857892791777,119.411063216358,116.25955080233028,93.9323477697901,95.7084131654267,176.8776861879011,177.64690755043844,1
174.17760100383822,124.13537192055739,125.42830545763339,121.0778541006268,118.78349569524062,176.84020836579455,178.4787316459995,1
172.56887027181793,125.44846857068026,125.08584733579977,100.79856160884412,98.24082439019574,175.42481608911496,178.16191429003854,1
171.61709133569175,118.05453683612113,116.43527828340439,115.17268782453853,115.26865243103602,179.1190925895945,175.38319032689813,1
174.57918560656705,116.12499119776896,115.3890961603146,118.00909450204358,113.39088652417335,176.9776160536212,176.86879998767634,1
171.61760963295717,130.27762770248495,133.29681578615717,124.7281069614247,127.26248120107824,177.2813004351117,175.91721656508818,1
172.29665756931044,128.43134598802013,132.30637309582093,122.59269843165117,126.08537572611714,176.5929134391586,176.3212297265951,1
174.8261630078021,120.79447258192988,125.60947588489303,116.67193302846078,112.35646119347336,175.20559166509767,176.5939283031692,1
175.4424522213581,127.34117355703339,129.7323074027469,111.84016557830856,105.95796429829744,177.45983632716306,175.21015526924361,1
173.46259969700608,131.91095735122332,128.0242148473144,108.93800628451969,109.96585175532775,178.4748610175888,177.41462758103816,1
171.91569832808426,118.40414945671212,115.0884798687602,116.20815521068414,118.89122607494129,177.80823427832448,175.00193088204054,1
172.70530656376926,120.55934251571964,119.40334676264091,117.07855655259719,113.53103360324612,175.85075309661235,175.19830496604789,1
173.5416159537802,121.9760034160504,119.74464796099305,108.17418638124609,104.70868387348555,176.2025214464151,178.46917747130593,1
171.02483977246075,123.7770595898533,121.95626484183242,108.9565353587465,111.96236624618852,177.73164448983957,175.96584821299268,1
173.10906873278088,129.18828942402362,129.08509859317576,127.00189498614155,125.06632327087922,176.91421603838072,176.6717647941287,1
171.09403549539283,126.27218768080067,127.77722760603544,116.91953566313148,118.71991070026635,176.13323331137153,176.8972135334634,1
172.21980665617423,130.93791287876087,131.2990371524655,111.88757171575125,109.86782761551629,176.03875614670292,177.8392756573905,1
172.69247180456276,126.3602154187515,127.03808416486291,124.13542303306886,122.42337268452535,176.03948409905226,177.33529765159898,1
172.07910743332485,130.13073042695714,131.6283130497599,134.74548015377823,137.34025649449296,177.44320921502668,176.9881817321077,1
173.88365842860398,134.12336198691912,132.668540538466,121.85400733707402,121.00288243066657,177.20512205818224,175.68380608924966,1
173.83848085361902,137.24749529443127,137.5691378800801,121.17976526674927,123.20180657961234,176.0278664030215,177.79461023251062,1
171.51243361160678,131.27634355031762,128.33783609007733,119.6556412949592,124.478116066431,175.82271196800954,178.86535715077898,1
174.26068863747085,130.5354844837121,132.03431047606665,123.90173003070737,126.5156781043356,176.60703377563618,177.6097973757913,1
172.6372945633071,135.6575106742586,138.3650418428407,127.24343817350257,130.0165116430576,177.1275665155313,175.67652704514882,1
173.7942621838299,131.84730624687472,131.2588272441016,129.2963181234914,128.10135828684062,176.72463648130517,176.19609341441634,1
172.95896052342277,133.46137334493835,133.6483903823503,127.16734381295346,122.8192737664795,175.35891787864526,178.875771380299,1
174.12605806505383,134.4014572857934,133.67484442224927,134.1893137058514,137.6368406956273,176.5929229695508,177.53729444663884,1
173.70599343629016,142.33035849907782,142.50919474873146,141.112644935508,144.77047638972516,178.66550060732837,175.8236476976107,1
173.75865380844385,137.2377272951425,136.9539526395457,138.43542025445032,140.99434186523138,176.485047468259,177.26904111483555,1
175.9500779016251,141.07208803280705,142.0606109594651,137.9368767810935,140.50533036618057,178.22043715762382,175.67227045969915,1
174.79601504259134,137.28056438258122,140.38990985388247,142.37683612683415,146.76728792839828,178.72264865758808,177.203300826165,1
175.14080508678393,140.869166120748,140.7833759820582,148.5284410582062,148.81467146761736,176.92472643407038,178.36595101617715,1
172.68755289554315,138.2643013530339,141.8741881694143,136.78682482600777,139.84168879484454,177.94047341979996,177.22628009508207,1
177.77798175758775,140.56638109685218,138.67971222525472,137.2353785399411,138.1982041327975,174.55137556415602,176.66090749145798,1
175.31934319762146,143.14546624734027,144.8988795236746,145.36460690284338,148.1070358148842,179.87335263103694,176.39675256578482,1
176.16529434305426,145.21591596470685,145.8490908905396,143.74479904305892,147.48801858272495,177.51314173686933,176.78558181590333,1
174.88330892910352,145.2986455828781,145.58345009714282,146.34352019348322,146.125223482613,176.10369018956146,177.06957963107047,1
175.46859507945453,140.65473869071673,138.3793646356397,149.51911798123342,152.48364817354684,176.73854960231236,177.1332932475459,1
175.85060600838648,142.35316776772243,143.37221195446483,153.02130679708426,150.59386693342464,177.26984890654722,175.78052948894185,1
176.21736990591236,152.46093870575598,148.87066987036232,152.69650915455932,151.83121844717834,177.4404549993267,177.76695181827856,1
174.33641375603932,142.88939412952374,142.35578348711212,148.3138551678438,148.57269627124055,174.92407726526315,177.5764862156584,1
177.08259999765028,146.26462973275625,142.89682190008372,154.9984528849987,153.22933527141998,177.56746681671422,175.4260982192875,1
173.53759385873929,146.31945625854618,146.23841892839624,154.2055016890756,150.18913987158743,177.9250036652061,175.92606996403015,1
177.12087745935204,149.75079199610957,148.11381329992864,159.50146447579564,155.49623204006286,177.46185803582873,177.9190121157349,1
174.06950995620156,146.85502281910286,149.64530504119656,157.9510439346755,154.5180853652192,177.93300045125181,178.3108065340714,1
175.7033801258941,152.07228420453035,149.1650359482818,161.15450200676864,154.88115047957933,177.81444763355628,178.59025935557173,1
175.95744416159766,153.32341858654286,154.11299580381896,159.9396194514306,161.01214216617626,177.04917516574866,178.56381748797472,1
179.0063685447767,148.4155340431501,151.9198345862136,159.98454155411127,158.31805993001316,176.2717056183102,175.16230953376527,1
176.9609320369167,152.03245061129473,154.44613892973828,159.2120057117671,162.16473917918293,176.01425708334634,176.49525124453152,1
178.0172312866588,152.91258344505155,151.65750489564624,157.24805145660852,159.14398235771054,175.32364446787184,176.6691316086172,1
176.26072618750192,146.90966473054874,149.4076228374699,162.0948668418619,160.07593975923518,176.50237818985065,175.97417614456677,1
177.22644216264794,157.14969993303458,156.38458266386223,161.10924788105888,158.21367296966432,177.99991586969998,174.0911318357113,1
177.42321158121263,153.45102987310693,154.04394434269742,164.36485145046217,167.45879098802325,176.1617893375892,177.4122011584629,1
176.6892830575474,153.7987512193638,154.83279509773683,162.48853868314424,166.897369627421,176.03384045757173,175.88857875401,1
177.2154126141494,151.77266977054938,151.48330859838694,163.3711655122484,163.00612510985636,178.02697870929052,176.4516055688513,1
175.96729225124605,155.76061787380246,154.2681558083154,162.710996096396,160.13169594597488,177.58513195130723,178.64397778561425,1
176.0421563311518,154.52637484446666,152.3070365992825,166.90295727615526,170.07831611171613,176.62538521721282,177.83976413300084,1
177.39885449139888,150.30938479877472,149.58787000072115,167.64039537568124,163.1248249844667,179.4452224278406,179.6291615269538,1
176.23862733619606,149.15690420602553,152.90258381141703,167.72221358876268,162.7440867080544,176.94505606009128,179.58516259278827,1
176.29244250789185,151.21381558461573,149.5363138420842,168.1683538577286,164.6946762119225,177.38085755386672,177.95662945674513,1
179.62934564642154,156.76554065301514,153.29484385515087,165.85594152886173,168.32027734919149,177.32166598624886,179.16518440329676,1
176.62888372691924,158.28339675328945,158.198417121845,166.7857833074695,161.4285736417705,176.69549061269527,177.64013448224276,1
174.43389392980222,152.02649068746047,149.66881375572058,168.11814673852194,173.12828605348017,176.5751107174055,174.53358366290084,1
178.16657690032238,158.55607968366954,157.90582072515096,167.7866979176569,169.46127949208432,177.95359696070133,176.42470183992808,1
178.19941469422102,156.5315623708732,158.36428725383945,169.62777524390265,171.46861340003332,175.53217848487103,177.1021065398684,1
175.73647398811417,155.62016349572747,152.79217638292016,168.8975478102401,171.292786933928,177.7300866899596,178.3712383920325,1
179.0782171862101,156.9290550406226,158.5935034278821,166.19047521621056,172.61299010261007,177.0755941291537,177.99086589817054,1
178.39558472916107,157.66027393597312,157.5935022305588,168.6981393045028,171.81581962953686,176.7234681282528,178.9062873509214,1
177.4899490793314,153.90596234626773,151.4041529567301,166.7423468156513,166.41801406185726,176.93706360462582,174.82791513129803,1
177.26654950810087,156.07886571411615,157.86418742710313,165.81557587406104,166.1566696316459,177.88081299141916,176.12136104334354,1
176.72935145212392,151.88762919322525,152.4839831189883,166.6358950229389,168.92775199968696,178.42519729254263,176.79527328742023,1
176.46333371567516,150.46449539807062,149.20500721201606,164.4991548406212,162.07844699129217,174.3692344761386,176.37395649068924,1
175.8873363742918,151.23953462154464,151.7588717389109,168.53245006265092,165.88546735392498,175.66163286513708,176.32549446431122,1
175.23895483422504,155.7177846291506,157.35058855500893,169.0252531585464,169.7882918987243,174.08411110246317,176.3221086804401,1
175.84996437392965,156.7314630165902,156.36243387332644,167.59726290615703,166.22230135316565,178.21680470701267,176.70362050509303,1
177.64226883510176,151.990574261895,151.78985602777695,166.10067466154095,170.0623636485767,176.23142937652918,180.10131502860247,1
178.61189738314266,157.72721402488304,155.670249033008,163.35174094662483,160.83737795632226,176.34848072415096,175.1292060087382,1
178.26438998747827,155.34003111429467,154.2250650180537,164.536134411059,167.2358243090943,175.66578129829284,174.52601232852737,1
175.81974631772934,151.9715593193255,149.48326908912074,160.20848019095436,161.9548609330543,178.427880047281,174.21858120429727,1
174.05560898573037,151.69492610126576,150.80176398387096,161.6145248993927,159.19253173882927,177.5136905058557,176.8884882415992,1
176.44460104071973,149.41295595547126,150.10764977111577,161.55570680863295,164.86008541939654,178.90518013935042,174.60526651462936,1
175.77471217712304,155.46466713837907,155.73149845690057,163.56873956325188,160.18707026731494,175.3470362633935,178.0542117936673,1
176.77516870094604,153.28690159759736,151.78514653159922,161.39174515591918,163.66724472826272,177.95332003785475,177.84553821721582,1
177.86096588544024,147.66500055306648,148.53257332331418,161.70151999955326,159.07220046446935,177.44111951397366,176.41552927816076,1
174.0709514222283,147.70872738756603,145.44749812600733,158.01836547849362,162.2405587251192,178.1604204671882,177.3697553532602,1
177.1965916146227,149.4071418263293,149.30923375781515,154.32830697889784,151.53687096144822,177.33890555378048,176.93524573676257,1
175.8127520221673,147.76827958871058,150.838500242937,152.81355804447813,155.2068460293528,177.2744938373821,175.67542466673478,1
176.70460634639628,152.3627750959986,153.13989642035,153.83241012998505,158.05802422107678,177.06727933156807,178.4229148112517,1
178.48477369313122,149.43401971469348,145.9354007528016,153.72224482233025,157.20368979520413,179.03873218326083,176.65186895575317,1
176.56392164673065,147.08885340199654,150.44010910859876,152.10208640453516,151.98113771772339,177.85960165122793,179.63420152231586,1
176.92349731514489,148.64755566666693,149.41198081858067,149.74645956706442,148.51319435440703,180.14636592738228,176.35261709549684,1
173.98959134064734,143.97480073110845,144.1272756688226,153.38490228797986,154.98986500072164,174.78034787646462,176.17430630115467,1
177.2915793898646,148.9541676197642,147.5467106336427,154.08438853005566,157.52386059230506,179.5900220259011,175.45635061379758,1
172.98079257451008,144.34945014558627,145.46743272274904,148.64124112093938,148.41520225662302,175.9342278751488,179.75094987363303,1
175.19780936593776,144.18761043895944,146.8228814351398,145.4237212515333,142.35266351317813,174.71651986153307,176.60117210287322,1
174.56603196690494,145.888950063644,149.7316755362252,142.61687968573037,137.18015239998473,179.01153574911945,177.4083034506642,1
173.4273557236111,141.6621089870885,145.7142359722152,149.1227624611786,145.28312834821838,179.5198132519258,178.67382796066468,1
177.37739666498996,138.9847346793563,139.17595815525584,136.40606920599762,138.5194866200203,176.13565361599728,177.5806100883985,1
172.87480490326493,143.70692088041733,145.21098708223008,145.70585290538435,147.61904138979207,176.12961432108773,178.35218929804896,1
174.0934290462311,138.07449724837923,140.26808370307137,135.33667185772137,133.63339704323965,177.91471198521558,177.85137334740998,1
174.8473781112255,141.2169501192996,142.91744640166786,144.99016484520615,148.62761029812296,177.81080579084414,177.21935283565367,1
174.20748069003565,142.2823149462963,142.4748936788258,141.5874856393763,136.93022851567872,176.24602103994388,177.9909429071229,1
176.78960059327383,139.42506392998203,136.8649896447914,138.18965124963788,142.3069357607041,175.08079443599559,178.70158712631016,1
173.80481398595572,133.42004712486278,133.84152427123655,131.6957849561492,131.36648513914056,179.7529770126851,178.09281219583553,1
173.88135943140057,133.5595734973966,129.86619463796708,129.71653960269623,131.16145857683847,176.59738789619922,175.51862804630886,1
174.23515740833224,132.63605988801456,133.19708434201436,130.99500789367838,127.62665305889581,178.87775032960485,178.50399906596815,1
175.27068822029958,131.79178471755853,131.66518298787355,122.16278158301539,124.3420830883904,176.44437607995206,177.83195939746906,1
175.19379644412163,131.93489936259587,134.15285416526612,131.16888751619535,133.05964073190333,179.5657308414437,178.0683012249836,1
172.68599524562032,140.49646307486356,141.6906156846587,120.71243125532953,120.73082301912432,177.91474775885806,176.92933456108395,1
174.04367265207978,138.01786576487345,138.4688127997141,120.42971387675844,121.00956415534709,177.42943265755264,175.63169338041374,1
177.00405261865168,133.82270059303485,134.65548281826798,136.65579692919854,137.6607816352842,178.26676568292467,178.77032982819628,1
175.95192271198195,136.17042713741577,135.94123961764217,119.65724305167426,118.12798876102856,178.02987376042606,178.15088020280194,1
176.7214063551835,128.320360511518,129.46294779777708,130.80308532892838,134.2305550607927,177.9038613615123,177.87568472182517,1
174.48867468905445,128.68545769455835,126.33337651273791,125.46155719448602,124.95369988774699,179.20872148388975,179.14472972684496,1
174.82533330143985,130.8137279249209,129.15800224019725,128.3018608354668,131.90708787836078,178.9876342226273,174.7998012851649,1
174.53726936993593,135.08976115006317,134.34271561634952,131.92062735806155,126.92301356235464,177.53938141111206,175.97793321230955,1
174.97633018372443,126.78079491516613,125.80902581711379,127.85542793170123,129.9604379919347,178.4163775917167,176.4547153954131,1
175.21016744048092,122.47631830522816,125.63939601783969,107.25652237555826,103.35468430192807,177.2544050635231,178.1767840748705,1
172.10364028983207,117.61181741424477,118.10195728411465,107.53222823126933,111.03212175120086,176.4892446985074,176.9843571704342,1
170.8978952642153,121.52110316895946,120.49327834277226,128.9717586242901,129.8814715016882,175.95745614790226,174.25884535713956,1
170.7255743014408,118.7552874281197,118.11456768879154,125.82756772267177,120.6442448995997,174.66182455376384,174.469036933426,1
170.31956477161154,124.77184541712691,122.1094122985654,122.25675727228418,128.06998294183518,179.40456328813409,175.74873178815085,1
173.34017245685226,131.45661907216555,131.83111495600943,107.33357106603282,110.67207226235611,174.22056223593785,177.3420516821412,1
171.1115226665766,116.2596840874682,115.41248034613085,109.61974023708163,113.12323880463069,176.04182836372829,177.55507201379535,1
172.5223987363295,130.89276334205974,129.13140029359735,109.25054630233141,108.02565152896987,179.2956098722952,177.21315307200544,1
172.2772786128482,118.43019682921634,115.16080519144572,105.36192703363622,102.14483368235643,178.7150360985632,174.8924130432566,1
172.42400284649025,122.73570901933971,119.23733494120387,121.83513361391029,126.03677581179846,174.86839535697854,174.40854222147456,1
171.33351303313293,132.18081947238895,131.9920650907802,113.8097777893193,109.10408219928533,178.22649565571578,175.85411699966255,1
172.34511363755365,116.94594144062573,117.04855528826175,109.81903798805239,106.83175591297395,177.5954250834352,177.10650853283195,1
174.3072163213711,122.38343319441636,123.40041451137803,101.36102543220325,104.90553907712378,177.3640769001569,176.96707014334098,1
171.69976979610175,116.90896219392523,117.19046319505364,100.82953930749804,103.67574678551821,176.74566737601435,177.0682622027737,1
172.84013308118026,130.96660557420077,129.601998992587,111.38347053515773,112.89990283482398,177.57617713514878,177.82406331381102,1
173.4991430826827,118.35991321254836,120.46280562597087,102.94261916842929,98.27691353079747,176.65846703455588,174.19879863816917,1
172.54868755425903,126.14493656139473,130.0161931048516,116.42704430725881,116.14082110804507,175.91089509942222,176.0922963718566,1
169.95787941635123,128.85095965729013,130.5050135561365,114.82973906415666,113.38227695738453,178.78722256672765,177.05282851201045,1
170.65556028185003,112.8023785442594,114.76304990410587,101.41661588249686,100.29896022748163,180.18382271308877,175.5298548692457,1
172.35676748357866,117.1159147754751,118.64604064346746,91.42364011883271,89.31809879477632,178.24599171596623,174.52234017057052,1
172.15696587654645,122.70643992928869,123.18933818763071,119.4483094017123,116.45499091582687,178.31175397424371,176.12168906061308,1
171.28679741945663,125.78533699152115,126.42980216291599,93.09552525418768,94.72751912386353,175.1612692123493,178.11680917440148,1
171.8956833460398,114.08180388314088,116.85516445092601,102.20887552294091,106.31859218712037,177.1686676421917,179.15904717276885,1
171.17172202090418,118.99450967154748,120.51990968790506,108.60625760343721,113.74993665674796,178.08691204159445,174.85579962208797,1
169.86224553983809,122.84335735544418,124.46222377696603,94.88897805210343,95.20021223161534,175.86377281778113,176.89271442522153,1
173.71746983058193,124.20360905844079,123.22349108681529,105.41162131876236,105.91613898718141,175.38121303074166,176.6974339660227,1
172.02272102896157,125.07305608357767,127.64484467889676,112.53385447201005,109.92386081650561,177.91538897151383,176.7021017595078,1
173.04173922984228,111.55018034010811,113.68485612307369,99.7258283374621,104.15532242579367,179.54294546735406,176.46359431404753,1
170.2428191696734,125.36834721408907,122.88772274232352,118.47617235292952,120.667645035923,175.85462164023383,175.83680887097955,1
169.83586240869118,124.86984546865226,125.00910226656454,115.33099244679417,116.50958734671184,175.8476245176509,176.75938198188584,1
172.1731733104297,117.41671793510764,117.87834983389239,110.22667665234987,113.49993768792122,177.49697903961712,174.99457712905073,1
174.0910652632172,125.00857669861048,123.14519509116899,112.39068157405148,110.4159468653069,176.01651383204916,178.00815850404217,1
175.14344548812167,116.18526413495837,117.74249013567827,103.09600642785156,96.5066920148456,177.3684144330244,179.77684756738776,1
171.97415340738021,113.42522325369661,114.91107138183921,96.87231101283504,102.22298168632575,178.50750053716735,177.48948654440767,1
172.88245992992972,124.75831626534978,125.51943486873652,107.88629572384983,109.3239968029804,175.46462400503177,176.77586858212268,1
171.86748069602527,127.90158314314506,126.02765079471818,105.380249885436,108.94571432729371,177.72997127598086,174.45559082793855,1
171.93034225056283,112.3935960665634,111.13847804260999,102.265489671413,103.74955006785481,177.67214456073427,177.29503654843302,1
173.8481973826543,122.43473311930376,123.96344815025179,101.57159153074848,103.95157456656653,176.80559721919988,175.06467279526933,1
175.0907831457926,130.05344430206986,128.78336303602143,106.8833429937238,106.79274296105757,177.5662408564662,177.6005853152353,1
171.64553746726475,128.36466676830875,124.11599902990915,108.58172210020149,106.57035717326136,177.5865003076628,177.03747251797026,1
171.90425009945614,125.89425644936688,126.62803993176689,110.46768990187705,110.48461360444227,174.91025865849832,178.47584989625798,1
172.1958377941365,119.45535299935608,123.98729758834409,102.99493975020832,100.13616932536904,175.84491506269552,176.21158944571118,1
174.23084304161583,133.4469824789546,132.9801328505728,109.86181785698422,107.31786210500672,177.98432664080832,176.7569553149596,1
173.33639551753626,129.50459859412442,128.74909295484863,121.1522104835141,123.34644963152591,176.00186423849516,176.64601630834855,1
173.3195243571273,129.52411478588843,132.05561695762623,110.35297298774128,114.3105081756995,174.83531167065462,175.5250118754424,1
171.94380067732064,134.03195831709374,132.42225490300783,129.1489399448779,130.67657610010625,175.57508683821698,179.53794318874134,1
174.12752661317487,124.11172257280556,126.03997463395714,122.7894436802351,128.86454257210673,178.27579297557506,177.3723695403127,1
174.29742889354165,125.73567440082056,121.60544940513294,127.81520086993648,127.53797041389613,176.577741497247,177.23190804025924,1
173.98973533363966,133.1119129918053,129.47448572236792,129.26283936943076,132.6514697050727,175.96271430290867,177.21871977080252,1
175.10973471897282,132.91889037497387,132.6396630144867,116.86544576886924,120.27835538161678,177.3168025660642,175.5686072875435,1
175.28324821152188,126.34297715771585,126.45657544148895,133.615614472566,137.33820672909852,177.9773362440405,177.4535495831879,1
174.882934023121,132.4227729477618,131.2485441605362,133.34578043211775,136.43809708503335,177.00897890447226,177.8819170997261,1
174.23957386633668,135.8146744747205,136.1821463663392,135.82640211329226,130.81892027175977,176.46825308319143,178.73039560164892,1
173.27276257947892,131.5015956791769,133.10382653529743,127.45266148120706,124.38820647110256,176.720625466134,177.74091675233828,1
175.06650057139444,135.18359749186692,134.13201626294267,123.09880127746393,125.89851571072873,176.36796876511607,177.82696084843212,1
174.49647708286847,130.46158210238968,126.01245820849047,125.97903366366734,124.32328743217884,176.68827433877442,173.89939418828604,1
174.13176133660554,133.84084219573117,134.05934355846392,139.40417858891476,138.95431332222938,177.18044430995997,176.56181976888595,1
174.20956267363363,133.98638509986927,131.14541282104426,135.51026702692064,130.8642793905016,178.04014402534324,178.01538073158906,1
174.6394472089511,133.75941728336244,131.1164199125673,138.4796245598816,140.96614303294837,177.287681038186,175.9959407253411,1
176.4766492345651,132.57828814593856,134.85739804551957,138.6492454955716,143.563871125129,175.59851656331819,175.60059855148367,1
174.06531020622378,138.65889013000648,141.9231445479019,139.86703284692788,140.02299999653158,175.993980603295,177.21055786664326,1
175.09875271327644,135.53657333356352,132.30767680137308,146.38914129246382,148.03707695768335,175.11659540042967,177.10793121554383,1
175.27092190576022,143.07025145539325,144.59920107966815,141.77400443507733,136.90196372911785,177.99221599349238,176.6950375157859,1
172.6588547094988,142.14896973553104,142.68390660690255,142.20774415803757,145.64133828252298,176.7027565565312,178.08340278143777,1
172.42733220148753,143.8908638298417,147.09750093079785,135.40502957063907,134.93378600772888,175.80324393321533,176.26364886554353,1
176.5898397775564,139.97022251025885,141.16842005062594,146.36428852980353,147.33004777618768,179.29336656003974,178.03838841995233,1
174.68244003952887,136.37253735839107,134.04303344009378,140.66193126131935,139.18551508457324,178.83668924559436,174.5334618846723,1
174.5844528701766,141.13197755576212,141.44461753864255,147.08259724127282,145.84217015726867,177.0974346505958,175.84217991657346,1
176.7648593807961,145.49280566395336,145.92458417534382,142.2645593295978,141.45590558794228,176.30357414023004,177.03415900183995,1
175.94847583153958,139.7869418254033,138.57426894700362,151.74758573835345,154.81504632714214,178.27408528572232,176.58950547625003,1
177.65869124842843,141.8349781218312,140.51481871695532,152.5570720917191,152.7954331687643,179.2978399217204,175.55392410033525,1
176.5111708210212,149.3076593860197,149.7336712114869,155.743266451539,157.13169156548875,175.42248389841922,175.70688630508232,1
174.1226776410902,143.7485308186738,144.072441493763,152.00759297626593,153.95934047247738,175.32695025316943,176.3473031023943,1
175.31124489008332,146.1030929577346,143.71200748572906,150.70186380768942,148.12224273607865,176.91425300838986,177.91081322171664,1
176.23192901996018,144.51954742426545,144.7788908782938,155.81344058453746,157.27357604957024,175.03355804171053,175.5088179256989,1
176.48178264160325,147.1468685139545,149.51604446539028,159.00663379295685,158.73093715308949,178.6236455651467,176.61349880564416,1
175.34678133133514,151.90129920083228,152.27259562530918,155.18735173499655,158.9625352625136,176.27922728336281,179.5468474932349,1
176.0618655415889,146.69097449997938,145.69924249278586,161.45115054561188,159.38249262049666,178.17816896096704,175.90500761406904,1
176.90182138325753,156.47167761850872,152.96276313333607,155.70279141151795,159.94854155737062,177.35963694929765,176.10145350813406,1
176.29473545023197,150.311008649307,154.45010181508783,158.12360807326166,155.96185883071166,177.50300539647742,180.01550759574266,1
176.41255331341927,155.71047520972306,156.2348845779115,163.0899225338087,160.28888313626575,176.23947967368002,176.29704029085028,1
175.2600980482787,149.71284324833638,150.3048962492434,162.27924289399667,164.42252652082038,177.62552270944315,176.01178973318312,1
175.3406121671372,153.85985197370186,153.92705807918628,162.13938739822268,169.09044498240348,178.43714900285408,178.22442082537802,1
178.33470722392522,148.59459821954798,147.4324050787475,159.55403151398946,159.66420524236545,176.00451759067707,176.26320847825298,1
176.2187194586443,150.02308289303926,149.4128572287404,161.67779984178298,163.8309063984781,178.03482635637354,177.49204913443302,1
175.1599696544182,150.82063841217303,148.788611284973,165.89514781555363,163.20055114438387,177.8678471088953,175.33183793558015,1
176.01483773699303,148.96122760725086,149.98167688375742,162.49413819002226,161.79568724832788,176.27026082700968,176.64912359734384,1
178.5446329263559,150.73835015930004,150.2125458902318,166.22919181680635,166.4360106482828,178.50753568036131,178.9408789788934,1
177.5684945603746,158.41774240038984,153.60602379042544,162.37536980276974,159.69327352076039,177.68870943702822,176.69346069400646,1
176.11993203913093,152.425456166531,152.75933252299038,165.84030073540612,168.12597379606134,177.58718428968083,179.87646331660756,1
174.26309839700255,154.6650358058959,154.96696920303793,166.03259465461397,168.513822443076,176.30566511917013,176.15385098679974,1
177.323391101076,157.89020138622757,155.46903673640736,170.28399580689688,166.24422751672256,174.85883907104906,175.54904551822094,1
176.50716694459186,152.747893858339,149.63256515023517,165.6740211823838,162.9811824621642,175.7637017159752,179.73115171261833,1
176.8774121123449,151.8118333375778,151.43350530660038,170.72333663306793,166.29635452103773,176.6899239543098,176.49186736270028,1
174.6518231062657,149.8117471596552,150.29956939721578,168.49958764873227,166.49487023167367,175.68192248097031,176.48526393850548,1
179.4738921016862,154.65771888878595,151.91305223928154,169.84111287055612,173.58586556071003,178.1525294246079,176.50313214485087,1
179.79176080843325,157.93962632936766,158.2942685681068,167.5440838353062,165.80951826277334,179.4928017443095,176.77035837506844,1
176.28699636154687,154.90803414909502,151.03727944852972,166.34861410958882,169.526353489588,174.47876049502315,177.04023953224157,1
