0,0.47710976004600525,0.05532228946685791,-0.10820532590150833,0,1,0.48383522033691406,0.021841824054718018,-0.07272952049970627,0,2,0.4893353581428528,0.023613572120666504,-0.072820745408535,0,3,0.49377375841140747,0.024963974952697754,-0.07293419539928436,0,4,0.4603268802165985,0.011159420013427734,-0.09960298985242844,0,5,0.44848111271858215,0.005215942859649658,-0.09963451325893402,0,6,0.435873419046402,0.00015473365783691406,-0.09965691715478897,0,7,0.4858800768852234,0.03314387798309326,0.10907948017120361,0,8,0.407493531703949,0.00936800241470337,-0.014133443124592304,0,9,0.48101502656936646,0.08879691362380981,-0.03991462662816048,0,10,0.4590449333190918,0.08535191416740417,-0.07520488649606705,0,11,0.5216460227966309,0.20101720094680786,0.1363525688648224,0,12,0.3254615068435669,0.16313821077346802,-0.02596544474363327,0,13,0.583224892616272,0.4144802391529083,0.016906889155507088,0,14,0.2956944704055786,0.33820271492004395,-0.2661820352077484,0,15,0.67766273021698,0.40619879961013794,-0.21559444069862366,0,16,0.44304245710372925,0.22498241066932678,-0.4666040241718292,0,17,0.7136231064796448,0.4122345745563507,-0.24255506694316864,0,18,0.5056394338607788,0.2609758675098419,-0.49136972427368164,0,19,0.7133636474609375,0.39045894145965576,-0.2477465718984604,0,20,0.5074352622032166,0.21796074509620667,-0.45724767446517944,0,21,0.6935707330703735,0.3935869336128235,-0.22287459671497345,0,22,0.49312007427215576,0.22868302464485168,-0.4508821368217468,0,23,0.5142241716384888,0.564603865146637,0.053841572254896164,0,24,0.38002532720565796,0.601061999797821,-0.05357532203197479,0,25,0.6968783736228943,0.48695334792137146,-0.1949290633201599,0,26,0.37501260638237,0.5471223592758179,-0.49936094880104065,0,27,0.48525485396385193,0.7300087809562683,-0.16919930279254913,0,28,0.6081937551498413,0.7356849312782288,-0.38793525099754333,0,29,0.4504487216472626,0.7388690710067749,-0.1534925252199173,0,30,0.6135121583938599,0.7177369594573975,-0.35672077536582947,0,31,0.45143184065818787,0.8102372884750366,-0.19500663876533508,0,32,0.7237282991409302,0.7343956828117371,-0.397769957780838,0
0,0.5017682909965515,0.05332008749246597,-0.15924327075481415,0,1,0.5137906670570374,0.01570131815969944,-0.12735192477703094,0,2,0.5201247930526733,0.01901591382920742,-0.12750853598117828,0,3,0.5257633328437805,0.021347256377339363,-0.12769976258277893,0,4,0.4915732145309448,0.003536041360348463,-0.15395398437976837,0,5,0.4821406602859497,-0.0006292053149081767,-0.15396229922771454,0,6,0.47170060873031616,-0.005874864757061005,-0.15403439104557037,0,7,0.5169866681098938,0.03175432235002518,0.03790389746427536,0,8,0.445085346698761,0.0071081724017858505,-0.08157525956630707,0,9,0.5033015012741089,0.0888136625289917,-0.0934121161699295,0,10,0.4810413420200348,0.08464152365922928,-0.1278867870569229,0,11,0.5245374441146851,0.20253875851631165,0.10979030281305313,0,12,0.37280982732772827,0.16185767948627472,-0.15854600071907043,0,13,0.5390750765800476,0.4720340669155121,0.0703297108411789,0,14,0.4299377501010895,0.4442165493965149,-0.23958757519721985,0,15,0.564602792263031,0.6260080337524414,-0.028417283669114113,0,16,0.6208006143569946,0.5308846831321716,-0.2488686889410019,0,17,0.5822671055793762,0.679847002029419,-0.04803650453686714,0,18,0.6696796417236328,0.5863065123558044,-0.28412380814552307,0,19,0.5778742432594299,0.6555724740028381,-0.07000617682933807,0,20,0.6863563656806946,0.5371090173721313,-0.26099610328674316,0,21,0.5650113224983215,0.6349416375160217,-0.040131207555532455,0,22,0.6653140783309937,0.5220238566398621,-0.236934095621109,0,23,0.514224112033844,0.6093562245368958,0.061506759375333786,0,24,0.4043937027454376,0.6449115872383118,-0.061339616775512695,0,25,0.6878600716590881,0.484531432390213,-0.2159835249185562,0,26,0.37248724699020386,0.5521366000175476,-0.5780919194221497,0,27,0.48794326186180115,0.7441052198410034,-0.23870505392551422,0,28,0.6370890140533447,0.7305946350097656,-0.36844968795776367,0,29,0.45377448201179504,0.7595238089561462,-0.22597914934158325,0,30,0.6443853378295898,0.7191590070724487,-0.32409390807151794,0,31,0.45717039704322815,0.8189738392829895,-0.2676486372947693,0,32,0.7654003500938416,0.729235053062439,-0.33810701966285706,0
0,0.5196103453636169,0.051494985818862915,-0.1084589809179306,0,1,0.5327768921852112,0.011753560043871403,-0.0817948505282402,0,2,0.5388149619102478,0.015936972573399544,-0.08203491568565369,0,3,0.5443101525306702,0.019074996933341026,-0.08231116831302643,0,4,0.5118019580841064,-0.002464500954374671,-0.11080263555049896,0,5,0.5025872588157654,-0.00693508330732584,-0.1107853427529335,0,6,0.4920191466808319,-0.012309552170336246,-0.1108669862151146,0,7,0.5323881506919861,0.030186543241143227,0.050980258733034134,0,8,0.463399738073349,-0.003131099743768573,-0.05982730910181999,0,9,0.5177358984947205,0.08946134150028229,-0.04946901276707649,0,10,0.4975597560405731,0.08417142182588577,-0.08779080212116241,0,11,0.5275588631629944,0.2025955468416214,0.14895330369472504,0,12,0.3910379707813263,0.1575220674276352,-0.12511856853961945,0,13,0.5337518453598022,0.4769587814807892,0.1321188509464264,0,14,0.44906532764434814,0.4567895531654358,-0.18047644197940826,0,15,0.5566889643669128,0.5971797704696655,0.0174554530531168,0,16,0.6415656208992004,0.5360745787620544,-0.19130447506904602,0,17,0.5698266625404358,0.6439312100410461,-0.00798326637595892,0,18,0.6906525492668152,0.5906592011451721,-0.22991028428077698,0,19,0.5683553218841553,0.6132386922836304,-0.020983202382922173,0,20,0.7048167586326599,0.5355334281921387,-0.21134570240974426,0,21,0.5551459193229675,0.5955926775932312,0.00909077562391758,0,22,0.6842992305755615,0.5201998353004456,-0.18176761269569397,0,23,0.5130702257156372,0.6073235273361206,0.06815307587385178,0,24,0.40879112482070923,0.6490076780319214,-0.06782475858926773,0,25,0.6886208057403564,0.4690309166908264,-0.23317433893680573,0,26,0.3762666583061218,0.5796064138412476,-0.6043528318405151,0,27,0.5264430046081543,0.7784265875816345,-0.33053791522979736,0,28,0.754167377948761,0.7551372051239014,-0.5110024809837341,0,29,0.49689504504203796,0.8072423338890076,-0.32692766189575195,0,30,0.765519917011261,0.7536909580230713,-0.47669851779937744,0,31,0.5025074481964111,0.8654138445854187,-0.4178553819656372,0,32,0.9199224710464478,0.7508735656738281,-0.5353657007217407,0
0,0.5248090624809265,0.05990009382367134,0.00916709378361702,0,1,0.5403423309326172,0.024608245119452477,0.038743749260902405,0,2,0.5462159514427185,0.030512191355228424,0.03850935399532318,0,3,0.5516485571861267,0.03529598191380501,0.03821629285812378,0,4,0.5200947523117065,0.004987638909369707,0.008775745518505573,0,5,0.5112674832344055,-0.0010430385591462255,0.00877043791115284,0,6,0.5019291043281555,-0.00745011679828167,0.008716835640370846,0,7,0.5444991588592529,0.041353512555360794,0.1882830262184143,0,8,0.478254497051239,-0.0024868943728506565,0.0510554276406765,0,9,0.5249002575874329,0.0957195833325386,0.0697125494480133,0,10,0.5037635564804077,0.08482082933187485,0.029063021764159203,0,11,0.5336187481880188,0.20626306533813477,0.24348929524421692,0,12,0.40113118290901184,0.1558510810136795,-0.02023896388709545,0,13,0.5320831537246704,0.47788769006729126,0.21987207233905792,0,14,0.4452072083950043,0.4502347707748413,-0.04178372398018837,0,15,0.5347866415977478,0.5490869283676147,0.10317301750183105,0,16,0.626916766166687,0.4869046211242676,-0.029935559257864952,0,17,0.5395644307136536,0.581896960735321,0.07701125741004944,0,18,0.6760092377662659,0.5289416313171387,-0.058296605944633484,0,19,0.5437420606613159,0.5492346286773682,0.08249203860759735,0,20,0.6779802441596985,0.44866207242012024,-0.04387011379003525,0,21,0.5319693684577942,0.5380058288574219,0.1023162379860878,0,22,0.6644385457038879,0.45055219531059265,-0.021511387079954147,0,23,0.512690544128418,0.6044899225234985,0.07004544883966446,0,24,0.41508787870407104,0.6438843607902527,-0.06958858668804169,0,25,0.702411413192749,0.4704192876815796,-0.21112585067749023,0,26,0.45326635241508484,0.6176447868347168,-0.5917419195175171,0,27,0.5758975148200989,0.8003530502319336,-0.29100385308265686,0,28,0.7814590334892273,0.7694122791290283,-0.5138925313949585,0,29,0.546891987323761,0.8329132795333862,-0.287363201379776,0,30,0.7910223007202148,0.7682724595069885,-0.481437623500824,0,31,0.5674652457237244,0.9035967588424683,-0.3772585093975067,0,32,0.9569956660270691,0.7839871644973755,-0.5439628958702087,0
0,0.5617052912712097,0.07192272692918777,-0.33689433336257935,0,1,0.5762673616409302,0.03547946363687515,-0.3152270019054413,0,2,0.5818852782249451,0.04045754671096802,-0.31535646319389343,0,3,0.5865250825881958,0.044246573001146317,-0.3156207799911499,0,4,0.5542082190513611,0.01578059047460556,-0.3466572165489197,0,5,0.544968843460083,0.008653311058878899,-0.3467751145362854,0,6,0.5349932909011841,0.0013689163606613874,-0.3468981683254242,0,7,0.5707534551620483,0.04405113682150841,-0.14853937923908234,0,8,0.5092224478721619,0.0015953949186950922,-0.2926742732524872,0,9,0.5558589696884155,0.1053454577922821,-0.26479753851890564,0,10,0.5360867381095886,0.09206189960241318,-0.30668750405311584,0,11,0.5523689985275269,0.20312047004699707,-0.006491400301456451,0,12,0.42295607924461365,0.1560850888490677,-0.3354644179344177,0,13,0.5384588241577148,0.473121702671051,0.033554352819919586,0,14,0.4852210283279419,0.5019935965538025,-0.3941957354545593,0,15,0.5764360427856445,0.5296062231063843,-0.008680511265993118,0,16,0.6999368071556091,0.6886658072471619,-0.38969677686691284,0,17,0.5880144238471985,0.5561639666557312,-0.05475779250264168,0,18,0.7468475103378296,0.7699902057647705,-0.4417128264904022,0,19,0.5925419926643372,0.5253455638885498,-0.05796828120946884,0,20,0.7764265537261963,0.7180851697921753,-0.4091654121875763,0,21,0.5801941752433777,0.5189245939254761,-0.019350696355104446,0,22,0.7546275854110718,0.6903494596481323,-0.3739117980003357,0,23,0.5203055739402771,0.5994593501091003,0.06913664191961288,0,24,0.41499778628349304,0.635871410369873,-0.06867606192827225,0,25,0.7132318615913391,0.48713237047195435,-0.18618039786815643,0,26,0.37758252024650574,0.6036956906318665,-0.6028540730476379,0,27,0.5470714569091797,0.7803881764411926,-0.22331394255161285,0,28,0.6557283997535706,0.7685500979423523,-0.39134281873703003,0,29,0.5189295411109924,0.8191280961036682,-0.21649932861328125,0,30,0.6716729998588562,0.7619382739067078,-0.3481089770793915,0,31,0.5252641439437866,0.8953254818916321,-0.28176239132881165,0,32,0.7908767461776733,0.7830959558486938,-0.39099401235580444,0
END PUSHUP
0,0.528052031993866,0.09055730700492859,-0.3602672517299652,0,1,0.539577066898346,0.048142608255147934,-0.34081485867500305,0,2,0.545210599899292,0.04964184761047363,-0.3411039412021637,0,3,0.5503985285758972,0.05107349902391434,-0.3414185643196106,0,4,0.519483208656311,0.0350492037832737,-0.35903775691986084,0,5,0.5096743106842041,0.027309870347380638,-0.35909587144851685,0,6,0.49844396114349365,0.019594792276620865,-0.3591654896736145,0,7,0.5470662713050842,0.04627920687198639,-0.17974409461021423,0,8,0.4684913754463196,0.006817743647843599,-0.2623489499092102,0,9,0.5293269753456116,0.11619067937135696,-0.2939385771751404,0,10,0.5073670148849487,0.10546038299798965,-0.31777212023735046,0,11,0.574135959148407,0.2071448713541031,-0.09539558738470078,0,12,0.38592272996902466,0.137055441737175,-0.27032041549682617,0,13,0.6636713147163391,0.38787931203842163,-0.10292153060436249,0,14,0.359823614358902,0.44767001271247864,-0.3354899287223816,0,15,0.7131654024124146,0.49895256757736206,-0.23688319325447083,0,16,0.5485630631446838,0.5689449310302734,-0.37115278840065,0,17,0.7433961629867554,0.5558046102523804,-0.26297637820243835,0,18,0.591269314289093,0.6285620331764221,-0.4043086767196655,0,19,0.7405937910079956,0.5416935682296753,-0.292239785194397,0,20,0.6080731749534607,0.5751602053642273,-0.3988712728023529,0,21,0.7230693697929382,0.5340884923934937,-0.25092652440071106,0,22,0.592212438583374,0.5571404695510864,-0.36572039127349854,0,23,0.4872176945209503,0.6220325827598572,0.056414831429719925,0,24,0.3679060935974121,0.6177566647529602,-0.05597219616174698,0,25,0.6726054549217224,0.5657727122306824,-0.03804938867688179,0,26,0.378287672996521,0.5744230151176453,-0.4952221214771271,0,27,0.5066117644309998,0.7275425791740417,0.0031628308352082968,0,28,0.6273253560066223,0.7228023409843445,-0.3659776449203491,0,29,0.4797807037830353,0.7328892350196838,0.017274266108870506,0,30,0.6316916942596436,0.7264496088027954,-0.3430327773094177,0,31,0.46604597568511963,0.7750397324562073,-0.037709686905145645,0,32,0.738241970539093,0.7264872789382935,-0.4168376922607422,0
0,0.5307264924049377,0.09097190946340561,-0.3193853795528412,0,1,0.542705237865448,0.04976462572813034,-0.2950587868690491,0,2,0.5482901334762573,0.05138445273041725,-0.2953227758407593,0,3,0.5533329844474792,0.052853841334581375,-0.2955702841281891,0,4,0.522637665271759,0.03603939712047577,-0.31688421964645386,0,5,0.5134106278419495,0.028127450495958328,-0.3169342577457428,0,6,0.5029839873313904,0.02021859772503376,-0.3170087933540344,0,7,0.5497524738311768,0.04716123268008232,-0.1252579391002655,0,8,0.47505611181259155,0.006906809285283089,-0.22324591875076294,0,9,0.5300413966178894,0.11613810807466507,-0.25106188654899597,0,10,0.5092619061470032,0.10539048165082932,-0.2789157032966614,0,11,0.5766964554786682,0.20699051022529602,-0.046736836433410645,0,12,0.3871641159057617,0.1366962194442749,-0.24275252223014832,0,13,0.6681524515151978,0.3909423053264618,-0.07610229402780533,0,14,0.36010199785232544,0.44789034128189087,-0.31052395701408386,0,15,0.7068542838096619,0.4990207254886627,-0.23987247049808502,0,16,0.5580846667289734,0.5666555762290955,-0.33949679136276245,0,17,0.7283344268798828,0.5462883710861206,-0.2916034460067749,0,18,0.6025213599205017,0.6293591260910034,-0.3770706057548523,0,19,0.7232683300971985,0.5386226177215576,-0.3183766007423401,0,20,0.6184316277503967,0.5700817704200745,-0.37131181359291077,0,21,0.7075024843215942,0.5320767760276794,-0.25227823853492737,0,22,0.6030561327934265,0.5388122200965881,-0.33241453766822815,0,23,0.4877229332923889,0.6216080188751221,0.057120393961668015,0,24,0.3683721721172333,0.6181138157844543,-0.056635819375514984,0,25,0.6844479441642761,0.5512590408325195,0.008704159408807755,0,26,0.3781825602054596,0.5671924948692322,-0.484926700592041,0,27,0.5075225830078125,0.7191673517227173,0.005386850796639919,0,28,0.6372846364974976,0.7242903113365173,-0.3529449999332428,0,29,0.48011988401412964,0.7305759191513062,0.013742303475737572,0,30,0.635262131690979,0.7268276214599609,-0.3255454897880554,0,31,0.4740510880947113,0.7661814093589783,-0.029158860445022583,0,32,0.7481906414031982,0.7378413081169128,-0.37110549211502075,0
0,0.5386496186256409,0.0985674262046814,-0.34498581290245056,0,1,0.5515745878219604,0.05949290841817856,-0.32141727209091187,0,2,0.5568013787269592,0.05993765965104103,-0.3216327130794525,0,3,0.5613933801651001,0.06010747700929642,-0.3218422532081604,0,4,0.5308746695518494,0.04717139154672623,-0.34605109691619873,0,5,0.5217626690864563,0.03879884257912636,-0.3461250364780426,0,6,0.5117278695106506,0.029709843918681145,-0.34617704153060913,0,7,0.5560152530670166,0.049061644822359085,-0.149675652384758,0,8,0.48156848549842834,0.008979088626801968,-0.26122111082077026,0,9,0.5347234606742859,0.12175646424293518,-0.2750369608402252,0,10,0.5151575803756714,0.1116652861237526,-0.30662545561790466,0,11,0.5821208357810974,0.20688997209072113,-0.07240521162748337,0,12,0.3877830505371094,0.13673651218414307,-0.2471534162759781,0,13,0.6761643290519714,0.3973426818847656,-0.10573413223028183,0,14,0.35835573077201843,0.45808854699134827,-0.3228153884410858,0,15,0.706804096698761,0.5059728026390076,-0.316261351108551,0,16,0.5618036389350891,0.5700480341911316,-0.37555113434791565,0,17,0.722710907459259,0.547746479511261,-0.36205947399139404,0,18,0.6077912449836731,0.6318332552909851,-0.41953936219215393,0,19,0.7167741656303406,0.5343133807182312,-0.38295185565948486,0,20,0.6235294938087463,0.5686779022216797,-0.40862953662872314,0,21,0.70314621925354,0.5281558036804199,-0.3274693787097931,0,22,0.6081306338310242,0.5371485352516174,-0.36567503213882446,0,23,0.49203383922576904,0.6211446523666382,0.057672444730997086,0,24,0.3700052499771118,0.6181602478027344,-0.05721413344144821,0,25,0.6911704540252686,0.5512283444404602,0.0004871821729466319,0,26,0.37545502185821533,0.5678035020828247,-0.49119460582733154,0,27,0.4982947111129761,0.7139837145805359,0.012311151251196861,0,28,0.6432111859321594,0.7252573370933533,-0.3465278446674347,0,29,0.4673953056335449,0.7242393493652344,0.022639257833361626,0,30,0.6461408138275146,0.7264825105667114,-0.3172602653503418,0,31,0.4573132395744324,0.764572024345398,-0.02501806989312172,0,32,0.7549612522125244,0.7465479373931885,-0.36419907212257385,0
0,0.5490168929100037,0.10098743438720703,-0.3735562860965729,0,1,0.5621373653411865,0.0613689199090004,-0.34905675053596497,0,2,0.5669771432876587,0.061387985944747925,-0.34923508763313293,0,3,0.571117103099823,0.06119775399565697,-0.3494302034378052,0,4,0.5414490103721619,0.050051867961883545,-0.37574461102485657,0,5,0.531808078289032,0.04144059494137764,-0.3758598864078522,0,6,0.521440863609314,0.031724266707897186,-0.3759493827819824,0,7,0.563103973865509,0.04923358932137489,-0.17051304876804352,0,8,0.4884934425354004,0.008734439499676228,-0.29090675711631775,0,9,0.543216347694397,0.12408556044101715,-0.3005183935165405,0,10,0.5230845212936401,0.11457078903913498,-0.33473142981529236,0,11,0.5870707035064697,0.20529983937740326,-0.08576115220785141,0,12,0.38832512497901917,0.1360337883234024,-0.2712686359882355,0,13,0.6749028563499451,0.4054730534553528,-0.1259687840938568,0,14,0.3549749255180359,0.4695901870727539,-0.34981173276901245,0,15,0.7015828490257263,0.5101487636566162,-0.3587554693222046,0,16,0.5551484227180481,0.5711402297019958,-0.4040887951850891,0,17,0.7237541079521179,0.5547786951065063,-0.3996780812740326,0,18,0.6057772040367126,0.6344760060310364,-0.4469567537307739,0,19,0.7175420522689819,0.5316312909126282,-0.41598665714263916,0,20,0.624056875705719,0.5716645121574402,-0.43287959694862366,0,21,0.7035008668899536,0.5250908136367798,-0.3688146471977234,0,22,0.6061514616012573,0.544836163520813,-0.39266160130500793,0,23,0.501132071018219,0.6202141642570496,0.058218903839588165,0,24,0.3745017349720001,0.6196836829185486,-0.05778256803750992,0,25,0.7107619643211365,0.554252564907074,-0.04982304945588112,0,26,0.36886659264564514,0.5681496858596802,-0.491416335105896,0,27,0.4922383427619934,0.7119031548500061,-0.08080486953258514,0,28,0.64206862449646,0.7259851098060608,-0.32751038670539856,0,29,0.45807740092277527,0.720186173915863,-0.07214275747537613,0,30,0.6453721523284912,0.7272719144821167,-0.29225143790245056,0,31,0.4469420611858368,0.7672948837280273,-0.12761740386486053,0,32,0.755899965763092,0.7568866610527039,-0.33565059304237366,0
0,0.5745149254798889,0.10173103958368301,-0.3783012926578522,0,1,0.5873829126358032,0.060692448168992996,-0.3511432111263275,0,2,0.5909075140953064,0.06107202544808388,-0.35132572054862976,0,3,0.5938428640365601,0.060189224779605865,-0.3515132665634155,0,4,0.5689560770988464,0.04892449080944061,-0.3847651779651642,0,5,0.5587167143821716,0.04050971940159798,-0.38490545749664307,0,6,0.5472901463508606,0.0311169121414423,-0.3850404620170593,0,7,0.5765829086303711,0.04657619819045067,-0.1699659675359726,0,8,0.505420982837677,0.005720909219235182,-0.32349684834480286,0,9,0.5653312802314758,0.12556840479373932,-0.304293155670166,0,10,0.5457265377044678,0.11644297093153,-0.34811869263648987,0,11,0.5944513082504272,0.2052609920501709,-0.08391162753105164,0,12,0.38848361372947693,0.13657456636428833,-0.31323787569999695,0,13,0.6720803380012512,0.42848125100135803,-0.13266722857952118,0,14,0.35356590151786804,0.4983440339565277,-0.39381521940231323,0,15,0.7106155753135681,0.5189315676689148,-0.397142231464386,0,16,0.5570433139801025,0.5731461644172668,-0.44439858198165894,0,17,0.7286171317100525,0.5615078210830688,-0.43994614481925964,0,18,0.6081635355949402,0.6363723278045654,-0.48636141419410706,0,19,0.7184469103813171,0.5299659371376038,-0.4545189440250397,0,20,0.6262672543525696,0.5684270262718201,-0.47323334217071533,0,21,0.7062245011329651,0.523033618927002,-0.4079805016517639,0,22,0.608511209487915,0.5457751750946045,-0.4333333671092987,0,23,0.5058026909828186,0.619914710521698,0.05968528613448143,0,24,0.3767506182193756,0.6217172741889954,-0.05923574045300484,0,25,0.7193820476531982,0.550748348236084,-0.047360699623823166,0,26,0.36432453989982605,0.575400710105896,-0.4846801161766052,0,27,0.49320417642593384,0.713256299495697,-0.09858543425798416,0,28,0.6382577419281006,0.7262110710144043,-0.2443225383758545,0,29,0.4578562378883362,0.7223513126373291,-0.0930691584944725,0,30,0.6407162547111511,0.727422833442688,-0.2022659331560135,0,31,0.45176956057548523,0.7690274119377136,-0.1483994573354721,0,32,0.7539055943489075,0.7591077089309692,-0.2239905744791031,0
0,0.5786421298980713,0.10231252014636993,-0.39678987860679626,0,1,0.5920314192771912,0.060285333544015884,-0.36867380142211914,0,2,0.5960893630981445,0.060555875301361084,-0.36884641647338867,0,3,0.5996395945549011,0.05921705439686775,-0.3690347969532013,0,4,0.5728480815887451,0.04822555556893349,-0.4034540057182312,0,5,0.5625283718109131,0.0399928092956543,-0.4036030173301697,0,6,0.5508387684822083,0.030791709199547768,-0.40375471115112305,0,7,0.5833944082260132,0.045614808797836304,-0.18032260239124298,0,8,0.5086919069290161,0.002851599594578147,-0.3370591402053833,0,9,0.5699723362922668,0.1269538402557373,-0.32020244002342224,0,10,0.5495926737785339,0.11804664134979248,-0.36505743861198425,0,11,0.598523736000061,0.2051769495010376,-0.08817572891712189,0,12,0.3888273239135742,0.1390063315629959,-0.324973464012146,0,13,0.6723530292510986,0.4445631802082062,-0.1482764035463333,0,14,0.3529411256313324,0.5133506059646606,-0.40206411480903625,0,15,0.7126131653785706,0.5230340957641602,-0.4238536059856415,0,16,0.5589846968650818,0.5857700705528259,-0.45091912150382996,0,17,0.7299284338951111,0.563100278377533,-0.46544602513313293,0,18,0.6087822318077087,0.6431403160095215,-0.4909195601940155,0,19,0.718596875667572,0.5291953086853027,-0.4748566448688507,0,20,0.6265503764152527,0.5710949897766113,-0.47456395626068115,0,21,0.7070579528808594,0.52219557762146,-0.43266111612319946,0,22,0.6099746227264404,0.5486969351768494,-0.4383266568183899,0,23,0.513408899307251,0.6193699836730957,0.05998678132891655,0,24,0.38127079606056213,0.6253374814987183,-0.05954939126968384,0,25,0.7273762822151184,0.5493540167808533,-0.07033338397741318,0,26,0.36215531826019287,0.5866586565971375,-0.4886685609817505,0,27,0.49310389161109924,0.712664008140564,-0.12960655987262726,0,28,0.6344652771949768,0.7302032113075256,-0.2527032494544983,0,29,0.45755717158317566,0.7207340002059937,-0.12355232983827591,0,30,0.6377533078193665,0.7287461161613464,-0.21072004735469818,0,31,0.44637614488601685,0.769900381565094,-0.18294115364551544,0,32,0.7526668310165405,0.7668022513389587,-0.2378038614988327,0
0,0.5795363783836365,0.10371409356594086,-0.4169788956642151,0,1,0.5937864780426025,0.059696707874536514,-0.3919946253299713,0,2,0.5979285836219788,0.059964701533317566,-0.3921564817428589,0,3,0.6014894843101501,0.05894908681511879,-0.39233359694480896,0,4,0.5742895603179932,0.04833591356873512,-0.4263240098953247,0,5,0.5637737512588501,0.04014304280281067,-0.42648783326148987,0,6,0.5517904162406921,0.030862918123602867,-0.42665332555770874,0,7,0.5881617069244385,0.04642076417803764,-0.2048478126525879,0,8,0.5112030506134033,0.0019326815381646156,-0.3587391674518585,0,9,0.5711598992347717,0.1289665251970291,-0.3392256796360016,0,10,0.5493215918540955,0.11976470798254013,-0.38321545720100403,0,11,0.6016536951065063,0.20471422374248505,-0.09583131223917007,0,12,0.3892669081687927,0.1405256688594818,-0.34744369983673096,0,13,0.6769279837608337,0.48959049582481384,-0.16755236685276031,0,14,0.354844868183136,0.5193225145339966,-0.4234461188316345,0,15,0.7147958278656006,0.5236934423446655,-0.4633026123046875,0,16,0.5603806972503662,0.5920738577842712,-0.46890896558761597,0,17,0.7286651730537415,0.5582770705223083,-0.5053744912147522,0,18,0.61459881067276,0.6458533406257629,-0.5075274705886841,0,19,0.724456787109375,0.5141955614089966,-0.5097662210464478,0,20,0.6308278441429138,0.5709993243217468,-0.48891976475715637,0,21,0.7098137140274048,0.5129497647285461,-0.4705623984336853,0,22,0.6112019419670105,0.5501432418823242,-0.454499751329422,0,23,0.5162521004676819,0.6191288828849792,0.06084878742694855,0,24,0.38359642028808594,0.6264899373054504,-0.06037439778447151,0,25,0.7297403216362,0.5450091361999512,-0.07794128358364105,0,26,0.36247438192367554,0.593414843082428,-0.4901774525642395,0,27,0.494618684053421,0.7133540511131287,-0.13595542311668396,0,28,0.6343763470649719,0.7314794659614563,-0.24069826304912567,0,29,0.4595683217048645,0.7219774723052979,-0.12970463931560516,0,30,0.6373345255851746,0.7291797399520874,-0.19663722813129425,0,31,0.4520683288574219,0.7706013917922974,-0.18938715755939484,0,32,0.7524678111076355,0.7692041993141174,-0.21944934129714966,0
0,0.5826954245567322,0.1019359678030014,-0.41618379950523376,0,1,0.5961538553237915,0.05490719899535179,-0.38850364089012146,0,2,0.6005384922027588,0.055047955363988876,-0.38869619369506836,0,3,0.6044246554374695,0.05458147078752518,-0.3889140784740448,0,4,0.5759420394897461,0.04368818923830986,-0.422846257686615,0,5,0.5650370717048645,0.03496274724602699,-0.42298781871795654,0,6,0.552564263343811,0.024067671969532967,-0.423136830329895,0,7,0.5913770794868469,0.044838786125183105,-0.1996496170759201,0,8,0.5117869973182678,-0.0057217455469071865,-0.3528679311275482,0,9,0.5743157863616943,0.1285971850156784,-0.3385547995567322,0,10,0.55232834815979,0.11904727667570114,-0.38273054361343384,0,11,0.6036138534545898,0.20465140044689178,-0.09866306930780411,0,12,0.3894115090370178,0.14292757213115692,-0.3400934934616089,0,13,0.6763452291488647,0.47399166226387024,-0.16470889747142792,0,14,0.3557465970516205,0.5220478773117065,-0.41620340943336487,0,15,0.7238624691963196,0.5335901379585266,-0.4321361780166626,0,16,0.560852587223053,0.5923495888710022,-0.46059364080429077,0,17,0.7369039058685303,0.5595805644989014,-0.4697437286376953,0,18,0.6186755299568176,0.6460806727409363,-0.4988393485546112,0,19,0.7376016974449158,0.5166991353034973,-0.47837868332862854,0,20,0.633607804775238,0.5677822828292847,-0.4785527288913727,0,21,0.7213051319122314,0.516433596611023,-0.4406067728996277,0,22,0.6124069690704346,0.5487661957740784,-0.4462232291698456,0,23,0.5173711180686951,0.6171332001686096,0.060771822929382324,0,24,0.3850991427898407,0.6266148686408997,-0.06027796119451523,0,25,0.7300304770469666,0.5458449721336365,-0.1090722307562828,0,26,0.3614513576030731,0.6015554070472717,-0.48663610219955444,0,27,0.49556365609169006,0.7143409252166748,-0.15334048867225647,0,28,0.634955644607544,0.7316363453865051,-0.25646740198135376,0,29,0.4605051875114441,0.722643256187439,-0.14614158868789673,0,30,0.6405130624771118,0.7285385131835938,-0.21599222719669342,0,31,0.44743046164512634,0.7873089909553528,-0.2197248488664627,0,32,0.7523012161254883,0.769520103931427,-0.23989829421043396,0
0,0.5844771862030029,0.1020834743976593,-0.4119754731655121,0,1,0.5984953045845032,0.055273909121751785,-0.38523176312446594,0,2,0.6027129888534546,0.05528024584054947,-0.3854173421859741,0,3,0.6064313054084778,0.0548689030110836,-0.38563355803489685,0,4,0.5791296362876892,0.04463324695825577,-0.4200167655944824,0,5,0.5687459111213684,0.03596670925617218,-0.420165091753006,0,6,0.556873083114624,0.025208216160535812,-0.4203176498413086,0,7,0.5931719541549683,0.04567030072212219,-0.19687992334365845,0,8,0.5163319706916809,-0.005649976432323456,-0.3530071973800659,0,9,0.5756755471229553,0.1286366581916809,-0.3342358469963074,0,10,0.5539023280143738,0.11909637600183487,-0.37893766164779663,0,11,0.6052988767623901,0.20459698140621185,-0.09621965885162354,0,12,0.3900482952594757,0.1439405232667923,-0.3384944200515747,0,13,0.6831753849983215,0.4952468276023865,-0.1612458974123001,0,14,0.3570097088813782,0.5217306017875671,-0.41251930594444275,0,15,0.7262575030326843,0.5324593186378479,-0.4260071814060211,0,16,0.5615087151527405,0.5960448980331421,-0.45707815885543823,0,17,0.7382399439811707,0.5579957365989685,-0.4625636339187622,0,18,0.6199666857719421,0.649384081363678,-0.4946950376033783,0,19,0.7396682500839233,0.5137166976928711,-0.4679921269416809,0,20,0.635019838809967,0.568915069103241,-0.47473546862602234,0,21,0.7234470248222351,0.5149657726287842,-0.43288227915763855,0,22,0.6130825281143188,0.549221932888031,-0.44274699687957764,0,23,0.5195952653884888,0.617100715637207,0.06088121235370636,0,24,0.38733842968940735,0.6281743049621582,-0.06038433313369751,0,25,0.7332346439361572,0.5211097002029419,-0.11489331722259521,0,26,0.3612026274204254,0.6035285592079163,-0.5087717175483704,0,27,0.5041537880897522,0.7145976424217224,-0.1540956348180771,0,28,0.6348841786384583,0.732297420501709,-0.25714436173439026,0,29,0.46848222613334656,0.7230629324913025,-0.14584557712078094,0,30,0.6401921510696411,0.7286798357963562,-0.22374220192432404,0,31,0.45120158791542053,0.7855750918388367,-0.21431498229503632,0,32,0.7522475719451904,0.7696807384490967,-0.25405868887901306,0
0,0.5806620121002197,0.11341738700866699,-0.40528732538223267,0,1,0.5958802700042725,0.07152633368968964,-0.3789944648742676,0,2,0.6007618308067322,0.06987810134887695,-0.37918564677238464,0,3,0.6048374772071838,0.0677575170993805,-0.3794040381908417,0,4,0.5753338932991028,0.0636960119009018,-0.4120691418647766,0,5,0.5647939443588257,0.05490658059716225,-0.4122083783149719,0,6,0.5526992678642273,0.04357963055372238,-0.4123443365097046,0,7,0.5907261371612549,0.05195547267794609,-0.1964794248342514,0,8,0.5134023427963257,0.00436796061694622,-0.3452674150466919,0,9,0.5744720697402954,0.13821233808994293,-0.32916924357414246,0,10,0.5525634288787842,0.13086465001106262,-0.37107932567596436,0,11,0.6041541695594788,0.20187531411647797,-0.09553151577711105,0,12,0.3898584246635437,0.1485927551984787,-0.3350253105163574,0,13,0.679378092288971,0.4894329607486725,-0.15918341279029846,0,14,0.35895341634750366,0.5207401514053345,-0.4061781167984009,0,15,0.7219261527061462,0.5310826897621155,-0.4226436913013458,0,16,0.5625553727149963,0.5934385657310486,-0.4483494758605957,0,17,0.7354052066802979,0.5567268133163452,-0.4608737528324127,0,18,0.6314519047737122,0.6493163108825684,-0.48699459433555603,0,19,0.7354610562324524,0.5124322772026062,-0.46916064620018005,0,20,0.6434341669082642,0.5687065720558167,-0.469398558139801,0,21,0.719628095626831,0.513645350933075,-0.43092069029808044,0,22,0.6222231388092041,0.549641489982605,-0.43545782566070557,0,23,0.5193173885345459,0.6169090867042542,0.06068708747625351,0,24,0.388434499502182,0.6307989954948425,-0.060158807784318924,0,25,0.7295189499855042,0.5075166821479797,-0.11217615753412247,0,26,0.3604283034801483,0.6041316390037537,-0.5018566250801086,0,27,0.5062477588653564,0.7215431928634644,-0.15785707533359528,0,28,0.6348413825035095,0.7352662682533264,-0.2640090584754944,0,29,0.47088661789894104,0.7336676120758057,-0.15104366838932037,0,30,0.640152096748352,0.7287551760673523,-0.2311325967311859,0,31,0.4526876211166382,0.7999639511108398,-0.22106803953647614,0,32,0.7523547410964966,0.7698031067848206,-0.28102731704711914,0
0,0.5708336234092712,0.11753582209348679,-0.40522971749305725,0,1,0.5837678909301758,0.07702942192554474,-0.3846648335456848,0,2,0.589175820350647,0.07548849284648895,-0.38487815856933594,0,3,0.5942342877388,0.0734611228108406,-0.385139524936676,0,4,0.5618588328361511,0.07016477733850479,-0.4141559302806854,0,5,0.5514013767242432,0.06222684681415558,-0.41427555680274963,0,6,0.5396783351898193,0.051701370626688004,-0.4143797755241394,0,7,0.5834925174713135,0.057105425745248795,-0.2124306857585907,0,8,0.5015456676483154,0.014147466979920864,-0.34218260645866394,0,9,0.5645110011100769,0.14380867779254913,-0.33048465847969055,0,10,0.5427623391151428,0.1382480263710022,-0.36863598227500916,0,11,0.6026213765144348,0.20140233635902405,-0.11038962751626968,0,12,0.3870014250278473,0.15339943766593933,-0.332955539226532,0,13,0.6768196225166321,0.48253360390663147,-0.15982820093631744,0,14,0.3594065308570862,0.518730640411377,-0.4059184491634369,0,15,0.7242711186408997,0.5327226519584656,-0.4130910634994507,0,16,0.5631975531578064,0.5931452512741089,-0.4423350989818573,0,17,0.7401641011238098,0.5504302978515625,-0.4463117718696594,0,18,0.6339022517204285,0.6493871808052063,-0.4845103621482849,0,19,0.735682487487793,0.5125951170921326,-0.46819254755973816,0,20,0.6458292007446289,0.5693529844284058,-0.4672848582267761,0,21,0.7256392240524292,0.5185371041297913,-0.42744535207748413,0,22,0.6253840923309326,0.5500263571739197,-0.4317116141319275,0,23,0.5180943608283997,0.6148084402084351,0.05765383690595627,0,24,0.3881739675998688,0.6319711208343506,-0.057041946798563004,0,25,0.7285645008087158,0.5051858425140381,-0.13814003765583038,0,26,0.3606036603450775,0.6084964871406555,-0.49618223309516907,0,27,0.5072922110557556,0.7254775762557983,-0.1677076667547226,0,28,0.6367948651313782,0.735185444355011,-0.2844754755496979,0,29,0.47272923588752747,0.7378623485565186,-0.15995362401008606,0,30,0.6426360607147217,0.7289256453514099,-0.25142255425453186,0,31,0.4535396695137024,0.8077349662780762,-0.2373802214860916,0,32,0.7532222270965576,0.7699034214019775,-0.314005047082901,0
0,0.5665112137794495,0.11987783759832382,-0.4064127802848816,0,1,0.5777469277381897,0.08054792135953903,-0.3874877691268921,0,2,0.5830627083778381,0.07917585223913193,-0.3877147138118744,0,3,0.5882253050804138,0.07718738168478012,-0.38799163699150085,0,4,0.5562953948974609,0.07322186231613159,-0.4165918231010437,0,5,0.5461299419403076,0.06556191295385361,-0.4167087972164154,0,6,0.534881055355072,0.055655915290117264,-0.4168132245540619,0,7,0.5781041383743286,0.06076989322900772,-0.2188100814819336,0,8,0.49697765707969666,0.020497290417551994,-0.3467267155647278,0,9,0.5594865083694458,0.14675617218017578,-0.33278125524520874,0,10,0.5381049513816833,0.14163050055503845,-0.3700284957885742,0,11,0.6020788550376892,0.20061060786247253,-0.12331490963697433,0,12,0.384799599647522,0.1570393294095993,-0.3362710773944855,0,13,0.6666425466537476,0.47953706979751587,-0.16251657903194427,0,14,0.3632538616657257,0.5192378163337708,-0.4035255014896393,0,15,0.7225558161735535,0.5355497002601624,-0.3857659101486206,0,16,0.5892507433891296,0.593566358089447,-0.4407161772251129,0,17,0.7402046918869019,0.5575785040855408,-0.4170055687427521,0,18,0.6482058763504028,0.6480456590652466,-0.48143497109413147,0,19,0.7404832243919373,0.5239352583885193,-0.44381147623062134,0,20,0.6598742604255676,0.5688056349754333,-0.4649718105792999,0,21,0.725508451461792,0.5247116088867188,-0.4013723134994507,0,22,0.6394982933998108,0.5499866008758545,-0.42945462465286255,0,23,0.5173583626747131,0.6139499545097351,0.05631674826145172,0,24,0.38820043206214905,0.6333793997764587,-0.05568011477589607,0,25,0.7264369130134583,0.49969905614852905,-0.12100674211978912,0,26,0.35974130034446716,0.6083422899246216,-0.48984602093696594,0,27,0.5082837343215942,0.726841926574707,-0.15218238532543182,0,28,0.6372621655464172,0.7352240681648254,-0.2880359888076782,0,29,0.4739154577255249,0.7403311133384705,-0.14478665590286255,0,30,0.643385648727417,0.729003369808197,-0.2547141909599304,0,31,0.4543948173522949,0.8084893226623535,-0.21506817638874054,0,32,0.7536548376083374,0.769852340221405,-0.3140214681625366,0
0,0.5646715760231018,0.12244323641061783,-0.4040738344192505,0,1,0.5747734308242798,0.08302571624517441,-0.3849940598011017,0,2,0.5796826481819153,0.08118142187595367,-0.38521769642829895,0,3,0.5845184326171875,0.07885874807834625,-0.3854855000972748,0,4,0.5544222593307495,0.07732628285884857,-0.41514554619789124,0,5,0.5442782044410706,0.07036413997411728,-0.4152701497077942,0,6,0.5329093337059021,0.061323780566453934,-0.4153895974159241,0,7,0.5737512111663818,0.06245581433176994,-0.21998471021652222,0,8,0.49324527382850647,0.02868926338851452,-0.3555191159248352,0,9,0.5565115809440613,0.14911311864852905,-0.3303024172782898,0,10,0.5353871583938599,0.1449166089296341,-0.36829042434692383,0,11,0.6015714406967163,0.1991683393716812,-0.12488959729671478,0,12,0.3817340135574341,0.15972910821437836,-0.3429923355579376,0,13,0.6576681733131409,0.4792706072330475,-0.17077209055423737,0,14,0.36641648411750793,0.5184732675552368,-0.4051497280597687,0,15,0.7172309160232544,0.5350764393806458,-0.3915935158729553,0,16,0.597594678401947,0.5971009135246277,-0.4391050338745117,0,17,0.7347276210784912,0.5570947527885437,-0.42360153794288635,0,18,0.6537560820579529,0.6491666436195374,-0.48050227761268616,0,19,0.7397482395172119,0.5235123634338379,-0.4465072751045227,0,20,0.665256679058075,0.5688941478729248,-0.4644140303134918,0,21,0.7232305407524109,0.5239776372909546,-0.4053179919719696,0,22,0.6449226140975952,0.5500868558883667,-0.42836830019950867,0,23,0.5171518325805664,0.6131691336631775,0.05508030951023102,0,24,0.38815686106681824,0.6346821784973145,-0.05441375821828842,0,25,0.723928689956665,0.49383506178855896,-0.11582040786743164,0,26,0.3583689332008362,0.6074514985084534,-0.4783291816711426,0,27,0.5096088647842407,0.7291565537452698,-0.15960478782653809,0,28,0.6355149149894714,0.7352573871612549,-0.28774264454841614,0,29,0.4757058024406433,0.7439625859260559,-0.1537541300058365,0,30,0.6432636976242065,0.7290418744087219,-0.2543506920337677,0,31,0.4549705684185028,0.8081095814704895,-0.23051121830940247,0,32,0.7531705498695374,0.7688761949539185,-0.30952590703964233,0
0,0.5597073435783386,0.12768803536891937,-0.41889703273773193,0,1,0.5707679390907288,0.08927793800830841,-0.4052349328994751,0,2,0.5758450627326965,0.08714502304792404,-0.4054355025291443,0,3,0.5808616280555725,0.0845857486128807,-0.4056923985481262,0,4,0.5504778623580933,0.08386746793985367,-0.43516501784324646,0,5,0.540553629398346,0.0765082910656929,-0.4353078007698059,0,6,0.5294554829597473,0.06680053472518921,-0.4354366660118103,0,7,0.5721189379692078,0.06696891039609909,-0.2416510432958603,0,8,0.48991161584854126,0.03054199554026127,-0.37482643127441406,0,9,0.5517168045043945,0.15317818522453308,-0.34458717703819275,0,10,0.530492901802063,0.14945831894874573,-0.38280507922172546,0,11,0.5998148322105408,0.1972297728061676,-0.13870932161808014,0,12,0.37978285551071167,0.16017207503318787,-0.35605132579803467,0,13,0.6462910175323486,0.4810504615306854,-0.19126726686954498,0,14,0.3750127851963043,0.5182186365127563,-0.4141974151134491,0,15,0.7030082941055298,0.5348802208900452,-0.4284531772136688,0,16,0.5938212871551514,0.5883293747901917,-0.44767922163009644,0,17,0.720267117023468,0.5558406114578247,-0.4656522870063782,0,18,0.6532173752784729,0.6487513780593872,-0.49055609107017517,0,19,0.7271067500114441,0.5204854607582092,-0.48291099071502686,0,20,0.6640481352806091,0.5686931014060974,-0.47602999210357666,0,21,0.7090287804603577,0.5198937058448792,-0.44040215015411377,0,22,0.644223153591156,0.5499526858329773,-0.43828290700912476,0,23,0.5170857310295105,0.6087755560874939,0.0537656731903553,0,24,0.3881138265132904,0.6346471905708313,-0.05310600996017456,0,25,0.7262055277824402,0.5036962032318115,-0.13816186785697937,0,26,0.3573206067085266,0.6068174839019775,-0.480803519487381,0,27,0.5116540789604187,0.7290308475494385,-0.17916250228881836,0,28,0.633121132850647,0.735497236251831,-0.28739020228385925,0,29,0.4786025881767273,0.7438905239105225,-0.17204256355762482,0,30,0.6422199606895447,0.7291460037231445,-0.2530936896800995,0,31,0.4564703404903412,0.8022246956825256,-0.24846801161766052,0,32,0.7526760101318359,0.7684828639030457,-0.3076588809490204,0
0,0.5557416677474976,0.1442709118127823,-0.4484521448612213,0,1,0.568781316280365,0.10861596465110779,-0.439125657081604,0,2,0.5739240646362305,0.1065078005194664,-0.4393211603164673,0,3,0.5789473652839661,0.10396187752485275,-0.43957385420799255,0,4,0.5494480729103088,0.10280470550060272,-0.4698025584220886,0,5,0.5401508808135986,0.09558924287557602,-0.46996694803237915,0,6,0.5295800566673279,0.08627176284790039,-0.47010985016822815,0,7,0.5719390511512756,0.08331239968538284,-0.2759544551372528,0,8,0.4903654158115387,0.03688701242208481,-0.4128057658672333,0,9,0.5474660992622375,0.16897344589233398,-0.37199774384498596,0,10,0.5264418721199036,0.16214820742607117,-0.4115370213985443,0,11,0.5964735746383667,0.19767630100250244,-0.16267521679401398,0,12,0.3767065405845642,0.1601230651140213,-0.379220187664032,0,13,0.6393463611602783,0.49120625853538513,-0.21181124448776245,0,14,0.37329456210136414,0.5193384289741516,-0.4315023124217987,0,15,0.6999272704124451,0.5348225235939026,-0.454951673746109,0,16,0.586675763130188,0.579274594783783,-0.468625009059906,0,17,0.7186941504478455,0.5557812452316284,-0.4923054575920105,0,18,0.6503022909164429,0.6439337730407715,-0.5108599066734314,0,19,0.7261655330657959,0.5189163088798523,-0.5112593173980713,0,20,0.6624369025230408,0.5629387497901917,-0.49555861949920654,0,21,0.7074630856513977,0.5180197954177856,-0.4678630828857422,0,22,0.6321632266044617,0.5365157127380371,-0.45898592472076416,0,23,0.5170851349830627,0.608842134475708,0.05294441804289818,0,24,0.3865498900413513,0.634581983089447,-0.05226565897464752,0,25,0.7287059426307678,0.5193190574645996,-0.16656024754047394,0,26,0.3558506965637207,0.6073871850967407,-0.4959677755832672,0,27,0.5097348093986511,0.7270306944847107,-0.195264533162117,0,28,0.6264524459838867,0.7390178442001343,-0.29190337657928467,0,29,0.47725895047187805,0.7384965419769287,-0.18582673370838165,0,30,0.6391436457633972,0.7294061183929443,-0.25512704253196716,0,31,0.45444920659065247,0.7911584377288818,-0.26058289408683777,0,32,0.7517701387405396,0.7684031128883362,-0.3093673288822174,0
0,0.5557585954666138,0.14561517536640167,-0.4475003778934479,0,1,0.5683977603912354,0.10965166985988617,-0.4359354078769684,0,2,0.5733469724655151,0.1077357605099678,-0.4361347258090973,0,3,0.5781420469284058,0.10548992455005646,-0.4363914430141449,0,4,0.5494924783706665,0.10411826521158218,-0.4683537781238556,0,5,0.5402560830116272,0.09731457382440567,-0.4685153663158417,0,6,0.52973473072052,0.0886017307639122,-0.4686562120914459,0,7,0.5713568329811096,0.08616193383932114,-0.2724447548389435,0,8,0.4902976155281067,0.043470364063978195,-0.41735926270484924,0,9,0.5475319623947144,0.169843852519989,-0.37207162380218506,0,10,0.5263279676437378,0.16379374265670776,-0.41380390524864197,0,11,0.5948893427848816,0.19774720072746277,-0.1622748225927353,0,12,0.37606680393218994,0.16059425473213196,-0.38826414942741394,0,13,0.6422336101531982,0.49209463596343994,-0.20805087685585022,0,14,0.37322530150413513,0.5197104215621948,-0.4402095377445221,0,15,0.700922429561615,0.5345866680145264,-0.444356769323349,0,16,0.5854143500328064,0.5744173526763916,-0.47199544310569763,0,17,0.7211300134658813,0.5555998682975769,-0.48063772916793823,0,18,0.6490545272827148,0.6411303281784058,-0.5145100951194763,0,19,0.7289044260978699,0.5179728269577026,-0.49913835525512695,0,20,0.6608746647834778,0.5603654384613037,-0.4988061487674713,0,21,0.7097388505935669,0.5170884132385254,-0.4568927586078644,0,22,0.634253740310669,0.5376262068748474,-0.46219784021377563,0,23,0.5169084072113037,0.6080055236816406,0.05318270996212959,0,24,0.38423556089401245,0.6340070962905884,-0.05250978469848633,0,25,0.7290022373199463,0.5302823185920715,-0.15068013966083527,0,26,0.35592031478881836,0.6126396059989929,-0.4982112646102905,0,27,0.5072126388549805,0.7209284901618958,-0.180343896150589,0,28,0.6231228113174438,0.7605763673782349,-0.28779715299606323,0,29,0.47517815232276917,0.7280730605125427,-0.17400820553302765,0,30,0.6388832926750183,0.7293271422386169,-0.24921388924121857,0,31,0.453504353761673,0.7846602201461792,-0.25106287002563477,0,32,0.751293420791626,0.7680485844612122,-0.3034542202949524,0
0,0.5559749007225037,0.1452368199825287,-0.44239604473114014,0,1,0.5685685276985168,0.1091800183057785,-0.4300447106361389,0,2,0.5735266804695129,0.10762576013803482,-0.4302401542663574,0,3,0.5783154964447021,0.10590831935405731,-0.43049150705337524,0,4,0.5497140288352966,0.1033114567399025,-0.46300962567329407,0,5,0.5407090783119202,0.09642046689987183,-0.463173508644104,0,6,0.5305599570274353,0.08757541328668594,-0.46331319212913513,0,7,0.5718012452125549,0.08837436884641647,-0.2653113305568695,0,8,0.4912257194519043,0.04207167401909828,-0.41307327151298523,0,9,0.5477224588394165,0.1695946753025055,-0.3669268786907196,0,10,0.5261398553848267,0.1632719784975052,-0.4093826413154602,0,11,0.5944260358810425,0.19940470159053802,-0.15847615897655487,0,12,0.37596988677978516,0.16060349345207214,-0.38343942165374756,0,13,0.6432400941848755,0.49701324105262756,-0.2078334391117096,0,14,0.37312787771224976,0.5200191736221313,-0.4375366270542145,0,15,0.706660807132721,0.5357333421707153,-0.4503419101238251,0,16,0.5834461450576782,0.5748594403266907,-0.4742239713668823,0,17,0.7272742986679077,0.5553678870201111,-0.4874197840690613,0,18,0.6484636068344116,0.6401347517967224,-0.5162826180458069,0,19,0.7342956066131592,0.5179390907287598,-0.505139946937561,0,20,0.6598755717277527,0.5592737793922424,-0.5006471276283264,0,21,0.7150920629501343,0.5169288516044617,-0.46260204911231995,0,22,0.6316636204719543,0.5327792763710022,-0.4642515778541565,0,23,0.5180455446243286,0.6081203818321228,0.052644867449998856,0,24,0.38422971963882446,0.6342035531997681,-0.051957763731479645,0,25,0.7305282950401306,0.5312042832374573,-0.1654426008462906,0,26,0.35571804642677307,0.6118929982185364,-0.5016037225723267,0,27,0.5055115222930908,0.719469428062439,-0.19065262377262115,0,28,0.620522677898407,0.7688882350921631,-0.294691264629364,0,29,0.47304826974868774,0.7257673740386963,-0.18119694292545319,0,30,0.6388760805130005,0.7270632982254028,-0.25576654076576233,0,31,0.45289114117622375,0.7803100943565369,-0.2573228180408478,0,32,0.7508125305175781,0.7660958170890808,-0.3122968077659607,0
0,0.5556201934814453,0.14602625370025635,-0.436972975730896,0,1,0.56876540184021,0.11116353422403336,-0.4239230453968048,0,2,0.5737027525901794,0.10990890115499496,-0.4241231083869934,0,3,0.5784577131271362,0.1085393950343132,-0.4243771433830261,0,4,0.5498114228248596,0.1043018102645874,-0.45611703395843506,0,5,0.5408381819725037,0.09697452187538147,-0.4562719166278839,0,6,0.5309938192367554,0.08754029870033264,-0.45640525221824646,0,7,0.5723832845687866,0.09174691885709763,-0.25887516140937805,0,8,0.49211299419403076,0.04076208174228668,-0.40269333124160767,0,9,0.5468448996543884,0.17024213075637817,-0.3617629110813141,0,10,0.5253762602806091,0.1628451645374298,-0.40331748127937317,0,11,0.5936891436576843,0.20005062222480774,-0.15348023176193237,0,12,0.37629401683807373,0.16049142181873322,-0.37558862566947937,0,13,0.644745409488678,0.49669456481933594,-0.20450952649116516,0,14,0.3730454742908478,0.5197263956069946,-0.432312935590744,0,15,0.7083350419998169,0.5355750918388367,-0.44412896037101746,0,16,0.5925182104110718,0.576581597328186,-0.46839845180511475,0,17,0.7292804718017578,0.5531995296478271,-0.4809315502643585,0,18,0.6487074494361877,0.6347270607948303,-0.5103889107704163,0,19,0.7358757257461548,0.5154018998146057,-0.4981901943683624,0,20,0.6592584848403931,0.555365264415741,-0.49495798349380493,0,21,0.7168641686439514,0.5145118236541748,-0.4561668336391449,0,22,0.6314145922660828,0.5232619643211365,-0.4583337903022766,0,23,0.5183622241020203,0.6081163883209229,0.05271130055189133,0,24,0.3844600319862366,0.6341326236724854,-0.05202740803360939,0,25,0.7281016707420349,0.5132635235786438,-0.1644989401102066,0,26,0.3558827340602875,0.611450731754303,-0.4993983209133148,0,27,0.5034496188163757,0.7195864319801331,-0.1919809877872467,0,28,0.6207900643348694,0.7709442973136902,-0.2950299084186554,0,29,0.47065460681915283,0.7258862853050232,-0.18227247893810272,0,30,0.6387296319007874,0.7253842949867249,-0.25652745366096497,0,31,0.45131245255470276,0.7853193283081055,-0.25655752420425415,0,32,0.7506359815597534,0.7652693390846252,-0.3131578862667084,0
0,0.5557180643081665,0.14554572105407715,-0.43633124232292175,0,1,0.569471538066864,0.11076727509498596,-0.42258569598197937,0,2,0.5743618607521057,0.10962489247322083,-0.4227837026119232,0,3,0.5790137648582458,0.10841634124517441,-0.4230431616306305,0,4,0.5505239963531494,0.10364930331707001,-0.4558282196521759,0,5,0.5414641499519348,0.09602233022451401,-0.45597490668296814,0,6,0.5315931439399719,0.08616084605455399,-0.4561031460762024,0,7,0.5735566020011902,0.0919344499707222,-0.25536975264549255,0,8,0.49274614453315735,0.03974740952253342,-0.4045911729335785,0,9,0.5470871329307556,0.16993585228919983,-0.36048534512519836,0,10,0.5255850553512573,0.16207410395145416,-0.4034624397754669,0,11,0.5935899615287781,0.20015765726566315,-0.15051794052124023,0,12,0.3765828013420105,0.1604611873626709,-0.37326934933662415,0,13,0.6473709940910339,0.49682724475860596,-0.21799619495868683,0,14,0.37298235297203064,0.5195200443267822,-0.4321756660938263,0,15,0.713037371635437,0.5211682915687561,-0.4721199870109558,0,16,0.5914111733436584,0.5689870119094849,-0.4684472382068634,0,17,0.7332689166069031,0.5297656059265137,-0.5103424191474915,0,18,0.6486895084381104,0.6300771236419678,-0.5091818571090698,0,19,0.7391784191131592,0.49275416135787964,-0.5192351341247559,0,20,0.6502849459648132,0.5374757647514343,-0.4926129877567291,0,21,0.7200778126716614,0.4939992129802704,-0.4812411069869995,0,22,0.631197988986969,0.5161261558532715,-0.457854688167572,0,23,0.5190371870994568,0.607009768486023,0.05243464559316635,0,24,0.3859310746192932,0.632236897945404,-0.05174149200320244,0,25,0.7254822254180908,0.5111454725265503,-0.1661985069513321,0,26,0.3554736077785492,0.611052930355072,-0.5067946910858154,0,27,0.5038332939147949,0.7201062440872192,-0.1911369264125824,0,28,0.621305525302887,0.7749007344245911,-0.31869271397590637,0,29,0.47154340147972107,0.7261370420455933,-0.17510674893856049,0,30,0.6390720009803772,0.7248126268386841,-0.28306034207344055,0,31,0.45076003670692444,0.7892002463340759,-0.2502945363521576,0,32,0.7506335973739624,0.7651645541191101,-0.3535684049129486,0
0,0.558985710144043,0.14599934220314026,-0.43459606170654297,0,1,0.5752782821655273,0.111455999314785,-0.4200686514377594,0,2,0.5805627107620239,0.1105353832244873,-0.4202664792537689,0,3,0.5854458212852478,0.10953396558761597,-0.42052146792411804,0,4,0.5554021596908569,0.1030387431383133,-0.45341956615448,0,5,0.5461130738258362,0.0946711003780365,-0.4535655081272125,0,6,0.5362177491188049,0.08446163684129715,-0.4536878764629364,0,7,0.5800449252128601,0.0928226113319397,-0.2541981637477875,0,8,0.5006096959114075,0.03530512750148773,-0.4003366529941559,0,9,0.5515124201774597,0.1700536459684372,-0.35859909653663635,0,10,0.5281217098236084,0.16121317446231842,-0.4015752971172333,0,11,0.5941430330276489,0.20419655740261078,-0.14545300602912903,0,12,0.3767160177230835,0.1603858470916748,-0.37091028690338135,0,13,0.6496875286102295,0.5029693841934204,-0.2172224223613739,0,14,0.3729190528392792,0.5199645161628723,-0.4309251606464386,0,15,0.7132326364517212,0.521403431892395,-0.49175626039505005,0,16,0.5928003787994385,0.5747358202934265,-0.46140897274017334,0,17,0.7330175042152405,0.5311778783798218,-0.5308485627174377,0,18,0.6483584046363831,0.6304917931556702,-0.4978545606136322,0,19,0.7384130954742432,0.4931863844394684,-0.5378240346908569,0,20,0.6507968306541443,0.5400360822677612,-0.48054391145706177,0,21,0.7196712493896484,0.4935343861579895,-0.5004326105117798,0,22,0.6322578191757202,0.5188580751419067,-0.4499756395816803,0,23,0.5189825296401978,0.606475293636322,0.05500132590532303,0,24,0.38590043783187866,0.6306684613227844,-0.054303478449583054,0,25,0.7250723242759705,0.5053972601890564,-0.161528542637825,0,26,0.35752516984939575,0.6108041405677795,-0.5005950331687927,0,27,0.503882110118866,0.722903847694397,-0.18447059392929077,0,28,0.6304212808609009,0.7620242834091187,-0.305635929107666,0,29,0.47138330340385437,0.7291880249977112,-0.17151522636413574,0,30,0.6401981711387634,0.7249343991279602,-0.26888027787208557,0,31,0.44970688223838806,0.7918808460235596,-0.24532441794872284,0,32,0.7531473636627197,0.7651481628417969,-0.342467337846756,0
0,0.5602349638938904,0.14641737937927246,-0.44998472929000854,0,1,0.577350378036499,0.11222586780786514,-0.4348656237125397,0,2,0.5825241208076477,0.11137912422418594,-0.4350574314594269,0,3,0.5873373746871948,0.11044538021087646,-0.4352918863296509,0,4,0.557718813419342,0.10327602177858353,-0.4693045914173126,0,5,0.5484267473220825,0.09438171982765198,-0.4694731831550598,0,6,0.5385619401931763,0.08359155803918839,-0.46960705518722534,0,7,0.5817164778709412,0.0937504693865776,-0.2625839412212372,0,8,0.50407475233078,0.034055061638355255,-0.4158029854297638,0,9,0.5525001883506775,0.17040953040122986,-0.37230098247528076,0,10,0.5288161635398865,0.16077536344528198,-0.41679826378822327,0,11,0.5941212177276611,0.2049645334482193,-0.14879998564720154,0,12,0.3769964277744293,0.16034981608390808,-0.3870895504951477,0,13,0.6497575044631958,0.5055967569351196,-0.21920642256736755,0,14,0.3727736175060272,0.5209372043609619,-0.44429701566696167,0,15,0.7144195437431335,0.5264211893081665,-0.48917773365974426,0,16,0.5944739580154419,0.581436038017273,-0.470420777797699,0,17,0.7342206835746765,0.536540687084198,-0.5264838933944702,0,18,0.6486905217170715,0.6310231685638428,-0.5075092911720276,0,19,0.7398538589477539,0.49754226207733154,-0.5390940308570862,0,20,0.652375340461731,0.5410616993904114,-0.4908524453639984,0,21,0.7210293412208557,0.49770039319992065,-0.500046968460083,0,22,0.6341022849082947,0.5235134959220886,-0.45921099185943604,0,23,0.5175036787986755,0.6064910888671875,0.05929664149880409,0,24,0.38404330611228943,0.6305810213088989,-0.058637406677007675,0,25,0.7252715229988098,0.5013764500617981,-0.14052441716194153,0,26,0.36171355843544006,0.6109040379524231,-0.4896707534790039,0,27,0.5038544535636902,0.7230396866798401,-0.18215343356132507,0,28,0.6299039721488953,0.7681503295898438,-0.2687385678291321,0,29,0.47061601281166077,0.7293612957000732,-0.16936126351356506,0,30,0.640188455581665,0.7259297966957092,-0.22837185859680176,0,31,0.44958972930908203,0.7944368720054626,-0.24029920995235443,0,32,0.7539655566215515,0.765172004699707,-0.2730257213115692,0
0,0.5606868267059326,0.1458684802055359,-0.44669800996780396,0,1,0.5784757733345032,0.11190131306648254,-0.4321375787258148,0,2,0.5836483240127563,0.11121095716953278,-0.43235012888908386,0,3,0.5885102152824402,0.11045258492231369,-0.4326118230819702,0,4,0.5587571263313293,0.1025485247373581,-0.46541163325309753,0,5,0.549386739730835,0.09357575327157974,-0.4655729830265045,0,6,0.5394028425216675,0.08323893696069717,-0.4657069146633148,0,7,0.5831654071807861,0.0942215546965599,-0.25550010800361633,0,8,0.5052591562271118,0.027995798736810684,-0.41537144780158997,0,9,0.5527868270874023,0.16997767984867096,-0.37193500995635986,0,10,0.529208779335022,0.1605333387851715,-0.41461312770843506,0,11,0.5941004157066345,0.20494425296783447,-0.13605166971683502,0,12,0.37763500213623047,0.16031360626220703,-0.3825148940086365,0,13,0.6523630619049072,0.510435163974762,-0.21507833898067474,0,14,0.3722243309020996,0.5218725204467773,-0.4439173936843872,0,15,0.7120035290718079,0.5264362096786499,-0.49224627017974854,0,16,0.5961493849754333,0.5831812620162964,-0.4607509672641754,0,17,0.7283236384391785,0.5367850661277771,-0.5306060910224915,0,18,0.6502902507781982,0.6313130259513855,-0.49526628851890564,0,19,0.7333486676216125,0.49714037775993347,-0.5366660356521606,0,20,0.6556776165962219,0.5425007939338684,-0.47620803117752075,0,21,0.7154292464256287,0.4972633719444275,-0.5002167224884033,0,22,0.630569577217102,0.5249797701835632,-0.447688490152359,0,23,0.5173372626304626,0.6063396334648132,0.060437582433223724,0,24,0.38413676619529724,0.6304639577865601,-0.05978858470916748,0,25,0.7276926636695862,0.4998433291912079,-0.1393899768590927,0,26,0.36277008056640625,0.610747754573822,-0.4873145520687103,0,27,0.5040393471717834,0.7231035828590393,-0.17957065999507904,0,28,0.6298350095748901,0.7710174322128296,-0.26819267868995667,0,29,0.47060611844062805,0.7294008731842041,-0.16806548833847046,0,30,0.6402281522750854,0.7259466052055359,-0.22795754671096802,0,31,0.44953709840774536,0.7963569760322571,-0.2390006184577942,0,32,0.7543681859970093,0.7652009129524231,-0.27199703454971313,0
0,0.5618581175804138,0.14548341929912567,-0.4385952353477478,0,1,0.5798363089561462,0.11219784617424011,-0.42294007539749146,0,2,0.5848699808120728,0.11175462603569031,-0.4231151044368744,0,3,0.5896193385124207,0.11125338822603226,-0.42331662774086,0,4,0.560488760471344,0.10224511474370956,-0.4563088119029999,0,5,0.5512068271636963,0.09304874390363693,-0.4564746916294098,0,6,0.5412309169769287,0.0826730951666832,-0.45659127831459045,0,7,0.5837957262992859,0.09513325989246368,-0.24396885931491852,0,8,0.5078132152557373,0.026339728385210037,-0.40016594529151917,0,9,0.5534186959266663,0.16966082155704498,-0.36147016286849976,0,10,0.5301350951194763,0.16043128073215485,-0.40473660826683044,0,11,0.5939892530441284,0.20482124388217926,-0.12830182909965515,0,12,0.3789040148258209,0.16015732288360596,-0.3692760467529297,0,13,0.6512508988380432,0.5084928274154663,-0.20487622916698456,0,14,0.3722618818283081,0.5215699672698975,-0.4239703416824341,0,15,0.6947652101516724,0.5241361856460571,-0.4823944866657257,0,16,0.594843864440918,0.5831072926521301,-0.44378983974456787,0,17,0.7073308825492859,0.5371679067611694,-0.5219873189926147,0,18,0.6497677564620972,0.6296253800392151,-0.4797835648059845,0,19,0.7087785601615906,0.49670329689979553,-0.5300792455673218,0,20,0.648168683052063,0.5387998223304749,-0.46330586075782776,0,21,0.6839399933815002,0.49273377656936646,-0.4911935031414032,0,22,0.6291437745094299,0.5230862498283386,-0.43182018399238586,0,23,0.5162547826766968,0.6058450937271118,0.0626308023929596,0,24,0.3838547468185425,0.6301251649856567,-0.06202276423573494,0,25,0.7320365905761719,0.5228198170661926,-0.12537731230258942,0,26,0.364906370639801,0.6103053689002991,-0.47490185499191284,0,27,0.5043717622756958,0.7231188416481018,-0.1806524097919464,0,28,0.6300486922264099,0.7513834834098816,-0.25490450859069824,0,29,0.47055110335350037,0.7294946312904358,-0.171818345785141,0,30,0.6403002142906189,0.7252249121665955,-0.21415108442306519,0,31,0.4522230923175812,0.7976512312889099,-0.23806525766849518,0,32,0.7548612356185913,0.7652064561843872,-0.2459736317396164,0
0,0.563090443611145,0.14696776866912842,-0.432651549577713,0,1,0.5807364583015442,0.11486569792032242,-0.41847312450408936,0,2,0.5856064558029175,0.11450507491827011,-0.41863617300987244,0,3,0.5902069211006165,0.11404567956924438,-0.41881614923477173,0,4,0.5620351433753967,0.10455401241779327,-0.4525270462036133,0,5,0.5530223250389099,0.0950455293059349,-0.45269569754600525,0,6,0.543273389339447,0.08382739126682281,-0.45280852913856506,0,7,0.5838953256607056,0.09654727578163147,-0.24250759184360504,0,8,0.510435938835144,0.026969388127326965,-0.39925962686538696,0,9,0.554087221622467,0.17112992703914642,-0.3554627001285553,0,10,0.5312092900276184,0.16067004203796387,-0.3997611105442047,0,11,0.5938748121261597,0.2046717256307602,-0.1288854479789734,0,12,0.37968143820762634,0.16008274257183075,-0.3662090301513672,0,13,0.6494957208633423,0.5053197741508484,-0.20114193856716156,0,14,0.37224340438842773,0.5213762521743774,-0.4171101450920105,0,15,0.6890682578086853,0.5235298275947571,-0.47735750675201416,0,16,0.5940503478050232,0.5832485556602478,-0.4414476454257965,0,17,0.7018367052078247,0.5372906923294067,-0.5169579386711121,0,18,0.6492796540260315,0.6292020082473755,-0.47838112711906433,0,19,0.7029877305030823,0.4971597194671631,-0.5263842344284058,0,20,0.644676923751831,0.5363749861717224,-0.46285825967788696,0,21,0.6780989766120911,0.4903976321220398,-0.4865868389606476,0,22,0.6279903650283813,0.521675705909729,-0.4301023483276367,0,23,0.5160072445869446,0.6056024432182312,0.06259223073720932,0,24,0.3837316334247589,0.629775881767273,-0.06198429688811302,0,25,0.732516884803772,0.5131994485855103,-0.1203366219997406,0,26,0.3659428656101227,0.6097620725631714,-0.4725257158279419,0,27,0.505492627620697,0.7231394648551941,-0.17936497926712036,0,28,0.6305471658706665,0.7430559992790222,-0.2547956705093384,0,29,0.47103163599967957,0.7295946478843689,-0.170650452375412,0,30,0.6406252384185791,0.7240222692489624,-0.21414412558078766,0,31,0.4542842507362366,0.798241376876831,-0.2326611578464508,0,32,0.7544196844100952,0.7625882029533386,-0.2439330518245697,0
0,0.5666937232017517,0.14715930819511414,-0.42828506231307983,0,1,0.5833445191383362,0.11515569686889648,-0.41300302743911743,0,2,0.5879245400428772,0.11475798487663269,-0.41316187381744385,0,3,0.5921193361282349,0.11429012566804886,-0.4133394956588745,0,4,0.5653461217880249,0.1052796021103859,-0.4493817985057831,0,5,0.5563586950302124,0.09595268219709396,-0.4495571255683899,0,6,0.5465932488441467,0.08460251986980438,-0.44967004656791687,0,7,0.5842631459236145,0.09673522412776947,-0.2373407632112503,0,8,0.5133960247039795,0.02867518551647663,-0.39817890524864197,0,9,0.5573076605796814,0.17109769582748413,-0.35078251361846924,0,10,0.5346759557723999,0.16056808829307556,-0.39792853593826294,0,11,0.5938272476196289,0.20463886857032776,-0.12868349254131317,0,12,0.38009560108184814,0.16002033650875092,-0.3661636412143707,0,13,0.6493417024612427,0.5044034123420715,-0.19753572344779968,0,14,0.3713964521884918,0.5212189555168152,-0.41722556948661804,0,15,0.691233217716217,0.523567795753479,-0.47492772340774536,0,16,0.5938697457313538,0.5848263502120972,-0.4419727325439453,0,17,0.7049638032913208,0.5378655791282654,-0.5151045322418213,0,18,0.6480205655097961,0.6296537518501282,-0.47905319929122925,0,19,0.706781268119812,0.49747607111930847,-0.5251355767250061,0,20,0.6460549235343933,0.5396921038627625,-0.46300527453422546,0,21,0.6849889755249023,0.4906628727912903,-0.48440811038017273,0,22,0.6291499733924866,0.5255728363990784,-0.43075209856033325,0,23,0.515900731086731,0.6053322553634644,0.06293090432882309,0,24,0.38374826312065125,0.629330575466156,-0.062313832342624664,0,25,0.7322120666503906,0.505700945854187,-0.12274553626775742,0,26,0.3659651577472687,0.609048068523407,-0.47413119673728943,0,27,0.5054985880851746,0.7231554388999939,-0.17875425517559052,0,28,0.6318374872207642,0.7390978932380676,-0.2576449513435364,0,29,0.47100546956062317,0.7296721935272217,-0.17018868029117584,0,30,0.6416028141975403,0.723747193813324,-0.2166743129491806,0,31,0.4532972276210785,0.7984398007392883,-0.2324688583612442,0,32,0.7553345561027527,0.7626628875732422,-0.25333037972450256,0
0,0.5675727725028992,0.14889530837535858,-0.43035486340522766,0,1,0.584084153175354,0.11684416979551315,-0.41518500447273254,0,2,0.5886519551277161,0.1165347695350647,-0.4153505563735962,0,3,0.592739462852478,0.11620043963193893,-0.4155326783657074,0,4,0.5659760236740112,0.10684297233819962,-0.45234888792037964,0,5,0.5569744110107422,0.09748424589633942,-0.4525175094604492,0,6,0.5471540689468384,0.08597669005393982,-0.45262911915779114,0,7,0.5844331979751587,0.0994013100862503,-0.24013341963291168,0,8,0.5144659280776978,0.03419099003076553,-0.40672653913497925,0,9,0.5581356883049011,0.17322938144207,-0.35252645611763,0,10,0.5356595516204834,0.16111822426319122,-0.4007202386856079,0,11,0.5928098559379578,0.20584701001644135,-0.1289796680212021,0,12,0.3804759979248047,0.1625911295413971,-0.37431296706199646,0,13,0.6383717060089111,0.5046707987785339,-0.19667766988277435,0,14,0.3719499409198761,0.5211448073387146,-0.4243450462818146,0,15,0.6924015283584595,0.523642897605896,-0.4797048270702362,0,16,0.5964043736457825,0.589188277721405,-0.4424590766429901,0,17,0.7069413661956787,0.5381091237068176,-0.5207456350326538,0,18,0.650520384311676,0.6318306922912598,-0.4804207980632782,0,19,0.707301139831543,0.49765923619270325,-0.532597005367279,0,20,0.6429046988487244,0.5403671264648438,-0.46438851952552795,0,21,0.685652494430542,0.4910029172897339,-0.49078378081321716,0,22,0.6269928216934204,0.5278945565223694,-0.43151384592056274,0,23,0.5147624611854553,0.6039062142372131,0.06361439824104309,0,24,0.3833753764629364,0.6266098022460938,-0.06298080086708069,0,25,0.7334060072898865,0.5221871137619019,-0.12418527901172638,0,26,0.36631011962890625,0.6089006662368774,-0.46191081404685974,0,27,0.5078069567680359,0.7260612845420837,-0.17710712552070618,0,28,0.636515200138092,0.7341650724411011,-0.25427481532096863,0,29,0.4727649688720703,0.7336682081222534,-0.16929082572460175,0,30,0.6421029567718506,0.7224506139755249,-0.21562819182872772,0,31,0.457693874835968,0.8016666769981384,-0.23123294115066528,0,32,0.7559217214584351,0.7621781229972839,-0.2571510672569275,0
0,0.5675314664840698,0.1527482271194458,-0.43033573031425476,0,1,0.584435224533081,0.12012039124965668,-0.4161856770515442,0,2,0.5892103314399719,0.11950778216123581,-0.4163620173931122,0,3,0.5934403538703918,0.11894284188747406,-0.41655319929122925,0,4,0.5658395886421204,0.11077124625444412,-0.45353826880455017,0,5,0.5567464828491211,0.10155649483203888,-0.45369765162467957,0,6,0.5468531250953674,0.08994961529970169,-0.453800767660141,0,7,0.5853656530380249,0.1014394611120224,-0.2460588812828064,0,8,0.5140722393989563,0.03770633786916733,-0.41310709714889526,0,9,0.5582281351089478,0.17605780065059662,-0.35263922810554504,0,10,0.535582959651947,0.16372254490852356,-0.4007675051689148,0,11,0.5927193760871887,0.2049209475517273,-0.12964048981666565,0,12,0.38058948516845703,0.164676234126091,-0.380661278963089,0,13,0.6396912336349487,0.5043744444847107,-0.19621233642101288,0,14,0.37575042247772217,0.5251646637916565,-0.4276416599750519,0,15,0.6969717741012573,0.5231956839561462,-0.47785040736198425,0,16,0.5957685708999634,0.5731993317604065,-0.4433310925960541,0,17,0.7148227691650391,0.5374767780303955,-0.5186218023300171,0,18,0.6629853844642639,0.6320368051528931,-0.4810718894004822,0,19,0.7171127796173096,0.49742183089256287,-0.5300976634025574,0,20,0.666134774684906,0.542990505695343,-0.4655410647392273,0,21,0.6970308423042297,0.49156472086906433,-0.488554447889328,0,22,0.6322925686836243,0.5266671180725098,-0.4324933886528015,0,23,0.5139762759208679,0.5978222489356995,0.06353512406349182,0,24,0.38294363021850586,0.6233554482460022,-0.0628933310508728,0,25,0.7335216999053955,0.5282043218612671,-0.13325759768486023,0,26,0.3666076064109802,0.6100155711174011,-0.4561546742916107,0,27,0.5086250901222229,0.727902889251709,-0.17696493864059448,0,28,0.6419878602027893,0.7312487363815308,-0.2552695572376251,0,29,0.473773330450058,0.7357471585273743,-0.1690821796655655,0,30,0.6479546427726746,0.7223243713378906,-0.22048775851726532,0,31,0.45883291959762573,0.8039348721504211,-0.23223279416561127,0,32,0.757208526134491,0.7623075246810913,-0.27880245447158813,0
0,0.567785918712616,0.15320374071598053,-0.44257745146751404,0,1,0.5855761170387268,0.12046230584383011,-0.4290980100631714,0,2,0.590715765953064,0.119947150349617,-0.4292886555194855,0,3,0.5952552556991577,0.11954118311405182,-0.4295044243335724,0,4,0.5658621191978455,0.110856793820858,-0.46585729718208313,0,5,0.5565302968025208,0.10148752480745316,-0.4660049378871918,0,6,0.5465995073318481,0.08960853517055511,-0.46610310673713684,0,7,0.587195634841919,0.10294270515441895,-0.25790584087371826,0,8,0.513896644115448,0.03750035539269447,-0.4218382239341736,0,9,0.5587707757949829,0.17659270763397217,-0.3643018901348114,0,10,0.5355207920074463,0.16382727026939392,-0.41177043318748474,0,11,0.5927399396896362,0.20649957656860352,-0.13411563634872437,0,12,0.38066673278808594,0.1659417748451233,-0.3863660991191864,0,13,0.6436823010444641,0.5104560256004333,-0.20194202661514282,0,14,0.3753107190132141,0.5296459794044495,-0.43244609236717224,0,15,0.7089957594871521,0.5234389901161194,-0.48133447766304016,0,16,0.5955193042755127,0.5726346969604492,-0.44650766253471375,0,17,0.7288200259208679,0.536953866481781,-0.5208345055580139,0,18,0.6671926975250244,0.6390842795372009,-0.48402124643325806,0,19,0.7212838530540466,0.49582406878471375,-0.5309992432594299,0,20,0.6748656630516052,0.5545317530632019,-0.4660147428512573,0,21,0.7142393589019775,0.49198585748672485,-0.4914073050022125,0,22,0.6504947543144226,0.5383515357971191,-0.43389320373535156,0,23,0.5132465958595276,0.597800076007843,0.06347544491291046,0,24,0.38258326053619385,0.6232344508171082,-0.06283431500196457,0,25,0.7333406209945679,0.533877968788147,-0.1388072371482849,0,26,0.3665556013584137,0.6100860834121704,-0.4540162980556488,0,27,0.5096777081489563,0.7340012192726135,-0.17983457446098328,0,28,0.6432375311851501,0.729193389415741,-0.2586911618709564,0,29,0.4749191999435425,0.742123544216156,-0.17206130921840668,0,30,0.6497660279273987,0.7219624519348145,-0.22238340973854065,0,31,0.4592592120170593,0.804846465587616,-0.24469301104545593,0,32,0.7572514414787292,0.7625391483306885,-0.28434789180755615,0
0,0.5677202343940735,0.15369631350040436,-0.4504069983959198,0,1,0.5855942368507385,0.12018006294965744,-0.4369204342365265,0,2,0.5908359885215759,0.11967433243989944,-0.43710997700691223,0,3,0.5954838395118713,0.11929735541343689,-0.4373345971107483,0,4,0.5657034516334534,0.11052604764699936,-0.4725070595741272,0,5,0.5564508438110352,0.10114776343107224,-0.4726526439189911,0,6,0.5464441776275635,0.08925759047269821,-0.47274503111839294,0,7,0.5878398418426514,0.10307307541370392,-0.2672966718673706,0,8,0.5123316049575806,0.037490129470825195,-0.4261032044887543,0,9,0.5591566562652588,0.1769201010465622,-0.3731001019477844,0,10,0.5354694724082947,0.1641184687614441,-0.4190555214881897,0,11,0.5937360525131226,0.20987845957279205,-0.14208237826824188,0,12,0.3806990683078766,0.16639113426208496,-0.39073923230171204,0,13,0.6515753269195557,0.513672947883606,-0.20723749697208405,0,14,0.3723090589046478,0.5329121351242065,-0.4374874234199524,0,15,0.7112037539482117,0.5242018699645996,-0.4810541868209839,0,16,0.5951215028762817,0.5733241438865662,-0.45690175890922546,0,17,0.7281242609024048,0.538586437702179,-0.5212785005569458,0,18,0.6675360202789307,0.645835280418396,-0.497450053691864,0,19,0.7226765155792236,0.49813488125801086,-0.5305917859077454,0,20,0.6773583292961121,0.5633975267410278,-0.4764081835746765,0,21,0.7142186760902405,0.4924217462539673,-0.4907051920890808,0,22,0.6554595828056335,0.5468641519546509,-0.44348379969596863,0,23,0.5131545662879944,0.5978710651397705,0.06344885379076004,0,24,0.38281622529029846,0.6225367784500122,-0.06281229853630066,0,25,0.7332484126091003,0.5366921424865723,-0.12931853532791138,0,26,0.36497190594673157,0.6097287535667419,-0.4578060805797577,0,27,0.5101405382156372,0.7339892983436584,-0.1599719524383545,0,28,0.645086407661438,0.7303023934364319,-0.2785414457321167,0,29,0.475454717874527,0.7430585622787476,-0.15216509997844696,0,30,0.6525079011917114,0.7222958207130432,-0.24600954353809357,0,31,0.45926424860954285,0.8048102855682373,-0.23032119870185852,0,32,0.7575998902320862,0.7632045149803162,-0.3161744475364685,0
0,0.5674833655357361,0.16049127280712128,-0.4579527676105499,0,1,0.5855211019515991,0.12497640401124954,-0.4460228979587555,0,2,0.5908092856407166,0.1244073212146759,-0.4462084174156189,0,3,0.5955117344856262,0.12393619120121002,-0.4464224874973297,0,4,0.5655720829963684,0.113959401845932,-0.4810401201248169,0,5,0.5563024282455444,0.10363071411848068,-0.48118719458580017,0,6,0.5463920831680298,0.09097465872764587,-0.48128020763397217,0,7,0.5884716510772705,0.10774949193000793,-0.27729588747024536,0,8,0.510806679725647,0.037918660789728165,-0.4337071478366852,0,9,0.559036374092102,0.18450810015201569,-0.3802550137042999,0,10,0.5349408388137817,0.16811734437942505,-0.42551013827323914,0,11,0.5944729447364807,0.2147616446018219,-0.1488763839006424,0,12,0.3807292580604553,0.16713738441467285,-0.39327436685562134,0,13,0.6516077518463135,0.5174762010574341,-0.2126099169254303,0,14,0.3703780174255371,0.5375387072563171,-0.4392015039920807,0,15,0.7106746435165405,0.5268281698226929,-0.491939902305603,0,16,0.5949232578277588,0.5709818601608276,-0.46209222078323364,0,17,0.7276071310043335,0.5401893854141235,-0.5339545607566833,0,18,0.653761088848114,0.6034541130065918,-0.5025476813316345,0,19,0.7249307632446289,0.4985729157924652,-0.5407999753952026,0,20,0.677594006061554,0.5635079145431519,-0.48002442717552185,0,21,0.7134959101676941,0.49345266819000244,-0.5007103681564331,0,22,0.6542705297470093,0.5432251691818237,-0.44791901111602783,0,23,0.5131672024726868,0.5982193350791931,0.062477413564920425,0,24,0.38310506939888,0.6235761046409607,-0.06182091310620308,0,25,0.7331454753875732,0.5368903279304504,-0.10211300849914551,0,26,0.3614845275878906,0.6059299111366272,-0.46408405900001526,0,27,0.5110836625099182,0.7349036335945129,-0.11828944087028503,0,28,0.6455086469650269,0.7308987975120544,-0.3195978105068207,0,29,0.4765482246875763,0.7457091212272644,-0.10985682904720306,0,30,0.6534468531608582,0.7239601016044617,-0.2900041937828064,0,31,0.4592178761959076,0.8045452237129211,-0.18927472829818726,0,32,0.7582420110702515,0.7635295987129211,-0.36552801728248596,0
0,0.5654351115226746,0.16469791531562805,-0.45823612809181213,0,1,0.5847427248954773,0.1286233514547348,-0.4461781084537506,0,2,0.5903778076171875,0.127919539809227,-0.4463697075843811,0,3,0.5953586101531982,0.1271854192018509,-0.44658464193344116,0,4,0.5640995502471924,0.1164964810013771,-0.47970327734947205,0,5,0.5545255541801453,0.10555069148540497,-0.4798431694507599,0,6,0.5442078113555908,0.09245474636554718,-0.47993552684783936,0,7,0.588938295841217,0.10973381251096725,-0.2769259512424469,0,8,0.5079229474067688,0.03917492553591728,-0.42836079001426697,0,9,0.5582178235054016,0.18814173340797424,-0.380648136138916,0,10,0.5330939888954163,0.17040027678012848,-0.4240490794181824,0,11,0.5948794484138489,0.21740473806858063,-0.1491868495941162,0,12,0.38075724244117737,0.16737262904644012,-0.390567809343338,0,13,0.653540849685669,0.5163243412971497,-0.21408464014530182,0,14,0.3695516884326935,0.5395811796188354,-0.4379333555698395,0,15,0.7118086218833923,0.5269904136657715,-0.4933580458164215,0,16,0.5941047668457031,0.5715132355690002,-0.4622398018836975,0,17,0.7294121980667114,0.5405725836753845,-0.5370189547538757,0,18,0.6579826474189758,0.6321134567260742,-0.5029371976852417,0,19,0.7248527407646179,0.499973326921463,-0.5446653962135315,0,20,0.676385223865509,0.5683079361915588,-0.4807690382003784,0,21,0.7143793702125549,0.4935872256755829,-0.5025390982627869,0,22,0.6542361378669739,0.5499572157859802,-0.44826337695121765,0,23,0.5130047798156738,0.6003159284591675,0.06230498477816582,0,24,0.38313761353492737,0.6259902119636536,-0.06164809688925743,0,25,0.7330638766288757,0.5377346277236938,-0.06888530403375626,0,26,0.36155036091804504,0.6042540669441223,-0.4645994305610657,0,27,0.5126969218254089,0.7367255687713623,-0.09395594894886017,0,28,0.6468536257743835,0.7311525344848633,-0.32152172923088074,0,29,0.4780583679676056,0.7494639754295349,-0.08673775941133499,0,30,0.6542812585830688,0.7274167537689209,-0.2918316423892975,0,31,0.4653322398662567,0.8044769167900085,-0.1638386845588684,0,32,0.7590896487236023,0.7639261484146118,-0.3632658123970032,0
0,0.5653456449508667,0.1691230684518814,-0.47715404629707336,0,1,0.5846692323684692,0.13228721916675568,-0.46711722016334534,0,2,0.5902795195579529,0.13131782412528992,-0.4672972857952118,0,3,0.5952460765838623,0.13028229773044586,-0.46749821305274963,0,4,0.5640847682952881,0.12029791623353958,-0.5014975070953369,0,5,0.5545383095741272,0.10917098075151443,-0.5016485452651978,0,6,0.5441933870315552,0.09588711708784103,-0.5017416477203369,0,7,0.5890548229217529,0.11190464347600937,-0.29996076226234436,0,8,0.5079012513160706,0.04161466658115387,-0.4543101489543915,0,9,0.5581868886947632,0.19169987738132477,-0.3993626832962036,0,10,0.5330895781517029,0.17363689839839935,-0.4438410997390747,0,11,0.5950452089309692,0.2189970761537552,-0.16696907579898834,0,12,0.38076308369636536,0.16776219010353088,-0.40947726368904114,0,13,0.6536117792129517,0.5182371735572815,-0.22974032163619995,0,14,0.3687147796154022,0.5409255027770996,-0.4508574604988098,0,15,0.7121643424034119,0.5283957719802856,-0.5093303918838501,0,16,0.5939345955848694,0.571911096572876,-0.4725910723209381,0,17,0.7290133833885193,0.5422079563140869,-0.5526176691055298,0,18,0.664831817150116,0.6393045783042908,-0.5128417015075684,0,19,0.7248889207839966,0.5012115240097046,-0.5600681304931641,0,20,0.6789399981498718,0.567884087562561,-0.48978492617607117,0,21,0.7146987915039062,0.49371805787086487,-0.5181865096092224,0,22,0.6576382517814636,0.5501085519790649,-0.4580465853214264,0,23,0.5117979645729065,0.6015469431877136,0.06224864721298218,0,24,0.38263142108917236,0.6273965239524841,-0.061590779572725296,0,25,0.7313423156738281,0.5372746586799622,-0.04423944279551506,0,26,0.3614743947982788,0.6042260527610779,-0.46626535058021545,0,27,0.5134918689727783,0.736914873123169,-0.0583803690969944,0,28,0.6466482877731323,0.7316011190414429,-0.32655036449432373,0,29,0.4789368212223053,0.7501062750816345,-0.05014490708708763,0,30,0.6541000604629517,0.7294818162918091,-0.29710623621940613,0,31,0.4674791693687439,0.8044058680534363,-0.12362975627183914,0,32,0.759538471698761,0.7645497918128967,-0.36871111392974854,0
0,0.56521075963974,0.17232461273670197,-0.48406654596328735,0,1,0.5846038460731506,0.13454867899417877,-0.4735305905342102,0,2,0.5902122855186462,0.13345292210578918,-0.47371017932891846,0,3,0.5951711535453796,0.13230061531066895,-0.47391653060913086,0,4,0.5640543103218079,0.12326022982597351,-0.5091052651405334,0,5,0.5545068383216858,0.11253106594085693,-0.5092579126358032,0,6,0.5441493391990662,0.09955177456140518,-0.5093523263931274,0,7,0.5889720916748047,0.11399658024311066,-0.30501750111579895,0,8,0.5073912739753723,0.044945504516363144,-0.464393675327301,0,9,0.5581628680229187,0.19560082256793976,-0.4057459533214569,0,10,0.5330569744110107,0.17793050408363342,-0.45174291729927063,0,11,0.5944310426712036,0.22030645608901978,-0.1712346076965332,0,12,0.3807324469089508,0.16824957728385925,-0.42055827379226685,0,13,0.6534842252731323,0.5184192061424255,-0.23785358667373657,0,14,0.3687429428100586,0.5424206256866455,-0.4633551239967346,0,15,0.7127667665481567,0.5266693234443665,-0.5203126668930054,0,16,0.5938845276832581,0.5714247226715088,-0.48131847381591797,0,17,0.7287295460700989,0.5422598123550415,-0.5621457695960999,0,18,0.668630838394165,0.6403608918190002,-0.5212060213088989,0,19,0.7254209518432617,0.4998306930065155,-0.5696658492088318,0,20,0.6801148653030396,0.5674998760223389,-0.4974822998046875,0,21,0.7171247005462646,0.4927457571029663,-0.5293828248977661,0,22,0.6589255928993225,0.5494333505630493,-0.46648186445236206,0,23,0.5101967453956604,0.6016186475753784,0.0622490718960762,0,24,0.3808673620223999,0.6278656125068665,-0.06158781424164772,0,25,0.7314258217811584,0.5380885004997253,-0.05277439206838608,0,26,0.3617754578590393,0.6046386957168579,-0.4703198969364166,0,27,0.5138885378837585,0.7369748950004578,-0.06467173248529434,0,28,0.6465507745742798,0.732055127620697,-0.31718313694000244,0,29,0.47928497195243835,0.7501015067100525,-0.05590735375881195,0,30,0.6540170311927795,0.7295281291007996,-0.285674512386322,0,31,0.46837136149406433,0.804499089717865,-0.1259772777557373,0,32,0.7595085501670837,0.7629368305206299,-0.35144585371017456,0
0,0.5654221177101135,0.17259852588176727,-0.4944627583026886,0,1,0.5848065614700317,0.134611114859581,-0.4823717474937439,0,2,0.590420126914978,0.13349518179893494,-0.4825447201728821,0,3,0.5953617691993713,0.13233421742916107,-0.4827446937561035,0,4,0.5642818808555603,0.1235542744398117,-0.518997848033905,0,5,0.5547033548355103,0.11288118362426758,-0.5191532969474792,0,6,0.5441957116127014,0.09990711510181427,-0.5192490220069885,0,7,0.5891911387443542,0.11412858217954636,-0.3080873489379883,0,8,0.5069491267204285,0.04534449055790901,-0.4720953106880188,0,9,0.5586790442466736,0.196420356631279,-0.414203941822052,0,10,0.5334042310714722,0.17927582561969757,-0.4615907073020935,0,11,0.5939800143241882,0.22128725051879883,-0.17376145720481873,0,12,0.3806763291358948,0.1686195582151413,-0.42811670899391174,0,13,0.6523051857948303,0.5194797515869141,-0.24427758157253265,0,14,0.3692213296890259,0.5432705283164978,-0.47268134355545044,0,15,0.7125779390335083,0.5266744494438171,-0.5329211950302124,0,16,0.59378582239151,0.5700711607933044,-0.48408621549606323,0,17,0.7285546660423279,0.5422858595848083,-0.5744290947914124,0,18,0.6715707778930664,0.6403311491012573,-0.5225925445556641,0,19,0.7256080508232117,0.4994482398033142,-0.5818151831626892,0,20,0.681471586227417,0.5650551915168762,-0.49811726808547974,0,21,0.717215895652771,0.49227097630500793,-0.5420945882797241,0,22,0.6599817276000977,0.5487972497940063,-0.46868935227394104,0,23,0.5092917084693909,0.6021080613136292,0.06249960511922836,0,24,0.3793560862541199,0.6282902359962463,-0.06184130907058716,0,25,0.7314513921737671,0.5378891825675964,-0.04118094965815544,0,26,0.3617962598800659,0.6044829487800598,-0.46985653042793274,0,27,0.5147444605827332,0.7363524436950684,-0.061354998499155045,0,28,0.6463450789451599,0.7314320802688599,-0.3021252453327179,0,29,0.4799990952014923,0.7498907446861267,-0.05325979366898537,0,30,0.6538086533546448,0.7295110821723938,-0.2694535553455353,0,31,0.46869373321533203,0.8044406175613403,-0.12068319320678711,0,32,0.7595025300979614,0.7612996101379395,-0.3310301601886749,0
0,0.5653731822967529,0.17259198427200317,-0.4847397208213806,0,1,0.5847830176353455,0.13479726016521454,-0.4724310040473938,0,2,0.590423583984375,0.13371184468269348,-0.47260913252830505,0,3,0.5953900814056396,0.13257212936878204,-0.4728149473667145,0,4,0.5642178654670715,0.12377271056175232,-0.5084683299064636,0,5,0.5545346140861511,0.11309497803449631,-0.5086222290992737,0,6,0.5438488125801086,0.10011052340269089,-0.508720338344574,0,7,0.5893657803535461,0.11505673825740814,-0.30036309361457825,0,8,0.5059560537338257,0.04608374834060669,-0.4645419418811798,0,9,0.5586735606193542,0.1969648152589798,-0.40551653504371643,0,10,0.533363938331604,0.17985020577907562,-0.4521636962890625,0,11,0.5938692688941956,0.2230813056230545,-0.172458216547966,0,12,0.38068339228630066,0.16881641745567322,-0.4222589433193207,0,13,0.6526678800582886,0.520481526851654,-0.23927703499794006,0,14,0.3681265413761139,0.5434995293617249,-0.4676528871059418,0,15,0.7124189734458923,0.5266949534416199,-0.5221866965293884,0,16,0.5929251909255981,0.570138156414032,-0.4819117784500122,0,17,0.7289944291114807,0.5422958135604858,-0.5635908246040344,0,18,0.6704587340354919,0.6448779106140137,-0.520632803440094,0,19,0.725464940071106,0.5032011270523071,-0.5716346502304077,0,20,0.6807883381843567,0.5664623379707336,-0.4975803792476654,0,21,0.7168942093849182,0.49301284551620483,-0.5315001606941223,0,22,0.659001350402832,0.5504518151283264,-0.4674672782421112,0,23,0.5086052417755127,0.6043996810913086,0.06248011440038681,0,24,0.37905851006507874,0.6300567388534546,-0.061821188777685165,0,25,0.731670618057251,0.5384532809257507,-0.05719028413295746,0,26,0.3612665832042694,0.6032636165618896,-0.46453478932380676,0,27,0.5145222544670105,0.7357478141784668,-0.07205913960933685,0,28,0.6460947394371033,0.7315036058425903,-0.2860132157802582,0,29,0.4796583354473114,0.7490542531013489,-0.06159382313489914,0,30,0.6535874605178833,0.7296795845031738,-0.2515702545642853,0,31,0.46579959988594055,0.8039194941520691,-0.1323397010564804,0,32,0.7594927549362183,0.7610435485839844,-0.3079058527946472,0
0,0.56537926197052,0.1721424013376236,-0.488192617893219,0,1,0.5850770473480225,0.1345299780368805,-0.47470924258232117,0,2,0.5909210443496704,0.1335000991821289,-0.4748840034008026,0,3,0.5960738658905029,0.13241572678089142,-0.4750824272632599,0,4,0.5642010569572449,0.12345966696739197,-0.5105205178260803,0,5,0.5544445514678955,0.11279400438070297,-0.5106775164604187,0,6,0.5436334609985352,0.09982802718877792,-0.5107819437980652,0,7,0.5902194976806641,0.11514939367771149,-0.2983929514884949,0,8,0.5053012371063232,0.04591896012425423,-0.45975127816200256,0,9,0.5587799549102783,0.19681717455387115,-0.4075961709022522,0,10,0.5333909392356873,0.17971310019493103,-0.453896701335907,0,11,0.5938252806663513,0.22370441257953644,-0.1687309741973877,0,12,0.38067570328712463,0.16927668452262878,-0.41914817690849304,0,13,0.6511452198028564,0.5241695642471313,-0.23726925253868103,0,14,0.3682403266429901,0.5433543920516968,-0.4651777148246765,0,15,0.7112998366355896,0.5303526520729065,-0.5281240940093994,0,16,0.591768205165863,0.5691859722137451,-0.47977951169013977,0,17,0.7289556860923767,0.5438226461410522,-0.5695285797119141,0,18,0.6511021256446838,0.6029197573661804,-0.5183004140853882,0,19,0.7272449135780334,0.5034847855567932,-0.5769174695014954,0,20,0.6623736619949341,0.5489354729652405,-0.4958307147026062,0,21,0.7163240909576416,0.49581462144851685,-0.5374413132667542,0,22,0.645550549030304,0.5403549671173096,-0.4652770161628723,0,23,0.5076795220375061,0.6096898317337036,0.06282829493284225,0,24,0.3782787621021271,0.6317477226257324,-0.062180113047361374,0,25,0.7316440343856812,0.5383784174919128,-0.04906569421291351,0,26,0.3625694513320923,0.6049977540969849,-0.464667409658432,0,27,0.515292763710022,0.735776960849762,-0.07740820944309235,0,28,0.6459696292877197,0.7316291928291321,-0.2829191982746124,0,29,0.4805580973625183,0.7490424513816833,-0.06929869949817657,0,30,0.6533202528953552,0.7310413122177124,-0.2484317421913147,0,31,0.4673123359680176,0.8038835525512695,-0.13815349340438843,0,32,0.7594269514083862,0.7622381448745728,-0.30560505390167236,0
0,0.56453537940979,0.17235276103019714,-0.4901892840862274,0,1,0.5846322774887085,0.13496190309524536,-0.47794029116630554,0,2,0.5906946063041687,0.13388974964618683,-0.47810813784599304,0,3,0.596001386642456,0.13272503018379211,-0.478307843208313,0,4,0.5625059008598328,0.12380823493003845,-0.512535035610199,0,5,0.5520273447036743,0.11305396258831024,-0.5126869082450867,0,6,0.5407980680465698,0.09999988973140717,-0.512788712978363,0,7,0.5903558135032654,0.115388885140419,-0.3026026785373688,0,8,0.502810001373291,0.045944694429636,-0.4583134651184082,0,9,0.5583403706550598,0.19800342619419098,-0.4096834361553192,0,10,0.532905638217926,0.18044130504131317,-0.45451876521110535,0,11,0.5938144326210022,0.22375768423080444,-0.1701412796974182,0,12,0.38064301013946533,0.1699058562517166,-0.4163122773170471,0,13,0.649066686630249,0.5246195793151855,-0.24075984954833984,0,14,0.3712436258792877,0.5432243347167969,-0.4625789523124695,0,15,0.7064392566680908,0.5315945744514465,-0.5324145555496216,0,16,0.5905457735061646,0.5624699592590332,-0.4782826602458954,0,17,0.7250600457191467,0.5442494750022888,-0.5737873911857605,0,18,0.6546531319618225,0.6068809032440186,-0.5172426104545593,0,19,0.7261852622032166,0.5035639405250549,-0.5794369578361511,0,20,0.6542263627052307,0.5299085974693298,-0.4956810176372528,0,21,0.7108047008514404,0.49717044830322266,-0.5408693552017212,0,22,0.6322057843208313,0.5249539613723755,-0.4639633893966675,0,23,0.5077487826347351,0.6097440123558044,0.06194533407688141,0,24,0.37829768657684326,0.6318634748458862,-0.06129489094018936,0,25,0.7314175963401794,0.5382824540138245,-0.0540650375187397,0,26,0.3620843291282654,0.6048638224601746,-0.472072958946228,0,27,0.5156719088554382,0.7322126626968384,-0.07181104272603989,0,28,0.6447299122810364,0.7317093014717102,-0.2974313795566559,0,29,0.48141223192214966,0.7456293106079102,-0.06308635324239731,0,30,0.6511526107788086,0.7312555909156799,-0.26454874873161316,0,31,0.4702722430229187,0.7916169762611389,-0.1338343471288681,0,32,0.7594079375267029,0.7634087800979614,-0.3312889337539673,0
0,0.5641624927520752,0.1722629964351654,-0.49219444394111633,0,1,0.5845301151275635,0.13505516946315765,-0.47976118326187134,0,2,0.590672492980957,0.1340307742357254,-0.4799254238605499,0,3,0.5959595441818237,0.13291147351264954,-0.48012351989746094,0,4,0.5619810819625854,0.12382160127162933,-0.5141210556030273,0,5,0.551252543926239,0.11303737759590149,-0.514273464679718,0,6,0.5398223400115967,0.09996048361063004,-0.5143789052963257,0,7,0.5904737710952759,0.11617835611104965,-0.3032535910606384,0,8,0.5015548467636108,0.045935239642858505,-0.4577477276325226,0,9,0.5581138134002686,0.1984586864709854,-0.41133612394332886,0,10,0.5326535701751709,0.18057335913181305,-0.45584526658058167,0,11,0.5938071608543396,0.22469653189182281,-0.17019352316856384,0,12,0.3806295692920685,0.17042119801044464,-0.4153271019458771,0,13,0.646946370601654,0.5266269445419312,-0.2435351014137268,0,14,0.37326881289482117,0.5431502461433411,-0.4621330201625824,0,15,0.7045698165893555,0.532195508480072,-0.5380367040634155,0,16,0.5894458889961243,0.5588871836662292,-0.47750964760780334,0,17,0.7239070534706116,0.5442597270011902,-0.57932049036026,0,18,0.6430309414863586,0.586080014705658,-0.5162233114242554,0,19,0.7261514067649841,0.5034738183021545,-0.5844029784202576,0,20,0.6504537463188171,0.5226754546165466,-0.49508580565452576,0,21,0.7092738747596741,0.4975466728210449,-0.5463393330574036,0,22,0.627451479434967,0.5179986357688904,-0.4630914032459259,0,23,0.5077670812606812,0.6105644106864929,0.061484526842832565,0,24,0.37830594182014465,0.6328536868095398,-0.06083565577864647,0,25,0.7278991341590881,0.5360367894172668,-0.05830853059887886,0,26,0.3618208169937134,0.6045402884483337,-0.479749470949173,0,27,0.5173815488815308,0.7308523654937744,-0.0751982033252716,0,28,0.6429010629653931,0.7318136096000671,-0.2986111044883728,0,29,0.4836186468601227,0.7450131773948669,-0.06651007384061813,0,30,0.6490901112556458,0.7317150831222534,-0.26528507471084595,0,31,0.47242167592048645,0.7868480086326599,-0.1382060945034027,0,32,0.759128212928772,0.7644826173782349,-0.3319739103317261,0
0,0.5639299154281616,0.1729477047920227,-0.48903709650039673,0,1,0.5844816565513611,0.13605405390262604,-0.47663846611976624,0,2,0.5906524658203125,0.1350720226764679,-0.4768066108226776,0,3,0.5959216952323914,0.1339735984802246,-0.47700732946395874,0,4,0.5618012547492981,0.12469939142465591,-0.5110060572624207,0,5,0.5510358214378357,0.11388006061315536,-0.5111578702926636,0,6,0.5395748019218445,0.1007700189948082,-0.5112624764442444,0,7,0.5906049013137817,0.11736894398927689,-0.3011433482170105,0,8,0.5012227296829224,0.04644886776804924,-0.45623651146888733,0,9,0.5579792857170105,0.19924037158489227,-0.40866926312446594,0,10,0.5325852036476135,0.1810857206583023,-0.4533010721206665,0,11,0.5938244462013245,0.22531703114509583,-0.17009249329566956,0,12,0.3806799352169037,0.17077656090259552,-0.4138554036617279,0,13,0.6440670490264893,0.527106761932373,-0.24130025506019592,0,14,0.37351176142692566,0.5422338843345642,-0.459433913230896,0,15,0.7014520168304443,0.5356917381286621,-0.5325464010238647,0,16,0.5889683365821838,0.5585461258888245,-0.4751417338848114,0,17,0.721244215965271,0.5485893487930298,-0.5738517642021179,0,18,0.6497965455055237,0.60573810338974,-0.5128384232521057,0,19,0.724761426448822,0.506441056728363,-0.5799244046211243,0,20,0.6487077474594116,0.5249866843223572,-0.49199381470680237,0,21,0.7063883543014526,0.5016826391220093,-0.5411222577095032,0,22,0.6254130005836487,0.5174154043197632,-0.46113330125808716,0,23,0.5078818798065186,0.6109386682510376,0.06081707775592804,0,24,0.37842971086502075,0.6333682537078857,-0.06016680970788002,0,25,0.7280717492103577,0.5359593033790588,-0.05859915167093277,0,26,0.3609633147716522,0.6039409637451172,-0.479093998670578,0,27,0.5195178985595703,0.7308445572853088,-0.07600125670433044,0,28,0.6412889957427979,0.732134222984314,-0.29837653040885925,0,29,0.4856906831264496,0.7451888918876648,-0.06770773977041245,0,30,0.6474416851997375,0.7323853969573975,-0.2649872601032257,0,31,0.4719915986061096,0.7899240255355835,-0.14020167291164398,0,32,0.7589543461799622,0.7655138373374939,-0.3306727707386017,0
0,0.562652587890625,0.17365914583206177,-0.4906383156776428,0,1,0.5840270519256592,0.1370605081319809,-0.47927752137184143,0,2,0.5902993679046631,0.13623705506324768,-0.47944673895835876,0,3,0.595671534538269,0.1352548450231552,-0.4796527624130249,0,4,0.5610793828964233,0.12503601610660553,-0.512275755405426,0,5,0.5502761602401733,0.11399078369140625,-0.5124221444129944,0,6,0.5388011336326599,0.10074444860219955,-0.5125226378440857,0,7,0.5906231999397278,0.11858361214399338,-0.3047538995742798,0,8,0.5008646845817566,0.046577319502830505,-0.4549300968647003,0,9,0.5565680861473083,0.20011520385742188,-0.4103337824344635,0,10,0.5311903357505798,0.18137016892433167,-0.45344698429107666,0,11,0.5938184857368469,0.2257375568151474,-0.17267465591430664,0,12,0.38068416714668274,0.17102089524269104,-0.4130425751209259,0,13,0.642043948173523,0.5278031229972839,-0.2421165257692337,0,14,0.3727979362010956,0.5416150689125061,-0.45745572447776794,0,15,0.700876772403717,0.5364784002304077,-0.5303485989570618,0,16,0.5849599838256836,0.5581686496734619,-0.47498995065689087,0,17,0.7210612893104553,0.549129068851471,-0.5721877813339233,0,18,0.6505497694015503,0.6164852380752563,-0.5124202370643616,0,19,0.7247629761695862,0.506748616695404,-0.5790908336639404,0,20,0.6417239904403687,0.5263401865959167,-0.4919300377368927,0,21,0.7061722278594971,0.5024909973144531,-0.5392245054244995,0,22,0.6240645051002502,0.5173367857933044,-0.46098223328590393,0,23,0.508143961429596,0.6108616590499878,0.06043628603219986,0,24,0.37862733006477356,0.6333272457122803,-0.05978349968791008,0,25,0.7282718420028687,0.5359585285186768,-0.05982377380132675,0,26,0.3598962724208832,0.6036859750747681,-0.4819207787513733,0,27,0.5197204947471619,0.7308299541473389,-0.07609303295612335,0,28,0.640719473361969,0.7322577238082886,-0.3019779324531555,0,29,0.4857363700866699,0.7452508807182312,-0.06738952547311783,0,30,0.6467225551605225,0.732377827167511,-0.2684575319290161,0,31,0.4716869294643402,0.7920730113983154,-0.14077210426330566,0,32,0.7587171196937561,0.7658422589302063,-0.3357418477535248,0
0,0.5623008012771606,0.17353594303131104,-0.47957053780555725,0,1,0.583736002445221,0.13695891201496124,-0.4690004587173462,0,2,0.5900036692619324,0.1361219882965088,-0.46916091442108154,0,3,0.5953851342201233,0.1351473033428192,-0.46935299038887024,0,4,0.5608046054840088,0.1249781996011734,-0.5014548897743225,0,5,0.5499963760375977,0.11393146961927414,-0.5016025304794312,0,6,0.5385129451751709,0.10071063041687012,-0.5017061829566956,0,7,0.5905483961105347,0.11847598850727081,-0.2987566292285919,0,8,0.5001834630966187,0.0466654971241951,-0.4459800720214844,0,9,0.5561655759811401,0.1999695748090744,-0.4010311961174011,0,10,0.5309690237045288,0.18127968907356262,-0.44343703985214233,0,11,0.5938193798065186,0.22567108273506165,-0.16957147419452667,0,12,0.3806900084018707,0.17104628682136536,-0.40319645404815674,0,13,0.6409480571746826,0.5264388918876648,-0.23052911460399628,0,14,0.37219294905662537,0.5392261743545532,-0.44735023379325867,0,15,0.700741171836853,0.5363041758537292,-0.5174170136451721,0,16,0.5799443125724792,0.5557465553283691,-0.47094258666038513,0,17,0.7211073040962219,0.5491014122962952,-0.5616464018821716,0,18,0.6290810108184814,0.5852699279785156,-0.5091729760169983,0,19,0.7247630953788757,0.506650984287262,-0.5715261101722717,0,20,0.6364921927452087,0.5236486196517944,-0.4900924563407898,0,21,0.705998957157135,0.5024469494819641,-0.5277469158172607,0,22,0.621129035949707,0.5156617760658264,-0.4578442871570587,0,23,0.5082887411117554,0.6109687685966492,0.06039074808359146,0,24,0.3786391317844391,0.6333741545677185,-0.05973513051867485,0,25,0.7266663312911987,0.5357410311698914,-0.0573192723095417,0,26,0.3593447804450989,0.6036761999130249,-0.4813818037509918,0,27,0.5196775197982788,0.7306661009788513,-0.07674853503704071,0,28,0.6403711438179016,0.7323179244995117,-0.30391964316368103,0,29,0.48565560579299927,0.7452344298362732,-0.06855612248182297,0,30,0.6462531685829163,0.7325895428657532,-0.27069833874702454,0,31,0.4714777171611786,0.7939658164978027,-0.14042142033576965,0,32,0.7586726546287537,0.7670583128929138,-0.3357357978820801,0
0,0.5623165369033813,0.17343461513519287,-0.47405824065208435,0,1,0.5840337872505188,0.1366797834634781,-0.46268680691719055,0,2,0.5903865098953247,0.13595160841941833,-0.4628381133079529,0,3,0.5958268046379089,0.13510072231292725,-0.4630153477191925,0,4,0.5608734488487244,0.12445364892482758,-0.4954434633255005,0,5,0.5500059723854065,0.11323078721761703,-0.4955952763557434,0,6,0.5385265946388245,0.0998418927192688,-0.4957014322280884,0,7,0.591032862663269,0.11838950216770172,-0.28997278213500977,0,8,0.5002184510231018,0.04589041694998741,-0.4383769631385803,0,9,0.5562313795089722,0.20013482868671417,-0.3949240744113922,0,10,0.5310242176055908,0.18121598660945892,-0.43767789006233215,0,11,0.5940607190132141,0.22568947076797485,-0.15952357649803162,0,12,0.3807826042175293,0.17103458940982819,-0.3954733908176422,0,13,0.6409538388252258,0.5267881751060486,-0.22514286637306213,0,14,0.37208476662635803,0.5373112559318542,-0.4407253861427307,0,15,0.6987366080284119,0.536192774772644,-0.5174118876457214,0,16,0.5784003734588623,0.5548077821731567,-0.4623272716999054,0,17,0.7186824679374695,0.5489253401756287,-0.5615909099578857,0,18,0.6244409680366516,0.5796138048171997,-0.49951520562171936,0,19,0.7224141955375671,0.5059946775436401,-0.5713682174682617,0,20,0.6355841755867004,0.5226253867149353,-0.4798837900161743,0,21,0.7031386494636536,0.5020290017127991,-0.5276282429695129,0,22,0.6208526492118835,0.5147326588630676,-0.44899407029151917,0,23,0.5083039999008179,0.6124661564826965,0.060421738773584366,0,24,0.3788420855998993,0.6338627338409424,-0.05976610258221626,0,25,0.7261469960212708,0.5353652238845825,-0.05764441937208176,0,26,0.3589194416999817,0.602901816368103,-0.4801889657974243,0,27,0.5187753438949585,0.731073796749115,-0.07776863127946854,0,28,0.6392706036567688,0.7347317337989807,-0.3015696108341217,0,29,0.4843200147151947,0.7464864253997803,-0.07070545107126236,0,30,0.6457326412200928,0.7342255711555481,-0.2680045962333679,0,31,0.4712993800640106,0.7972107529640198,-0.14168629050254822,0,32,0.7584038376808167,0.7687250375747681,-0.3290863037109375,0
0,0.5622663497924805,0.1748402863740921,-0.46042394638061523,0,1,0.5838366150856018,0.13857486844062805,-0.45208802819252014,0,2,0.590248167514801,0.1379706859588623,-0.45225441455841064,0,3,0.5957618951797485,0.13719910383224487,-0.4524466395378113,0,4,0.5605916380882263,0.1259833574295044,-0.48243457078933716,0,5,0.5497328639030457,0.11472102999687195,-0.48257705569267273,0,6,0.5382490158081055,0.10134240984916687,-0.48266884684562683,0,7,0.5912918448448181,0.1193525642156601,-0.2858835458755493,0,8,0.5001378059387207,0.048113416880369186,-0.4227096140384674,0,9,0.556239902973175,0.20086851716041565,-0.3828161954879761,0,10,0.5310291647911072,0.18211482465267181,-0.4221085011959076,0,11,0.595363974571228,0.2237032800912857,-0.15578638017177582,0,12,0.38114452362060547,0.17102745175361633,-0.377912312746048,0,13,0.6425195932388306,0.520726203918457,-0.2104940414428711,0,14,0.37298882007598877,0.5359827876091003,-0.4197295904159546,0,15,0.6958976984024048,0.5361523032188416,-0.49147719144821167,0,16,0.57868492603302,0.553959846496582,-0.452546089887619,0,17,0.7134822607040405,0.5509195327758789,-0.5356453657150269,0,18,0.6240745186805725,0.5778583884239197,-0.49219003319740295,0,19,0.7157772779464722,0.5072201490402222,-0.544644296169281,0,20,0.6359056234359741,0.5225706100463867,-0.47393614053726196,0,21,0.6975508332252502,0.5026665329933167,-0.5006380081176758,0,22,0.6211389303207397,0.5146979093551636,-0.44040030241012573,0,23,0.5104823708534241,0.6104949116706848,0.059408120810985565,0,24,0.3797723352909088,0.6328717470169067,-0.058750130236148834,0,25,0.72780841588974,0.5359246730804443,-0.09865330904722214,0,26,0.35786813497543335,0.6027494668960571,-0.48003795742988586,0,27,0.517217218875885,0.7325910329818726,-0.12013629823923111,0,28,0.6392775177955627,0.7347099184989929,-0.3107720911502838,0,29,0.4825931489467621,0.7472914457321167,-0.1119966208934784,0,30,0.6457601189613342,0.7335802912712097,-0.2784137427806854,0,31,0.4638710021972656,0.8006537556648254,-0.186216801404953,0,32,0.7583485841751099,0.7689886689186096,-0.3417714536190033,0
0,0.5623604655265808,0.17574723064899445,-0.459261417388916,0,1,0.5839284658432007,0.13960300385951996,-0.45046383142471313,0,2,0.5903363823890686,0.13910336792469025,-0.45064014196395874,0,3,0.5958674550056458,0.1384648233652115,-0.45084208250045776,0,4,0.5608128905296326,0.1268625110387802,-0.48182088136672974,0,5,0.550016462802887,0.11563387513160706,-0.48195987939834595,0,6,0.538560152053833,0.10228502750396729,-0.48205721378326416,0,7,0.5915092825889587,0.12063321471214294,-0.2840232849121094,0,8,0.5002906918525696,0.048538170754909515,-0.42462819814682007,0,9,0.5563032627105713,0.20184326171875,-0.3813026249408722,0,10,0.5311198830604553,0.18295082449913025,-0.42201709747314453,0,11,0.595384955406189,0.223318949341774,-0.15466530621051788,0,12,0.38128000497817993,0.1710895150899887,-0.380402535200119,0,13,0.6426116824150085,0.5206626653671265,-0.2109069526195526,0,14,0.372964471578598,0.5364034175872803,-0.42392441630363464,0,15,0.6959950923919678,0.5366842746734619,-0.48868101835250854,0,16,0.5807552933692932,0.5542449355125427,-0.45149049162864685,0,17,0.714203953742981,0.5516050457954407,-0.5317255854606628,0,18,0.6477159261703491,0.6148297786712646,-0.4907437860965729,0,19,0.7173413038253784,0.5082533955574036,-0.540908694267273,0,20,0.6371229887008667,0.5251677632331848,-0.47150227427482605,0,21,0.69817715883255,0.5038790106773376,-0.49816498160362244,0,22,0.6253002882003784,0.5155137777328491,-0.43898651003837585,0,23,0.5108552575111389,0.6101189851760864,0.05938642844557762,0,24,0.3800376057624817,0.6320289373397827,-0.05872441455721855,0,25,0.7276791930198669,0.5358225703239441,-0.09203319996595383,0,26,0.35751956701278687,0.6027495861053467,-0.4771866202354431,0,27,0.5171980261802673,0.7326127886772156,-0.11286444216966629,0,28,0.6393136978149414,0.7345638275146484,-0.30962589383125305,0,29,0.48256176710128784,0.7473103404045105,-0.10480847209692001,0,30,0.6457697153091431,0.733345091342926,-0.2773798406124115,0,31,0.4641318619251251,0.8022271990776062,-0.17788361012935638,0,32,0.7583137154579163,0.7690796256065369,-0.3408420979976654,0
0,0.5622261166572571,0.17623724043369293,-0.4603659212589264,0,1,0.583746075630188,0.14007337391376495,-0.4511294364929199,0,2,0.5902261137962341,0.13969816267490387,-0.451311856508255,0,3,0.5958244204521179,0.1392105519771576,-0.4515223801136017,0,4,0.5605615377426147,0.12702523171901703,-0.48232442140579224,0,5,0.549795389175415,0.11575092375278473,-0.48245856165885925,0,6,0.5383730530738831,0.10241392254829407,-0.4825581908226013,0,7,0.5916858911514282,0.12179543077945709,-0.28416091203689575,0,8,0.5003069043159485,0.049192074686288834,-0.4233234226703644,0,9,0.5562916994094849,0.20253129303455353,-0.38228321075439453,0,10,0.5310493111610413,0.18348759412765503,-0.42277300357818604,0,11,0.5958605408668518,0.22376540303230286,-0.15498293936252594,0,12,0.3814513087272644,0.17114555835723877,-0.3787859380245209,0,13,0.6426690220832825,0.5219885110855103,-0.21239615976810455,0,14,0.3725968897342682,0.5373947620391846,-0.42403867840766907,0,15,0.6974819302558899,0.5385144948959351,-0.484967440366745,0,16,0.5816267132759094,0.5602238178253174,-0.45205458998680115,0,17,0.7165337204933167,0.5532336831092834,-0.5273256301879883,0,18,0.6555013060569763,0.6324105262756348,-0.4912307858467102,0,19,0.7209075689315796,0.5101364254951477,-0.5366249680519104,0,20,0.6595926284790039,0.5472059845924377,-0.47131145000457764,0,21,0.7012147307395935,0.5060098171234131,-0.4944906234741211,0,22,0.6414480209350586,0.5320457220077515,-0.43936043977737427,0,23,0.5118783116340637,0.6100056171417236,0.058739956468343735,0,24,0.38065245747566223,0.6316401958465576,-0.05806126073002815,0,25,0.7295904159545898,0.5362720489501953,-0.10064984112977982,0,26,0.35697776079177856,0.6027446389198303,-0.47708991169929504,0,27,0.5170418620109558,0.7328798174858093,-0.11034627258777618,0,28,0.639427900314331,0.7335920929908752,-0.3100832998752594,0,29,0.4824259877204895,0.7473689913749695,-0.10167635232210159,0,30,0.6458398699760437,0.7316850423812866,-0.27784648537635803,0,31,0.4645179808139801,0.8027966022491455,-0.1770893633365631,0,32,0.7583868503570557,0.7690810561180115,-0.34753331542015076,0
0,0.5614384412765503,0.17618176341056824,-0.4605509042739868,0,1,0.5832127332687378,0.13999241590499878,-0.4518267512321472,0,2,0.5898304581642151,0.13961638510227203,-0.4520173966884613,0,3,0.5955571532249451,0.13915248215198517,-0.45224466919898987,0,4,0.5595285892486572,0.1268182098865509,-0.48325204849243164,0,5,0.5486762523651123,0.11537962406873703,-0.48339033126831055,0,6,0.537233293056488,0.1019393652677536,-0.4834904670715332,0,7,0.5917001962661743,0.12198996543884277,-0.28530606627464294,0,8,0.5000177025794983,0.049173761159181595,-0.42365896701812744,0,9,0.5559360980987549,0.20249035954475403,-0.3826923966407776,0,10,0.5304641127586365,0.18345986306667328,-0.4241687059402466,0,11,0.59624183177948,0.2247474491596222,-0.15592430531978607,0,12,0.3817366063594818,0.17112214863300323,-0.37882861495018005,0,13,0.6427308320999146,0.5240069627761841,-0.2136642038822174,0,14,0.3714825510978699,0.5374137163162231,-0.42489346861839294,0,15,0.6976631879806519,0.5400230884552002,-0.48487570881843567,0,16,0.584007978439331,0.5606645345687866,-0.45305556058883667,0,17,0.7166755795478821,0.5545715689659119,-0.5267230868339539,0,18,0.6593455076217651,0.6369907259941101,-0.4921071231365204,0,19,0.7212793827056885,0.5113397836685181,-0.5357366800308228,0,20,0.6675635576248169,0.5536730289459229,-0.4719258248806,0,21,0.7014516592025757,0.5074788331985474,-0.494174599647522,0,22,0.6403084993362427,0.5317436456680298,-0.4402144253253937,0,23,0.5129679441452026,0.6099908947944641,0.0579858161509037,0,24,0.3820503056049347,0.6314426064491272,-0.05730254203081131,0,25,0.7329131364822388,0.5353590846061707,-0.10911838710308075,0,26,0.3555304706096649,0.6015560030937195,-0.4769318401813507,0,27,0.5169869661331177,0.7329603433609009,-0.12246677279472351,0,28,0.6393758654594421,0.7334434986114502,-0.31056922674179077,0,29,0.48228591680526733,0.7473787665367126,-0.11350130289793015,0,30,0.6458521485328674,0.7310107350349426,-0.27813950181007385,0,31,0.46471258997917175,0.8029710054397583,-0.1931319236755371,0,32,0.7583755850791931,0.7691282033920288,-0.34948959946632385,0
0,0.5611311793327332,0.17641109228134155,-0.46160802245140076,0,1,0.5830546021461487,0.14012260735034943,-0.4524364173412323,0,2,0.5897646546363831,0.1397637128829956,-0.4526234567165375,0,3,0.5955472588539124,0.13930422067642212,-0.4528461694717407,0,4,0.559120237827301,0.12686818838119507,-0.48407605290412903,0,5,0.5482755303382874,0.11540623754262924,-0.48421475291252136,0,6,0.5368672013282776,0.10195911675691605,-0.48431485891342163,0,7,0.5918176174163818,0.12212414294481277,-0.28543391823768616,0,8,0.4998045861721039,0.049192655831575394,-0.4230559766292572,0,9,0.5558522939682007,0.2028588205575943,-0.3835320472717285,0,10,0.5303214192390442,0.18375471234321594,-0.42494308948516846,0,11,0.5964270830154419,0.2247859686613083,-0.15638655424118042,0,12,0.38188377022743225,0.17119330167770386,-0.3791482746601105,0,13,0.6424891352653503,0.5239337086677551,-0.21442002058029175,0,14,0.37171417474746704,0.537407398223877,-0.4254733622074127,0,15,0.6958104968070984,0.5400314331054688,-0.4876507818698883,0,16,0.5851548314094543,0.5608518719673157,-0.4536377787590027,0,17,0.7141199707984924,0.5547999739646912,-0.5297092795372009,0,18,0.6600306034088135,0.637000322341919,-0.4926968216896057,0,19,0.7185617089271545,0.5114495158195496,-0.5386034846305847,0,20,0.6612536311149597,0.5503931641578674,-0.4723283648490906,0,21,0.6995511651039124,0.5075662732124329,-0.49696555733680725,0,22,0.6349548101425171,0.5307415127754211,-0.4407980740070343,0,23,0.5133997797966003,0.6092679500579834,0.05790847912430763,0,24,0.3821764290332794,0.630684494972229,-0.05722624436020851,0,25,0.7346592545509338,0.5356298685073853,-0.10908876359462738,0,26,0.3553042709827423,0.6012097597122192,-0.47323280572891235,0,27,0.5168495178222656,0.7329259514808655,-0.1306358426809311,0,28,0.6395279169082642,0.7321445345878601,-0.30741024017333984,0,29,0.48206064105033875,0.7471383213996887,-0.12223375588655472,0,30,0.6463578343391418,0.7271928787231445,-0.2748468816280365,0,31,0.4621642529964447,0.8030606508255005,-0.19933271408081055,0,32,0.758346676826477,0.7660059332847595,-0.34487712383270264,0
0,0.5622623562812805,0.17731726169586182,-0.46212711930274963,0,1,0.5836853384971619,0.14103467762470245,-0.45255258679389954,0,2,0.5903170704841614,0.14059579372406006,-0.4527370035648346,0,3,0.5960342288017273,0.14005543291568756,-0.45295754075050354,0,4,0.5599543452262878,0.12813273072242737,-0.4842115342617035,0,5,0.549081563949585,0.11685001105070114,-0.48434460163116455,0,6,0.5376558303833008,0.10362842679023743,-0.4844439923763275,0,7,0.5920020341873169,0.12228696048259735,-0.28652387857437134,0,8,0.5000756978988647,0.05213483050465584,-0.42404013872146606,0,9,0.557115375995636,0.20313900709152222,-0.38383349776268005,0,10,0.5314257144927979,0.18460668623447418,-0.42536836862564087,0,11,0.5968598127365112,0.2243179976940155,-0.15792760252952576,0,12,0.38220417499542236,0.17139892280101776,-0.37964963912963867,0,13,0.6426454186439514,0.5212641358375549,-0.21486790478229523,0,14,0.3718675673007965,0.5370445847511292,-0.42638540267944336,0,15,0.6930763721466064,0.5398843288421631,-0.48879608511924744,0,16,0.5831089615821838,0.5609108805656433,-0.45512640476226807,0,17,0.7097865343093872,0.5550400614738464,-0.5304462313652039,0,18,0.6358450651168823,0.6004540920257568,-0.49545928835868835,0,19,0.712896466255188,0.5115095973014832,-0.5394518971443176,0,20,0.6471725702285767,0.5474411845207214,-0.4765865206718445,0,21,0.6950703859329224,0.5075230598449707,-0.49796339869499207,0,22,0.6298984885215759,0.5296533703804016,-0.44280141592025757,0,23,0.5136129260063171,0.6083378791809082,0.05790067836642265,0,24,0.38217172026634216,0.6302091479301453,-0.0572204515337944,0,25,0.7356629967689514,0.5359880328178406,-0.11864053457975388,0,26,0.3553376793861389,0.6014025211334229,-0.4735206365585327,0,27,0.5141841769218445,0.7326623201370239,-0.15001390874385834,0,28,0.6402852535247803,0.7316416501998901,-0.30676010251045227,0,29,0.47897928953170776,0.7457469701766968,-0.14182402193546295,0,30,0.648077666759491,0.7247797846794128,-0.27320146560668945,0,31,0.4603744447231293,0.8036167025566101,-0.21577446162700653,0,32,0.7583514451980591,0.764929473400116,-0.3348861336708069,0
0,0.5628165006637573,0.17867933213710785,-0.4664451777935028,0,1,0.5843570232391357,0.14265796542167664,-0.45756834745407104,0,2,0.5909894704818726,0.14217810332775116,-0.4577499032020569,0,3,0.5966943502426147,0.14154481887817383,-0.4579651653766632,0,4,0.5605236887931824,0.12973980605602264,-0.4891984760761261,0,5,0.5495511293411255,0.11833926290273666,-0.4893416464328766,0,6,0.5380650758743286,0.10498743504285812,-0.4894442856311798,0,7,0.5925903916358948,0.12341130524873734,-0.290701687335968,0,8,0.5004499554634094,0.053684115409851074,-0.4296590983867645,0,9,0.5576034784317017,0.2043568640947342,-0.3877197802066803,0,10,0.5318379998207092,0.18581730127334595,-0.428976833820343,0,11,0.5973958969116211,0.22426965832710266,-0.15988025069236755,0,12,0.38257619738578796,0.17160138487815857,-0.38204941153526306,0,13,0.642957866191864,0.5217410326004028,-0.2171662300825119,0,14,0.3717302083969116,0.5371178984642029,-0.4274601936340332,0,15,0.6920022368431091,0.5399831533432007,-0.4963360130786896,0,16,0.5816916823387146,0.5609719157218933,-0.456945538520813,0,17,0.7080575227737427,0.5552554130554199,-0.5379953980445862,0,18,0.641995370388031,0.617066502571106,-0.49675485491752625,0,19,0.7111980319023132,0.5115702748298645,-0.5453539490699768,0,20,0.6420287489891052,0.5447287559509277,-0.4776107966899872,0,21,0.6936652660369873,0.5075610280036926,-0.5047396421432495,0,22,0.6271983981132507,0.5284702777862549,-0.4443853497505188,0,23,0.5136063694953918,0.6082414984703064,0.05790309980511665,0,24,0.38216814398765564,0.6302316784858704,-0.057223062962293625,0,25,0.7355641722679138,0.5360811352729797,-0.11470112949609756,0,26,0.35538044571876526,0.6014615893363953,-0.4708423316478729,0,27,0.5138192772865295,0.732769787311554,-0.14495165646076202,0,28,0.6389104127883911,0.7526090145111084,-0.30651336908340454,0,29,0.4787396788597107,0.7457079291343689,-0.1369059681892395,0,30,0.6488693356513977,0.7240162491798401,-0.2730450928211212,0,31,0.45959073305130005,0.8041160702705383,-0.21226438879966736,0,32,0.7583431601524353,0.763398289680481,-0.3345451354980469,0
0,0.563495934009552,0.17966517806053162,-0.46453604102134705,0,1,0.5847961902618408,0.14383219182491302,-0.4557175040245056,0,2,0.5913323760032654,0.1432240754365921,-0.45589882135391235,0,3,0.5969782471656799,0.14244011044502258,-0.4561122953891754,0,4,0.5613654255867004,0.13143663108348846,-0.48809292912483215,0,5,0.5504630208015442,0.12021263688802719,-0.48823878169059753,0,6,0.5390174388885498,0.10693082213401794,-0.4883449375629425,0,7,0.59271639585495,0.12393572926521301,-0.28916311264038086,0,8,0.5012904405593872,0.055344730615615845,-0.43014460802078247,0,9,0.558124303817749,0.20504099130630493,-0.3859372138977051,0,10,0.5325646996498108,0.18681959807872772,-0.42800578474998474,0,11,0.5974032282829285,0.2238152027130127,-0.15865151584148407,0,12,0.38282936811447144,0.1717430204153061,-0.3826037347316742,0,13,0.6427506804466248,0.522787868976593,-0.21375307440757751,0,14,0.37127166986465454,0.5371570587158203,-0.42792198061943054,0,15,0.6921960711479187,0.5404053926467896,-0.4925326108932495,0,16,0.5799604654312134,0.5609866380691528,-0.4564448595046997,0,17,0.7086173295974731,0.5553601384162903,-0.533058226108551,0,18,0.6442902684211731,0.6237680912017822,-0.49526268243789673,0,19,0.7119191288948059,0.5118201375007629,-0.5406572222709656,0,20,0.6393670439720154,0.5418272614479065,-0.47564563155174255,0,21,0.6943341493606567,0.5079185962677002,-0.5010830760002136,0,22,0.6252396106719971,0.5268596410751343,-0.44366544485092163,0,23,0.5133492350578308,0.6082243323326111,0.05787508562207222,0,24,0.3821195065975189,0.6302916407585144,-0.05719302222132683,0,25,0.7354535460472107,0.5361402034759521,-0.11496157944202423,0,26,0.3554081618785858,0.6014047265052795,-0.46889448165893555,0,27,0.5137859582901001,0.7327306866645813,-0.14423182606697083,0,28,0.6361815929412842,0.7612342834472656,-0.30498313903808594,0,29,0.4787498712539673,0.745133101940155,-0.13619184494018555,0,30,0.649482786655426,0.7230231761932373,-0.2716100811958313,0,31,0.45927098393440247,0.8043577075004578,-0.2119235098361969,0,32,0.7583417892456055,0.7622479200363159,-0.33320000767707825,0
0,0.5647268891334534,0.18090660870075226,-0.46560320258140564,0,1,0.5861279964447021,0.14491340517997742,-0.4569205641746521,0,2,0.5925506949424744,0.14421162009239197,-0.45709228515625,0,3,0.598120391368866,0.14331871271133423,-0.4572957456111908,0,4,0.5629318356513977,0.13293571770191193,-0.490019828081131,0,5,0.552138090133667,0.12182933837175369,-0.4901743531227112,0,6,0.5405417680740356,0.10859319567680359,-0.4902860224246979,0,7,0.5935162305831909,0.12437675148248672,-0.28994834423065186,0,8,0.5022407174110413,0.05599869415163994,-0.43618595600128174,0,9,0.5592565536499023,0.2059197574853897,-0.3868221342563629,0,10,0.5336380004882812,0.18792785704135895,-0.4298352599143982,0,11,0.5978718400001526,0.22386901080608368,-0.15870173275470734,0,12,0.3830417990684509,0.1717810034751892,-0.3850061297416687,0,13,0.6427732110023499,0.5263156890869141,-0.2141696810722351,0,14,0.37066906690597534,0.5372604727745056,-0.4284135103225708,0,15,0.6913256049156189,0.5408111810684204,-0.49632009863853455,0,16,0.5782015323638916,0.5609822869300842,-0.45654040575027466,0,17,0.7074555158615112,0.5554413795471191,-0.5363900661468506,0,18,0.6296766996383667,0.5967552065849304,-0.4951460063457489,0,19,0.7110678553581238,0.511817455291748,-0.5420213937759399,0,20,0.6377256512641907,0.5360797643661499,-0.47524312138557434,0,21,0.6934128403663635,0.5079270601272583,-0.5040474534034729,0,22,0.6233310103416443,0.5251755714416504,-0.44375482201576233,0,23,0.5133098363876343,0.6081699132919312,0.0580042265355587,0,24,0.3820706903934479,0.6302834153175354,-0.05732444301247597,0,25,0.7354687452316284,0.5361981987953186,-0.11271248012781143,0,26,0.35543304681777954,0.601249098777771,-0.46811410784721375,0,27,0.5136633515357971,0.7315504550933838,-0.14329205453395844,0,28,0.6357494592666626,0.7650406956672668,-0.30236637592315674,0,29,0.47870081663131714,0.7430276274681091,-0.13570258021354675,0,30,0.6498703360557556,0.7228974103927612,-0.2685806453227997,0,31,0.45865219831466675,0.8045430183410645,-0.21057547628879547,0,32,0.7583367824554443,0.7618359327316284,-0.3284272849559784,0
0,0.5648673176765442,0.18132774531841278,-0.47410207986831665,0,1,0.586359977722168,0.14559288322925568,-0.4663063585758209,0,2,0.592792272567749,0.14492012560367584,-0.4664681553840637,0,3,0.5983628034591675,0.14406703412532806,-0.4666614532470703,0,4,0.5632306337356567,0.13348738849163055,-0.49899134039878845,0,5,0.5524507761001587,0.12233986705541611,-0.49915140867233276,0,6,0.5409145355224609,0.10906493663787842,-0.49925580620765686,0,7,0.5938129425048828,0.12516112625598907,-0.29891008138656616,0,8,0.5025627613067627,0.0564056895673275,-0.44468337297439575,0,9,0.5593168139457703,0.20625436305999756,-0.39490559697151184,0,10,0.5337837338447571,0.18826469779014587,-0.4374157786369324,0,11,0.5980643630027771,0.22386318445205688,-0.16329354047775269,0,12,0.3832358717918396,0.17180021107196808,-0.3912525773048401,0,13,0.6421268582344055,0.5262963771820068,-0.215877503156662,0,14,0.37029191851615906,0.5373795032501221,-0.43165460228919983,0,15,0.6909939646720886,0.5408772826194763,-0.5014234781265259,0,16,0.5773077011108398,0.5608772039413452,-0.4587472081184387,0,17,0.7076049447059631,0.5556055903434753,-0.5426889061927795,0,18,0.6255964636802673,0.587544858455658,-0.4969223737716675,0,19,0.71126389503479,0.5119981169700623,-0.5494612455368042,0,20,0.6365460753440857,0.535582959651947,-0.47700080275535583,0,21,0.6934368014335632,0.5080394148826599,-0.5097248554229736,0,22,0.622405469417572,0.5241225361824036,-0.44565680623054504,0,23,0.5132094621658325,0.6078681945800781,0.058142565190792084,0,24,0.38201001286506653,0.6301955580711365,-0.05746527016162872,0,25,0.7354450225830078,0.5359982252120972,-0.10534034669399261,0,26,0.3554534316062927,0.6007819175720215,-0.4684038460254669,0,27,0.5138922333717346,0.7315809726715088,-0.1359967440366745,0,28,0.6356064677238464,0.765999436378479,-0.30429330468177795,0,29,0.47894471883773804,0.7430817484855652,-0.1283746361732483,0,30,0.6502392292022705,0.7223061323165894,-0.27078792452812195,0,31,0.45845863223075867,0.8047604560852051,-0.2010142207145691,0,32,0.7583361268043518,0.7615045309066772,-0.33045393228530884,0
0,0.5651695728302002,0.18166612088680267,-0.47401338815689087,0,1,0.586676299571991,0.14622429013252258,-0.4659986197948456,0,2,0.5930845141410828,0.14559318125247955,-0.4661625921726227,0,3,0.5986195802688599,0.14479391276836395,-0.46635761857032776,0,4,0.5636060833930969,0.13397946953773499,-0.4985384941101074,0,5,0.5528116226196289,0.12278416752815247,-0.49869662523269653,0,6,0.5413211584091187,0.10949160903692245,-0.4988015294075012,0,7,0.593997597694397,0.12581877410411835,-0.29843851923942566,0,8,0.5033706426620483,0.0574563629925251,-0.44373878836631775,0,9,0.5594371557235718,0.206548810005188,-0.3949155807495117,0,10,0.5339940190315247,0.18855831027030945,-0.43722373247146606,0,11,0.5983684062957764,0.2238539159297943,-0.1636442095041275,0,12,0.3834579885005951,0.17192858457565308,-0.39136484265327454,0,13,0.6417833566665649,0.5258299708366394,-0.21603380143642426,0,14,0.36973097920417786,0.5375120043754578,-0.4321218729019165,0,15,0.6911836862564087,0.5408668518066406,-0.5013789534568787,0,16,0.5765929818153381,0.5608838200569153,-0.4600948393344879,0,17,0.7076526284217834,0.5556207895278931,-0.5426802039146423,0,18,0.6249533891677856,0.5848388075828552,-0.498136967420578,0,19,0.7113980054855347,0.5121049880981445,-0.5496811270713806,0,20,0.6363674402236938,0.5355370044708252,-0.47819197177886963,0,21,0.6935916543006897,0.5081067681312561,-0.5097171664237976,0,22,0.6220273375511169,0.52391517162323,-0.44687822461128235,0,23,0.5132338404655457,0.6078554391860962,0.05814559757709503,0,24,0.38205862045288086,0.6301899552345276,-0.05746837705373764,0,25,0.7354446053504944,0.536013126373291,-0.10396251082420349,0,26,0.3551088273525238,0.5996439456939697,-0.468478262424469,0,27,0.5140432715415955,0.7318581342697144,-0.13531389832496643,0,28,0.637488067150116,0.7463103532791138,-0.30470722913742065,0,29,0.47907617688179016,0.7434496879577637,-0.12750373780727386,0,30,0.6493839621543884,0.7216935753822327,-0.27121397852897644,0,31,0.4579836130142212,0.8047991394996643,-0.20072713494300842,0,32,0.7582782506942749,0.761256217956543,-0.3309754431247711,0
0,0.5662791132926941,0.18222442269325256,-0.4738716185092926,0,1,0.5871084332466125,0.14696548879146576,-0.46590456366539,0,2,0.5933554172515869,0.1462818682193756,-0.4660645127296448,0,3,0.598774254322052,0.14544077217578888,-0.46625250577926636,0,4,0.5645808577537537,0.13538171350955963,-0.49831491708755493,0,5,0.5540540814399719,0.12468753755092621,-0.498473197221756,0,6,0.5426985621452332,0.11204882711172104,-0.498574435710907,0,7,0.5939973592758179,0.12632395327091217,-0.29798072576522827,0,8,0.5048096776008606,0.06206420436501503,-0.4431532621383667,0,9,0.560267448425293,0.20686373114585876,-0.39478233456611633,0,10,0.5354472994804382,0.18982571363449097,-0.4370567202568054,0,11,0.5983930230140686,0.2241404801607132,-0.16582144796848297,0,12,0.38397207856178284,0.17197437584400177,-0.39287251234054565,0,13,0.6425763964653015,0.5257560610771179,-0.21927301585674286,0,14,0.36974841356277466,0.5369834303855896,-0.4398096799850464,0,15,0.6978427171707153,0.5410060286521912,-0.49617356061935425,0,16,0.5766223669052124,0.5609664916992188,-0.4657542109489441,0,17,0.7166308760643005,0.5555946230888367,-0.5355556011199951,0,18,0.6467411518096924,0.6058880090713501,-0.503880500793457,0,19,0.7215089797973633,0.5124178528785706,-0.5453645586967468,0,20,0.6572576761245728,0.5383394956588745,-0.4828949272632599,0,21,0.7029751539230347,0.5088315010070801,-0.5054907202720642,0,22,0.637889564037323,0.5259061455726624,-0.4524804353713989,0,23,0.5132315754890442,0.6079482436180115,0.058108408004045486,0,24,0.38204166293144226,0.6301791667938232,-0.057429805397987366,0,25,0.7350546717643738,0.5380809307098389,-0.10363363474607468,0,26,0.3550584614276886,0.5990976691246033,-0.4698133170604706,0,27,0.513334333896637,0.7315917611122131,-0.13178876042366028,0,28,0.6379929184913635,0.7380592226982117,-0.301907479763031,0,29,0.478676438331604,0.7427908182144165,-0.1232670396566391,0,30,0.6481679081916809,0.7217155694961548,-0.26778581738471985,0,31,0.45756447315216064,0.8046128153800964,-0.1967025250196457,0,32,0.7552943825721741,0.7605082988739014,-0.3287959396839142,0
0,0.5665642619132996,0.1823771744966507,-0.46255210041999817,0,1,0.5871250629425049,0.1471748948097229,-0.45430856943130493,0,2,0.5933535099029541,0.14651288092136383,-0.4544844329357147,0,3,0.5987662672996521,0.14567817747592926,-0.45469778776168823,0,4,0.564689040184021,0.1357191503047943,-0.4860300123691559,0,5,0.5542043447494507,0.12523843348026276,-0.48618143796920776,0,6,0.5429398417472839,0.11296465992927551,-0.48629432916641235,0,7,0.5939446687698364,0.12655919790267944,-0.2907736599445343,0,8,0.5055922269821167,0.0657370463013649,-0.43302106857299805,0,9,0.5605496764183044,0.20699095726013184,-0.38562923669815063,0,10,0.5359605550765991,0.19032728672027588,-0.42692282795906067,0,11,0.5984369516372681,0.2241334766149521,-0.16421183943748474,0,12,0.3845479190349579,0.17196552455425262,-0.38795384764671326,0,13,0.642756998538971,0.5238243937492371,-0.2159424126148224,0,14,0.3697650134563446,0.5341701507568359,-0.43668222427368164,0,15,0.698062002658844,0.5410182476043701,-0.484121710062027,0,16,0.5767594575881958,0.5602498054504395,-0.4649399518966675,0,17,0.7168455719947815,0.5556654930114746,-0.5241519808769226,0,18,0.6528459191322327,0.6148456335067749,-0.5036974549293518,0,19,0.7214772701263428,0.5128451585769653,-0.5352777242660522,0,20,0.6625980138778687,0.5397197008132935,-0.48274990916252136,0,21,0.7030574679374695,0.5092719793319702,-0.4940798580646515,0,22,0.6321807503700256,0.5243191719055176,-0.45209595561027527,0,23,0.514125645160675,0.6072130799293518,0.05777668580412865,0,24,0.3826494812965393,0.6298218369483948,-0.05709667503833771,0,25,0.7350304126739502,0.5380029678344727,-0.1034172773361206,0,26,0.3545401990413666,0.5973570942878723,-0.4711882174015045,0,27,0.5134854912757874,0.7314381003379822,-0.13138562440872192,0,28,0.6380766034126282,0.7333131432533264,-0.3029305636882782,0,29,0.4789487421512604,0.7426282167434692,-0.12298186868429184,0,30,0.6470175981521606,0.7214264869689941,-0.26883557438850403,0,31,0.4570913016796112,0.8041805624961853,-0.1964392215013504,0,32,0.7535584568977356,0.7603597044944763,-0.3292597234249115,0
0,0.56672203540802,0.18372075259685516,-0.45402640104293823,0,1,0.5871163606643677,0.14865729212760925,-0.4459342360496521,0,2,0.593313992023468,0.14793844521045685,-0.44612064957618713,0,3,0.5986506342887878,0.1470850706100464,-0.44634997844696045,0,4,0.5648654103279114,0.13768702745437622,-0.47789838910102844,0,5,0.5545454025268555,0.12750236690044403,-0.47804367542266846,0,6,0.5434070229530334,0.11563373357057571,-0.4781540632247925,0,7,0.5936663150787354,0.1276574730873108,-0.28627175092697144,0,8,0.5065741539001465,0.07020091265439987,-0.4293413758277893,0,9,0.5606133341789246,0.20802558958530426,-0.37881341576576233,0,10,0.5362325310707092,0.19179953634738922,-0.42034515738487244,0,11,0.5984262228012085,0.22421173751354218,-0.164043128490448,0,12,0.38482895493507385,0.17197966575622559,-0.3844658434391022,0,13,0.643102765083313,0.5211601257324219,-0.21249346435070038,0,14,0.3696955442428589,0.5328935980796814,-0.4322238564491272,0,15,0.6991855502128601,0.5409780740737915,-0.46916326880455017,0,16,0.5768793225288391,0.5597931742668152,-0.46259069442749023,0,17,0.7181797027587891,0.5555925965309143,-0.50838702917099,0,18,0.6532609462738037,0.6158723831176758,-0.5020343065261841,0,19,0.7225087881088257,0.5130252838134766,-0.520452618598938,0,20,0.6619759202003479,0.5396500825881958,-0.48190438747406006,0,21,0.7042075395584106,0.5095009207725525,-0.4793480634689331,0,22,0.6292518973350525,0.5229006409645081,-0.4504774808883667,0,23,0.5143440961837769,0.6065405607223511,0.05730176344513893,0,24,0.38279518485069275,0.6294354200363159,-0.05661443993449211,0,25,0.7346700429916382,0.5386413335800171,-0.10325386375188828,0,26,0.3544784486293793,0.5965399742126465,-0.47190016508102417,0,27,0.512853741645813,0.7312400937080383,-0.13001364469528198,0,28,0.6382814049720764,0.7309775948524475,-0.30982688069343567,0,29,0.4786229133605957,0.7419664859771729,-0.12137344479560852,0,30,0.6470699906349182,0.721418559551239,-0.27695557475090027,0,31,0.4569287896156311,0.8030720353126526,-0.1949252486228943,0,32,0.7527252435684204,0.7603359818458557,-0.34006211161613464,0
0,0.5668477416038513,0.18484798073768616,-0.4500308930873871,0,1,0.5871091485023499,0.15004144608974457,-0.44213345646858215,0,2,0.5932756662368774,0.1493237316608429,-0.4423238933086395,0,3,0.5985643863677979,0.1484879106283188,-0.44255733489990234,0,4,0.5650028586387634,0.13919730484485626,-0.4742215573787689,0,5,0.5547384023666382,0.12907516956329346,-0.47436484694480896,0,6,0.5436842441558838,0.1173248216509819,-0.4744763672351837,0,7,0.5935767889022827,0.12872464954853058,-0.28313103318214417,0,8,0.5071423649787903,0.07262536138296127,-0.42664459347724915,0,9,0.5606537461280823,0.20880214869976044,-0.3748970627784729,0,10,0.5363739728927612,0.1925908327102661,-0.41652435064315796,0,11,0.5984275937080383,0.22398148477077484,-0.16222429275512695,0,12,0.3850139081478119,0.17204777896404266,-0.38259565830230713,0,13,0.6440355777740479,0.5201969742774963,-0.21207234263420105,0,14,0.3697372078895569,0.5317468643188477,-0.4306960701942444,0,15,0.7029890418052673,0.5400490760803223,-0.4703742563724518,0,16,0.5769484043121338,0.5596781373023987,-0.4608425498008728,0,17,0.7228475213050842,0.5532759428024292,-0.5094494819641113,0,18,0.6542036533355713,0.617440402507782,-0.5004500150680542,0,19,0.7274618148803711,0.5123153924942017,-0.5209516286849976,0,20,0.6624107360839844,0.5396710634231567,-0.4809064269065857,0,21,0.7087335586547852,0.5091153979301453,-0.4804685711860657,0,22,0.637465238571167,0.5234061479568481,-0.4491228461265564,0,23,0.5146461129188538,0.6062541007995605,0.05714143067598343,0,24,0.38289329409599304,0.6290513277053833,-0.056449491530656815,0,25,0.7345373630523682,0.538678765296936,-0.10532069206237793,0,26,0.3542022407054901,0.5958763957023621,-0.4728766679763794,0,27,0.5121594667434692,0.7306203246116638,-0.1334650218486786,0,28,0.6387379169464111,0.729515790939331,-0.30939915776252747,0,29,0.4780082404613495,0.7403814792633057,-0.12486712634563446,0,30,0.6472868323326111,0.7214324474334717,-0.2765929102897644,0,31,0.45684242248535156,0.8027912378311157,-0.19835056364536285,0,32,0.7529885172843933,0.7606303691864014,-0.33868151903152466,0
0,0.5673582553863525,0.1852165013551712,-0.44172409176826477,0,1,0.5871420502662659,0.1508098691701889,-0.43342188000679016,0,2,0.593266487121582,0.1500663161277771,-0.4336020350456238,0,3,0.5985468626022339,0.14920510351657867,-0.4338222146034241,0,4,0.5654366612434387,0.14017537236213684,-0.4665013253688812,0,5,0.5553433299064636,0.13014452159404755,-0.4666440784931183,0,6,0.544327437877655,0.1184777319431305,-0.46675539016723633,0,7,0.5934745073318481,0.12910345196723938,-0.27460747957229614,0,8,0.5076879262924194,0.07363303005695343,-0.42234236001968384,0,9,0.561036229133606,0.20888085663318634,-0.3667741119861603,0,10,0.536902666091919,0.19277234375476837,-0.40963125228881836,0,11,0.598523736000061,0.2236449122428894,-0.15329943597316742,0,12,0.3850824534893036,0.17210306227207184,-0.37798669934272766,0,13,0.6453800797462463,0.5201786756515503,-0.2040577083826065,0,14,0.3693138062953949,0.5317778587341309,-0.42617377638816833,0,15,0.703298032283783,0.5373712182044983,-0.465026319026947,0,16,0.5767903923988342,0.5593905448913574,-0.45534226298332214,0,17,0.7228016257286072,0.548217236995697,-0.5042497515678406,0,18,0.6537847518920898,0.6198117733001709,-0.49374228715896606,0,19,0.7271910309791565,0.5082892179489136,-0.5120705962181091,0,20,0.6485010385513306,0.5337598919868469,-0.4740055203437805,0,21,0.708502471446991,0.5060161352157593,-0.47372886538505554,0,22,0.6310713291168213,0.5219783782958984,-0.44305774569511414,0,23,0.5147762894630432,0.6061115264892578,0.05708605796098709,0,24,0.38301751017570496,0.6291312575340271,-0.05638749524950981,0,25,0.7342069149017334,0.5386680960655212,-0.10574996471405029,0,26,0.35396087169647217,0.5953927040100098,-0.4736900329589844,0,27,0.5122105479240417,0.7307227849960327,-0.1326381117105484,0,28,0.6390294432640076,0.7294802665710449,-0.317162424325943,0,29,0.47817447781562805,0.740444004535675,-0.12391774356365204,0,30,0.6470062136650085,0.7221047878265381,-0.28541427850723267,0,31,0.45683038234710693,0.8026129603385925,-0.1976441591978073,0,32,0.7528440952301025,0.7621535658836365,-0.35088151693344116,0
0,0.568282961845398,0.18797831237316132,-0.4304720163345337,0,1,0.5873175859451294,0.1538650542497635,-0.4218220114707947,0,2,0.5932961106300354,0.15289972722530365,-0.4219975471496582,0,3,0.5985373258590698,0.15179593861103058,-0.4222148358821869,0,4,0.5662752985954285,0.14420856535434723,-0.45601990818977356,0,5,0.5563122630119324,0.13475264608860016,-0.45615848898887634,0,6,0.5452748537063599,0.12324237078428268,-0.45625990629196167,0,7,0.5930888652801514,0.13095678389072418,-0.26459774374961853,0,8,0.5085601210594177,0.07970413565635681,-0.41736459732055664,0,9,0.561749279499054,0.21075290441513062,-0.3563882112503052,0,10,0.537929892539978,0.1950949728488922,-0.40071696043014526,0,11,0.5985070466995239,0.22352175414562225,-0.14672179520130157,0,12,0.38522204756736755,0.17229391634464264,-0.37408891320228577,0,13,0.6453813910484314,0.5172246694564819,-0.196290522813797,0,14,0.3693259060382843,0.5314480662345886,-0.42219191789627075,0,15,0.7039163112640381,0.5308595895767212,-0.45518729090690613,0,16,0.5767602324485779,0.5584448575973511,-0.44859540462493896,0,17,0.72251296043396,0.5361539721488953,-0.4936714172363281,0,18,0.6534115672111511,0.619689404964447,-0.48634499311447144,0,19,0.7280877828598022,0.5013332366943359,-0.5015082955360413,0,20,0.650721549987793,0.5337581634521484,-0.4667268991470337,0,21,0.709158718585968,0.5002239346504211,-0.46385347843170166,0,22,0.6276810169219971,0.5199840664863586,-0.4362748861312866,0,23,0.5148805379867554,0.6056567430496216,0.057021498680114746,0,24,0.3830653131008148,0.6291030049324036,-0.05631434917449951,0,25,0.7338782548904419,0.5382880568504333,-0.10767150670289993,0,26,0.35396966338157654,0.5952277183532715,-0.47712433338165283,0,27,0.5123196840286255,0.7314730882644653,-0.1322861909866333,0,28,0.6394426226615906,0.7296202778816223,-0.32146018743515015,0,29,0.478393018245697,0.7410184144973755,-0.12364517897367477,0,30,0.6473413109779358,0.7224752902984619,-0.2896597683429718,0,31,0.45684555172920227,0.802585244178772,-0.19689102470874786,0,32,0.7527053356170654,0.763273298740387,-0.35237830877304077,0
0,0.5686043500900269,0.18886171281337738,-0.4291263520717621,0,1,0.5874145030975342,0.1548786163330078,-0.42032063007354736,0,2,0.5933211445808411,0.153885617852211,-0.4204975962638855,0,3,0.5985301733016968,0.15273787081241608,-0.4207195043563843,0,4,0.5666141510009766,0.14517544209957123,-0.45441579818725586,0,5,0.5567013025283813,0.1357484608888626,-0.45455166697502136,0,6,0.5456867814064026,0.12415403872728348,-0.4546552896499634,0,7,0.5929638147354126,0.13156864047050476,-0.26217666268348694,0,8,0.5089422464370728,0.08014154434204102,-0.4151708483695984,0,9,0.5619715452194214,0.21122519671916962,-0.3547584116458893,0,10,0.5382488369941711,0.19557738304138184,-0.3990493714809418,0,11,0.598507285118103,0.22320352494716644,-0.1454153209924698,0,12,0.3852628469467163,0.17234420776367188,-0.3714732527732849,0,13,0.6458357572555542,0.5155937075614929,-0.19797950983047485,0,14,0.36921557784080505,0.5294728875160217,-0.4202645421028137,0,15,0.7044401168823242,0.5260689854621887,-0.4579278528690338,0,16,0.576991081237793,0.5581434965133667,-0.4449766278266907,0,17,0.7224472761154175,0.5305031538009644,-0.49602165818214417,0,18,0.652133047580719,0.6184931397438049,-0.48190489411354065,0,19,0.7284629940986633,0.49613648653030396,-0.5032997131347656,0,20,0.6509072780609131,0.5331569910049438,-0.46262580156326294,0,21,0.7095072269439697,0.49579134583473206,-0.46633195877075195,0,22,0.6294508576393127,0.5195822715759277,-0.43281248211860657,0,23,0.5154479742050171,0.604689359664917,0.05690983310341835,0,24,0.3832927644252777,0.6289997100830078,-0.05619486793875694,0,25,0.7339410781860352,0.5366311073303223,-0.11186621338129044,0,26,0.3539263904094696,0.5951018929481506,-0.47842901945114136,0,27,0.512302041053772,0.7314393520355225,-0.13547834753990173,0,28,0.6393105387687683,0.7292618155479431,-0.3169114291667938,0,29,0.4783591628074646,0.7409524917602539,-0.12677627801895142,0,30,0.64646977186203,0.7212880849838257,-0.283327579498291,0,31,0.4567672312259674,0.8025720715522766,-0.19833360612392426,0,32,0.7520015835762024,0.7629901170730591,-0.3390187621116638,0
0,0.5691692233085632,0.1888008713722229,-0.42977896332740784,0,1,0.5877088308334351,0.15480412542819977,-0.4202316105365753,0,2,0.5934890508651733,0.15381599962711334,-0.4204014539718628,0,3,0.5986080765724182,0.1526750922203064,-0.42061325907707214,0,4,0.5670631527900696,0.14501668512821198,-0.45458489656448364,0,5,0.5571835041046143,0.13552716374397278,-0.45472678542137146,0,6,0.5461543202400208,0.12385784089565277,-0.4548337161540985,0,7,0.5929009318351746,0.1315602958202362,-0.26070868968963623,0,8,0.5092735290527344,0.0795075073838234,-0.41514822840690613,0,9,0.5623446106910706,0.2110711932182312,-0.35528644919395447,0,10,0.5386699438095093,0.1955324411392212,-0.3999134600162506,0,11,0.5982799530029297,0.2231563776731491,-0.14440080523490906,0,12,0.3852994740009308,0.17234130203723907,-0.37224695086479187,0,13,0.646929919719696,0.5145927667617798,-0.19884690642356873,0,14,0.3691353499889374,0.527524471282959,-0.4208889901638031,0,15,0.7044810056686401,0.5250620245933533,-0.46134182810783386,0,16,0.577027440071106,0.5580668449401855,-0.44576629996299744,0,17,0.7226979732513428,0.5312711000442505,-0.4999706447124481,0,18,0.650496244430542,0.6184307932853699,-0.4829435646533966,0,19,0.7281786799430847,0.4955543279647827,-0.5078369975090027,0,20,0.6510187387466431,0.5333943963050842,-0.463767409324646,0,21,0.709272027015686,0.49502524733543396,-0.47000354528427124,0,22,0.6302638649940491,0.5199024081230164,-0.4335263669490814,0,23,0.5154469013214111,0.6044821739196777,0.057108838111162186,0,24,0.38329216837882996,0.6290019154548645,-0.05638760328292847,0,25,0.7339614629745483,0.535587728023529,-0.09883896261453629,0,26,0.35398444533348083,0.595141589641571,-0.4777856469154358,0,27,0.5122824311256409,0.7314924001693726,-0.13371510803699493,0,28,0.6392554044723511,0.729464590549469,-0.30574995279312134,0,29,0.47812095284461975,0.7413309812545776,-0.12590095400810242,0,30,0.6464917063713074,0.7212499380111694,-0.27098312973976135,0,31,0.45677250623703003,0.8025639653205872,-0.19373543560504913,0,32,0.7519587278366089,0.7629506587982178,-0.32012611627578735,0
0,0.5690966248512268,0.1877094805240631,-0.4297109842300415,0,1,0.5875787138938904,0.1538195163011551,-0.4196276068687439,0,2,0.5933382511138916,0.15302973985671997,-0.4197940230369568,0,3,0.5984494090080261,0.15197207033634186,-0.42000341415405273,0,4,0.566852331161499,0.14334847033023834,-0.45280447602272034,0,5,0.5569301843643188,0.13382290303707123,-0.452947735786438,0,6,0.54591965675354,0.12239060550928116,-0.4530591666698456,0,7,0.5927370190620422,0.13130514323711395,-0.25753387808799744,0,8,0.5091484785079956,0.07825527340173721,-0.40615516901016235,0,9,0.5622657537460327,0.2101992517709732,-0.3545755445957184,0,10,0.5385655760765076,0.1945582926273346,-0.39774930477142334,0,11,0.5980904698371887,0.2230922132730484,-0.13917960226535797,0,12,0.3854052424430847,0.1722622811794281,-0.3650827407836914,0,13,0.6485171914100647,0.514613926410675,-0.19821572303771973,0,14,0.36874333024024963,0.5263932943344116,-0.4146556258201599,0,15,0.7043614983558655,0.5242916941642761,-0.4633086323738098,0,16,0.5718914866447449,0.5580502152442932,-0.439640074968338,0,17,0.7224823832511902,0.5315678119659424,-0.5022583603858948,0,18,0.6476054787635803,0.6176397800445557,-0.4761664569377899,0,19,0.7276974320411682,0.49477362632751465,-0.5092968344688416,0,20,0.6508266925811768,0.533241331577301,-0.4570898413658142,0,21,0.7089027166366577,0.49404826760292053,-0.47176802158355713,0,22,0.630227267742157,0.5197836756706238,-0.4271751046180725,0,23,0.5160019397735596,0.6043354868888855,0.05714191868901253,0,24,0.3838209807872772,0.6288592219352722,-0.05642290413379669,0,25,0.7344513535499573,0.5356153249740601,-0.1032637432217598,0,26,0.3539820611476898,0.5950565934181213,-0.47706082463264465,0,27,0.5122256875038147,0.7313935160636902,-0.14656831324100494,0,28,0.6392433643341064,0.7295876145362854,-0.2964054048061371,0,29,0.47781628370285034,0.7413188815116882,-0.13943199813365936,0,30,0.6466702818870544,0.7203612327575684,-0.26072821021080017,0,31,0.45669984817504883,0.8030871748924255,-0.20712128281593323,0,32,0.7519727945327759,0.7628328800201416,-0.31043851375579834,0
0,0.5691095590591431,0.1876337230205536,-0.4313347637653351,0,1,0.5876039266586304,0.15371714532375336,-0.4212244749069214,0,2,0.5933539271354675,0.15295514464378357,-0.42139291763305664,0,3,0.5984516739845276,0.1519395112991333,-0.4216029942035675,0,4,0.5668642520904541,0.14320623874664307,-0.4543006122112274,0,5,0.5569337606430054,0.1337088942527771,-0.4544448256492615,0,6,0.5459246039390564,0.12233263999223709,-0.454556405544281,0,7,0.5927179455757141,0.13129520416259766,-0.25828003883361816,0,8,0.5091601610183716,0.07797641307115555,-0.4067593812942505,0,9,0.5622641444206238,0.2101835459470749,-0.35588788986206055,0,10,0.5385662913322449,0.1945464313030243,-0.39894014596939087,0,11,0.597908616065979,0.223252534866333,-0.13874046504497528,0,12,0.3855299949645996,0.17224591970443726,-0.3657739758491516,0,13,0.6485816836357117,0.5146566033363342,-0.19813908636569977,0,14,0.3686980903148651,0.5258604884147644,-0.4150715172290802,0,15,0.7042781710624695,0.5243651270866394,-0.4645082652568817,0,16,0.5719631910324097,0.558043897151947,-0.4394969940185547,0,17,0.7224903702735901,0.5321172475814819,-0.5036439299583435,0,18,0.6474785208702087,0.6176830530166626,-0.4761098027229309,0,19,0.727545976638794,0.4951387643814087,-0.5107432007789612,0,20,0.6512574553489685,0.5338234901428223,-0.4572674036026001,0,21,0.7087833285331726,0.49444347620010376,-0.47297200560569763,0,22,0.6311125159263611,0.5204644799232483,-0.42709699273109436,0,23,0.515971839427948,0.6042417883872986,0.057793568819761276,0,24,0.38376331329345703,0.6288212537765503,-0.05708041042089462,0,25,0.734524667263031,0.5353913903236389,-0.09905271977186203,0,26,0.3539753556251526,0.5945569276809692,-0.4731690287590027,0,27,0.5122758746147156,0.7314072847366333,-0.14425630867481232,0,28,0.6393334865570068,0.7295920252799988,-0.2970084846019745,0,29,0.47779205441474915,0.7420886158943176,-0.1367199420928955,0,30,0.6469643115997314,0.7203251719474792,-0.26202189922332764,0,31,0.4567122459411621,0.8036328554153442,-0.20571056008338928,0,32,0.7537251114845276,0.7628471851348877,-0.3146750032901764,0
0,0.5692359209060669,0.18772082030773163,-0.4280903935432434,0,1,0.5876474976539612,0.1538894921541214,-0.4183441400527954,0,2,0.5933579206466675,0.15314431488513947,-0.4185090959072113,0,3,0.5984408855438232,0.15217646956443787,-0.4187145233154297,0,4,0.567046046257019,0.14341367781162262,-0.45124951004981995,0,5,0.5571562647819519,0.1338609904050827,-0.4514002799987793,0,6,0.5461606383323669,0.12247173488140106,-0.45151612162590027,0,7,0.5924645066261292,0.1315198838710785,-0.2570592761039734,0,8,0.5093702673912048,0.07772164046764374,-0.4052439332008362,0,9,0.5622876882553101,0.21020694077014923,-0.3533601462841034,0,10,0.5386601090431213,0.19457682967185974,-0.3962651789188385,0,11,0.5976026058197021,0.22365404665470123,-0.1386173665523529,0,12,0.385681688785553,0.1722313016653061,-0.36557596921920776,0,13,0.6485055685043335,0.5146622657775879,-0.1969049572944641,0,14,0.36874979734420776,0.5243135094642639,-0.41432052850723267,0,15,0.7039592862129211,0.5247082710266113,-0.4641042649745941,0,16,0.5721761584281921,0.5580294132232666,-0.43916240334510803,0,17,0.72244793176651,0.5335157513618469,-0.5038742423057556,0,18,0.6470044851303101,0.6181822419166565,-0.47632330656051636,0,19,0.7267813086509705,0.49616166949272156,-0.5111873745918274,0,20,0.6513720750808716,0.5351695418357849,-0.45821869373321533,0,21,0.7081206440925598,0.4951605796813965,-0.4727436602115631,0,22,0.6314617991447449,0.5216509103775024,-0.42722681164741516,0,23,0.515968382358551,0.6041726469993591,0.05814259871840477,0,24,0.3837343156337738,0.6287806034088135,-0.05743525177240372,0,25,0.7348045110702515,0.5352836847305298,-0.0889768898487091,0,26,0.3539799451828003,0.5941017270088196,-0.4725375771522522,0,27,0.5122801065444946,0.7314391732215881,-0.14364533126354218,0,28,0.6393551230430603,0.7295779585838318,-0.29751601815223694,0,29,0.4776560664176941,0.7426967024803162,-0.13582757115364075,0,30,0.6471023559570312,0.7201851606369019,-0.2627027928829193,0,31,0.45676127076148987,0.8040196299552917,-0.2034197896718979,0,32,0.7548937201499939,0.7628449201583862,-0.3166271448135376,0
0,0.5696340799331665,0.18769867718219757,-0.4296959340572357,0,1,0.5883124470710754,0.15385138988494873,-0.4200153946876526,0,2,0.5938792824745178,0.15310749411582947,-0.4201817512512207,0,3,0.5988129377365112,0.15214838087558746,-0.42038875818252563,0,4,0.5677102208137512,0.14338639378547668,-0.45293691754341125,0,5,0.5577279329299927,0.13383106887340546,-0.45308688282966614,0,6,0.5466196537017822,0.12238971889019012,-0.4532015025615692,0,7,0.5924769043922424,0.1315365582704544,-0.2585100829601288,0,8,0.5096968412399292,0.07726270705461502,-0.4067402482032776,0,9,0.5623568892478943,0.21020157635211945,-0.3547515571117401,0,10,0.5387649536132812,0.19456656277179718,-0.3976598083972931,0,11,0.597594678401947,0.22392147779464722,-0.13886621594429016,0,12,0.3857128918170929,0.17212243378162384,-0.3661087453365326,0,13,0.6484854817390442,0.5147514939308167,-0.19764192402362823,0,14,0.36843839287757874,0.5230507254600525,-0.4141625165939331,0,15,0.7021248936653137,0.5250036120414734,-0.4671739637851715,0,16,0.5706260800361633,0.5586777925491333,-0.43992406129837036,0,17,0.7202194929122925,0.5336679816246033,-0.508709728717804,0,18,0.6447299718856812,0.6192970275878906,-0.4769597053527832,0,19,0.7231642007827759,0.49651896953582764,-0.5153429508209229,0,20,0.6510592103004456,0.536923885345459,-0.4587850570678711,0,21,0.7050837874412537,0.4953659176826477,-0.47554275393486023,0,22,0.6201006770133972,0.5215615630149841,-0.4277535676956177,0,23,0.5160484910011292,0.6035465002059937,0.058171454817056656,0,24,0.3836784362792969,0.6280046105384827,-0.05746530368924141,0,25,0.7352324724197388,0.535018801689148,-0.08649720996618271,0,26,0.3539694547653198,0.5940355658531189,-0.4737250506877899,0,27,0.5119855403900146,0.7314308285713196,-0.14100433886051178,0,28,0.639359176158905,0.7295824885368347,-0.30649012327194214,0,29,0.4770386517047882,0.7427711486816406,-0.13398709893226624,0,30,0.6473140716552734,0.7201431393623352,-0.2724183201789856,0,31,0.45677614212036133,0.8041530847549438,-0.20098139345645905,0,32,0.7558037638664246,0.7631802558898926,-0.3260783851146698,0
0,0.5698738694190979,0.18773378431797028,-0.428352415561676,0,1,0.5886448621749878,0.15391746163368225,-0.4189680516719818,0,2,0.5941475629806519,0.15318842232227325,-0.41913095116615295,0,3,0.5990034341812134,0.1522548347711563,-0.41933441162109375,0,4,0.5679706335067749,0.143393412232399,-0.4517972767353058,0,5,0.5579484701156616,0.13380403816699982,-0.45194751024246216,0,6,0.5468254685401917,0.1223282590508461,-0.4520626366138458,0,7,0.5924789309501648,0.13159509003162384,-0.2583916485309601,0,8,0.5099732875823975,0.07703539729118347,-0.4064115881919861,0,9,0.5624319314956665,0.21020632982254028,-0.3537229299545288,0,10,0.5388999581336975,0.1945594996213913,-0.3965703845024109,0,11,0.5975481271743774,0.22386276721954346,-0.13911917805671692,0,12,0.3858450651168823,0.17185193300247192,-0.3657841980457306,0,13,0.6482933163642883,0.5141319036483765,-0.19792988896369934,0,14,0.3685336410999298,0.5206405520439148,-0.4134071171283722,0,15,0.7004613876342773,0.5225048065185547,-0.46741580963134766,0,16,0.5721750855445862,0.5586757659912109,-0.4388413727283478,0,17,0.7182953953742981,0.5316106677055359,-0.5087864995002747,0,18,0.6448819041252136,0.6192142963409424,-0.4761703312397003,0,19,0.7207621932029724,0.4931771755218506,-0.5154187679290771,0,20,0.6518755555152893,0.5369099378585815,-0.4583120346069336,0,21,0.7029104232788086,0.49183377623558044,-0.47578954696655273,0,22,0.6257862448692322,0.5215727090835571,-0.426885724067688,0,23,0.5161148309707642,0.6031063795089722,0.058400653302669525,0,24,0.38368651270866394,0.6270365118980408,-0.0576942078769207,0,25,0.7353735566139221,0.5345633029937744,-0.0855422094464302,0,26,0.35396042466163635,0.5938509106636047,-0.4738224744796753,0,27,0.5121818780899048,0.7314683198928833,-0.13617061078548431,0,28,0.6393445730209351,0.7295728325843811,-0.3093473017215729,0,29,0.4771023094654083,0.7431038022041321,-0.12964922189712524,0,30,0.6473271250724792,0.7206584811210632,-0.27585795521736145,0,31,0.4567832052707672,0.8042574524879456,-0.1961062103509903,0,32,0.7562722563743591,0.7632260322570801,-0.3296475112438202,0
0,0.5704231262207031,0.1877201497554779,-0.4245988130569458,0,1,0.589136004447937,0.15395067632198334,-0.4154127240180969,0,2,0.5945335626602173,0.15323352813720703,-0.4155750274658203,0,3,0.599281370639801,0.15231934189796448,-0.4157751798629761,0,4,0.5685514807701111,0.14337393641471863,-0.44813641905784607,0,5,0.5585514307022095,0.13375921547412872,-0.4482903480529785,0,6,0.5474388003349304,0.12226036936044693,-0.44841086864471436,0,7,0.5925167202949524,0.1316104680299759,-0.25612518191337585,0,8,0.510786235332489,0.07688567042350769,-0.40372389554977417,0,9,0.5627284646034241,0.21016770601272583,-0.3504617512226105,0,10,0.5392542481422424,0.1944112926721573,-0.3931702673435211,0,11,0.5975808501243591,0.22370244562625885,-0.13860327005386353,0,12,0.38614723086357117,0.17136573791503906,-0.3640843331813812,0,13,0.6495746970176697,0.5132278203964233,-0.19646096229553223,0,14,0.36854228377342224,0.5191285014152527,-0.4117342233657837,0,15,0.7004594206809998,0.5222026109695435,-0.46315062046051025,0,16,0.571200966835022,0.5587908029556274,-0.4385213255882263,0,17,0.718177855014801,0.5318846702575684,-0.5040626525878906,0,18,0.6442887187004089,0.6192294955253601,-0.4761182963848114,0,19,0.7204321622848511,0.4929851293563843,-0.5103132128715515,0,20,0.6518179774284363,0.5371355414390564,-0.4585361182689667,0,21,0.7027263045310974,0.49145033955574036,-0.471182644367218,0,22,0.6269198060035706,0.5219436883926392,-0.4267330467700958,0,23,0.5161889791488647,0.6030635237693787,0.05848347768187523,0,24,0.38372182846069336,0.6269000768661499,-0.057778120040893555,0,25,0.7354303598403931,0.5344551205635071,-0.08616407215595245,0,26,0.3539571166038513,0.5935543775558472,-0.4738187789916992,0,27,0.5121833086013794,0.7315318584442139,-0.14320680499076843,0,28,0.6393455862998962,0.729736864566803,-0.3092130422592163,0,29,0.4770624041557312,0.7433860301971436,-0.13720233738422394,0,30,0.6473838686943054,0.7215343713760376,-0.2756996750831604,0,31,0.45683929324150085,0.8042733073234558,-0.20541097223758698,0,32,0.7563607692718506,0.7632896304130554,-0.32925358414649963,0
0,0.570957601070404,0.18772365152835846,-0.42541107535362244,0,1,0.5896504521369934,0.15396758913993835,-0.4161451458930969,0,2,0.5949487090110779,0.15324419736862183,-0.41631019115448,0,3,0.5996007919311523,0.15233364701271057,-0.41651442646980286,0,4,0.569280207157135,0.14339791238307953,-0.4490722417831421,0,5,0.5593992471694946,0.13378320634365082,-0.4492257833480835,0,6,0.5483615398406982,0.12228615581989288,-0.4493461549282074,0,7,0.5926098227500916,0.13156215846538544,-0.25682857632637024,0,8,0.511700451374054,0.07676808536052704,-0.4042873978614807,0,9,0.5630194544792175,0.210109144449234,-0.3512638211250305,0,10,0.5397409200668335,0.19427938759326935,-0.3941390812397003,0,11,0.597619354724884,0.22364091873168945,-0.13890095055103302,0,12,0.3862868547439575,0.17121565341949463,-0.3642367422580719,0,13,0.6515383124351501,0.5136703252792358,-0.1966441124677658,0,14,0.36878716945648193,0.5185984969139099,-0.4121238887310028,0,15,0.7015703320503235,0.5226324200630188,-0.4615364074707031,0,16,0.5735083818435669,0.5588089823722839,-0.4396573603153229,0,17,0.7189462780952454,0.5320877432823181,-0.5015163421630859,0,18,0.6442188620567322,0.6192108988761902,-0.4775424897670746,0,19,0.7210760712623596,0.49307307600975037,-0.5075251460075378,0,20,0.6518245935440063,0.5371854901313782,-0.4602770507335663,0,21,0.7035468816757202,0.49168768525123596,-0.4692964553833008,0,22,0.6282052397727966,0.5221478343009949,-0.42812538146972656,0,23,0.5162993669509888,0.6028698682785034,0.05850121006369591,0,24,0.38367849588394165,0.6264104247093201,-0.057795099914073944,0,25,0.7354404926300049,0.5344240069389343,-0.08693476021289825,0,26,0.3539124131202698,0.5935922861099243,-0.4753127992153168,0,27,0.5120547413825989,0.7315338253974915,-0.1430249810218811,0,28,0.6392931342124939,0.7297590374946594,-0.3091842234134674,0,29,0.47689324617385864,0.7433958053588867,-0.13678953051567078,0,30,0.6474533677101135,0.7223832607269287,-0.2756059765815735,0,31,0.4568474590778351,0.8043438196182251,-0.20532836019992828,0,32,0.7564123868942261,0.7651727795600891,-0.3296731114387512,0
0,0.5722295641899109,0.18766601383686066,-0.4191155433654785,0,1,0.5907459855079651,0.15385212004184723,-0.4098058342933655,0,2,0.5958242416381836,0.15311135351657867,-0.4099622964859009,0,3,0.6002878546714783,0.15213879942893982,-0.41015613079071045,0,4,0.5707823634147644,0.1433645635843277,-0.443805068731308,0,5,0.5610855221748352,0.13375338912010193,-0.443965345621109,0,6,0.5501061677932739,0.12224749475717545,-0.44408997893333435,0,7,0.5926380753517151,0.131254643201828,-0.2527240216732025,0,8,0.5129878520965576,0.07667442411184311,-0.4042256772518158,0,9,0.5637528300285339,0.20988626778125763,-0.34598204493522644,0,10,0.5410401821136475,0.19406121969223022,-0.3902134597301483,0,11,0.5976649522781372,0.22347776591777802,-0.1381603330373764,0,12,0.3864549696445465,0.1710759550333023,-0.3646085560321808,0,13,0.6531827449798584,0.5136670470237732,-0.19546715915203094,0,14,0.3692593276500702,0.5180384516716003,-0.4121977388858795,0,15,0.7011520266532898,0.5227553248405457,-0.4603099226951599,0,16,0.5725687742233276,0.5589913129806519,-0.43866634368896484,0,17,0.7174232006072998,0.5324094891548157,-0.4998953640460968,0,18,0.6438943147659302,0.6192013025283813,-0.47640910744667053,0,19,0.7190033197402954,0.493039608001709,-0.5054497718811035,0,20,0.6517470479011536,0.5372161865234375,-0.4594096839427948,0,21,0.7020639181137085,0.49161484837532043,-0.46772417426109314,0,22,0.6285728812217712,0.522216260433197,-0.4271729588508606,0,23,0.5165018439292908,0.6028575897216797,0.05870005860924721,0,24,0.38367679715156555,0.6264097690582275,-0.057991642504930496,0,25,0.7357195019721985,0.5344186425209045,-0.08765427023172379,0,26,0.3539321720600128,0.593696117401123,-0.47132599353790283,0,27,0.5112095475196838,0.7312224507331848,-0.1472754329442978,0,28,0.6392341256141663,0.7302458882331848,-0.29511287808418274,0,29,0.47575971484184265,0.7429106831550598,-0.1416587084531784,0,30,0.6474664211273193,0.7236912846565247,-0.25979083776474,0,31,0.4568306803703308,0.8043625950813293,-0.20793840289115906,0,32,0.7564495801925659,0.7652086615562439,-0.3042253255844116,0
0,0.5739959478378296,0.18765634298324585,-0.4173237383365631,0,1,0.5922238826751709,0.15383824706077576,-0.40764257311820984,0,2,0.5970061421394348,0.15309955179691315,-0.4077986776828766,0,3,0.6011921763420105,0.15212947130203247,-0.40799087285995483,0,4,0.5729951858520508,0.14338824152946472,-0.44263795018196106,0,5,0.5634267926216125,0.13386470079421997,-0.44280117750167847,0,6,0.552527666091919,0.12249631434679031,-0.44292810559272766,0,7,0.5926916599273682,0.13121303915977478,-0.25113776326179504,0,8,0.5152075886726379,0.07660225033760071,-0.40439510345458984,0,9,0.5648857355117798,0.20981255173683167,-0.3444646894931793,0,10,0.5427625775337219,0.19402290880680084,-0.38984444737434387,0,11,0.5976696610450745,0.2233564704656601,-0.1385020762681961,0,12,0.3865511119365692,0.17105257511138916,-0.3660459518432617,0,13,0.6544421315193176,0.5136193037033081,-0.19551439583301544,0,14,0.3694031536579132,0.5180034041404724,-0.4147758483886719,0,15,0.7011972665786743,0.5227568745613098,-0.46076565980911255,0,16,0.5716763138771057,0.5593292117118835,-0.4412705600261688,0,17,0.7173883318901062,0.5324289798736572,-0.5004340410232544,0,18,0.6429451704025269,0.6189255118370056,-0.47885793447494507,0,19,0.7189971804618835,0.4928576946258545,-0.5060825347900391,0,20,0.6509310603141785,0.5368557572364807,-0.46203529834747314,0,21,0.702064573764801,0.4915235638618469,-0.46832266449928284,0,22,0.6285722255706787,0.5220056176185608,-0.4298095703125,0,23,0.516648530960083,0.6028317809104919,0.05884711071848869,0,24,0.383679062128067,0.6263741850852966,-0.058129843324422836,0,25,0.7358272671699524,0.5345606207847595,-0.09007718414068222,0,26,0.35392752289772034,0.5940691828727722,-0.47543850541114807,0,27,0.5096554756164551,0.7306490540504456,-0.14631853997707367,0,28,0.6389183402061462,0.7309940457344055,-0.29535186290740967,0,29,0.47421738505363464,0.7416094541549683,-0.14022980630397797,0,30,0.6473862528800964,0.7248179316520691,-0.25967782735824585,0,31,0.4568198025226593,0.80439293384552,-0.20703038573265076,0,32,0.7566707134246826,0.7667861580848694,-0.3049745261669159,0
0,0.5739412307739258,0.18747875094413757,-0.418628990650177,0,1,0.5925518870353699,0.15363091230392456,-0.40909549593925476,0,2,0.597382128238678,0.15294264256954193,-0.4092559814453125,0,3,0.6015673875808716,0.1520349532365799,-0.4094538688659668,0,4,0.5730726718902588,0.1430136263370514,-0.44376105070114136,0,5,0.5634043216705322,0.13322655856609344,-0.44392111897468567,0,6,0.5524416565895081,0.12138435989618301,-0.44404587149620056,0,7,0.5928500294685364,0.1312047690153122,-0.2519037425518036,0,8,0.5151161551475525,0.07352236658334732,-0.4048628509044647,0,9,0.5648682713508606,0.20974691212177277,-0.3454626798629761,0,10,0.5427424907684326,0.19370318949222565,-0.39050307869911194,0,11,0.5976163744926453,0.22380676865577698,-0.1380324810743332,0,12,0.38655969500541687,0.17103564739227295,-0.3670903742313385,0,13,0.6542704701423645,0.5134192109107971,-0.19646446406841278,0,14,0.3694780766963959,0.5180838704109192,-0.41495758295059204,0,15,0.6983272433280945,0.5226100087165833,-0.47602301836013794,0,16,0.5742835402488708,0.5592563152313232,-0.4405660331249237,0,17,0.7133361101150513,0.5325862169265747,-0.5176052451133728,0,18,0.6435309648513794,0.6187906861305237,-0.4780508875846863,0,19,0.7138129472732544,0.49285635352134705,-0.5222300291061401,0,20,0.6517243981361389,0.5367044806480408,-0.46127399802207947,0,21,0.6973640322685242,0.4913142919540405,-0.4833628535270691,0,22,0.6269169449806213,0.5210886597633362,-0.4289165437221527,0,23,0.5165260434150696,0.6032196879386902,0.05968661606311798,0,24,0.38363903760910034,0.6270751953125,-0.058989766985177994,0,25,0.735835075378418,0.5343917012214661,-0.06577551364898682,0,26,0.35406753420829773,0.5939067602157593,-0.46713095903396606,0,27,0.5096695423126221,0.7303873300552368,-0.13235552608966827,0,28,0.6387618780136108,0.731017529964447,-0.28298085927963257,0,29,0.47400370240211487,0.7416207790374756,-0.12765604257583618,0,30,0.6460005044937134,0.7254416346549988,-0.24689999222755432,0,31,0.4568036198616028,0.8044006824493408,-0.18821753561496735,0,32,0.7565237283706665,0.7667606472969055,-0.2856580913066864,0
0,0.573907732963562,0.1873888224363327,-0.4187570810317993,0,1,0.5927622318267822,0.1535547375679016,-0.4094708263874054,0,2,0.5976148247718811,0.15288670361042023,-0.4096393883228302,0,3,0.6017898917198181,0.15201036632061005,-0.4098469316959381,0,4,0.5731605887413025,0.14288367331027985,-0.44392699003219604,0,5,0.5634506940841675,0.13298113644123077,-0.4440809190273285,0,6,0.552448570728302,0.12093209475278854,-0.4442031979560852,0,7,0.5929092764854431,0.13120004534721375,-0.25225821137428284,0,8,0.5150768756866455,0.07173649221658707,-0.4053022265434265,0,9,0.5648597478866577,0.2096158266067505,-0.34565725922584534,0,10,0.5426964163780212,0.19338858127593994,-0.390922486782074,0,11,0.5975624322891235,0.224271759390831,-0.13832776248455048,0,12,0.38655608892440796,0.17103007435798645,-0.3692813217639923,0,13,0.6541446447372437,0.513105571269989,-0.19964024424552917,0,14,0.3695234954357147,0.5182459354400635,-0.41631290316581726,0,15,0.6963764429092407,0.5226958990097046,-0.4827805757522583,0,16,0.5764800310134888,0.5591468811035156,-0.4408043622970581,0,17,0.7108617424964905,0.5338801145553589,-0.5247604250907898,0,18,0.6451852917671204,0.6188372373580933,-0.47848573327064514,0,19,0.7108762860298157,0.4933060109615326,-0.530230700969696,0,20,0.6450258493423462,0.5320472717285156,-0.46183663606643677,0,21,0.6947018504142761,0.49148231744766235,-0.49043038487434387,0,22,0.6262098550796509,0.5204748511314392,-0.42914026975631714,0,23,0.5165296792984009,0.6032485365867615,0.0598028302192688,0,24,0.38362497091293335,0.6273300647735596,-0.05911347642540932,0,25,0.7359265089035034,0.5342399477958679,-0.06646857410669327,0,26,0.3541327118873596,0.5937678813934326,-0.4643957018852234,0,27,0.509676992893219,0.7297312617301941,-0.13245315849781036,0,28,0.638559877872467,0.7310716509819031,-0.28028303384780884,0,29,0.47389164566993713,0.7413781881332397,-0.1276635080575943,0,30,0.645159900188446,0.7258003354072571,-0.24407924711704254,0,31,0.45677050948143005,0.804348349571228,-0.18873685598373413,0,32,0.7564780116081238,0.7667320370674133,-0.2830168604850769,0
0,0.5738908052444458,0.18735937774181366,-0.4247792959213257,0,1,0.593000054359436,0.15346837043762207,-0.4150203466415405,0,2,0.5978736281394958,0.1528172791004181,-0.4151695966720581,0,3,0.6020489931106567,0.1519678831100464,-0.41535821557044983,0,4,0.5733233094215393,0.1427181363105774,-0.44960278272628784,0,5,0.5635908842086792,0.13269299268722534,-0.4497712552547455,0,6,0.5525380969047546,0.12043872475624084,-0.4498958885669708,0,7,0.5930286645889282,0.13116629421710968,-0.25558698177337646,0,8,0.5150715112686157,0.07011331617832184,-0.41000810265541077,0,9,0.5648537278175354,0.20960485935211182,-0.35086631774902344,0,10,0.5426579117774963,0.19330419600009918,-0.39615699648857117,0,11,0.5975473523139954,0.2247961014509201,-0.14001382887363434,0,12,0.3865668475627899,0.17107348144054413,-0.37424972653388977,0,13,0.6540466547012329,0.513257622718811,-0.2046993523836136,0,14,0.36952638626098633,0.5187869668006897,-0.42027559876441956,0,15,0.6957944631576538,0.5229203104972839,-0.48969271779060364,0,16,0.5780904293060303,0.5590385794639587,-0.44140976667404175,0,17,0.7102692723274231,0.5345472097396851,-0.5310152173042297,0,18,0.6468908786773682,0.618793249130249,-0.4787929356098175,0,19,0.7105032801628113,0.49353545904159546,-0.5362786650657654,0,20,0.6426665782928467,0.528754711151123,-0.4619717001914978,0,21,0.69426029920578,0.4916244447231293,-0.497231662273407,0,22,0.6260157823562622,0.5196657180786133,-0.4295147955417633,0,23,0.516499400138855,0.6033052206039429,0.06006070598959923,0,24,0.38354381918907166,0.6276155710220337,-0.059383098036050797,0,25,0.7359978556632996,0.5341287851333618,-0.06680119782686234,0,26,0.35423409938812256,0.5936734080314636,-0.4644017815589905,0,27,0.5097052454948425,0.7291823625564575,-0.13249823451042175,0,28,0.6385576128959656,0.7310590147972107,-0.2803918421268463,0,29,0.47390416264533997,0.7411547899246216,-0.12764325737953186,0,30,0.6449018120765686,0.7258544564247131,-0.24418383836746216,0,31,0.45667657256126404,0.8043235540390015,-0.18898670375347137,0,32,0.7563670873641968,0.7665212154388428,-0.2839544713497162,0
0,0.574478805065155,0.1877336949110031,-0.42487746477127075,0,1,0.5937142968177795,0.15377114713191986,-0.4152561128139496,0,2,0.5984500646591187,0.15307895839214325,-0.4154016375541687,0,3,0.6024963855743408,0.15223847329616547,-0.4155847728252411,0,4,0.5745487809181213,0.14318645000457764,-0.45051443576812744,0,5,0.5649158358573914,0.13327033817768097,-0.45069026947021484,0,6,0.5537998676300049,0.12110567092895508,-0.4508184492588043,0,7,0.5931028127670288,0.13127054274082184,-0.25687217712402344,0,8,0.5155768990516663,0.07023326307535172,-0.416297048330307,0,9,0.565092921257019,0.209694504737854,-0.35124480724334717,0,10,0.5430228114128113,0.19339261949062347,-0.39740118384361267,0,11,0.5975404977798462,0.2251904159784317,-0.1426362246274948,0,12,0.3865754008293152,0.17113032937049866,-0.3792702555656433,0,13,0.6543680429458618,0.5137273669242859,-0.2068934440612793,0,14,0.3695070147514343,0.5190833210945129,-0.42455923557281494,0,15,0.6958681344985962,0.5232560634613037,-0.49016597867012024,0,16,0.5787115693092346,0.558919370174408,-0.44503214955329895,0,17,0.7105070352554321,0.5349652171134949,-0.5309473276138306,0,18,0.6468588709831238,0.6184778213500977,-0.4820219576358795,0,19,0.7109583020210266,0.4936811625957489,-0.5364320278167725,0,20,0.6417597532272339,0.5258592963218689,-0.46536076068878174,0,21,0.6945882439613342,0.4917188882827759,-0.4977218508720398,0,22,0.6223656535148621,0.5185604095458984,-0.43313121795654297,0,23,0.5165117383003235,0.6034247279167175,0.060190483927726746,0,24,0.3834766447544098,0.6278923749923706,-0.05951046198606491,0,25,0.7360097765922546,0.5341382026672363,-0.06864245235919952,0,26,0.35451459884643555,0.5937117338180542,-0.4637008607387543,0,27,0.5098554491996765,0.729406476020813,-0.13213881850242615,0,28,0.6384190320968628,0.7310393452644348,-0.27781280875205994,0,29,0.47393837571144104,0.7414698004722595,-0.12718535959720612,0,30,0.6445233821868896,0.725875973701477,-0.24139048159122467,0,31,0.45651954412460327,0.804441511631012,-0.18898871541023254,0,32,0.7542438507080078,0.7659323215484619,-0.28015175461769104,0
0,0.5746950507164001,0.1878933161497116,-0.4265943169593811,0,1,0.5940016508102417,0.15378515422344208,-0.4169062674045563,0,2,0.5987088680267334,0.1530793309211731,-0.4170463979244232,0,3,0.6027175784111023,0.1522403210401535,-0.41722187399864197,0,4,0.5748738646507263,0.14327816665172577,-0.45301076769828796,0,5,0.5652315616607666,0.13343073427677155,-0.45319029688835144,0,6,0.554121732711792,0.12138551473617554,-0.4533185064792633,0,7,0.593113362789154,0.1312333643436432,-0.2583265006542206,0,8,0.5157431960105896,0.07027149945497513,-0.42094412446022034,0,9,0.565224289894104,0.20972153544425964,-0.3528209924697876,0,10,0.5431337952613831,0.1934347152709961,-0.3999484181404114,0,11,0.5975091457366943,0.2253657579421997,-0.14493361115455627,0,12,0.38658344745635986,0.17115901410579681,-0.38354241847991943,0,13,0.6546656489372253,0.5137767195701599,-0.2124953716993332,0,14,0.3695140779018402,0.5199011564254761,-0.42963525652885437,0,15,0.6959344148635864,0.5228421688079834,-0.4978388249874115,0,16,0.5794333815574646,0.5588829517364502,-0.44888725876808167,0,17,0.7106772661209106,0.5343126654624939,-0.5385881662368774,0,18,0.6487143039703369,0.6183346509933472,-0.48579221963882446,0,19,0.7112618088722229,0.4927048981189728,-0.5432634353637695,0,20,0.6510042548179626,0.5268370509147644,-0.46852320432662964,0,21,0.6948254704475403,0.4908430874347687,-0.5050021409988403,0,22,0.6312715411186218,0.5185971856117249,-0.436710923910141,0,23,0.516566812992096,0.6034243702888489,0.060202207416296005,0,24,0.38351333141326904,0.6284477114677429,-0.05952100828289986,0,25,0.7359535694122314,0.5337429046630859,-0.07040636241436005,0,26,0.35459375381469727,0.5939477682113647,-0.465655654668808,0,27,0.5098633766174316,0.7294642329216003,-0.12962672114372253,0,28,0.6382911801338196,0.7310507297515869,-0.27983978390693665,0,29,0.4739512503147125,0.7415913939476013,-0.12407844513654709,0,30,0.6442911028862,0.7260022759437561,-0.2437407523393631,0,31,0.45647722482681274,0.804432213306427,-0.18614771962165833,0,32,0.7532047629356384,0.7652574777603149,-0.2845749855041504,0
0,0.5746856927871704,0.18903963267803192,-0.4275483191013336,0,1,0.5940183401107788,0.1545228809118271,-0.41858476400375366,0,2,0.5987419486045837,0.15371403098106384,-0.4187277555465698,0,3,0.602759599685669,0.15283049643039703,-0.418904572725296,0,4,0.5748418569564819,0.1442682147026062,-0.4545348882675171,0,5,0.5652071237564087,0.1342768520116806,-0.45471054315567017,0,6,0.5540988445281982,0.12220904231071472,-0.4548322260379791,0,7,0.5932026505470276,0.1315132975578308,-0.2611989378929138,0,8,0.5157726407051086,0.0706210508942604,-0.4223134219646454,0,9,0.5652000904083252,0.21034547686576843,-0.3538164794445038,0,10,0.5430942177772522,0.19391384720802307,-0.40076348185539246,0,11,0.5974836945533752,0.2253904938697815,-0.14754852652549744,0,12,0.38660600781440735,0.17120885848999023,-0.38323459029197693,0,13,0.6551311016082764,0.5133447051048279,-0.2142973244190216,0,14,0.3702489733695984,0.5209110975265503,-0.4289538264274597,0,15,0.6968691349029541,0.5222836136817932,-0.49604591727256775,0,16,0.5884713530540466,0.5671414732933044,-0.4491826891899109,0,17,0.7116296291351318,0.5335507392883301,-0.5367233753204346,0,18,0.6489971876144409,0.6173729300498962,-0.4863964915275574,0,19,0.7120022177696228,0.49207159876823425,-0.5418567061424255,0,20,0.6535090208053589,0.5268959403038025,-0.46922022104263306,0,21,0.6955648064613342,0.49024704098701477,-0.5033144950866699,0,22,0.6338911652565002,0.5185341238975525,-0.4371519684791565,0,23,0.5166748762130737,0.6032630205154419,0.06003202870488167,0,24,0.38351598381996155,0.6286510229110718,-0.059344954788684845,0,25,0.7359375357627869,0.5337137579917908,-0.07105639576911926,0,26,0.3545974791049957,0.5939869284629822,-0.46818992495536804,0,27,0.5095816254615784,0.7296524047851562,-0.1284826248884201,0,28,0.6381089687347412,0.7308849692344666,-0.28977569937705994,0,29,0.4736693203449249,0.7416703701019287,-0.1223980039358139,0,30,0.6445093750953674,0.7260839343070984,-0.25444743037223816,0,31,0.4564407467842102,0.8044204115867615,-0.1853809505701065,0,32,0.7533270120620728,0.7651732563972473,-0.2972612977027893,0
0,0.5744416117668152,0.18964870274066925,-0.43073850870132446,0,1,0.5937950611114502,0.15498369932174683,-0.4218902885913849,0,2,0.5985946655273438,0.1541280299425125,-0.4220351278781891,0,3,0.6026752591133118,0.15322591364383698,-0.42221468687057495,0,4,0.5745469927787781,0.1447666883468628,-0.4572507441043854,0,5,0.5649875402450562,0.1346573531627655,-0.4574187397956848,0,6,0.5539532899856567,0.12258463352918625,-0.45753347873687744,0,7,0.5932501554489136,0.13165909051895142,-0.2636956572532654,0,8,0.515762209892273,0.07079150527715683,-0.42257454991340637,0,9,0.5651073455810547,0.2107708752155304,-0.3565826714038849,0,10,0.5429585576057434,0.1942606270313263,-0.4027743339538574,0,11,0.5974009037017822,0.22538988292217255,-0.1479901522397995,0,12,0.38664254546165466,0.17128610610961914,-0.3829766511917114,0,13,0.6551054120063782,0.5128186345100403,-0.2145349681377411,0,14,0.3701767325401306,0.5211165547370911,-0.42886289954185486,0,15,0.6982190012931824,0.520879864692688,-0.49523720145225525,0,16,0.5876860022544861,0.5654110312461853,-0.4490458369255066,0,17,0.7140001058578491,0.5315462946891785,-0.5357194542884827,0,18,0.6490718722343445,0.6154339909553528,-0.4863133728504181,0,19,0.714706540107727,0.49074798822402954,-0.5411278009414673,0,20,0.6546562910079956,0.5270903706550598,-0.4691554605960846,0,21,0.6976903676986694,0.48907363414764404,-0.5026803612709045,0,22,0.6348687410354614,0.5180346369743347,-0.4370294511318207,0,23,0.5166966319084167,0.6029614210128784,0.060051705688238144,0,24,0.383452832698822,0.6285415887832642,-0.05936422571539879,0,25,0.7359893321990967,0.5336821675300598,-0.0729200690984726,0,26,0.35507822036743164,0.5949139595031738,-0.46910566091537476,0,27,0.5095700621604919,0.7298214435577393,-0.12852030992507935,0,28,0.638127326965332,0.7307462096214294,-0.2891460061073303,0,29,0.47362881898880005,0.7417088747024536,-0.12230467796325684,0,30,0.6447538733482361,0.7260690927505493,-0.2535337507724762,0,31,0.45654091238975525,0.804434061050415,-0.1854325383901596,0,32,0.7534971833229065,0.7651579976081848,-0.29612481594085693,0
0,0.5737999081611633,0.1901172250509262,-0.4460439085960388,0,1,0.5936657786369324,0.15511640906333923,-0.43719297647476196,0,2,0.5985714793205261,0.15426397323608398,-0.4373370409011841,0,3,0.6026782393455505,0.15336965024471283,-0.43751999735832214,0,4,0.5739363431930542,0.14481662213802338,-0.47103703022003174,0,5,0.5642163753509521,0.13465355336666107,-0.4711942672729492,0,6,0.5531466007232666,0.12255457788705826,-0.47130078077316284,0,7,0.5936368107795715,0.13190165162086487,-0.2751177251338959,0,8,0.515353798866272,0.07044600695371628,-0.4280371069908142,0,9,0.5649237036705017,0.2117157280445099,-0.37010088562965393,0,10,0.5423915386199951,0.1947442591190338,-0.4142928421497345,0,11,0.5973567962646484,0.22545598447322845,-0.15261362493038177,0,12,0.3866741955280304,0.1712886393070221,-0.3865453898906708,0,13,0.6545030474662781,0.511913537979126,-0.22283835709095,0,14,0.3701684772968292,0.5218408107757568,-0.4326833486557007,0,15,0.6985300779342651,0.5180093050003052,-0.5092617869377136,0,16,0.5871080160140991,0.5646668076515198,-0.4519091546535492,0,17,0.7148738503456116,0.528044581413269,-0.5503908395767212,0,18,0.6497102975845337,0.6153143644332886,-0.4888530671596527,0,19,0.7158691883087158,0.4879431128501892,-0.5551525354385376,0,20,0.656504213809967,0.5276590585708618,-0.47058454155921936,0,21,0.6984171271324158,0.4864934980869293,-0.5167231559753418,0,22,0.6365550756454468,0.5181243419647217,-0.43930885195732117,0,23,0.5166844725608826,0.602883517742157,0.06003136560320854,0,24,0.3834189772605896,0.6285419464111328,-0.05934439226984978,0,25,0.7359297275543213,0.5336049795150757,-0.07605760544538498,0,26,0.35522234439849854,0.5953738689422607,-0.4732641577720642,0,27,0.5100918412208557,0.7307496070861816,-0.12348928302526474,0,28,0.6381282210350037,0.7306796908378601,-0.28931158781051636,0,29,0.47424012422561646,0.7426466345787048,-0.11625755578279495,0,30,0.6447972655296326,0.7262205481529236,-0.25359469652175903,0,31,0.4567258954048157,0.8044481873512268,-0.18026818335056305,0,32,0.7535820007324219,0.7650313973426819,-0.29744142293930054,0
0,0.5729601383209229,0.19059212505817413,-0.45927444100379944,0,1,0.5933511257171631,0.15539604425430298,-0.4507308304309845,0,2,0.5984441637992859,0.15457592904567719,-0.45087817311286926,0,3,0.6026585102081299,0.15370573103427887,-0.4510650932788849,0,4,0.5731404423713684,0.14485237002372742,-0.48328259587287903,0,5,0.5632699728012085,0.134637713432312,-0.4834345281124115,0,6,0.5521571040153503,0.12241319566965103,-0.483539879322052,0,7,0.5939862132072449,0.13226260244846344,-0.2873189151287079,0,8,0.5147010087966919,0.07007050514221191,-0.43431538343429565,0,9,0.5644871592521667,0.21242883801460266,-0.382620245218277,0,10,0.5415892004966736,0.195048987865448,-0.42506733536720276,0,11,0.5973523259162903,0.2254774123430252,-0.15900737047195435,0,12,0.3866978585720062,0.17130139470100403,-0.39148271083831787,0,13,0.6541585922241211,0.511261522769928,-0.23166963458061218,0,14,0.36984455585479736,0.5226226449012756,-0.43775543570518494,0,15,0.6993569135665894,0.5156064033508301,-0.5174280405044556,0,16,0.5864731073379517,0.5645208358764648,-0.45568665862083435,0,17,0.7165216207504272,0.5248545408248901,-0.5587650537490845,0,18,0.6501165628433228,0.6153615117073059,-0.4925630986690521,0,19,0.7178090214729309,0.48529160022735596,-0.5634651780128479,0,20,0.6578091979026794,0.5293682813644409,-0.4730149209499359,0,21,0.6999170780181885,0.48415255546569824,-0.5249646306037903,0,22,0.6377424597740173,0.5189701318740845,-0.4425414800643921,0,23,0.5165330767631531,0.6027548909187317,0.06013607606291771,0,24,0.38325029611587524,0.6284644603729248,-0.059452466666698456,0,25,0.7356560230255127,0.5333704352378845,-0.07621435821056366,0,26,0.3553093671798706,0.5956524610519409,-0.47322243452072144,0,27,0.510026752948761,0.7306417226791382,-0.11652789264917374,0,28,0.6382149457931519,0.7302758693695068,-0.2895871698856354,0,29,0.47422701120376587,0.7425150275230408,-0.10889872908592224,0,30,0.644338846206665,0.7262319326400757,-0.2540513277053833,0,31,0.4567282795906067,0.8041948676109314,-0.1733754426240921,0,32,0.7536514401435852,0.7647005915641785,-0.3021957278251648,0
0,0.5714957118034363,0.19052162766456604,-0.46939149498939514,0,1,0.5926021337509155,0.15512824058532715,-0.46104663610458374,0,2,0.5980742573738098,0.15442512929439545,-0.4611935019493103,0,3,0.6025406122207642,0.15364617109298706,-0.46138080954551697,0,4,0.5713168978691101,0.14370349049568176,-0.4926142394542694,0,5,0.5609592199325562,0.13304787874221802,-0.4927608370780945,0,6,0.5499124526977539,0.1205209344625473,-0.4928571283817291,0,7,0.5944636464118958,0.13233964145183563,-0.29570209980010986,0,8,0.5126485824584961,0.0680377185344696,-0.43823811411857605,0,9,0.5636165142059326,0.21252696216106415,-0.3917856514453888,0,10,0.5400053262710571,0.1949562281370163,-0.4329448938369751,0,11,0.5974076986312866,0.22537364065647125,-0.1632819026708603,0,12,0.3867424726486206,0.1712883710861206,-0.39369380474090576,0,13,0.6537005305290222,0.5086992979049683,-0.2382766306400299,0,14,0.3691605031490326,0.5235121250152588,-0.4385735094547272,0,15,0.699354350566864,0.5109877586364746,-0.5292215347290039,0,16,0.5856053829193115,0.5644150972366333,-0.4564987123012543,0,17,0.7165324687957764,0.5205680131912231,-0.5721977949142456,0,18,0.650483250617981,0.6154217720031738,-0.4935607612133026,0,19,0.7178049087524414,0.4807853400707245,-0.5759837627410889,0,20,0.6589125990867615,0.5305939316749573,-0.473644882440567,0,21,0.6999053359031677,0.4794430136680603,-0.536514401435852,0,22,0.6386821269989014,0.5194059014320374,-0.4431820213794708,0,23,0.5163151025772095,0.602377712726593,0.06019584462046623,0,24,0.3831922113895416,0.6283291578292847,-0.059515245258808136,0,25,0.7351444959640503,0.5326625108718872,-0.07386761158704758,0,26,0.35559913516044617,0.5964750051498413,-0.4784225523471832,0,27,0.5101791024208069,0.7308324575424194,-0.10446009039878845,0,28,0.6384227275848389,0.7302200198173523,-0.29656845331192017,0,29,0.47432297468185425,0.7431061863899231,-0.09648335725069046,0,30,0.6446621417999268,0.7267827391624451,-0.26139646768569946,0,31,0.45674580335617065,0.8041781783103943,-0.16201280057430267,0,32,0.7538437247276306,0.7645560503005981,-0.31395524740219116,0
0,0.5701143145561218,0.1905459761619568,-0.4646577835083008,0,1,0.5911792516708374,0.15512458980083466,-0.45600900053977966,0,2,0.5968179702758789,0.1544276624917984,-0.45615971088409424,0,3,0.6015368700027466,0.15366409718990326,-0.45635196566581726,0,4,0.5698582530021667,0.14360420405864716,-0.48818185925483704,0,5,0.5594339370727539,0.13286249339580536,-0.4883301854133606,0,6,0.548423171043396,0.1202852874994278,-0.488429456949234,0,7,0.594368040561676,0.1324446052312851,-0.2914718687534332,0,8,0.5106990337371826,0.06750818341970444,-0.4362963140010834,0,9,0.5625247955322266,0.21283088624477386,-0.38752707839012146,0,10,0.5388070940971375,0.1951926052570343,-0.42939379811286926,0,11,0.5971440076828003,0.22536222636699677,-0.1618162840604782,0,12,0.38679593801498413,0.17132344841957092,-0.3925822675228119,0,13,0.6532275676727295,0.5087207555770874,-0.23483991622924805,0,14,0.368789941072464,0.5242813229560852,-0.4380839467048645,0,15,0.6991100907325745,0.5111160278320312,-0.5214447379112244,0,16,0.5852479338645935,0.5642504096031189,-0.45627135038375854,0,17,0.7162460684776306,0.5209168791770935,-0.5635702610015869,0,18,0.6506503820419312,0.6155024766921997,-0.49303385615348816,0,19,0.7175721526145935,0.4809001088142395,-0.5679569840431213,0,20,0.6591020822525024,0.5316460728645325,-0.47218817472457886,0,21,0.6996889710426331,0.47964873909950256,-0.5288189053535461,0,22,0.6388188004493713,0.5200718641281128,-0.4425783157348633,0,23,0.5156789422035217,0.6021962761878967,0.06026964262127876,0,24,0.3830777108669281,0.6283280849456787,-0.05959295853972435,0,25,0.734707772731781,0.5327026844024658,-0.07793619483709335,0,26,0.35560375452041626,0.5961742401123047,-0.4743552803993225,0,27,0.507569432258606,0.7306795716285706,-0.1164947971701622,0,28,0.6385136246681213,0.7302000522613525,-0.29277387261390686,0,29,0.47166433930397034,0.7427831292152405,-0.1091613918542862,0,30,0.6454602479934692,0.7264223694801331,-0.2575678825378418,0,31,0.4567015767097473,0.8041354417800903,-0.17571666836738586,0,32,0.7539281249046326,0.7645784616470337,-0.31036385893821716,0
0,0.5696679353713989,0.19068384170532227,-0.46419355273246765,0,1,0.5906833410263062,0.1552761346101761,-0.45524948835372925,0,2,0.5963395833969116,0.15462936460971832,-0.45540568232536316,0,3,0.6011190414428711,0.15391433238983154,-0.45560407638549805,0,4,0.5695379376411438,0.1436394602060318,-0.48792991042137146,0,5,0.5592315793037415,0.13287150859832764,-0.4880760610103607,0,6,0.5482136607170105,0.12028574198484421,-0.4881729483604431,0,7,0.5942543148994446,0.13302654027938843,-0.2908824384212494,0,8,0.5102420449256897,0.06751079857349396,-0.4375719130039215,0,9,0.5620462894439697,0.21317647397518158,-0.3872655928134918,0,10,0.538280725479126,0.1955026537179947,-0.4297367036342621,0,11,0.5965916514396667,0.22559401392936707,-0.16179628670215607,0,12,0.3868398368358612,0.17152659595012665,-0.39531460404396057,0,13,0.6528454422950745,0.5086185932159424,-0.23418574035167694,0,14,0.3690589368343353,0.5271167755126953,-0.4418240785598755,0,15,0.6994202733039856,0.5113955736160278,-0.5177436470985413,0,16,0.5849100947380066,0.5641563534736633,-0.4564040005207062,0,17,0.7168067693710327,0.5213422775268555,-0.5593895316123962,0,18,0.6527751684188843,0.6189697980880737,-0.4933061897754669,0,19,0.7182449698448181,0.48108264803886414,-0.5639864802360535,0,20,0.6617181897163391,0.5372095704078674,-0.47251197695732117,0,21,0.7002686262130737,0.4798213243484497,-0.5251798033714294,0,22,0.6412912011146545,0.5244660377502441,-0.44281965494155884,0,23,0.514817476272583,0.6018744707107544,0.06040878966450691,0,24,0.38280007243156433,0.6282727122306824,-0.05973631888628006,0,25,0.7341350317001343,0.5327355265617371,-0.07721975445747375,0,26,0.35574260354042053,0.5960615873336792,-0.4727171063423157,0,27,0.5076239705085754,0.7308834791183472,-0.1155463457107544,0,28,0.6378791332244873,0.7573938965797424,-0.2922532856464386,0,29,0.47171926498413086,0.7429745197296143,-0.10832478851079941,0,30,0.6461214423179626,0.7257282137870789,-0.2572796642780304,0,31,0.45671895146369934,0.8041084408760071,-0.1742739975452423,0,32,0.7539641857147217,0.7642775177955627,-0.3097371757030487,0
0,0.5693023204803467,0.19073984026908875,-0.4616207480430603,0,1,0.590421736240387,0.1554071605205536,-0.45264536142349243,0,2,0.5961187481880188,0.15478456020355225,-0.45279940962791443,0,3,0.6009480357170105,0.15409424901008606,-0.45299479365348816,0,4,0.569283664226532,0.1436886489391327,-0.48565584421157837,0,5,0.5589708685874939,0.13287855684757233,-0.48580795526504517,0,6,0.5479762554168701,0.12027357518672943,-0.485910564661026,0,7,0.5942256450653076,0.13359805941581726,-0.2890254557132721,0,8,0.5098925232887268,0.06725794821977615,-0.4360295236110687,0,9,0.5616560578346252,0.21328799426555634,-0.38508328795433044,0,10,0.537886381149292,0.19557341933250427,-0.4281342923641205,0,11,0.5962972640991211,0.22577381134033203,-0.1593875288963318,0,12,0.3868905305862427,0.17159080505371094,-0.3940218389034271,0,13,0.6526827216148376,0.5085487365722656,-0.23052509129047394,0,14,0.36906856298446655,0.5271105170249939,-0.44119611382484436,0,15,0.7014372944831848,0.5116735100746155,-0.5077895522117615,0,16,0.5847327709197998,0.5636235475540161,-0.4531921446323395,0,17,0.7200040221214294,0.5215056538581848,-0.548387348651886,0,18,0.6531742215156555,0.6189342737197876,-0.4898407757282257,0,19,0.721796989440918,0.48143094778060913,-0.5530036091804504,0,20,0.6621520519256592,0.5373701453208923,-0.4683650732040405,0,21,0.703231155872345,0.48012298345565796,-0.5154465436935425,0,22,0.6417084336280823,0.5245328545570374,-0.43933743238449097,0,23,0.5145684480667114,0.6015806198120117,0.06042734533548355,0,24,0.3827858567237854,0.6281580924987793,-0.05975417420268059,0,25,0.734007716178894,0.5327312350273132,-0.0776907205581665,0,26,0.3557477295398712,0.5960628986358643,-0.4693123400211334,0,27,0.507735550403595,0.7307716608047485,-0.115045465528965,0,28,0.6366360783576965,0.7637284994125366,-0.29185259342193604,0,29,0.47196197509765625,0.7428389191627502,-0.10774353891611099,0,30,0.6471344828605652,0.7240754961967468,-0.25717344880104065,0,31,0.4567151367664337,0.8039817810058594,-0.17377933859825134,0,32,0.7543904781341553,0.7641293406486511,-0.3096581697463989,0
0,0.5686059594154358,0.1908658891916275,-0.4609186053276062,0,1,0.5898034572601318,0.15585803985595703,-0.451971173286438,0,2,0.5956072211265564,0.15529686212539673,-0.4521262049674988,0,3,0.600572407245636,0.15465286374092102,-0.4523213803768158,0,4,0.5686120986938477,0.14385230839252472,-0.48465409874916077,0,5,0.5583125948905945,0.13293346762657166,-0.4848027229309082,0,6,0.5473803877830505,0.12027756124734879,-0.4849032163619995,0,7,0.5942132472991943,0.13442525267601013,-0.28793615102767944,0,8,0.5091930031776428,0.06679218262434006,-0.43563905358314514,0,9,0.5609552264213562,0.2134270966053009,-0.38416588306427,0,10,0.5370480418205261,0.19562949240207672,-0.42687395215034485,0,11,0.5960843563079834,0.22604316473007202,-0.15891976654529572,0,12,0.38693517446517944,0.1716536581516266,-0.39364179968833923,0,13,0.6526708006858826,0.5084527134895325,-0.22975973784923553,0,14,0.36966150999069214,0.5271533727645874,-0.4405156075954437,0,15,0.701905369758606,0.511754035949707,-0.5089007616043091,0,16,0.5846797227859497,0.5631594657897949,-0.452764630317688,0,17,0.7205036282539368,0.5214832425117493,-0.5496894121170044,0,18,0.6536389589309692,0.6189144253730774,-0.4893108606338501,0,19,0.7222521901130676,0.48165035247802734,-0.5539923310279846,0,20,0.6624289751052856,0.5374463200569153,-0.4677867889404297,0,21,0.7036615014076233,0.4803636968135834,-0.5164587497711182,0,22,0.6355823874473572,0.5237523317337036,-0.4388352036476135,0,23,0.5144044756889343,0.6015668511390686,0.06045997515320778,0,24,0.3827064335346222,0.6281616687774658,-0.05978832766413689,0,25,0.7336451411247253,0.5333428978919983,-0.07740896195173264,0,26,0.35575181245803833,0.5960633754730225,-0.468473881483078,0,27,0.5078026056289673,0.7307710647583008,-0.11502179503440857,0,28,0.6357330083847046,0.7674682140350342,-0.2907322347164154,0,29,0.4721042215824127,0.7428396940231323,-0.1077854111790657,0,30,0.6473875045776367,0.7235210537910461,-0.25613343715667725,0,31,0.4567197561264038,0.8038598299026489,-0.1733926683664322,0,32,0.7546413540840149,0.7639636397361755,-0.30906370282173157,0
0,0.5684259533882141,0.1909521371126175,-0.4609116017818451,0,1,0.5896171927452087,0.1561301350593567,-0.4521419107913971,0,2,0.5954501628875732,0.15557761490345,-0.45229899883270264,0,3,0.6004515886306763,0.15494786202907562,-0.45249560475349426,0,4,0.5684629678726196,0.14403970539569855,-0.4845390319824219,0,5,0.5582210421562195,0.13305486738681793,-0.48468706011772156,0,6,0.5473517179489136,0.1203446313738823,-0.48478901386260986,0,7,0.5942122340202332,0.1347423493862152,-0.2881539463996887,0,8,0.509142279624939,0.06645990163087845,-0.43491798639297485,0,9,0.5607413053512573,0.21348367631435394,-0.3841576874256134,0,10,0.5368935465812683,0.19568075239658356,-0.426480770111084,0,11,0.596078634262085,0.2269802838563919,-0.1587953120470047,0,12,0.38699886202812195,0.17171745002269745,-0.3931088447570801,0,13,0.6526563763618469,0.5095865726470947,-0.22924183309078217,0,14,0.36954519152641296,0.5272098779678345,-0.4400666356086731,0,15,0.7018972635269165,0.5137903094291687,-0.5086825489997864,0,16,0.5840994119644165,0.5630794763565063,-0.4532695412635803,0,17,0.720480740070343,0.5238762497901917,-0.5495885610580444,0,18,0.6532294750213623,0.6202714443206787,-0.49006927013397217,0,19,0.7222215533256531,0.4838671088218689,-0.5539413690567017,0,20,0.6502055525779724,0.5340151786804199,-0.46924668550491333,0,21,0.7036424875259399,0.4823766052722931,-0.5162305235862732,0,22,0.63187175989151,0.5236037373542786,-0.4396187365055084,0,23,0.5143277049064636,0.6015510559082031,0.06038203090429306,0,24,0.38268914818763733,0.6281386017799377,-0.05971304699778557,0,25,0.7336111068725586,0.5331407785415649,-0.07733304798603058,0,26,0.3556685447692871,0.5959290862083435,-0.4679552912712097,0,27,0.50791996717453,0.7307273149490356,-0.11538207530975342,0,28,0.6366018652915955,0.746683657169342,-0.29232609272003174,0,29,0.472276508808136,0.7427391409873962,-0.10818507522344589,0,30,0.6476414799690247,0.7228405475616455,-0.25807562470436096,0,31,0.4567200541496277,0.8037433624267578,-0.1734880954027176,0,32,0.7547290325164795,0.7634201049804688,-0.31142958998680115,0
0,0.5683250427246094,0.19122196733951569,-0.46078068017959595,0,1,0.5895765423774719,0.15644708275794983,-0.4524034857749939,0,2,0.5954429507255554,0.15585044026374817,-0.452558696269989,0,3,0.6004535555839539,0.15519234538078308,-0.4527518153190613,0,4,0.5682966709136963,0.14439721405506134,-0.4844821095466614,0,5,0.5580808520317078,0.1333344280719757,-0.48463186621665955,0,6,0.5472657084465027,0.12053687125444412,-0.4847349524497986,0,7,0.5942745804786682,0.13504613935947418,-0.2890525758266449,0,8,0.5090320110321045,0.06641209870576859,-0.4344269335269928,0,9,0.5607252717018127,0.2135898619890213,-0.38412100076675415,0,10,0.5368556976318359,0.19580605626106262,-0.4260920286178589,0,11,0.5961334705352783,0.22776095569133759,-0.15858565270900726,0,12,0.38700705766677856,0.17172493040561676,-0.3921828269958496,0,13,0.6526578068733215,0.5109679102897644,-0.22711922228336334,0,14,0.36871880292892456,0.5277366638183594,-0.4357811510562897,0,15,0.7005203366279602,0.5173327326774597,-0.5085353851318359,0,16,0.5821544528007507,0.5629662275314331,-0.45309725403785706,0,17,0.717997133731842,0.5291295647621155,-0.549443244934082,0,18,0.624376654624939,0.5991516709327698,-0.48991796374320984,0,19,0.7192634344100952,0.4879392385482788,-0.5539152026176453,0,20,0.6363943219184875,0.5316883325576782,-0.469259649515152,0,21,0.7011638879776001,0.4855976104736328,-0.515982449054718,0,22,0.6226999163627625,0.5229746699333191,-0.4395275413990021,0,23,0.5142794847488403,0.6014872789382935,0.060348138213157654,0,24,0.38268181681632996,0.6281768679618835,-0.059680771082639694,0,25,0.7336109280586243,0.5329011678695679,-0.0774601399898529,0,26,0.35567188262939453,0.5949700474739075,-0.46698638796806335,0,27,0.5080550312995911,0.7306780815124512,-0.11593974381685257,0,28,0.6373241543769836,0.7395520806312561,-0.2937466502189636,0,29,0.47244787216186523,0.7426628470420837,-0.1088375672698021,0,30,0.6479454040527344,0.7227979302406311,-0.25985458493232727,0,31,0.45671576261520386,0.803779125213623,-0.1750585287809372,0,32,0.7549126744270325,0.763240396976471,-0.31322434544563293,0
0,0.5683966279029846,0.19132353365421295,-0.46070072054862976,0,1,0.5896766781806946,0.1566580832004547,-0.45197513699531555,0,2,0.5955697298049927,0.15604130923748016,-0.45213162899017334,0,3,0.6006022691726685,0.15537624061107635,-0.45232802629470825,0,4,0.5683871507644653,0.14464688301086426,-0.48425695300102234,0,5,0.5582520961761475,0.13351351022720337,-0.4844034016132355,0,6,0.5474211573600769,0.12062849849462509,-0.4845062792301178,0,7,0.5944089889526367,0.13524052500724792,-0.28857386112213135,0,8,0.5091009736061096,0.06640025228261948,-0.4342714846134186,0,9,0.5607880353927612,0.21359340846538544,-0.383838951587677,0,10,0.5368634462356567,0.195811927318573,-0.4259801208972931,0,11,0.5964528918266296,0.22798539698123932,-0.15835991501808167,0,12,0.3870198130607605,0.1717507541179657,-0.39016658067703247,0,13,0.6527307629585266,0.5114717483520508,-0.21995052695274353,0,14,0.36837324500083923,0.528171718120575,-0.4294739067554474,0,15,0.6984706521034241,0.5198225378990173,-0.504301130771637,0,16,0.5765034556388855,0.5628097653388977,-0.45231154561042786,0,17,0.7146037220954895,0.5335753560066223,-0.5466310977935791,0,18,0.6172993183135986,0.5906122922897339,-0.4895259141921997,0,19,0.7151991128921509,0.4909905195236206,-0.551218569278717,0,20,0.63178950548172,0.5297202467918396,-0.46927306056022644,0,21,0.6977830529212952,0.4876941740512848,-0.511750340461731,0,22,0.619089663028717,0.5217617154121399,-0.4390828311443329,0,23,0.5142675638198853,0.6014825105667114,0.06035327911376953,0,24,0.38267406821250916,0.6282925009727478,-0.059686727821826935,0,25,0.7336300611495972,0.5326696634292603,-0.07663694769144058,0,26,0.35573068261146545,0.5944050550460815,-0.46617382764816284,0,27,0.5087045431137085,0.7307940721511841,-0.11613614857196808,0,28,0.638103723526001,0.736922025680542,-0.29799917340278625,0,29,0.4731006622314453,0.7429184317588806,-0.10908855497837067,0,30,0.6483363509178162,0.7246959805488586,-0.26500511169433594,0,31,0.4567412734031677,0.8038730621337891,-0.1751227229833603,0,32,0.7549684047698975,0.7632428407669067,-0.3186221122741699,0
0,0.5678637027740479,0.1929064691066742,-0.4607306718826294,0,1,0.5893134474754333,0.1588703989982605,-0.45267266035079956,0,2,0.5953614711761475,0.1581447571516037,-0.45283159613609314,0,3,0.6005146503448486,0.15732227265834808,-0.45303142070770264,0,4,0.5677822828292847,0.1462899148464203,-0.4842824637889862,0,5,0.5576773285865784,0.1348133385181427,-0.4844282865524292,0,6,0.5469582080841064,0.12135501205921173,-0.4845309853553772,0,7,0.5945188999176025,0.13627442717552185,-0.2899477183818817,0,8,0.509053111076355,0.066531240940094,-0.4338077902793884,0,9,0.5605067014694214,0.21453118324279785,-0.3839677572250366,0,10,0.5363876223564148,0.1963261216878891,-0.42560631036758423,0,11,0.5972121953964233,0.2283734381198883,-0.15837697684764862,0,12,0.38703152537345886,0.1717577874660492,-0.38484805822372437,0,13,0.6545165181159973,0.5162982940673828,-0.21971231698989868,0,14,0.367036372423172,0.529482901096344,-0.4260784685611725,0,15,0.6997489929199219,0.5270293951034546,-0.5001641511917114,0,16,0.5725588202476501,0.5628202557563782,-0.45238086581230164,0,17,0.7158321142196655,0.5402913093566895,-0.542438268661499,0,18,0.6148830652236938,0.5885304808616638,-0.48967444896698,0,19,0.7165594100952148,0.49803686141967773,-0.5460138916969299,0,20,0.6302487850189209,0.5291820168495178,-0.4697713851928711,0,21,0.6989889144897461,0.4948073923587799,-0.5071129202842712,0,22,0.6177818179130554,0.5216413736343384,-0.43926671147346497,0,23,0.5143807530403137,0.6014741659164429,0.05961604043841362,0,24,0.38276249170303345,0.6282846331596375,-0.05894777551293373,0,25,0.733508288860321,0.533885657787323,-0.08208023756742477,0,26,0.35550835728645325,0.5941296219825745,-0.4670349955558777,0,27,0.5086787343025208,0.7310647368431091,-0.11671365797519684,0,28,0.6380916237831116,0.7351683974266052,-0.31323376297950745,0,29,0.4731258749961853,0.7431756258010864,-0.10938366502523422,0,30,0.6482352018356323,0.7256682515144348,-0.2816354036331177,0,31,0.4566434323787689,0.8039025664329529,-0.17989325523376465,0,32,0.7529967427253723,0.7638112902641296,-0.34470289945602417,0
0,0.5670433044433594,0.19355422258377075,-0.46038496494293213,0,1,0.5885220766067505,0.16008757054805756,-0.45236578583717346,0,2,0.5947340726852417,0.1593695729970932,-0.4525257349014282,0,3,0.6000662446022034,0.15850387513637543,-0.4527260363101959,0,4,0.5668341517448425,0.14684118330478668,-0.4839702844619751,0,5,0.5567519664764404,0.13509313762187958,-0.48411718010902405,0,6,0.546068012714386,0.12138783186674118,-0.4842201769351959,0,7,0.5945504903793335,0.13663332164287567,-0.29013770818710327,0,8,0.5086342096328735,0.06649467349052429,-0.4325854480266571,0,9,0.5599446892738342,0.21473439037799835,-0.38368552923202515,0,10,0.5355750918388367,0.19640234112739563,-0.4252516031265259,0,11,0.5978638529777527,0.22835767269134521,-0.15849266946315765,0,12,0.38704249262809753,0.17175886034965515,-0.38150888681411743,0,13,0.6547359824180603,0.516775369644165,-0.21922534704208374,0,14,0.36672288179397583,0.5296475291252136,-0.42304283380508423,0,15,0.69975745677948,0.5295294523239136,-0.49517592787742615,0,16,0.5727068781852722,0.5627944469451904,-0.4518779218196869,0,17,0.7158514261245728,0.5431186556816101,-0.5375471115112305,0,18,0.6196379065513611,0.5877670049667358,-0.48949235677719116,0,19,0.7166079878807068,0.500943124294281,-0.5412856936454773,0,20,0.6330102682113647,0.5289672017097473,-0.46976056694984436,0,21,0.6990292072296143,0.497589111328125,-0.5020554065704346,0,22,0.6190966367721558,0.5216118693351746,-0.4389963150024414,0,23,0.5149115920066833,0.6010355353355408,0.05860266461968422,0,24,0.3832876980304718,0.6277625560760498,-0.05793238803744316,0,25,0.7332801818847656,0.5344480872154236,-0.08196081966161728,0,26,0.35493525862693787,0.5941264629364014,-0.469285786151886,0,27,0.508699893951416,0.731535792350769,-0.1140608862042427,0,28,0.6379132866859436,0.734282374382019,-0.32232508063316345,0,29,0.47319111227989197,0.7436016201972961,-0.10635047405958176,0,30,0.6478512287139893,0.7262493968009949,-0.2912454903125763,0,31,0.45664742588996887,0.803607165813446,-0.1787405014038086,0,32,0.7518295645713806,0.7645488977432251,-0.3553936183452606,0
0,0.5656318068504333,0.19385893642902374,-0.46609604358673096,0,1,0.587668776512146,0.16035974025726318,-0.4589436948299408,0,2,0.5940521359443665,0.1596904844045639,-0.4591144621372223,0,3,0.5995528697967529,0.1588476598262787,-0.45933058857917786,0,4,0.5656240582466125,0.14684732258319855,-0.4885770082473755,0,5,0.555540144443512,0.13505975902080536,-0.4887162446975708,0,6,0.5449164509773254,0.12114518880844116,-0.4888170063495636,0,7,0.5946656465530396,0.13671545684337616,-0.29567402601242065,0,8,0.507870614528656,0.06500591337680817,-0.43244025111198425,0,9,0.558853030204773,0.21497325599193573,-0.38877934217453003,0,10,0.5342125296592712,0.19641004502773285,-0.42776986956596375,0,11,0.5986011028289795,0.22860577702522278,-0.161290243268013,0,12,0.3870745301246643,0.17175893485546112,-0.38109567761421204,0,13,0.6561533212661743,0.5188690423965454,-0.2208901196718216,0,14,0.36644747853279114,0.5298272371292114,-0.42320841550827026,0,15,0.7022570967674255,0.53435879945755,-0.4929359257221222,0,16,0.5728579163551331,0.5627236366271973,-0.45425742864608765,0,17,0.718743622303009,0.5473670959472656,-0.5344544649124146,0,18,0.6348574757575989,0.6046372056007385,-0.4924396276473999,0,19,0.720023512840271,0.5057604908943176,-0.5387089252471924,0,20,0.6344677805900574,0.5282688140869141,-0.47211754322052,0,21,0.702299177646637,0.5029227137565613,-0.49985015392303467,0,22,0.6193669438362122,0.5214113593101501,-0.44127511978149414,0,23,0.5152097344398499,0.6009228825569153,0.05822017416357994,0,24,0.38364699482917786,0.6275573968887329,-0.057556528598070145,0,25,0.7333420515060425,0.5344985723495483,-0.08480162918567657,0,26,0.3542327284812927,0.5929372906684875,-0.47144815325737,0,27,0.5085740685462952,0.7315070033073425,-0.11462949961423874,0,28,0.6379110813140869,0.7332394123077393,-0.3199254870414734,0,29,0.47310683131217957,0.743545651435852,-0.10655207186937332,0,30,0.6478887796401978,0.7255950570106506,-0.2879658043384552,0,31,0.4565046727657318,0.8034284710884094,-0.18055038154125214,0,32,0.7510660886764526,0.7641313076019287,-0.35073643922805786,0
0,0.5655807852745056,0.19437022507190704,-0.4767501950263977,0,1,0.5875203609466553,0.16149942576885223,-0.4697531759738922,0,2,0.5939167141914368,0.16083525121212006,-0.46991533041000366,0,3,0.5994513034820557,0.15993072092533112,-0.4701204299926758,0,4,0.5655548572540283,0.14765046536922455,-0.49988025426864624,0,5,0.5555115938186646,0.13571712374687195,-0.5000223517417908,0,6,0.5449122786521912,0.12155622988939285,-0.5001248121261597,0,7,0.594789445400238,0.1370292454957962,-0.3046421706676483,0,8,0.5078471302986145,0.06505022943019867,-0.44159039855003357,0,9,0.558800995349884,0.21527841687202454,-0.39854952692985535,0,10,0.5341730713844299,0.19649794697761536,-0.43797287344932556,0,11,0.5985976457595825,0.22860249876976013,-0.16685131192207336,0,12,0.3871445655822754,0.1718764454126358,-0.3906572163105011,0,13,0.6551355719566345,0.5188517570495605,-0.23217935860157013,0,14,0.36652711033821106,0.5298094749450684,-0.4351920485496521,0,15,0.7036067843437195,0.5324780344963074,-0.5088714957237244,0,16,0.5732672214508057,0.5626904964447021,-0.4591596722602844,0,17,0.721657395362854,0.5436038970947266,-0.5514336228370667,0,18,0.6437947154045105,0.6221134066581726,-0.49711740016937256,0,19,0.7237868905067444,0.5029656291007996,-0.5561500191688538,0,20,0.6514362692832947,0.5429583787918091,-0.476326048374176,0,21,0.7051887512207031,0.5007244348526001,-0.516428530216217,0,22,0.6317693591117859,0.5302513241767883,-0.4457763731479645,0,23,0.5150553584098816,0.601111114025116,0.058356720954179764,0,24,0.38358834385871887,0.6278148293495178,-0.057692427188158035,0,25,0.7333390116691589,0.5344042778015137,-0.06973417103290558,0,26,0.3543369472026825,0.5933783054351807,-0.4753101170063019,0,27,0.5088656544685364,0.7315071225166321,-0.09423208981752396,0,28,0.6388028860092163,0.7312971949577332,-0.31733953952789307,0,29,0.47337955236434937,0.7436283230781555,-0.08598297089338303,0,30,0.6480939984321594,0.7246440052986145,-0.2848234474658966,0,31,0.4567311108112335,0.8034204840660095,-0.15572519600391388,0,32,0.7521514296531677,0.7638384699821472,-0.34509027004241943,0
0,0.566627562046051,0.19535233080387115,-0.4684852361679077,0,1,0.5878753066062927,0.1623479425907135,-0.46277937293052673,0,2,0.5942325592041016,0.16136690974235535,-0.462934672832489,0,3,0.5997615456581116,0.16021671891212463,-0.46313101053237915,0,4,0.5661181807518005,0.149986132979393,-0.4938611090183258,0,5,0.5562341809272766,0.13869772851467133,-0.49400949478149414,0,6,0.5456472635269165,0.12526851892471313,-0.49411144852638245,0,7,0.5949716567993164,0.13703800737857819,-0.3045063018798828,0,8,0.5088040828704834,0.07036413997411728,-0.44038599729537964,0,9,0.5597420930862427,0.21568526327610016,-0.3929350674152374,0,10,0.5352079272270203,0.19761180877685547,-0.4335520565509796,0,11,0.5979726910591125,0.22788028419017792,-0.16619250178337097,0,12,0.3871542811393738,0.17219403386116028,-0.39031320810317993,0,13,0.6556444764137268,0.5172278881072998,-0.22185787558555603,0,14,0.36667633056640625,0.5295196771621704,-0.43417999148368835,0,15,0.6988531351089478,0.5344143509864807,-0.4889918863773346,0,16,0.572492241859436,0.562872052192688,-0.45896685123443604,0,17,0.7137938737869263,0.5494235754013062,-0.5310765504837036,0,18,0.6283782720565796,0.6035861372947693,-0.49686774611473083,0,19,0.7133427858352661,0.5078356862068176,-0.5361193418502808,0,20,0.6484506726264954,0.5421040058135986,-0.47607454657554626,0,21,0.6965885162353516,0.5045809149742126,-0.4958091080188751,0,22,0.6268723607063293,0.5300856828689575,-0.44565555453300476,0,23,0.5150392651557922,0.6011050939559937,0.05833866819739342,0,24,0.3835463523864746,0.6286080479621887,-0.05767395347356796,0,25,0.7329291701316833,0.5343409180641174,-0.05734295770525932,0,26,0.3547345995903015,0.5938202738761902,-0.47649237513542175,0,27,0.5116773843765259,0.731869637966156,-0.08776620030403137,0,28,0.6386935114860535,0.7313516139984131,-0.3174603581428528,0,29,0.4758954346179962,0.744969367980957,-0.0803963840007782,0,30,0.6471550464630127,0.7242835760116577,-0.2847801148891449,0,31,0.4617629051208496,0.8039246797561646,-0.14501482248306274,0,32,0.7516221404075623,0.7636246681213379,-0.34329119324684143,0
0,0.5688437819480896,0.19515711069107056,-0.46450382471084595,0,1,0.5890560150146484,0.1622038185596466,-0.4559765160083771,0,2,0.5952656865119934,0.16121003031730652,-0.4561290442943573,0,3,0.6007238626480103,0.16005566716194153,-0.45632442831993103,0,4,0.5672330260276794,0.1499723196029663,-0.4891306459903717,0,5,0.5571863055229187,0.1387287974357605,-0.4892785847187042,0,6,0.5463256239891052,0.1254166215658188,-0.48938611149787903,0,7,0.5954266786575317,0.13692723214626312,-0.2933322489261627,0,8,0.5091637372970581,0.07126814872026443,-0.44029662013053894,0,9,0.5621697902679443,0.21554461121559143,-0.388752281665802,0,10,0.5366834998130798,0.1976367086172104,-0.43189701437950134,0,11,0.5976544618606567,0.2280452698469162,-0.16343377530574799,0,12,0.3871625065803528,0.17220012843608856,-0.39030390977859497,0,13,0.656755268573761,0.5171888470649719,-0.2221665233373642,0,14,0.36732640862464905,0.5267285108566284,-0.4372168481349945,0,15,0.7007960677146912,0.5316272974014282,-0.4900738596916199,0,16,0.5738354325294495,0.5636011958122253,-0.4586365520954132,0,17,0.7160020470619202,0.5450267791748047,-0.532417356967926,0,18,0.6358016133308411,0.6237733364105225,-0.49643391370773315,0,19,0.7156246304512024,0.5039929151535034,-0.536823034286499,0,20,0.6522055268287659,0.550298273563385,-0.475894033908844,0,21,0.6986398100852966,0.5016703009605408,-0.49617525935173035,0,22,0.6304396986961365,0.5355039834976196,-0.44538748264312744,0,23,0.5150429010391235,0.6012394428253174,0.05840875208377838,0,24,0.3835636377334595,0.6290252804756165,-0.057741329073905945,0,25,0.7329210042953491,0.5338576436042786,-0.05374600738286972,0,26,0.3549027144908905,0.5937557816505432,-0.4741363525390625,0,27,0.5148696899414062,0.7327399253845215,-0.0873795822262764,0,28,0.6384220123291016,0.7296467423439026,-0.31027671694755554,0,29,0.4787001311779022,0.7471945881843567,-0.08055613189935684,0,30,0.6460151672363281,0.7217938899993896,-0.2776511013507843,0,31,0.46413353085517883,0.8043093085289001,-0.14734750986099243,0,32,0.7510914206504822,0.7625271677970886,-0.33277228474617004,0
0,0.5699169635772705,0.19497095048427582,-0.46214237809181213,0,1,0.589622437953949,0.16205596923828125,-0.45253583788871765,0,2,0.5957847237586975,0.16105082631111145,-0.4526881277561188,0,3,0.6012040376663208,0.15989601612091064,-0.45288389921188354,0,4,0.5678139328956604,0.14996004104614258,-0.48629239201545715,0,5,0.5576925277709961,0.13872601091861725,-0.48643866181373596,0,6,0.5466775894165039,0.1254703849554062,-0.48654815554618835,0,7,0.5957053899765015,0.1368308961391449,-0.2882941663265228,0,8,0.509346067905426,0.07184326648712158,-0.4394703209400177,0,9,0.5632851719856262,0.21542274951934814,-0.38620635867118835,0,10,0.5373991131782532,0.19764772057533264,-0.4304082691669464,0,11,0.5974158644676208,0.2282124161720276,-0.16148985922336578,0,12,0.38717153668403625,0.17220330238342285,-0.3901185691356659,0,13,0.6574458479881287,0.5171709656715393,-0.22275514900684357,0,14,0.36777278780937195,0.5249961614608765,-0.4383562207221985,0,15,0.7017840147018433,0.5288800597190857,-0.49196842312812805,0,16,0.5747706890106201,0.5639647841453552,-0.4583500623703003,0,17,0.7170811891555786,0.5409985780715942,-0.5344143509864807,0,18,0.640074610710144,0.6302649974822998,-0.4962511360645294,0,19,0.7167667150497437,0.5003635883331299,-0.5369163155555725,0,20,0.6544153094291687,0.5531768202781677,-0.4758436381816864,0,21,0.699683427810669,0.49870654940605164,-0.4974571168422699,0,22,0.6327437162399292,0.5375928282737732,-0.4451580047607422,0,23,0.5150505304336548,0.6013523936271667,0.05845441669225693,0,24,0.38357749581336975,0.6293773055076599,-0.057785674929618835,0,25,0.7329199910163879,0.5335426926612854,-0.053150251507759094,0,26,0.35511115193367004,0.5937160849571228,-0.47296231985092163,0,27,0.516670286655426,0.7334153056144714,-0.08763311058282852,0,28,0.6382446885108948,0.7283951044082642,-0.3067852854728699,0,29,0.48032644391059875,0.7486218810081482,-0.08093633502721786,0,30,0.6453402638435364,0.7200539112091064,-0.27406278252601624,0,31,0.4652906060218811,0.8046653866767883,-0.14843688905239105,0,32,0.7508205771446228,0.761783242225647,-0.32762059569358826,0
0,0.5698783993721008,0.19465070962905884,-0.4580215811729431,0,1,0.5895885229110718,0.1617991030216217,-0.44891104102134705,0,2,0.5957469344139099,0.16085465252399445,-0.4490658640861511,0,3,0.6011669039726257,0.1597515344619751,-0.44926220178604126,0,4,0.5677765011787415,0.14966826140880585,-0.4810640513896942,0,5,0.5575705766677856,0.13837233185768127,-0.4812029004096985,0,6,0.5464991927146912,0.12513861060142517,-0.4813025891780853,0,7,0.5957072973251343,0.13683609664440155,-0.2857114374637604,0,8,0.5086548924446106,0.07169824093580246,-0.4300103187561035,0,9,0.5631186962127686,0.2152940034866333,-0.3823176622390747,0,10,0.5372846722602844,0.19758917391300201,-0.4244362711906433,0,11,0.5974007248878479,0.22822654247283936,-0.16062352061271667,0,12,0.3872041702270508,0.17220495641231537,-0.38145631551742554,0,13,0.656940758228302,0.5146591067314148,-0.21928724646568298,0,14,0.36759763956069946,0.5247576236724854,-0.42913055419921875,0,15,0.6990146040916443,0.5274818539619446,-0.48640647530555725,0,16,0.57574063539505,0.5644203424453735,-0.45249322056770325,0,17,0.7138456702232361,0.5406103134155273,-0.5296215415000916,0,18,0.6423386931419373,0.6297117471694946,-0.4910118877887726,0,19,0.7111744284629822,0.4935618042945862,-0.5330730676651001,0,20,0.6554695963859558,0.55214524269104,-0.47125381231307983,0,21,0.696651816368103,0.4974121153354645,-0.4926190972328186,0,22,0.6340914964675903,0.5369170308113098,-0.4396314322948456,0,23,0.5150547623634338,0.6014570593833923,0.058368947356939316,0,24,0.3835662603378296,0.629669725894928,-0.057701028883457184,0,25,0.7329860329627991,0.5334389209747314,-0.05468980595469475,0,26,0.3549974858760834,0.5937030911445618,-0.4727937877178192,0,27,0.5164598822593689,0.7333166003227234,-0.08778170496225357,0,28,0.638149619102478,0.728363037109375,-0.3151584565639496,0,29,0.4801904261112213,0.748598039150238,-0.0807911679148674,0,30,0.6449589133262634,0.7210050821304321,-0.28358694911003113,0,31,0.46528661251068115,0.8047122359275818,-0.14866948127746582,0,32,0.7506312131881714,0.7623593807220459,-0.3406112790107727,0
0,0.5699030756950378,0.19400973618030548,-0.4526387155056,0,1,0.5896549820899963,0.16103196144104004,-0.4445395767688751,0,2,0.5958052277565002,0.16016243398189545,-0.44468191266059875,0,3,0.601215124130249,0.15913105010986328,-0.44486203789711,0,4,0.5678316950798035,0.1489231139421463,-0.4760577976703644,0,5,0.5575763583183289,0.13754723966121674,-0.476199746131897,0,6,0.546502947807312,0.1243530809879303,-0.4762931764125824,0,7,0.5957237482070923,0.1364632546901703,-0.2832934558391571,0,8,0.5085369944572449,0.07100064307451248,-0.4256451427936554,0,9,0.563072919845581,0.21498273313045502,-0.3773804306983948,0,10,0.5373191237449646,0.19730700552463531,-0.4186857044696808,0,11,0.5973771810531616,0.22751222550868988,-0.15696024894714355,0,12,0.387267142534256,0.17212408781051636,-0.3766115605831146,0,13,0.6547226309776306,0.512883186340332,-0.20911340415477753,0,14,0.3675835430622101,0.5246558785438538,-0.4192436635494232,0,15,0.692927896976471,0.525894284248352,-0.484021931886673,0,16,0.5738208293914795,0.5644285082817078,-0.4453921914100647,0,17,0.7071841359138489,0.540184497833252,-0.5282562971115112,0,18,0.6263570785522461,0.6061927676200867,-0.4843224585056305,0,19,0.7055361270904541,0.49342113733291626,-0.5320137739181519,0,20,0.6549869179725647,0.5514182448387146,-0.46590444445610046,0,21,0.6899566650390625,0.49529626965522766,-0.49059101939201355,0,22,0.6247190237045288,0.5341002345085144,-0.43278026580810547,0,23,0.5150450468063354,0.6014475226402283,0.05838392674922943,0,24,0.3835122287273407,0.6298369765281677,-0.05771699175238609,0,25,0.7331840395927429,0.5324797034263611,-0.05481291562318802,0,26,0.35501807928085327,0.5939503908157349,-0.47261255979537964,0,27,0.5164247751235962,0.7330854535102844,-0.08915309607982635,0,28,0.6381762027740479,0.7284159660339355,-0.3181155025959015,0,29,0.48009395599365234,0.7484732270240784,-0.08168672025203705,0,30,0.6450901031494141,0.7221083045005798,-0.2863973379135132,0,31,0.46525144577026367,0.8055577874183655,-0.150377556681633,0,32,0.7520673274993896,0.7624090909957886,-0.3405008912086487,0
0,0.5706519484519958,0.19373518228530884,-0.448968768119812,0,1,0.5906733274459839,0.16068148612976074,-0.4406147301197052,0,2,0.5967524647712708,0.15981365740299225,-0.4407466650009155,0,3,0.6021029949188232,0.15879148244857788,-0.4409147799015045,0,4,0.568684995174408,0.14871583878993988,-0.47273561358451843,0,5,0.558353066444397,0.13732901215553284,-0.47288134694099426,0,6,0.5470132827758789,0.124143585562706,-0.4729703366756439,0,7,0.5960452556610107,0.13619691133499146,-0.28041404485702515,0,8,0.5085970163345337,0.0703003779053688,-0.42513522505760193,0,9,0.5633513927459717,0.21472454071044922,-0.3742906153202057,0,10,0.5377857089042664,0.19718317687511444,-0.4163413643836975,0,11,0.5970247983932495,0.22720292210578918,-0.15397153794765472,0,12,0.38728731870651245,0.17211058735847473,-0.3771013915538788,0,13,0.654864490032196,0.510336697101593,-0.2037310004234314,0,14,0.3676747977733612,0.5245994925498962,-0.4179510474205017,0,15,0.690881073474884,0.5251203775405884,-0.48189571499824524,0,16,0.5726633071899414,0.5649893283843994,-0.44187676906585693,0,17,0.7041533589363098,0.5400843024253845,-0.5264278054237366,0,18,0.621059775352478,0.600278913974762,-0.4805125594139099,0,19,0.7017072439193726,0.493453711271286,-0.5295774340629578,0,20,0.6547227501869202,0.5516749620437622,-0.4627271890640259,0,21,0.6861175298690796,0.4947081506252289,-0.4881698191165924,0,22,0.6250574588775635,0.5348363518714905,-0.4291810989379883,0,23,0.5141346454620361,0.6014682054519653,0.059121645987033844,0,24,0.38311514258384705,0.6301515698432922,-0.058464501053094864,0,25,0.7331600785255432,0.531839907169342,-0.0343337282538414,0,26,0.3558756411075592,0.5951732993125916,-0.46973589062690735,0,27,0.5163136720657349,0.7328565716743469,-0.07900318503379822,0,28,0.6382360458374023,0.7284929752349854,-0.31727296113967896,0,29,0.48004159331321716,0.7483991980552673,-0.0730191171169281,0,30,0.6452882289886475,0.7232856154441833,-0.28529369831085205,0,31,0.4652997553348541,0.8063961863517761,-0.1342824250459671,0,32,0.75346440076828,0.7625228762626648,-0.33636006712913513,0
0,0.570619523525238,0.19389581680297852,-0.45080775022506714,0,1,0.5906596779823303,0.1608717143535614,-0.44279322028160095,0,2,0.5967398285865784,0.1599985808134079,-0.44292590022087097,0,3,0.6020936965942383,0.1589580923318863,-0.44309157133102417,0,4,0.5686845183372498,0.14886733889579773,-0.4744158387184143,0,5,0.5583551526069641,0.1374780237674713,-0.4745587408542633,0,6,0.5470187664031982,0.12417405843734741,-0.47464367747306824,0,7,0.5960903763771057,0.13639362156391144,-0.2824847400188446,0,8,0.5086414217948914,0.07030515372753143,-0.4256714880466461,0,9,0.5632280707359314,0.21486085653305054,-0.37591442465782166,0,10,0.5377377867698669,0.19736871123313904,-0.4174553453922272,0,11,0.5967943668365479,0.22720038890838623,-0.15419259667396545,0,12,0.3873302638530731,0.1720992475748062,-0.37739354372024536,0,13,0.6544223427772522,0.5096349120140076,-0.20579244196414948,0,14,0.3679719567298889,0.5257412195205688,-0.41906294226646423,0,15,0.6913897395133972,0.524072527885437,-0.48322612047195435,0,16,0.5740112662315369,0.5650942325592041,-0.44248101115226746,0,17,0.7045822739601135,0.5391227602958679,-0.5274026393890381,0,18,0.633856475353241,0.6171923279762268,-0.4809510111808777,0,19,0.7022919058799744,0.4933233857154846,-0.5307050347328186,0,20,0.655629575252533,0.5518472194671631,-0.4627799987792969,0,21,0.6869192123413086,0.4937910735607147,-0.4896708130836487,0,22,0.6297340989112854,0.5354334115982056,-0.42966821789741516,0,23,0.5137543082237244,0.6018004417419434,0.05915435403585434,0,24,0.3831014633178711,0.6306670904159546,-0.058497052639722824,0,25,0.7316206693649292,0.5299555659294128,-0.03414829075336456,0,26,0.35593193769454956,0.5953591465950012,-0.4701713025569916,0,27,0.5162268877029419,0.7328994274139404,-0.07000220566987991,0,28,0.6388196349143982,0.7285908460617065,-0.323532372713089,0,29,0.4799599349498749,0.7485618591308594,-0.06348145753145218,0,30,0.6457471251487732,0.7252629399299622,-0.29250967502593994,0,31,0.4657588303089142,0.8069339990615845,-0.12664735317230225,0,32,0.7543429136276245,0.7626715898513794,-0.34646931290626526,0
0,0.5706071257591248,0.1938791275024414,-0.45186978578567505,0,1,0.5906596779823303,0.16079263389110565,-0.44314226508140564,0,2,0.5967382192611694,0.1599295437335968,-0.4432757794857025,0,3,0.6020908355712891,0.15889403223991394,-0.44344180822372437,0,4,0.5686926245689392,0.14871624112129211,-0.47482413053512573,0,5,0.5583515763282776,0.13721714913845062,-0.4749656915664673,0,6,0.5470210909843445,0.12384053319692612,-0.4750503897666931,0,7,0.5961008667945862,0.13634859025478363,-0.2825733423233032,0,8,0.5086463689804077,0.06953273713588715,-0.4258483648300171,0,9,0.5631077289581299,0.21486379206180573,-0.376476913690567,0,10,0.5377103090286255,0.197328120470047,-0.4181085526943207,0,11,0.5964869856834412,0.22721736133098602,-0.15400482714176178,0,12,0.3873416483402252,0.17209284007549286,-0.3775343596935272,0,13,0.6537772417068481,0.5096047520637512,-0.20677590370178223,0,14,0.3678431212902069,0.5267360806465149,-0.42029058933258057,0,15,0.6948316693305969,0.518645703792572,-0.48334023356437683,0,16,0.5744165778160095,0.5656967759132385,-0.44300636649131775,0,17,0.7098349332809448,0.5376871228218079,-0.5278040170669556,0,18,0.639302670955658,0.6247580647468567,-0.48141202330589294,0,19,0.7042578458786011,0.49276942014694214,-0.5321192145347595,0,20,0.6562417149543762,0.5521077513694763,-0.4630979895591736,0,21,0.6920074820518494,0.4931560456752777,-0.49030163884162903,0,22,0.6321247816085815,0.5359176993370056,-0.43022096157073975,0,23,0.5135250687599182,0.6021740436553955,0.05960811302065849,0,24,0.38295575976371765,0.6306846141815186,-0.05895134061574936,0,25,0.7316195368766785,0.5299370884895325,-0.037851471453905106,0,26,0.3562140166759491,0.5953549146652222,-0.4713425040245056,0,27,0.5151263475418091,0.7327633500099182,-0.07314776629209518,0,28,0.6388479471206665,0.7286315560340881,-0.3208523690700531,0,29,0.4787350296974182,0.7483410239219666,-0.06646960228681564,0,30,0.6457560062408447,0.7260531783103943,-0.2888743281364441,0,31,0.46318933367729187,0.8068330883979797,-0.13037894666194916,0,32,0.7545589804649353,0.7628787755966187,-0.34173619747161865,0
0,0.570551872253418,0.19361960887908936,-0.4596904516220093,0,1,0.5906563997268677,0.16037316620349884,-0.44932228326797485,0,2,0.5967401266098022,0.15960289537906647,-0.44946950674057007,0,3,0.6020962595939636,0.15865011513233185,-0.44965603947639465,0,4,0.5686255097389221,0.14800167083740234,-0.4803605079650879,0,5,0.5581666827201843,0.1364758163690567,-0.4804907441139221,0,6,0.5468443036079407,0.12313801795244217,-0.4805750250816345,0,7,0.5961452722549438,0.13635535538196564,-0.28379499912261963,0,8,0.5086340308189392,0.06904659420251846,-0.4258783161640167,0,9,0.5630239844322205,0.2148534506559372,-0.38268521428108215,0,10,0.5375918745994568,0.1972315013408661,-0.4234773814678192,0,11,0.5964821577072144,0.22765718400478363,-0.15477539598941803,0,12,0.38737520575523376,0.172065868973732,-0.37775737047195435,0,13,0.6526450514793396,0.510439932346344,-0.21144413948059082,0,14,0.3672972321510315,0.528247058391571,-0.4228626489639282,0,15,0.6948689818382263,0.5187041759490967,-0.48403483629226685,0,16,0.5744783878326416,0.5685133934020996,-0.44344016909599304,0,17,0.7103891968727112,0.5366471409797668,-0.5285441875457764,0,18,0.6440989971160889,0.6331170201301575,-0.4815429747104645,0,19,0.7070046067237854,0.49252042174339294,-0.5325343608856201,0,20,0.6584203243255615,0.5560746192932129,-0.4632886052131653,0,21,0.6929380893707275,0.49259424209594727,-0.4909763038158417,0,22,0.6356019377708435,0.539978563785553,-0.43036481738090515,0,23,0.5135191679000854,0.6031609773635864,0.05962713807821274,0,24,0.3830563426017761,0.6309570670127869,-0.05897219106554985,0,25,0.7301996946334839,0.5281830430030823,-0.03908701613545418,0,26,0.35602861642837524,0.5943657159805298,-0.4685395061969757,0,27,0.5148938894271851,0.7327641844749451,-0.07589944452047348,0,28,0.639338493347168,0.7286639213562012,-0.32007065415382385,0,29,0.4786073863506317,0.7483859658241272,-0.06919995695352554,0,30,0.6464526653289795,0.7265397310256958,-0.2883449196815491,0,31,0.46364831924438477,0.8068361878395081,-0.1315828263759613,0,32,0.7551652193069458,0.7628807425498962,-0.3468818664550781,0
0,0.570534348487854,0.19342227280139923,-0.45963385701179504,0,1,0.5906962752342224,0.16002856194972992,-0.44867828488349915,0,2,0.5968154668807983,0.15928246080875397,-0.448832243680954,0,3,0.6022146344184875,0.15834294259548187,-0.44902607798576355,0,4,0.5686129331588745,0.14752408862113953,-0.47990280389785767,0,5,0.5580761432647705,0.1358703374862671,-0.4800319969654083,0,6,0.5466984510421753,0.12233690172433853,-0.48011720180511475,0,7,0.596320390701294,0.13627620041370392,-0.28036707639694214,0,8,0.5083261132240295,0.06725398451089859,-0.4234761893749237,0,9,0.5629957318305969,0.21466147899627686,-0.3824685513973236,0,10,0.5375879406929016,0.19714167714118958,-0.4233649969100952,0,11,0.5964809060096741,0.2283637523651123,-0.15282219648361206,0,12,0.3873831331729889,0.17201870679855347,-0.3779660761356354,0,13,0.6529444456100464,0.5108438730239868,-0.21244873106479645,0,14,0.36730051040649414,0.5281801819801331,-0.4240642488002777,0,15,0.6981031894683838,0.5190915465354919,-0.48444482684135437,0,16,0.5745620131492615,0.5691651105880737,-0.4438142776489258,0,17,0.7146207094192505,0.5366306900978088,-0.528889536857605,0,18,0.645309329032898,0.6356192827224731,-0.4818759262561798,0,19,0.7087581157684326,0.49272099137306213,-0.5328674912452698,0,20,0.6585228443145752,0.5577491521835327,-0.4634167551994324,0,21,0.6973371505737305,0.49265170097351074,-0.49128732085227966,0,22,0.6363802552223206,0.5417609810829163,-0.43071940541267395,0,23,0.513211190700531,0.6037866473197937,0.06001867353916168,0,24,0.3829558491706848,0.6313350200653076,-0.05936610326170921,0,25,0.7287601828575134,0.5283938646316528,-0.04098448529839516,0,26,0.3560504615306854,0.5938153266906738,-0.46691176295280457,0,27,0.5144208073616028,0.7327662706375122,-0.07734047621488571,0,28,0.639355480670929,0.729193389415741,-0.30786317586898804,0,29,0.47824305295944214,0.7483725547790527,-0.07062606513500214,0,30,0.6466400623321533,0.7279244661331177,-0.275423139333725,0,31,0.4642750024795532,0.8067892789840698,-0.13428552448749542,0,32,0.7554224133491516,0.7630873322486877,-0.33300521969795227,0
0,0.5704516172409058,0.1934337168931961,-0.4595806896686554,0,1,0.5906798243522644,0.16005709767341614,-0.44846493005752563,0,2,0.5968128442764282,0.15931366384029388,-0.44862231612205505,0,3,0.602216362953186,0.15837301313877106,-0.44881996512413025,0,4,0.568522036075592,0.14751571416854858,-0.4796970784664154,0,5,0.5579102635383606,0.1358456313610077,-0.47982561588287354,0,6,0.5465176701545715,0.12225046753883362,-0.4799118936061859,0,7,0.5964194536209106,0.13636599481105804,-0.2798584997653961,0,8,0.5081698298454285,0.06700440496206284,-0.42249011993408203,0,9,0.5629664659500122,0.21465982496738434,-0.38221123814582825,0,10,0.5375722050666809,0.19714510440826416,-0.4230719208717346,0,11,0.5966981053352356,0.2292778640985489,-0.15207742154598236,0,12,0.3874516487121582,0.1720142811536789,-0.37795495986938477,0,13,0.6538042426109314,0.5114529132843018,-0.2132907658815384,0,14,0.3674534857273102,0.5281997919082642,-0.424221009016037,0,15,0.6999456286430359,0.5193761587142944,-0.4849366843700409,0,16,0.5749449133872986,0.570022702217102,-0.4438915550708771,0,17,0.7164711356163025,0.5365691781044006,-0.5293076038360596,0,18,0.6469907760620117,0.6374982595443726,-0.48181578516960144,0,19,0.7137507200241089,0.4927717447280884,-0.5332746505737305,0,20,0.6592382788658142,0.5589989423751831,-0.4629955291748047,0,21,0.6994106769561768,0.4926344156265259,-0.491841197013855,0,22,0.6377122402191162,0.5430154204368591,-0.43080636858940125,0,23,0.5130982995033264,0.6044845581054688,0.06006953492760658,0,24,0.3829176127910614,0.6317655444145203,-0.05941746011376381,0,25,0.7281903028488159,0.5279984474182129,-0.046687204390764236,0,26,0.35612091422080994,0.5933535099029541,-0.4666688144207001,0,27,0.5141748785972595,0.7327352166175842,-0.08070337772369385,0,28,0.6395414471626282,0.7296120524406433,-0.30599430203437805,0,29,0.478108286857605,0.7482568025588989,-0.07366090267896652,0,30,0.6469520330429077,0.7290101647377014,-0.27345848083496094,0,31,0.4624533951282501,0.8061441779136658,-0.13881641626358032,0,32,0.7556178569793701,0.7632243633270264,-0.33137017488479614,0
0,0.5699789524078369,0.19388620555400848,-0.4656289219856262,0,1,0.5903623104095459,0.16047325730323792,-0.4553062617778778,0,2,0.596556544303894,0.1596970558166504,-0.4554770290851593,0,3,0.6020244359970093,0.15870091319084167,-0.4556894302368164,0,4,0.5680793523788452,0.14776314795017242,-0.4860016703605652,0,5,0.5574342608451843,0.13593779504299164,-0.48613154888153076,0,6,0.5460662245750427,0.12225928157567978,-0.4862262010574341,0,7,0.5963990688323975,0.13652187585830688,-0.28594711422920227,0,8,0.5078647136688232,0.06708477437496185,-0.4254228472709656,0,9,0.5625373125076294,0.21500033140182495,-0.38764646649360657,0,10,0.5373646020889282,0.1974455863237381,-0.4278043508529663,0,11,0.5967951416969299,0.23034760355949402,-0.15503226220607758,0,12,0.3875521719455719,0.17201252281665802,-0.38194453716278076,0,13,0.6541643142700195,0.5120413899421692,-0.22067733108997345,0,14,0.36852768063545227,0.5280423760414124,-0.42815256118774414,0,15,0.70103520154953,0.5180792808532715,-0.4884542226791382,0,16,0.5751270651817322,0.5701473951339722,-0.4453994333744049,0,17,0.72042316198349,0.5365656614303589,-0.5321465134620667,0,18,0.6500179171562195,0.6383428573608398,-0.4832806885242462,0,19,0.7142629623413086,0.49293088912963867,-0.5369274020195007,0,20,0.661415696144104,0.5600079894065857,-0.4649036228656769,0,21,0.7034754157066345,0.4928678274154663,-0.4957770109176636,0,22,0.6404014229774475,0.5441581606864929,-0.43277308344841003,0,23,0.5130665302276611,0.6048200130462646,0.060377974063158035,0,24,0.3828604817390442,0.6319392919540405,-0.0597313828766346,0,25,0.727739691734314,0.5272262096405029,-0.0380408950150013,0,26,0.35825517773628235,0.5932101011276245,-0.46673882007598877,0,27,0.5146404504776001,0.7328730225563049,-0.0712108165025711,0,28,0.6379827260971069,0.7592582106590271,-0.30335918068885803,0,29,0.4785568416118622,0.7486793994903564,-0.06421231478452682,0,30,0.6470134854316711,0.7300662994384766,-0.2704309821128845,0,31,0.4646342396736145,0.806030809879303,-0.12854523956775665,0,32,0.7558314800262451,0.7635743618011475,-0.3265273869037628,0
0,0.5702539086341858,0.19394683837890625,-0.4660033881664276,0,1,0.5905693769454956,0.16047964990139008,-0.45613035559654236,0,2,0.5967100262641907,0.15969517827033997,-0.456294983625412,0,3,0.6021196246147156,0.15869760513305664,-0.45649832487106323,0,4,0.5684347152709961,0.14783135056495667,-0.48743095993995667,0,5,0.5577682852745056,0.13597746193408966,-0.4875722825527191,0,6,0.5464303493499756,0.12228018045425415,-0.4876731038093567,0,7,0.5963835120201111,0.13645727932453156,-0.2884999215602875,0,8,0.5080293416976929,0.06731415539979935,-0.4311642348766327,0,9,0.5626611113548279,0.21497192978858948,-0.3885084390640259,0,10,0.537720263004303,0.19747395813465118,-0.4294400215148926,0,11,0.5967653393745422,0.23027265071868896,-0.15721659362316132,0,12,0.3876236379146576,0.172003835439682,-0.39069780707359314,0,13,0.6551633477210999,0.5116395354270935,-0.22275011241436005,0,14,0.3691898286342621,0.5276691913604736,-0.43612226843833923,0,15,0.7015796303749084,0.5154587626457214,-0.49376925826072693,0,16,0.5751498341560364,0.5700022578239441,-0.4523662030696869,0,17,0.7213693857192993,0.5361831784248352,-0.53767991065979,0,18,0.6495824456214905,0.6399211287498474,-0.49105697870254517,0,19,0.7180057764053345,0.4928613603115082,-0.5436163544654846,0,20,0.6612474918365479,0.5610302686691284,-0.47406885027885437,0,21,0.704115629196167,0.49258264899253845,-0.5016473531723022,0,22,0.6403223872184753,0.5451107025146484,-0.44034454226493835,0,23,0.512537956237793,0.6051328778266907,0.06126580387353897,0,24,0.3827298879623413,0.6323487758636475,-0.060623958706855774,0,25,0.7277948260307312,0.5267078876495361,-0.02708972804248333,0,26,0.3602961301803589,0.5932033061981201,-0.46685731410980225,0,27,0.5153165459632874,0.7327055335044861,-0.06764160096645355,0,28,0.6387487649917603,0.7519806027412415,-0.2958506941795349,0,29,0.47908174991607666,0.7486685514450073,-0.061315085738897324,0,30,0.646837592124939,0.7307409048080444,-0.26161330938339233,0,31,0.46610334515571594,0.8059859275817871,-0.12261152267456055,0,32,0.7558464407920837,0.7635037302970886,-0.30833661556243896,0
0,0.5701597332954407,0.19373680651187897,-0.464760959148407,0,1,0.5903828740119934,0.159772589802742,-0.4551343321800232,0,2,0.5965041518211365,0.15895648300647736,-0.4552956521511078,0,3,0.6018874049186707,0.1579750031232834,-0.45549535751342773,0,4,0.568202018737793,0.14730660617351532,-0.4863535761833191,0,5,0.5575138926506042,0.1354697048664093,-0.4864957928657532,0,6,0.5461655259132385,0.12186674773693085,-0.4865947961807251,0,7,0.5961114764213562,0.13596302270889282,-0.28817254304885864,0,8,0.5078783631324768,0.06739433109760284,-0.4303956627845764,0,9,0.5625848174095154,0.2147713452577591,-0.38761457800865173,0,10,0.5377020239830017,0.19746214151382446,-0.42842426896095276,0,11,0.5964004993438721,0.23028483986854553,-0.1562250703573227,0,12,0.3877323269844055,0.1719799041748047,-0.3900516629219055,0,13,0.6563476920127869,0.5114650130271912,-0.21887116134166718,0,14,0.36980119347572327,0.5276504755020142,-0.43546631932258606,0,15,0.7014598846435547,0.5181580185890198,-0.4881557524204254,0,16,0.5751110315322876,0.571213960647583,-0.4496050477027893,0,17,0.7198284268379211,0.5374991297721863,-0.5318076610565186,0,18,0.6492136120796204,0.6415585875511169,-0.4880467355251312,0,19,0.7170848250389099,0.494412899017334,-0.5364452600479126,0,20,0.6612096428871155,0.56272953748703,-0.4722498059272766,0,21,0.7019901275634766,0.4934141933917999,-0.4952484965324402,0,22,0.6401901841163635,0.5466710329055786,-0.43790993094444275,0,23,0.5120142102241516,0.6052229404449463,0.061555515974760056,0,24,0.38270124793052673,0.6328197121620178,-0.06092209368944168,0,25,0.727946400642395,0.5266996026039124,-0.024729792028665543,0,26,0.36050599813461304,0.5930159687995911,-0.4670166075229645,0,27,0.5176111459732056,0.732744574546814,-0.06765822321176529,0,28,0.6395864486694336,0.7478677034378052,-0.2965545356273651,0,29,0.48107773065567017,0.749131441116333,-0.06162019446492195,0,30,0.6468321084976196,0.7309717535972595,-0.26259639859199524,0,31,0.46719875931739807,0.8060591816902161,-0.12143122404813766,0,32,0.7559524178504944,0.7636507153511047,-0.30760154128074646,0
0,0.5696654915809631,0.19359979033470154,-0.46487823128700256,0,1,0.5899209976196289,0.15912659466266632,-0.45542430877685547,0,2,0.5961470007896423,0.15832042694091797,-0.45558053255081177,0,3,0.6016097664833069,0.15737101435661316,-0.45577600598335266,0,4,0.5672242641448975,0.14649362862110138,-0.486387699842453,0,5,0.5563485622406006,0.1346954107284546,-0.48652756214141846,0,6,0.544903576374054,0.12116438895463943,-0.4866226315498352,0,7,0.5960282683372498,0.13566705584526062,-0.28840920329093933,0,8,0.506775975227356,0.06735455989837646,-0.429939329624176,0,9,0.5623499155044556,0.21476373076438904,-0.38763943314552307,0,10,0.5374329686164856,0.19747667014598846,-0.4282548129558563,0,11,0.5963443517684937,0.23028457164764404,-0.1556444615125656,0,12,0.3877796530723572,0.17191733419895172,-0.3885895311832428,0,13,0.6563452482223511,0.5112138390541077,-0.21843238174915314,0,14,0.3698791563510895,0.5277706980705261,-0.43072497844696045,0,15,0.7004592418670654,0.5181844830513,-0.4899396300315857,0,16,0.5751088857650757,0.5705276131629944,-0.44501444697380066,0,17,0.7175920009613037,0.5370068550109863,-0.5341418981552124,0,18,0.6487741470336914,0.6414392590522766,-0.4827560782432556,0,19,0.7154292464256287,0.493996798992157,-0.5373121500015259,0,20,0.66056889295578,0.5628371834754944,-0.46647682785987854,0,21,0.6991440057754517,0.4926272928714752,-0.4964129328727722,0,22,0.6396987438201904,0.5467880964279175,-0.4329034686088562,0,23,0.5117587447166443,0.6052769422531128,0.061583440750837326,0,24,0.38268786668777466,0.6331247091293335,-0.06095325946807861,0,25,0.7284281849861145,0.5263518691062927,-0.02460009604692459,0,26,0.36045217514038086,0.5925021171569824,-0.467936247587204,0,27,0.5183123350143433,0.7327439785003662,-0.06718361377716064,0,28,0.64054274559021,0.7455801963806152,-0.30685800313949585,0,29,0.48177483677864075,0.7493976354598999,-0.06117968261241913,0,30,0.6478918790817261,0.7312519550323486,-0.27424854040145874,0,31,0.46755093336105347,0.80609130859375,-0.12097297608852386,0,32,0.7564153671264648,0.7639762759208679,-0.32011663913726807,0
0,0.5689067244529724,0.19383849203586578,-0.46540698409080505,0,1,0.5893265604972839,0.1593123972415924,-0.45666980743408203,0,2,0.5956499576568604,0.15846358239650726,-0.45682233572006226,0,3,0.6011970639228821,0.15747302770614624,-0.45701470971107483,0,4,0.5663898587226868,0.14673954248428345,-0.48704835772514343,0,5,0.5555281043052673,0.13490533828735352,-0.48718738555908203,0,6,0.5441182851791382,0.1213412657380104,-0.4872821867465973,0,7,0.595970869064331,0.1358182430267334,-0.29046401381492615,0,8,0.5063706636428833,0.06811828166246414,-0.4298988878726959,0,9,0.5618969798088074,0.21503502130508423,-0.38809874653816223,0,10,0.5369008779525757,0.19782663881778717,-0.42822545766830444,0,11,0.5964673757553101,0.23068931698799133,-0.15565593540668488,0,12,0.3878348171710968,0.17186391353607178,-0.3871992230415344,0,13,0.6562978625297546,0.5112634301185608,-0.21838437020778656,0,14,0.36988016963005066,0.5277875661849976,-0.42663493752479553,0,15,0.7004116177558899,0.518179178237915,-0.4910668730735779,0,16,0.574652373790741,0.5707513689994812,-0.4438423812389374,0,17,0.7174440026283264,0.5359487533569336,-0.5356346368789673,0,18,0.6470273733139038,0.6427258253097534,-0.48153620958328247,0,19,0.7154341340065002,0.4931177794933319,-0.5382417440414429,0,20,0.6589248180389404,0.5638906359672546,-0.4652632772922516,0,21,0.6989823579788208,0.49138161540031433,-0.4973999559879303,0,22,0.6383653283119202,0.5475850701332092,-0.43171945214271545,0,23,0.5117067694664001,0.6054932475090027,0.061580590903759,0,24,0.38267478346824646,0.6332714557647705,-0.060950715094804764,0,25,0.7290884256362915,0.5262660980224609,-0.02765512466430664,0,26,0.36041557788848877,0.5918667912483215,-0.4698311388492584,0,27,0.5189061760902405,0.7328252196311951,-0.0735926702618599,0,28,0.640834629535675,0.7441194653511047,-0.315132200717926,0,29,0.4824860394001007,0.7496446371078491,-0.06770800054073334,0,30,0.6483748555183411,0.731572151184082,-0.2830129861831665,0,31,0.4679926335811615,0.8060135245323181,-0.12910978496074677,0,32,0.7567111849784851,0.764380693435669,-0.33323511481285095,0
0,0.5677362680435181,0.19388902187347412,-0.46367353200912476,0,1,0.5881277322769165,0.15931256115436554,-0.4555133283138275,0,2,0.5945415496826172,0.15846550464630127,-0.45566603541374207,0,3,0.6002147197723389,0.15747688710689545,-0.4558573365211487,0,4,0.5650316476821899,0.14673413336277008,-0.48480188846588135,0,5,0.5542367100715637,0.1348966658115387,-0.48493582010269165,0,6,0.5428991913795471,0.12133478373289108,-0.4850303828716278,0,7,0.595748782157898,0.13584625720977783,-0.2896072566509247,0,8,0.5054980516433716,0.06837225705385208,-0.42273828387260437,0,9,0.5611016154289246,0.21522867679595947,-0.3863009214401245,0,10,0.5361020565032959,0.19811227917671204,-0.42475348711013794,0,11,0.5965681672096252,0.23095613718032837,-0.15335199236869812,0,12,0.38784629106521606,0.17172876000404358,-0.37859046459198,0,13,0.6556174159049988,0.5116060376167297,-0.21560607850551605,0,14,0.36995819211006165,0.5277115702629089,-0.4186817705631256,0,15,0.6993582844734192,0.519348680973053,-0.4899273216724396,0,16,0.5743272304534912,0.570834755897522,-0.4394086003303528,0,17,0.7160778045654297,0.5363224148750305,-0.5346481800079346,0,18,0.6466348767280579,0.6434966325759888,-0.4771708846092224,0,19,0.7148138880729675,0.4935151934623718,-0.5371086001396179,0,20,0.65857994556427,0.5648019313812256,-0.4609218239784241,0,21,0.6978451013565063,0.4915120005607605,-0.49630433320999146,0,22,0.6381551027297974,0.5483165979385376,-0.4273848235607147,0,23,0.5117505192756653,0.6056229472160339,0.06150136515498161,0,24,0.38267067074775696,0.6332841515541077,-0.06087523326277733,0,25,0.7297542095184326,0.526223361492157,-0.028814971446990967,0,26,0.35994651913642883,0.5906378030776978,-0.4689900279045105,0,27,0.5188009142875671,0.7328266501426697,-0.08134479075670242,0,28,0.6409642696380615,0.7433059215545654,-0.3234497010707855,0,29,0.48244720697402954,0.7496799826622009,-0.07579154521226883,0,30,0.6486931443214417,0.7317799925804138,-0.2925187349319458,0,31,0.46802568435668945,0.805938184261322,-0.13909010589122772,0,32,0.7568718194961548,0.7645089030265808,-0.34693700075149536,0
0,0.5672762393951416,0.19380947947502136,-0.463621586561203,0,1,0.5876998901367188,0.15904086828231812,-0.45540985465049744,0,2,0.5941609740257263,0.1582535356283188,-0.4555623233318329,0,3,0.5999012589454651,0.15732306241989136,-0.455752968788147,0,4,0.5644938945770264,0.14631640911102295,-0.4847627580165863,0,5,0.5536589026451111,0.13450808823108673,-0.48489686846733093,0,6,0.5422779321670532,0.12094724923372269,-0.4849914610385895,0,7,0.5957165360450745,0.13580532371997833,-0.28953734040260315,0,8,0.504805862903595,0.0682840421795845,-0.42206940054893494,0,9,0.560845673084259,0.21523955464363098,-0.3862400949001312,0,10,0.535856306552887,0.19816400110721588,-0.42467087507247925,0,11,0.5966942310333252,0.2311783730983734,-0.1528376042842865,0,12,0.38785749673843384,0.1715884953737259,-0.37765252590179443,0,13,0.6538925170898438,0.5116220116615295,-0.21572284400463104,0,14,0.3700111210346222,0.527414083480835,-0.4183925688266754,0,15,0.6988352537155151,0.5191800594329834,-0.4939671754837036,0,16,0.5741552114486694,0.5693146586418152,-0.43921297788619995,0,17,0.7157579660415649,0.5353548526763916,-0.5392284989356995,0,18,0.646278977394104,0.6436318755149841,-0.47688934206962585,0,19,0.7148035168647766,0.4926161468029022,-0.5418892502784729,0,20,0.6582825779914856,0.5650734901428223,-0.4605613350868225,0,21,0.6976353526115417,0.49032062292099,-0.5006766319274902,0,22,0.6379228234291077,0.5485146045684814,-0.4271661043167114,0,23,0.5117613673210144,0.6059447526931763,0.061546728014945984,0,24,0.3826800286769867,0.6334832906723022,-0.0609227754175663,0,25,0.7296067476272583,0.5248940587043762,-0.030114350840449333,0,26,0.3594576418399811,0.5899434685707092,-0.4692564904689789,0,27,0.5187532305717468,0.7328322529792786,-0.08404423296451569,0,28,0.6411405801773071,0.7427476048469543,-0.33155983686447144,0,29,0.48238590359687805,0.7499828934669495,-0.07878556102514267,0,30,0.6491548418998718,0.7321102023124695,-0.3011426627635956,0,31,0.4681260883808136,0.8057641983032227,-0.142883762717247,0,32,0.7574531435966492,0.7647643685340881,-0.3580276668071747,0
0,0.5677328705787659,0.19309580326080322,-0.4635835886001587,0,1,0.5884074568748474,0.15783622860908508,-0.4551151990890503,0,2,0.5949154496192932,0.15719041228294373,-0.4552639424800873,0,3,0.600666344165802,0.1564735621213913,-0.4554513692855835,0,4,0.5649126768112183,0.1451413482427597,-0.4846566617488861,0,5,0.5538672208786011,0.1334608495235443,-0.4847913384437561,0,6,0.5423397421836853,0.11988483369350433,-0.48488494753837585,0,7,0.5959646701812744,0.1352745145559311,-0.2881559729576111,0,8,0.5047484636306763,0.06677673757076263,-0.4222504496574402,0,9,0.5612154006958008,0.21489101648330688,-0.38619792461395264,0,10,0.5361278057098389,0.1980152577161789,-0.4246867001056671,0,11,0.5967712998390198,0.23134377598762512,-0.15227556228637695,0,12,0.38787156343460083,0.17152078449726105,-0.37777528166770935,0,13,0.6559927463531494,0.5116579532623291,-0.2157507687807083,0,14,0.3698311746120453,0.5275843739509583,-0.41870418190956116,0,15,0.6989133954048157,0.5191797614097595,-0.49541983008384705,0,16,0.5703197717666626,0.5699917078018188,-0.4394771158695221,0,17,0.715641975402832,0.5352681279182434,-0.5407111048698425,0,18,0.6444050073623657,0.6437157392501831,-0.47717544436454773,0,19,0.7145684957504272,0.49240800738334656,-0.5426282286643982,0,20,0.6568653583526611,0.5652149319648743,-0.46071144938468933,0,21,0.6973639130592346,0.4900508224964142,-0.5016812086105347,0,22,0.636437177658081,0.5486642122268677,-0.4274161458015442,0,23,0.5115918517112732,0.6062543392181396,0.06155490502715111,0,24,0.3826644718647003,0.6338528394699097,-0.0609317384660244,0,25,0.7288666367530823,0.5244508981704712,-0.027450747787952423,0,26,0.3594401776790619,0.5900243520736694,-0.4683847725391388,0,27,0.5185596346855164,0.7327702641487122,-0.08176125586032867,0,28,0.6411381959915161,0.7425375580787659,-0.3285544514656067,0,29,0.4821148216724396,0.7499775886535645,-0.07669778913259506,0,30,0.6493300795555115,0.7321596145629883,-0.297778457403183,0,31,0.46812376379966736,0.8056208491325378,-0.1390722393989563,0,32,0.757531464099884,0.7648575901985168,-0.34964433312416077,0
0,0.5678240060806274,0.19251392781734467,-0.46620890498161316,0,1,0.5886538028717041,0.15713578462600708,-0.45690950751304626,0,2,0.5952452421188354,0.15662191808223724,-0.4570552408695221,0,3,0.601061224937439,0.15602776408195496,-0.4572419226169586,0,4,0.5649245381355286,0.14421522617340088,-0.4863625168800354,0,5,0.5538784265518188,0.13249719142913818,-0.4864991009235382,0,6,0.5423212647438049,0.11891117691993713,-0.48659369349479675,0,7,0.5962734222412109,0.13522906601428986,-0.2885666787624359,0,8,0.5046013593673706,0.0651811957359314,-0.4222814440727234,0,9,0.5613120794296265,0.21457505226135254,-0.38838857412338257,0,10,0.5361670851707458,0.19772295653820038,-0.4268239736557007,0,11,0.5972724556922913,0.23258638381958008,-0.15255111455917358,0,12,0.3879183530807495,0.17147597670555115,-0.3779285252094269,0,13,0.6583128571510315,0.5149373412132263,-0.21622753143310547,0,14,0.36956313252449036,0.5277074575424194,-0.41911083459854126,0,15,0.6989127993583679,0.5236508250236511,-0.49606838822364807,0,16,0.5676615238189697,0.5704014301300049,-0.4406115710735321,0,17,0.7150329947471619,0.5402565002441406,-0.5411617755889893,0,18,0.6420447826385498,0.6447438597679138,-0.47822532057762146,0,19,0.713820219039917,0.4960218667984009,-0.5427163243293762,0,20,0.654971718788147,0.5664743781089783,-0.4614412486553192,0,21,0.6967551708221436,0.49307629466056824,-0.5020070672035217,0,22,0.6229447722434998,0.5450146198272705,-0.42823508381843567,0,23,0.510921835899353,0.6092999577522278,0.061535611748695374,0,24,0.38265570998191833,0.6349372267723083,-0.06091540679335594,0,25,0.7282624840736389,0.5239266157150269,-0.027448657900094986,0,26,0.3592139482498169,0.5900993347167969,-0.468392938375473,0,27,0.5185021162033081,0.7329704165458679,-0.08192446827888489,0,28,0.64114910364151,0.742278516292572,-0.32621484994888306,0,29,0.4820789098739624,0.750654935836792,-0.07686419785022736,0,30,0.649522602558136,0.7322845458984375,-0.2950436770915985,0,31,0.4681684374809265,0.8053371906280518,-0.13978531956672668,0,32,0.7576761841773987,0.7649138569831848,-0.34736597537994385,0
0,0.5689973831176758,0.19209899008274078,-0.4658840298652649,0,1,0.5901094079017639,0.15638524293899536,-0.45598599314689636,0,2,0.5968109965324402,0.1559699922800064,-0.4561281204223633,0,3,0.6026458144187927,0.15547548234462738,-0.4563102722167969,0,4,0.5656965970993042,0.14342109858989716,-0.4858342707157135,0,5,0.5542662739753723,0.1317073106765747,-0.4859725832939148,0,6,0.5424787998199463,0.11809342354536057,-0.48606812953948975,0,7,0.5973150730133057,0.13485470414161682,-0.2867465913295746,0,8,0.5045201778411865,0.06366195529699326,-0.422364741563797,0,9,0.5627098679542542,0.21428588032722473,-0.38799434900283813,0,10,0.5368680953979492,0.19744843244552612,-0.42674168944358826,0,11,0.5981094241142273,0.2331649363040924,-0.15235655009746552,0,12,0.3879903554916382,0.17143815755844116,-0.37807029485702515,0,13,0.6584217548370361,0.5167883038520813,-0.21605218946933746,0,14,0.3695557415485382,0.52817302942276,-0.4194468855857849,0,15,0.6979860067367554,0.525285542011261,-0.4967813193798065,0,16,0.5658652782440186,0.5704591870307922,-0.4415162205696106,0,17,0.7128313779830933,0.5420761108398438,-0.5418826341629028,0,18,0.6417825222015381,0.6450512409210205,-0.4794192910194397,0,19,0.7117445468902588,0.4969630539417267,-0.5432876348495483,0,20,0.6547260880470276,0.5665615797042847,-0.4621261954307556,0,21,0.6949097514152527,0.49371886253356934,-0.5026115775108337,0,22,0.6235561966896057,0.5462064146995544,-0.4288753569126129,0,23,0.5109683871269226,0.6094997525215149,0.06148805841803551,0,24,0.38266366720199585,0.6352719664573669,-0.060868628323078156,0,25,0.728590190410614,0.5238103270530701,-0.02996496483683586,0,26,0.3592032492160797,0.5902445316314697,-0.46706119179725647,0,27,0.518453061580658,0.732962965965271,-0.09321439266204834,0,28,0.6411677002906799,0.7420703172683716,-0.32466813921928406,0,29,0.48204275965690613,0.7507014274597168,-0.0888800248503685,0,30,0.6497755646705627,0.7323102355003357,-0.2935209274291992,0,31,0.4682479798793793,0.8049636483192444,-0.15457190573215485,0,32,0.7578216195106506,0.7651208639144897,-0.347206175327301,0
0,0.5691035985946655,0.19153252243995667,-0.4655785858631134,0,1,0.5903427600860596,0.15547394752502441,-0.45542171597480774,0,2,0.5971267223358154,0.1551828533411026,-0.4555600583553314,0,3,0.603028416633606,0.15484142303466797,-0.4557367265224457,0,4,0.5657034516334534,0.14245088398456573,-0.4851073920726776,0,5,0.5542504191398621,0.13079838454723358,-0.48524439334869385,0,6,0.5423644185066223,0.11721676588058472,-0.4853404760360718,0,7,0.5979558229446411,0.1346825361251831,-0.28555381298065186,0,8,0.5039429664611816,0.06251370906829834,-0.4206051230430603,0,9,0.5631166100502014,0.2139979898929596,-0.3875517249107361,0,10,0.5369185209274292,0.19718210399150848,-0.4261534810066223,0,11,0.5989410877227783,0.23443563282489777,-0.15158359706401825,0,12,0.38807442784309387,0.17116297781467438,-0.3770335018634796,0,13,0.6592119932174683,0.5197873711585999,-0.21644426882266998,0,14,0.36952152848243713,0.5282085537910461,-0.4191320240497589,0,15,0.6963151693344116,0.5270305871963501,-0.5015217661857605,0,16,0.5649136900901794,0.5704371929168701,-0.44155117869377136,0,17,0.7094387412071228,0.5440694689750671,-0.5470358729362488,0,18,0.6412929892539978,0.6462488770484924,-0.47951507568359375,0,19,0.7080652713775635,0.4979359805583954,-0.5464498996734619,0,20,0.6544585824012756,0.5677235126495361,-0.4621439278125763,0,21,0.6916767358779907,0.49437183141708374,-0.5065087080001831,0,22,0.6236090064048767,0.5441924333572388,-0.4289654791355133,0,23,0.5111265778541565,0.6100956797599792,0.06140509992837906,0,24,0.38271716237068176,0.6354613900184631,-0.060788340866565704,0,25,0.7293891906738281,0.5237228870391846,-0.029964467510581017,0,26,0.35898303985595703,0.5902497172355652,-0.46774134039878845,0,27,0.5184164643287659,0.7330012917518616,-0.09431483596563339,0,28,0.6410349607467651,0.7415145039558411,-0.3245905935764313,0,29,0.481962651014328,0.750842273235321,-0.08999798446893692,0,30,0.6498773097991943,0.7322579622268677,-0.2931438684463501,0,31,0.4682813286781311,0.8045053482055664,-0.15481945872306824,0,32,0.7579098343849182,0.7653857469558716,-0.3464742600917816,0
0,0.5693709850311279,0.19063813984394073,-0.46742501854896545,0,1,0.5908132791519165,0.15404163300991058,-0.45650985836982727,0,2,0.5976287126541138,0.15394553542137146,-0.4566423296928406,0,3,0.6035314202308655,0.15382277965545654,-0.4568144977092743,0,4,0.5657851099967957,0.14081019163131714,-0.48661792278289795,0,5,0.5542599558830261,0.12926338613033295,-0.4867573380470276,0,6,0.5423182845115662,0.11585787683725357,-0.48685547709465027,0,7,0.5984161496162415,0.13432511687278748,-0.2855542302131653,0,8,0.5035891532897949,0.06065381318330765,-0.4212385416030884,0,9,0.5635741353034973,0.2136187106370926,-0.3888603448867798,0,10,0.5369988083839417,0.19686876237392426,-0.42812424898147583,0,11,0.5995952486991882,0.23594380915164948,-0.15157371759414673,0,12,0.3881467282772064,0.1709311604499817,-0.37766048312187195,0,13,0.661605954170227,0.5220199227333069,-0.22100000083446503,0,14,0.36915504932403564,0.528444230556488,-0.4213263690471649,0,15,0.6941302418708801,0.5271625518798828,-0.512847900390625,0,16,0.5649612545967102,0.5691817402839661,-0.4430990517139435,0,17,0.7048317193984985,0.5440654158592224,-0.5578469634056091,0,18,0.6406478881835938,0.6461880207061768,-0.48018231987953186,0,19,0.7027978897094727,0.49791276454925537,-0.5535620450973511,0,20,0.653719961643219,0.567659854888916,-0.46219781041145325,0,21,0.6872352957725525,0.49432575702667236,-0.5160874128341675,0,22,0.6193989515304565,0.5419313907623291,-0.4295955300331116,0,23,0.511074960231781,0.6120327711105347,0.061362374573946,0,24,0.3827808201313019,0.6360397934913635,-0.06075095757842064,0,25,0.7295663952827454,0.523719847202301,-0.030593059957027435,0,26,0.35882368683815,0.5902439951896667,-0.4676297903060913,0,27,0.5180464386940002,0.7328890562057495,-0.09593970328569412,0,28,0.6410000920295715,0.7413784265518188,-0.3241538107395172,0,29,0.48171746730804443,0.75072181224823,-0.09144192188978195,0,30,0.6500673294067383,0.7320175170898438,-0.29272449016571045,0,31,0.4681760370731354,0.8043034076690674,-0.15659642219543457,0,32,0.758156955242157,0.7653170824050903,-0.34698399901390076,0
0,0.5702689290046692,0.19029876589775085,-0.46789035201072693,0,1,0.591657280921936,0.15350574254989624,-0.4566178619861603,0,2,0.5984284281730652,0.1534746140241623,-0.45675128698349,0,3,0.6042583584785461,0.15343353152275085,-0.4569241404533386,0,4,0.5664777755737305,0.140361949801445,-0.487348735332489,0,5,0.5548356771469116,0.12896546721458435,-0.4874914884567261,0,6,0.5426577925682068,0.1157204881310463,-0.4875947833061218,0,7,0.5989717245101929,0.13422180712223053,-0.2853921055793762,0,8,0.5035980343818665,0.06056676059961319,-0.42417290806770325,0,9,0.5646981596946716,0.2134900838136673,-0.3891957700252533,0,10,0.5375623106956482,0.19682829082012177,-0.429506778717041,0,11,0.5999844670295715,0.23634052276611328,-0.15161725878715515,0,12,0.38822314143180847,0.1708604395389557,-0.38107186555862427,0,13,0.6624126434326172,0.5236349105834961,-0.2234632521867752,0,14,0.3685644567012787,0.5288825035095215,-0.4282313287258148,0,15,0.6942058801651001,0.527098536491394,-0.5146170854568481,0,16,0.5648624300956726,0.569652259349823,-0.4495006203651428,0,17,0.7053468823432922,0.5439340472221375,-0.5590236186981201,0,18,0.6406657695770264,0.6461433172225952,-0.485983669757843,0,19,0.7034653425216675,0.4974331259727478,-0.555297315120697,0,20,0.6537462472915649,0.5676222443580627,-0.46556341648101807,0,21,0.6877536177635193,0.493925541639328,-0.5182986855506897,0,22,0.6206439733505249,0.541103720664978,-0.4348297119140625,0,23,0.5112823843955994,0.6122111082077026,0.06124246120452881,0,24,0.38297197222709656,0.6365687847137451,-0.06063242256641388,0,25,0.7285598516464233,0.5247045755386353,-0.034794822335243225,0,26,0.3587980270385742,0.5902599692344666,-0.46861162781715393,0,27,0.5177004337310791,0.7334917783737183,-0.09523643553256989,0,28,0.6393573880195618,0.760497510433197,-0.32276207208633423,0,29,0.48156169056892395,0.7510135769844055,-0.09045268595218658,0,30,0.650128960609436,0.7296069264411926,-0.29104191064834595,0,31,0.46825388073921204,0.8042904734611511,-0.15649452805519104,0,32,0.7581603527069092,0.7647603750228882,-0.3465655446052551,0
0,0.5703743696212769,0.190297469496727,-0.46858301758766174,0,1,0.5916669964790344,0.15361905097961426,-0.457326740026474,0,2,0.598417341709137,0.15359732508659363,-0.4574636220932007,0,3,0.604243814945221,0.153553307056427,-0.4576413333415985,0,4,0.5666151642799377,0.14050914347171783,-0.48823586106300354,0,5,0.554967999458313,0.12917639315128326,-0.4883792996406555,0,6,0.5428094863891602,0.11605110764503479,-0.4884839355945587,0,7,0.5990046858787537,0.1343889832496643,-0.2863612771034241,0,8,0.5036094188690186,0.06119278818368912,-0.4260868728160858,0,9,0.5647680163383484,0.2135118544101715,-0.390138179063797,0,10,0.5377384424209595,0.1968783736228943,-0.4306219518184662,0,11,0.600029706954956,0.2370275855064392,-0.1539659947156906,0,12,0.38830336928367615,0.17084293067455292,-0.38336125016212463,0,13,0.663293182849884,0.5242740511894226,-0.22379112243652344,0,14,0.3685561716556549,0.5290314555168152,-0.43149369955062866,0,15,0.6943276524543762,0.5312298536300659,-0.5135489106178284,0,16,0.5680515766143799,0.5690957307815552,-0.4551096558570862,0,17,0.705697774887085,0.5487337112426758,-0.5580364465713501,0,18,0.6419637799263,0.6460967659950256,-0.492911696434021,0,19,0.7039309144020081,0.5017954111099243,-0.5547759532928467,0,20,0.6550228595733643,0.567496120929718,-0.47168728709220886,0,21,0.6880987286567688,0.4979957938194275,-0.5175896286964417,0,22,0.6282074451446533,0.5431484580039978,-0.4403815269470215,0,23,0.5112844705581665,0.6121925711631775,0.06108474358916283,0,24,0.38298892974853516,0.6365799903869629,-0.06047751381993294,0,25,0.728126585483551,0.5247020125389099,-0.037595633417367935,0,26,0.3587800860404968,0.590343713760376,-0.46891355514526367,0,27,0.5176796913146973,0.7340894937515259,-0.09460743516683578,0,28,0.637826144695282,0.7683742642402649,-0.32345157861709595,0,29,0.4815376102924347,0.7514642477035522,-0.08966533839702606,0,30,0.6502212882041931,0.7295430302619934,-0.2920537292957306,0,31,0.4682518541812897,0.8042406439781189,-0.15628238022327423,0,32,0.7581640481948853,0.7645772099494934,-0.3501233756542206,0
0,0.5703492760658264,0.190524160861969,-0.46932002902030945,0,1,0.5916087031364441,0.15419547259807587,-0.4583375155925751,0,2,0.5983162522315979,0.15419901907444,-0.4584779739379883,0,3,0.6041101813316345,0.15413261950016022,-0.4586602449417114,0,4,0.5666205286979675,0.1409529149532318,-0.4892944097518921,0,5,0.5549732446670532,0.12961535155773163,-0.48943522572517395,0,6,0.5428217649459839,0.11652355641126633,-0.489540696144104,0,7,0.5989673733711243,0.1348230093717575,-0.2878255844116211,0,8,0.5035383701324463,0.06178860738873482,-0.42785879969596863,0,9,0.5646796822547913,0.2138536423444748,-0.3909596800804138,0,10,0.5377302169799805,0.1971692442893982,-0.4314797520637512,0,11,0.6000996828079224,0.23784035444259644,-0.15500178933143616,0,12,0.38842251896858215,0.170830637216568,-0.3841037154197693,0,13,0.6633150577545166,0.5252707004547119,-0.22514300048351288,0,14,0.368559330701828,0.5290396213531494,-0.4321422278881073,0,15,0.6962892413139343,0.5311971306800842,-0.5120554566383362,0,16,0.5702106952667236,0.5686460733413696,-0.45522916316986084,0,17,0.7083616256713867,0.5484534502029419,-0.5568311810493469,0,18,0.6440395712852478,0.6447322368621826,-0.4927511513233185,0,19,0.707293689250946,0.5016257166862488,-0.5544065237045288,0,20,0.6569547653198242,0.5658565759658813,-0.47138461470603943,0,21,0.691055953502655,0.49787643551826477,-0.5164312720298767,0,22,0.6335224509239197,0.5432405471801758,-0.44042447209358215,0,23,0.511348307132721,0.6124387979507446,0.06071249768137932,0,24,0.3831517994403839,0.6366677284240723,-0.06010184437036514,0,25,0.7276249527931213,0.5252600312232971,-0.03650068864226341,0,26,0.3585216701030731,0.5903987884521484,-0.4715047776699066,0,27,0.5174539089202881,0.7345094680786133,-0.08442216366529465,0,28,0.6377868056297302,0.7705774307250977,-0.3357778787612915,0,29,0.48151054978370667,0.7517709136009216,-0.07854233682155609,0,30,0.6502261757850647,0.728123664855957,-0.30580711364746094,0,31,0.4682313799858093,0.8042365908622742,-0.1473759114742279,0,32,0.7581549286842346,0.7644790410995483,-0.36955055594444275,0
0,0.5697537660598755,0.19054855406284332,-0.46978461742401123,0,1,0.5912907719612122,0.15442244708538055,-0.4587070643901825,0,2,0.5980129241943359,0.1545768529176712,-0.45884761214256287,0,3,0.6038278937339783,0.1546354740858078,-0.4590287208557129,0,4,0.566133439540863,0.1409304440021515,-0.4894739091396332,0,5,0.5544350743293762,0.1294754445552826,-0.48961254954338074,0,6,0.5423372983932495,0.11628945916891098,-0.4897145926952362,0,7,0.5989609956741333,0.13561291992664337,-0.28783705830574036,0,8,0.5032196640968323,0.06177220493555069,-0.42740046977996826,0,9,0.5639476180076599,0.21403247117996216,-0.39131566882133484,0,10,0.5370676517486572,0.19719646871089935,-0.43156710267066956,0,11,0.6001304388046265,0.23851735889911652,-0.1531020551919937,0,12,0.3885149359703064,0.17078079283237457,-0.3840794265270233,0,13,0.6642994284629822,0.5252060294151306,-0.2253989428281784,0,14,0.3685891330242157,0.5291773080825806,-0.4321095049381256,0,15,0.6993748545646667,0.5308210849761963,-0.5146029591560364,0,16,0.5720003843307495,0.567400336265564,-0.45488399267196655,0,17,0.7122430205345154,0.5469216108322144,-0.5592188239097595,0,18,0.6477063894271851,0.6392474174499512,-0.49257025122642517,0,19,0.7109351754188538,0.5006465315818787,-0.556257963180542,0,20,0.6602096557617188,0.5607658624649048,-0.4702167212963104,0,21,0.6942729949951172,0.49729055166244507,-0.5188180804252625,0,22,0.6325416564941406,0.5372776389122009,-0.44011595845222473,0,23,0.5113584399223328,0.6124146580696106,0.06078009679913521,0,24,0.383230060338974,0.6366841793060303,-0.060173872858285904,0,25,0.72723788022995,0.525492250919342,-0.025463849306106567,0,26,0.35850319266319275,0.5905055999755859,-0.47095805406570435,0,27,0.5168707966804504,0.7347349524497986,-0.07554793357849121,0,28,0.6374584436416626,0.770765483379364,-0.3348863422870636,0,29,0.4808703064918518,0.7521489858627319,-0.0702376738190651,0,30,0.6502472758293152,0.7284336686134338,-0.30511701107025146,0,31,0.4679349362850189,0.8042376637458801,-0.1378118246793747,0,32,0.7581614255905151,0.7644767761230469,-0.36755889654159546,0
0,0.5693783164024353,0.19131185114383698,-0.46163490414619446,0,1,0.5908567309379578,0.15597684681415558,-0.450666218996048,0,2,0.5974393486976624,0.15625494718551636,-0.45080989599227905,0,3,0.6031587719917297,0.15638072788715363,-0.45099160075187683,0,4,0.5661186575889587,0.1418476551771164,-0.48078760504722595,0,5,0.5544492602348328,0.1302250176668167,-0.4809196889400482,0,6,0.5424257516860962,0.11688971519470215,-0.4810130298137665,0,7,0.5983863472938538,0.13715003430843353,-0.2815796136856079,0,8,0.5032650828361511,0.0628836452960968,-0.41831034421920776,0,9,0.5631986260414124,0.21485090255737305,-0.3843587338924408,0,10,0.5367874503135681,0.1977420449256897,-0.4238068461418152,0,11,0.599565327167511,0.23886433243751526,-0.14879697561264038,0,12,0.3885353207588196,0.1707465797662735,-0.37559860944747925,0,13,0.6657387614250183,0.5228395462036133,-0.21680140495300293,0,14,0.3688858151435852,0.5289281606674194,-0.42311227321624756,0,15,0.7001477479934692,0.5312256813049316,-0.5017529129981995,0,16,0.5709943771362305,0.5663827061653137,-0.450320303440094,0,17,0.7130601406097412,0.5482111573219299,-0.547339141368866,0,18,0.6466395854949951,0.6360234618186951,-0.48890912532806396,0,19,0.711036741733551,0.5025333762168884,-0.5461710691452026,0,20,0.6591876149177551,0.5581173896789551,-0.4683103561401367,0,21,0.6944515705108643,0.49883636832237244,-0.5065248608589172,0,22,0.6301577091217041,0.5340309143066406,-0.43631601333618164,0,23,0.5113616585731506,0.6124160289764404,0.06071066856384277,0,24,0.3832622468471527,0.6367619633674622,-0.060109321027994156,0,25,0.7269987463951111,0.5273818969726562,-0.012976942583918571,0,26,0.358432412147522,0.5901246666908264,-0.47188979387283325,0,27,0.5162360668182373,0.7347543835639954,-0.06150149926543236,0,28,0.6375096440315247,0.7529827952384949,-0.34276559948921204,0,29,0.48004913330078125,0.7521818280220032,-0.05579086020588875,0,30,0.6499839425086975,0.7296825051307678,-0.3133879601955414,0,31,0.46780940890312195,0.8043797016143799,-0.11680776625871658,0,32,0.7581261396408081,0.7648732662200928,-0.3695931136608124,0
0,0.5690695643424988,0.19246280193328857,-0.45912712812423706,0,1,0.5903969407081604,0.15817639231681824,-0.44876474142074585,0,2,0.5968183875083923,0.1585247814655304,-0.44890710711479187,0,3,0.6024300456047058,0.15863807499408722,-0.4490872323513031,0,4,0.5661160945892334,0.14343146979808807,-0.4787508547306061,0,5,0.554495632648468,0.13155153393745422,-0.4788838326931,0,6,0.5425941348075867,0.11796309798955917,-0.47897446155548096,0,7,0.5977118611335754,0.1391020119190216,-0.28108465671539307,0,8,0.5034858584403992,0.06399774551391602,-0.4173572361469269,0,9,0.5625305771827698,0.21575245261192322,-0.38241907954216003,0,10,0.5365968346595764,0.19828763604164124,-0.4216834604740143,0,11,0.5986330509185791,0.23900680243968964,-0.14753033220767975,0,12,0.3885496258735657,0.17071370780467987,-0.3745685815811157,0,13,0.6655780673027039,0.5214500427246094,-0.20959219336509705,0,14,0.36947837471961975,0.5280333757400513,-0.420362651348114,0,15,0.7004996538162231,0.5319722890853882,-0.48802047967910767,0,16,0.5706223249435425,0.5651401877403259,-0.4451864957809448,0,17,0.7141460180282593,0.549310564994812,-0.5321499109268188,0,18,0.6460995078086853,0.6312280297279358,-0.4831457734107971,0,19,0.7118532657623291,0.5047736763954163,-0.5330988168716431,0,20,0.6583814024925232,0.5539403557777405,-0.46384304761886597,0,21,0.6950980424880981,0.5009174346923828,-0.4935615658760071,0,22,0.6287518739700317,0.5333603024482727,-0.4315509498119354,0,23,0.511279284954071,0.6117174625396729,0.06073622405529022,0,24,0.3832644820213318,0.6365748643875122,-0.06013833358883858,0,25,0.7268107533454895,0.5286290049552917,-0.009567800909280777,0,26,0.3584114909172058,0.5899339318275452,-0.4719114303588867,0,27,0.5160804390907288,0.7347836494445801,-0.058957912027835846,0,28,0.6374040246009827,0.7607643604278564,-0.3423883616924286,0,29,0.4797664284706116,0.7521892189979553,-0.053385451436042786,0,30,0.6500314474105835,0.7296890020370483,-0.31290188431739807,0,31,0.4674583077430725,0.804587721824646,-0.11262034624814987,0,32,0.7581253051757812,0.764857292175293,-0.36727696657180786,0
0,0.569097101688385,0.19391672313213348,-0.45660921931266785,0,1,0.5904852151870728,0.16028040647506714,-0.4464055597782135,0,2,0.5968482494354248,0.1606147140264511,-0.4465467035770416,0,3,0.602432370185852,0.1606525480747223,-0.4467249810695648,0,4,0.5666924715042114,0.145156592130661,-0.47675642371177673,0,5,0.5552831888198853,0.13293416798114777,-0.4768906831741333,0,6,0.5435305833816528,0.11894571036100388,-0.47698014974594116,0,7,0.5976520776748657,0.14083325862884521,-0.2793627977371216,0,8,0.5044692754745483,0.06495966017246246,-0.4170118272304535,0,9,0.5624706745147705,0.21702583134174347,-0.3800610303878784,0,10,0.5365981459617615,0.19893254339694977,-0.4198389947414398,0,11,0.5980562567710876,0.23925459384918213,-0.14672192931175232,0,12,0.3885650932788849,0.17058797180652618,-0.37440064549446106,0,13,0.6654555797576904,0.5209414958953857,-0.20900605618953705,0,14,0.37011247873306274,0.5276092290878296,-0.4197506010532379,0,15,0.7028829455375671,0.5319895148277283,-0.4863491654396057,0,16,0.5696879625320435,0.5649740695953369,-0.44349148869514465,0,17,0.7179925441741943,0.5491435527801514,-0.5301291942596436,0,18,0.6452915072441101,0.630985677242279,-0.4814388155937195,0,19,0.7156489491462708,0.5049232244491577,-0.5315194129943848,0,20,0.6575921773910522,0.5539923310279846,-0.46266916394233704,0,21,0.6984177231788635,0.5011785626411438,-0.49213024973869324,0,22,0.6284790635108948,0.5327687859535217,-0.4301066994667053,0,23,0.5112820267677307,0.6116626858711243,0.06060171127319336,0,24,0.3833438754081726,0.6365841627120972,-0.06000673770904541,0,25,0.7266457080841064,0.5294387340545654,-0.012410377152264118,0,26,0.3577740490436554,0.5894675254821777,-0.4729315936565399,0,27,0.5149345993995667,0.7347886562347412,-0.06249276176095009,0,28,0.6372321248054504,0.7632896304130554,-0.34643155336380005,0,29,0.4788726568222046,0.7521388530731201,-0.056940507143735886,0,30,0.6501075625419617,0.7292582392692566,-0.3171178102493286,0,31,0.46311262249946594,0.8044610619544983,-0.11778052151203156,0,32,0.7580172419548035,0.7648674845695496,-0.3724493384361267,0
0,0.569096028804779,0.19552898406982422,-0.45689716935157776,0,1,0.5904830098152161,0.1620856672525406,-0.4466966688632965,0,2,0.5968278646469116,0.1622629165649414,-0.4468386471271515,0,3,0.6023852825164795,0.16211549937725067,-0.44701844453811646,0,4,0.566878616809845,0.14710475504398346,-0.4771682918071747,0,5,0.5555775761604309,0.1347668319940567,-0.4773028790950775,0,6,0.5438711643218994,0.12053632736206055,-0.4773922860622406,0,7,0.5975262522697449,0.1420077383518219,-0.2795255482196808,0,8,0.5047404766082764,0.06679809838533401,-0.417265385389328,0,9,0.5623658299446106,0.2185804694890976,-0.38021790981292725,0,10,0.5365869998931885,0.20003588497638702,-0.42015084624290466,0,11,0.597748875617981,0.2398063689470291,-0.14688719809055328,0,12,0.3885786831378937,0.17057330906391144,-0.3746787905693054,0,13,0.6652176380157471,0.5206689238548279,-0.20973235368728638,0,14,0.37086430191993713,0.5268645286560059,-0.42004936933517456,0,15,0.7042885422706604,0.5316987633705139,-0.48816776275634766,0,16,0.5704420804977417,0.5645924806594849,-0.4436209499835968,0,17,0.7202621698379517,0.5480034351348877,-0.532019853591919,0,18,0.6452227234840393,0.6303201913833618,-0.48151054978370667,0,19,0.7183765172958374,0.5046893954277039,-0.5331137180328369,0,20,0.6575548648834229,0.5535811185836792,-0.4627035856246948,0,21,0.7008126974105835,0.5010712146759033,-0.4938364326953888,0,22,0.6283362507820129,0.5320269465446472,-0.4301830530166626,0,23,0.5113861560821533,0.6114606857299805,0.060403093695640564,0,24,0.383344829082489,0.6364808678627014,-0.05981016904115677,0,25,0.7266132831573486,0.5301889777183533,-0.014871728606522083,0,26,0.35756009817123413,0.589024543762207,-0.48009464144706726,0,27,0.5123491883277893,0.7347931265830994,-0.06441330164670944,0,28,0.6376176476478577,0.7661712765693665,-0.3563573658466339,0,29,0.47669142484664917,0.7519036531448364,-0.05867929011583328,0,30,0.6502722501754761,0.7290665507316589,-0.32730284333229065,0,31,0.46120309829711914,0.8043782114982605,-0.12050513923168182,0,32,0.7580119967460632,0.7649375796318054,-0.3860637843608856,0
0,0.5691335797309875,0.1982012689113617,-0.4473954141139984,0,1,0.5904809832572937,0.1651192009449005,-0.4377118647098541,0,2,0.5967947840690613,0.16486406326293945,-0.4378606975078583,0,3,0.6022987365722656,0.16428525745868683,-0.4380435645580292,0,4,0.5674075484275818,0.15130272507667542,-0.46875858306884766,0,5,0.5565916895866394,0.13913331925868988,-0.46889248490333557,0,6,0.5450623631477356,0.1247807964682579,-0.46897485852241516,0,7,0.5972030758857727,0.14321815967559814,-0.27361753582954407,0,8,0.5060676336288452,0.06976509094238281,-0.41384774446487427,0,9,0.5623500943183899,0.2202647477388382,-0.37174999713897705,0,10,0.5366856455802917,0.20172779262065887,-0.4124390184879303,0,11,0.5969351530075073,0.2398175597190857,-0.14447236061096191,0,12,0.3885858356952667,0.1705540418624878,-0.3714505434036255,0,13,0.6648861169815063,0.5183682441711426,-0.20290693640708923,0,14,0.37265533208847046,0.5247220396995544,-0.41516101360321045,0,15,0.7050212025642395,0.5316446423530579,-0.4730324149131775,0,16,0.5692736506462097,0.5626344084739685,-0.4388384521007538,0,17,0.7214692831039429,0.5479404330253601,-0.5161520838737488,0,18,0.6447126865386963,0.6268340945243835,-0.477073073387146,0,19,0.719534158706665,0.5046216249465942,-0.5195810198783875,0,20,0.6567893624305725,0.5508835315704346,-0.4591350555419922,0,21,0.7019718885421753,0.5010111331939697,-0.4795883595943451,0,22,0.6234468817710876,0.5301485061645508,-0.4260163903236389,0,23,0.5113843679428101,0.6108643412590027,0.06022758409380913,0,24,0.3833107054233551,0.6359480619430542,-0.059633079916238785,0,25,0.7265155911445618,0.532288670539856,-0.017259713262319565,0,26,0.35754621028900146,0.5889307856559753,-0.4832896292209625,0,27,0.5097473859786987,0.7348935008049011,-0.06470552831888199,0,28,0.6378219127655029,0.7671722769737244,-0.35948067903518677,0,29,0.4742737412452698,0.7515314817428589,-0.05850367248058319,0,30,0.650860607624054,0.7288423776626587,-0.33048439025878906,0,31,0.46025019884109497,0.804348886013031,-0.11954255402088165,0,32,0.7579699754714966,0.7652025818824768,-0.38760510087013245,0
0,0.5695939660072327,0.19936998188495636,-0.44814127683639526,0,1,0.5907490849494934,0.16651971638202667,-0.4383312463760376,0,2,0.5969411134719849,0.1660318523645401,-0.43847939372062683,0,3,0.6023748517036438,0.1652429848909378,-0.4386616051197052,0,4,0.568551778793335,0.15355618298053741,-0.4698285460472107,0,5,0.558150053024292,0.14157719910144806,-0.46996408700942993,0,6,0.546645998954773,0.12718398869037628,-0.4700486361980438,0,7,0.59715735912323,0.14358995854854584,-0.27379241585731506,0,8,0.5073573589324951,0.07090152055025101,-0.4150761663913727,0,9,0.562468945980072,0.2208433747291565,-0.37221184372901917,0,10,0.5370957255363464,0.20249386131763458,-0.41343337297439575,0,11,0.5965297818183899,0.239817276597023,-0.14464546740055084,0,12,0.38859549164772034,0.17053988575935364,-0.37220630049705505,0,13,0.6645690202713013,0.5183001756668091,-0.2037040740251541,0,14,0.37330949306488037,0.5240674614906311,-0.41547638177871704,0,15,0.7053241729736328,0.5295514464378357,-0.4728148281574249,0,16,0.569794774055481,0.5616423487663269,-0.43928319215774536,0,17,0.7217358350753784,0.5457202196121216,-0.5152246952056885,0,18,0.644648551940918,0.6260298490524292,-0.47735875844955444,0,19,0.7231746315956116,0.5043604373931885,-0.518431544303894,0,20,0.6567584872245789,0.5501936674118042,-0.45917293429374695,0,21,0.7052678465843201,0.5009084343910217,-0.47924527525901794,0,22,0.6237587332725525,0.5290229320526123,-0.4263402223587036,0,23,0.5113973617553711,0.6105788350105286,0.06022724136710167,0,24,0.3833147883415222,0.6358323693275452,-0.05963201820850372,0,25,0.7265093326568604,0.533894956111908,-0.017664048820734024,0,26,0.3575095236301422,0.5886884331703186,-0.48514488339424133,0,27,0.509425938129425,0.7348988652229309,-0.059669919312000275,0,28,0.6376221179962158,0.7681396007537842,-0.35613399744033813,0,29,0.4741172790527344,0.7508270740509033,-0.05260861665010452,0,30,0.651272177696228,0.7287921905517578,-0.3267538249492645,0,31,0.45974260568618774,0.804104208946228,-0.11208827793598175,0,32,0.7579593658447266,0.7658144235610962,-0.38363704085350037,0
0,0.5695661306381226,0.20034503936767578,-0.4392944276332855,0,1,0.5904296636581421,0.16780096292495728,-0.42990291118621826,0,2,0.5964590907096863,0.1671750396490097,-0.43005114793777466,0,3,0.6017875075340271,0.16623426973819733,-0.4302290976047516,0,4,0.5685536861419678,0.1551898717880249,-0.46096667647361755,0,5,0.5582177639007568,0.14332975447177887,-0.4610989987850189,0,6,0.5467656254768372,0.1290307193994522,-0.4611767530441284,0,7,0.5963848829269409,0.144105464220047,-0.26852118968963623,0,8,0.5074037909507751,0.07318044453859329,-0.40875425934791565,0,9,0.5623086094856262,0.22133435308933258,-0.3647579848766327,0,10,0.5370875000953674,0.20341278612613678,-0.40541383624076843,0,11,0.5958420038223267,0.2398083508014679,-0.14236219227313995,0,12,0.38858965039253235,0.1705593764781952,-0.36704954504966736,0,13,0.6647452712059021,0.5148529410362244,-0.19316133856773376,0,14,0.3740250766277313,0.5228042602539062,-0.4092172682285309,0,15,0.7052599191665649,0.5333551168441772,-0.4542607069015503,0,16,0.5691906213760376,0.5603603720664978,-0.43226736783981323,0,17,0.7216103076934814,0.5526458621025085,-0.4968613386154175,0,18,0.6431310176849365,0.6243483424186707,-0.47038596868515015,0,19,0.7213729023933411,0.5108906626701355,-0.5009886622428894,0,20,0.654835045337677,0.5490251183509827,-0.4531117081642151,0,21,0.7040497064590454,0.50624680519104,-0.46074292063713074,0,22,0.6206148862838745,0.5287532806396484,-0.41975247859954834,0,23,0.5113636255264282,0.6099860668182373,0.060211990028619766,0,24,0.38331738114356995,0.6357601881027222,-0.059616588056087494,0,25,0.7264246344566345,0.5350948572158813,-0.013846411369740963,0,26,0.35755491256713867,0.5883337259292603,-0.4849415123462677,0,27,0.5094531774520874,0.7349880933761597,-0.05337982624769211,0,28,0.6389604806900024,0.7499948143959045,-0.35727691650390625,0,29,0.4740857481956482,0.7508427500724792,-0.04686082527041435,0,30,0.6514524817466736,0.7300400137901306,-0.32889673113822937,0,31,0.4593224823474884,0.8039436340332031,-0.10407713800668716,0,32,0.7578989863395691,0.7659547328948975,-0.38453930616378784,0
0,0.5695803165435791,0.20124109089374542,-0.43939176201820374,0,1,0.5903033018112183,0.16913972795009613,-0.4297785460948944,0,2,0.5962512493133545,0.16839595139026642,-0.42993560433387756,0,3,0.6015421748161316,0.16731339693069458,-0.4301249384880066,0,4,0.568626344203949,0.1567443460226059,-0.4608973264694214,0,5,0.5584278702735901,0.14493948221206665,-0.4610272943973541,0,6,0.5470461249351501,0.13063347339630127,-0.4611095190048218,0,7,0.5961606502532959,0.14450950920581818,-0.26765525341033936,0,8,0.5075839161872864,0.07474934309720993,-0.40842148661613464,0,9,0.5623055696487427,0.22176775336265564,-0.36447814106941223,0,10,0.5371828079223633,0.20408213138580322,-0.40524789690971375,0,11,0.5955187082290649,0.2397983968257904,-0.14241017401218414,0,12,0.38859716057777405,0.17054836452007294,-0.3668314218521118,0,13,0.6630274057388306,0.5140798687934875,-0.19440655410289764,0,14,0.37576642632484436,0.520660936832428,-0.4099787771701813,0,15,0.7052962183952332,0.5317633152008057,-0.4509935975074768,0,16,0.570569634437561,0.5594203472137451,-0.4320181608200073,0,17,0.7244027853012085,0.5522633790969849,-0.4932570159435272,0,18,0.6439047455787659,0.6244085431098938,-0.4702148139476776,0,19,0.7237682342529297,0.5106277465820312,-0.49895793199539185,0,20,0.655608594417572,0.5491741895675659,-0.4527166187763214,0,21,0.7061529159545898,0.5061827301979065,-0.45834216475486755,0,22,0.6211411952972412,0.528521716594696,-0.4196193516254425,0,23,0.5113219022750854,0.6094651222229004,0.06021250784397125,0,24,0.38312289118766785,0.6351505517959595,-0.05961615964770317,0,25,0.726237952709198,0.5375529527664185,-0.014826983213424683,0,26,0.35771432518959045,0.5882771015167236,-0.48472335934638977,0,27,0.5076485872268677,0.7349931597709656,-0.049508895725011826,0,28,0.6387143731117249,0.7579074501991272,-0.3562769889831543,0,29,0.4724704921245575,0.7503207921981812,-0.042378444224596024,0,30,0.6515882611274719,0.7300872802734375,-0.3278733789920807,0,31,0.45928147435188293,0.8037655353546143,-0.1006721630692482,0,32,0.7579141855239868,0.7662378549575806,-0.3859640061855316,0
0,0.5696937441825867,0.2020738124847412,-0.43850481510162354,0,1,0.5902805924415588,0.17054876685142517,-0.4285413920879364,0,2,0.5961754322052002,0.1697261780500412,-0.4287058711051941,0,3,0.601426899433136,0.1685350388288498,-0.42890384793281555,0,4,0.5688889026641846,0.15835529565811157,-0.4602033495903015,0,5,0.5588987469673157,0.14674431085586548,-0.46033191680908203,0,6,0.5476030707359314,0.13231827318668365,-0.4604153633117676,0,7,0.595994770526886,0.14512492716312408,-0.2661226987838745,0,8,0.5079425573348999,0.0760698989033699,-0.4089244306087494,0,9,0.5623293519020081,0.2222331017255783,-0.36355674266815186,0,10,0.5374208092689514,0.20482687652111053,-0.4050123393535614,0,11,0.5951388478279114,0.23987452685832977,-0.14186619222164154,0,12,0.388613760471344,0.17055068910121918,-0.3669867217540741,0,13,0.6621274948120117,0.5134077072143555,-0.19625943899154663,0,14,0.3793959319591522,0.5194867253303528,-0.4124441146850586,0,15,0.7062952518463135,0.5297112464904785,-0.4524279236793518,0,16,0.5727357864379883,0.5585665702819824,-0.4325014352798462,0,17,0.726777970790863,0.5472440719604492,-0.4943788945674896,0,18,0.6487820744514465,0.624575674533844,-0.47061243653297424,0,19,0.7234064936637878,0.507247805595398,-0.49995630979537964,0,20,0.6603279709815979,0.5495003461837769,-0.45291951298713684,0,21,0.7104833126068115,0.5054492950439453,-0.45984208583831787,0,22,0.6367301940917969,0.5317854881286621,-0.4201148748397827,0,23,0.511106014251709,0.6094351410865784,0.06072941794991493,0,24,0.3827267289161682,0.6349923014640808,-0.0601230263710022,0,25,0.7259122729301453,0.5392487645149231,-0.005764056462794542,0,26,0.35936835408210754,0.5885756611824036,-0.4817405343055725,0,27,0.506268322467804,0.7349090576171875,-0.03622393310070038,0,28,0.6386611461639404,0.7622950673103333,-0.3555007576942444,0,29,0.4710293710231781,0.749703049659729,-0.029033144935965538,0,30,0.6518465280532837,0.7303383350372314,-0.32660332322120667,0,31,0.45907509326934814,0.8036248683929443,-0.0852409079670906,0,32,0.7580661177635193,0.766189694404602,-0.3843478858470917,0
0,0.5696931481361389,0.20449107885360718,-0.43470779061317444,0,1,0.5901806950569153,0.17311082780361176,-0.4253331124782562,0,2,0.5959942936897278,0.17213432490825653,-0.42549553513526917,0,3,0.6011793613433838,0.17070740461349487,-0.42568665742874146,0,4,0.568966805934906,0.161009281873703,-0.4572613835334778,0,5,0.5591062307357788,0.14944012463092804,-0.4573872983455658,0,6,0.5479065775871277,0.13488440215587616,-0.4574664831161499,0,7,0.5957911014556885,0.14606380462646484,-0.26486584544181824,0,8,0.5081164240837097,0.07739060372114182,-0.4087146818637848,0,9,0.5622671246528625,0.2239023596048355,-0.36044570803642273,0,10,0.5374225378036499,0.20676572620868683,-0.40225765109062195,0,11,0.5949047803878784,0.23923054337501526,-0.14070333540439606,0,12,0.38862743973731995,0.17057165503501892,-0.3668484389781952,0,13,0.6614713668823242,0.5074127912521362,-0.19108399748802185,0,14,0.3791486322879791,0.5192698836326599,-0.4116506576538086,0,15,0.7062678933143616,0.5283985733985901,-0.44608622789382935,0,16,0.5737181901931763,0.5579690933227539,-0.42963334918022156,0,17,0.7245424389839172,0.5474581718444824,-0.48837152123451233,0,18,0.6491105556488037,0.6244156360626221,-0.4676002264022827,0,19,0.7209510803222656,0.5079176425933838,-0.4935450255870819,0,20,0.6606533527374268,0.5492315888404846,-0.4496309459209442,0,21,0.7087341547012329,0.5053236484527588,-0.4532338082790375,0,22,0.6358375549316406,0.5303423404693604,-0.4170837104320526,0,23,0.5111306309700012,0.6092832088470459,0.06090922653675079,0,24,0.38282862305641174,0.6348587870597839,-0.06029866635799408,0,25,0.7251208424568176,0.5391840934753418,0.004724904429167509,0,26,0.35933855175971985,0.5885353088378906,-0.4809432327747345,0,27,0.5072818994522095,0.7356126308441162,-0.023618536069989204,0,28,0.641208827495575,0.7477852702140808,-0.367904931306839,0,29,0.472085565328598,0.7510027289390564,-0.01684996299445629,0,30,0.6521578431129456,0.7322715520858765,-0.34214964509010315,0,31,0.4627848267555237,0.8037294149398804,-0.07196161150932312,0,32,0.7581484317779541,0.7661653161048889,-0.4007277190685272,0
0,0.5695186853408813,0.20611858367919922,-0.4284520149230957,0,1,0.5896055102348328,0.1755409836769104,-0.4204263985157013,0,2,0.5952423810958862,0.17457152903079987,-0.42058148980140686,0,3,0.6003068089485168,0.17303526401519775,-0.42076417803764343,0,4,0.568906843662262,0.16288070380687714,-0.4516272246837616,0,5,0.5590904355049133,0.1510123461484909,-0.4517531096935272,0,6,0.5479087829589844,0.13632996380329132,-0.45183229446411133,0,7,0.5949081778526306,0.14738701283931732,-0.26304101943969727,0,8,0.5082359313964844,0.0789346918463707,-0.40453407168388367,0,9,0.561761736869812,0.22483240067958832,-0.35511332750320435,0,10,0.5372574925422668,0.20751748979091644,-0.3960162401199341,0,11,0.5944324731826782,0.2389213889837265,-0.13770705461502075,0,12,0.38867002725601196,0.17056690156459808,-0.3624067008495331,0,13,0.6607991456985474,0.5052050948143005,-0.1846497356891632,0,14,0.3790639042854309,0.5183345675468445,-0.4038850963115692,0,15,0.7035418748855591,0.5285602807998657,-0.4409717321395874,0,16,0.5737920999526978,0.556409478187561,-0.42154598236083984,0,17,0.720675528049469,0.5475708842277527,-0.4834391176700592,0,18,0.6489319205284119,0.621789276599884,-0.45908060669898987,0,19,0.712189793586731,0.5079666972160339,-0.48786813020706177,0,20,0.660592794418335,0.5465255379676819,-0.44161245226860046,0,21,0.7023796439170837,0.5051814913749695,-0.44765037298202515,0,22,0.6339426636695862,0.5286471843719482,-0.4090181887149811,0,23,0.5110393762588501,0.6091645956039429,0.06098812818527222,0,24,0.38286447525024414,0.6347053050994873,-0.060378629714250565,0,25,0.7246242165565491,0.5394850969314575,0.009810253977775574,0,26,0.3593660295009613,0.5885408520698547,-0.4807482361793518,0,27,0.5074398517608643,0.7355586886405945,-0.02115529775619507,0,28,0.6427764296531677,0.7413517236709595,-0.37642809748649597,0,29,0.4722815752029419,0.7508966326713562,-0.014383691363036633,0,30,0.6525620222091675,0.7332138419151306,-0.35110723972320557,0,31,0.46466001868247986,0.8037214875221252,-0.06721621006727219,0,32,0.7581876516342163,0.7660966515541077,-0.40616169571876526,0
0,0.5695199370384216,0.20778799057006836,-0.41812756657600403,0,1,0.5894690155982971,0.17748434841632843,-0.41027122735977173,0,2,0.5949613451957703,0.17647534608840942,-0.4104265868663788,0,3,0.5998858213424683,0.1748552769422531,-0.41060811281204224,0,4,0.5690261721611023,0.16478580236434937,-0.44130876660346985,0,5,0.5593915581703186,0.1528589427471161,-0.44143617153167725,0,6,0.5483313798904419,0.1381361335515976,-0.44152143597602844,0,7,0.594208836555481,0.14860154688358307,-0.25461137294769287,0,8,0.5088258385658264,0.08077386766672134,-0.39520323276519775,0,9,0.5616098046302795,0.2260473072528839,-0.34540557861328125,0,10,0.5372629761695862,0.2088106870651245,-0.38609397411346436,0,11,0.5940016508102417,0.23892022669315338,-0.13100212812423706,0,12,0.38885724544525146,0.17055876553058624,-0.3581983745098114,0,13,0.6607568264007568,0.5046527981758118,-0.1778213381767273,0,14,0.3802467882633209,0.5167431831359863,-0.40118029713630676,0,15,0.7032012343406677,0.5286805629730225,-0.42979735136032104,0,16,0.5746265053749084,0.5551988482475281,-0.4158172309398651,0,17,0.718718409538269,0.5492234826087952,-0.4713634252548218,0,18,0.6509004235267639,0.6206239461898804,-0.45295900106430054,0,19,0.7086998224258423,0.5082590579986572,-0.47592055797576904,0,20,0.6621826887130737,0.5459519028663635,-0.4360337555408478,0,21,0.6996591687202454,0.5059145092964172,-0.43634358048439026,0,22,0.6401889324188232,0.528723418712616,-0.40352028608322144,0,23,0.5109603404998779,0.6095030903816223,0.06124145910143852,0,24,0.3828471302986145,0.6348801851272583,-0.060641057789325714,0,25,0.7243064045906067,0.5396934151649475,0.010948313400149345,0,26,0.3594602644443512,0.5883002877235413,-0.480279803276062,0,27,0.5075373649597168,0.7354970574378967,-0.025844190269708633,0,28,0.6426900029182434,0.7543491721153259,-0.37322330474853516,0,29,0.4723512828350067,0.7506630420684814,-0.019223248586058617,0,30,0.6526719927787781,0.7347595691680908,-0.3469075858592987,0,31,0.4629627764225006,0.8034846782684326,-0.07118572294712067,0,32,0.7583581209182739,0.7660538554191589,-0.4016037881374359,0
0,0.5699843764305115,0.2084793746471405,-0.41070637106895447,0,1,0.5895844101905823,0.17806066572666168,-0.40309861302375793,0,2,0.5949865579605103,0.17698754370212555,-0.4032577872276306,0,3,0.5998843908309937,0.17532145977020264,-0.40343791246414185,0,4,0.5700072646141052,0.16564388573169708,-0.43464985489845276,0,5,0.5607759356498718,0.1538769155740738,-0.4347814917564392,0,6,0.549846887588501,0.1393200010061264,-0.434867799282074,0,7,0.5939924120903015,0.14869321882724762,-0.24917306005954742,0,8,0.5097017288208008,0.08140528202056885,-0.39161819219589233,0,9,0.5617321729660034,0.22641725838184357,-0.33853426575660706,0,10,0.5377721190452576,0.20954188704490662,-0.3798324763774872,0,11,0.5939545035362244,0.23868902027606964,-0.1283324807882309,0,12,0.388924777507782,0.17055438458919525,-0.3555418848991394,0,13,0.66074138879776,0.5028576850891113,-0.17393864691257477,0,14,0.3816346526145935,0.515647828578949,-0.3983095586299896,0,15,0.7028927206993103,0.5288646221160889,-0.4274061620235443,0,16,0.5752459168434143,0.5545474290847778,-0.41572147607803345,0,17,0.717560350894928,0.5505157709121704,-0.46928316354751587,0,18,0.651495099067688,0.6193541288375854,-0.4534648656845093,0,19,0.7072600722312927,0.5087162256240845,-0.47496160864830017,0,20,0.6624963879585266,0.5445976257324219,-0.43696266412734985,0,21,0.6980941891670227,0.5063143372535706,-0.43432122468948364,0,22,0.6375111937522888,0.5266490578651428,-0.4036950469017029,0,23,0.5108389258384705,0.609616756439209,0.061318207532167435,0,24,0.3825320303440094,0.6349269151687622,-0.06071656942367554,0,25,0.7241210341453552,0.5399629473686218,0.010436711832880974,0,26,0.3596404790878296,0.5882498025894165,-0.4804544150829315,0,27,0.5076010823249817,0.7355156540870667,-0.027506573125720024,0,28,0.6436492800712585,0.7624622583389282,-0.37647607922554016,0,29,0.47240883111953735,0.7505844831466675,-0.02088700793683529,0,30,0.6532666087150574,0.7354202270507812,-0.34999629855155945,0,31,0.46172770857810974,0.8033336400985718,-0.0723259225487709,0,32,0.7586572170257568,0.7659004330635071,-0.4009893834590912,0
0,0.5704008340835571,0.20848266780376434,-0.41372787952423096,0,1,0.5897009372711182,0.1780465990304947,-0.40556424856185913,0,2,0.5950409173965454,0.17697679996490479,-0.40572550892829895,0,3,0.5999019145965576,0.17532025277614594,-0.4059099853038788,0,4,0.5704764127731323,0.16562578082084656,-0.43706899881362915,0,5,0.5613151788711548,0.1538747400045395,-0.43720200657844543,0,6,0.5503747463226318,0.139259934425354,-0.43728968501091003,0,7,0.5939647555351257,0.14867666363716125,-0.25017067790031433,0,8,0.5099924206733704,0.08135584741830826,-0.3925726115703583,0,9,0.5618956685066223,0.22643086314201355,-0.3410949110984802,0,10,0.5381109118461609,0.20959512889385223,-0.3823243975639343,0,11,0.5939546227455139,0.23868012428283691,-0.129423126578331,0,12,0.38894301652908325,0.1705499142408371,-0.35628992319107056,0,13,0.6604650616645813,0.5025041103363037,-0.17566484212875366,0,14,0.38202449679374695,0.515329897403717,-0.3995169401168823,0,15,0.7029682397842407,0.5299779176712036,-0.4279448688030243,0,16,0.5762506723403931,0.5545716285705566,-0.41762545704841614,0,17,0.7173717617988586,0.5511585474014282,-0.4699631333351135,0,18,0.6522054672241211,0.620055615901947,-0.4553946852684021,0,19,0.7079050540924072,0.5114179849624634,-0.47697654366493225,0,20,0.6632818579673767,0.545422375202179,-0.4384980797767639,0,21,0.6981881856918335,0.5072159767150879,-0.435549795627594,0,22,0.641769289970398,0.529405951499939,-0.4054647982120514,0,23,0.5108484625816345,0.6096706986427307,0.06130251660943031,0,24,0.38238900899887085,0.6349278688430786,-0.060700673609972,0,25,0.7241758108139038,0.5402964353561401,0.009769241325557232,0,26,0.3598600924015045,0.5883039832115173,-0.47872865200042725,0,27,0.5072932839393616,0.7358064651489258,-0.03137725964188576,0,28,0.6435676217079163,0.767053484916687,-0.37408602237701416,0,29,0.4721575975418091,0.7505782842636108,-0.025053376331925392,0,30,0.6535301804542542,0.7355384230613708,-0.34717538952827454,0,31,0.4607425630092621,0.8032006025314331,-0.07750676572322845,0,32,0.7587698101997375,0.7655176520347595,-0.3991321921348572,0
0,0.571206271648407,0.20844504237174988,-0.41514238715171814,0,1,0.590175211429596,0.17809012532234192,-0.4067685902118683,0,2,0.5954057574272156,0.17702682316303253,-0.40692394971847534,0,3,0.6001656651496887,0.17538094520568848,-0.4071040749549866,0,4,0.5713649392127991,0.1656647026538849,-0.4378618896007538,0,5,0.5622702240943909,0.1539369374513626,-0.4380064308643341,0,6,0.551282525062561,0.13927681744098663,-0.43810322880744934,0,7,0.5940133333206177,0.14866571128368378,-0.25211405754089355,0,8,0.5107520222663879,0.0812922790646553,-0.4008205533027649,0,9,0.562423050403595,0.2264224886894226,-0.34126153588294983,0,10,0.5387169122695923,0.2095828801393509,-0.38478076457977295,0,11,0.5940130949020386,0.23843850195407867,-0.13407881557941437,0,12,0.3889928460121155,0.17055076360702515,-0.365394651889801,0,13,0.658504068851471,0.5025877952575684,-0.17903713881969452,0,14,0.3835199475288391,0.5152972340583801,-0.4102432429790497,0,15,0.7043488025665283,0.5289776921272278,-0.43075138330459595,0,16,0.5769250988960266,0.5544479489326477,-0.4271719753742218,0,17,0.7179191708564758,0.5510427951812744,-0.4726017713546753,0,18,0.6552112102508545,0.6211336851119995,-0.46671152114868164,0,19,0.7118608951568604,0.509615421295166,-0.48002520203590393,0,20,0.666502833366394,0.5462334752082825,-0.4494515061378479,0,21,0.7004212737083435,0.5069774985313416,-0.4361928403377533,0,22,0.6466398239135742,0.5311523079872131,-0.41531699895858765,0,23,0.5108649730682373,0.6093685626983643,0.061500851064920425,0,24,0.38237109780311584,0.6344941854476929,-0.0608927384018898,0,25,0.7241641879081726,0.5401903986930847,0.00791302789002657,0,26,0.3603425920009613,0.5886952877044678,-0.4742504954338074,0,27,0.5074612498283386,0.7361662983894348,-0.032068509608507156,0,28,0.6436125636100769,0.7696592807769775,-0.35851824283599854,0,29,0.47232115268707275,0.750762403011322,-0.02581655979156494,0,30,0.6536737680435181,0.7354942560195923,-0.33104535937309265,0,31,0.46042412519454956,0.8029618859291077,-0.07961737364530563,0,32,0.7589095830917358,0.7649891972541809,-0.3829629123210907,0
0,0.5719178915023804,0.20884639024734497,-0.41756904125213623,0,1,0.5905505418777466,0.17876043915748596,-0.40918615460395813,0,2,0.5956758856773376,0.17765197157859802,-0.40934276580810547,0,3,0.6003468036651611,0.17595316469669342,-0.4095247685909271,0,4,0.572242021560669,0.16648001968860626,-0.4406081438064575,0,5,0.5633297562599182,0.15484412014484406,-0.44074904918670654,0,6,0.5524157285690308,0.14031124114990234,-0.44084271788597107,0,7,0.5940240025520325,0.1487882137298584,-0.25323253870010376,0,8,0.5120915770530701,0.08164984732866287,-0.4029797911643982,0,9,0.5629643797874451,0.22659151256084442,-0.3439464271068573,0,10,0.539530336856842,0.20986109972000122,-0.38683396577835083,0,11,0.5940325260162354,0.23778602480888367,-0.13470996916294098,0,12,0.3890494704246521,0.17055219411849976,-0.36801522970199585,0,13,0.6576299667358398,0.5008646249771118,-0.1804269701242447,0,14,0.3852709233760834,0.5152080655097961,-0.4121645390987396,0,15,0.704677402973175,0.5285520553588867,-0.4322098195552826,0,16,0.5777072906494141,0.5544012784957886,-0.4272061288356781,0,17,0.7179239988327026,0.5510157346725464,-0.4735875129699707,0,18,0.6556220650672913,0.6210960149765015,-0.4667143225669861,0,19,0.7124589085578918,0.5104104280471802,-0.48135024309158325,0,20,0.6665499210357666,0.5461215972900391,-0.449447363615036,0,21,0.7008711695671082,0.5069030523300171,-0.43902748823165894,0,22,0.6466163992881775,0.5311774015426636,-0.4153725504875183,0,23,0.5107592940330505,0.6091057658195496,0.061683353036642075,0,24,0.3823171555995941,0.6341254115104675,-0.06106941029429436,0,25,0.7241235375404358,0.5401707887649536,0.007842105813324451,0,26,0.360572874546051,0.5888299345970154,-0.4706907272338867,0,27,0.5076228976249695,0.7363919019699097,-0.030846646055579185,0,28,0.6425327062606812,0.7700459361076355,-0.35415777564048767,0,29,0.4724785089492798,0.750890851020813,-0.02471611462533474,0,30,0.653852641582489,0.7353988289833069,-0.3269965946674347,0,31,0.46026796102523804,0.8028980493545532,-0.07760902494192123,0,32,0.7589278817176819,0.764197051525116,-0.3766685128211975,0
0,0.5722540020942688,0.20920690894126892,-0.41868045926094055,0,1,0.5907158255577087,0.17921115458011627,-0.41174808144569397,0,2,0.5957974195480347,0.17800432443618774,-0.4119102358818054,0,3,0.6004363298416138,0.17622198164463043,-0.41209760308265686,0,4,0.5726423263549805,0.1673624962568283,-0.4450368285179138,0,5,0.5638189911842346,0.1559961885213852,-0.44518640637397766,0,6,0.5529775023460388,0.14182071387767792,-0.44528263807296753,0,7,0.5940734148025513,0.14881078898906708,-0.259848952293396,0,8,0.5126265287399292,0.08338795602321625,-0.41375285387039185,0,9,0.5632935762405396,0.226715087890625,-0.34618350863456726,0,10,0.5399657487869263,0.2102878987789154,-0.3909013569355011,0,11,0.5940682888031006,0.23636822402477264,-0.14168240129947662,0,12,0.3890540897846222,0.17061784863471985,-0.37523746490478516,0,13,0.6563211679458618,0.5006487369537354,-0.18284647166728973,0,14,0.3854779005050659,0.5153670907020569,-0.41695255041122437,0,15,0.7054445743560791,0.5282559990882874,-0.4343595504760742,0,16,0.5777910947799683,0.554390549659729,-0.43195974826812744,0,17,0.7183202505111694,0.5509878396987915,-0.47571033239364624,0,18,0.6553353071212769,0.6215448379516602,-0.47140562534332275,0,19,0.7142013311386108,0.5113997459411621,-0.48317834734916687,0,20,0.6664001941680908,0.5462027788162231,-0.45442312955856323,0,21,0.7023603320121765,0.5068534016609192,-0.4413263499736786,0,22,0.6456709504127502,0.5316453576087952,-0.4204128384590149,0,23,0.5107247829437256,0.6088706851005554,0.061682023108005524,0,24,0.3821891248226166,0.6338844299316406,-0.0610663965344429,0,25,0.7241040468215942,0.5400074124336243,0.0016997470520436764,0,26,0.36057049036026,0.5889098048210144,-0.4703972637653351,0,27,0.5076814889907837,0.7368441820144653,-0.0394374243915081,0,28,0.6422579884529114,0.7726302742958069,-0.35122373700141907,0,29,0.4726499021053314,0.7511098980903625,-0.03371025621891022,0,30,0.6541350483894348,0.735385000705719,-0.3237049877643585,0,31,0.4602254331111908,0.8028658628463745,-0.08918067812919617,0,32,0.759318470954895,0.7639989852905273,-0.37374621629714966,0
0,0.5722828507423401,0.2093433141708374,-0.41922298073768616,0,1,0.5907182097434998,0.1794537752866745,-0.4125435948371887,0,2,0.5957992076873779,0.17821615934371948,-0.4127074182033539,0,3,0.6004378795623779,0.17641045153141022,-0.41289493441581726,0,4,0.5726536512374878,0.16768790781497955,-0.44599682092666626,0,5,0.5638132095336914,0.1563340276479721,-0.44615018367767334,0,6,0.5529590249061584,0.14220575988292694,-0.4462454915046692,0,7,0.5940674543380737,0.14881403744220734,-0.2623153030872345,0,8,0.5126004815101624,0.08387863636016846,-0.4139620065689087,0,9,0.563316285610199,0.22672422230243683,-0.34640491008758545,0,10,0.5399776101112366,0.2103719860315323,-0.3912520706653595,0,11,0.594207763671875,0.23577949404716492,-0.14297161996364594,0,12,0.3890371322631836,0.17062731087207794,-0.3749837577342987,0,13,0.6560892462730408,0.5006916522979736,-0.18330346047878265,0,14,0.3856033384799957,0.515381932258606,-0.41657590866088867,0,15,0.705710768699646,0.528045117855072,-0.43565934896469116,0,16,0.5777876973152161,0.5543441772460938,-0.43227994441986084,0,17,0.7183669209480286,0.5509823560714722,-0.4771558344364166,0,18,0.6550756692886353,0.6216048002243042,-0.47179901599884033,0,19,0.7145972847938538,0.5119267702102661,-0.48392254114151,0,20,0.6657413244247437,0.5462234616279602,-0.45502516627311707,0,21,0.7026679515838623,0.506808340549469,-0.4425966441631317,0,22,0.6371360421180725,0.5289084911346436,-0.4207957983016968,0,23,0.5106728076934814,0.6085104942321777,0.06167040392756462,0,24,0.382022500038147,0.6335322856903076,-0.061052106320858,0,25,0.7241286039352417,0.5399948954582214,-0.0008881593239493668,0,26,0.3607233464717865,0.5892204642295837,-0.4705251455307007,0,27,0.506316065788269,0.7368160486221313,-0.04260861501097679,0,28,0.641370415687561,0.7730192542076111,-0.3516276478767395,0,29,0.47121891379356384,0.7506468892097473,-0.03680609539151192,0,30,0.6541556119918823,0.735262393951416,-0.3240470588207245,0,31,0.45997780561447144,0.802561342716217,-0.09240703284740448,0,32,0.7593701481819153,0.7636182308197021,-0.374310165643692,0
0,0.5717658400535583,0.2093476504087448,-0.4213564097881317,0,1,0.5903446674346924,0.1794225424528122,-0.41488561034202576,0,2,0.5954519510269165,0.1782098412513733,-0.4150488078594208,0,3,0.6001287698745728,0.1764444261789322,-0.41523611545562744,0,4,0.5723206400871277,0.16763322055339813,-0.4474288523197174,0,5,0.5633943676948547,0.1562805473804474,-0.44758141040802,0,6,0.5525931715965271,0.14215800166130066,-0.44767335057258606,0,7,0.5940646529197693,0.14906248450279236,-0.2639268636703491,0,8,0.5119813084602356,0.08333063125610352,-0.41388481855392456,0,9,0.5629104375839233,0.22677874565124512,-0.34886434674263,0,10,0.5395602583885193,0.21043868362903595,-0.39226406812667847,0,11,0.5942361950874329,0.23651212453842163,-0.14358605444431305,0,12,0.38901835680007935,0.17082609236240387,-0.374870628118515,0,13,0.6568686366081238,0.5015101432800293,-0.18351833522319794,0,14,0.38487544655799866,0.5171668529510498,-0.4161461591720581,0,15,0.705693244934082,0.5325160026550293,-0.43646955490112305,0,16,0.5779580473899841,0.5545763373374939,-0.43220970034599304,0,17,0.7164904475212097,0.559173047542572,-0.47802433371543884,0,18,0.6542167067527771,0.622208297252655,-0.47165414690971375,0,19,0.7128599286079407,0.5181818604469299,-0.4849347174167633,0,20,0.6645491123199463,0.5468733906745911,-0.4548535943031311,0,21,0.6989200711250305,0.5128967761993408,-0.44363224506378174,0,22,0.6332525014877319,0.5289174914360046,-0.42067137360572815,0,23,0.5100157260894775,0.608760416507721,0.06160683557391167,0,24,0.38194528222084045,0.6340950131416321,-0.06099088862538338,0,25,0.723924994468689,0.539998471736908,-0.0007658975664526224,0,26,0.3612355589866638,0.5898736715316772,-0.46377280354499817,0,27,0.5063719749450684,0.7364850640296936,-0.042405448853969574,0,28,0.6409215927124023,0.772782564163208,-0.3502373993396759,0,29,0.47127974033355713,0.7500664591789246,-0.036541953682899475,0,30,0.654206395149231,0.735261857509613,-0.3230166435241699,0,31,0.4594975709915161,0.8020570874214172,-0.09192194044589996,0,32,0.7594438195228577,0.7628811001777649,-0.3739680349826813,0
0,0.5714086890220642,0.20934049785137177,-0.4221608340740204,0,1,0.5902258157730103,0.1793995350599289,-0.4154042601585388,0,2,0.5953433513641357,0.1782086044549942,-0.41556692123413086,0,3,0.6000298857688904,0.17647844552993774,-0.4157542288303375,0,4,0.5722638964653015,0.16758479177951813,-0.4477982819080353,0,5,0.563345730304718,0.1562257707118988,-0.4479476809501648,0,6,0.5525719523429871,0.14209584891796112,-0.44803714752197266,0,7,0.5940638184547424,0.14928492903709412,-0.26379942893981934,0,8,0.5119405388832092,0.08317457884550095,-0.4095880687236786,0,9,0.562553346157074,0.2268274873495102,-0.34951671957969666,0,10,0.5393769145011902,0.21048754453659058,-0.39252397418022156,0,11,0.5942697525024414,0.2367803007364273,-0.14182628691196442,0,12,0.38902148604393005,0.17107105255126953,-0.3725646734237671,0,13,0.6572999358177185,0.5008702278137207,-0.18246792256832123,0,14,0.384852796792984,0.517320990562439,-0.4130072593688965,0,15,0.7058974504470825,0.5330126881599426,-0.43654727935791016,0,16,0.577876091003418,0.5544206500053406,-0.4302842319011688,0,17,0.7167702317237854,0.5587791800498962,-0.47837603092193604,0,18,0.6530483961105347,0.6212587356567383,-0.4697493016719818,0,19,0.7120933532714844,0.5186098217964172,-0.48558372259140015,0,20,0.6630181074142456,0.5459820032119751,-0.453885018825531,0,21,0.698475182056427,0.5128560662269592,-0.4440463185310364,0,22,0.6303249597549438,0.5278089046478271,-0.41904178261756897,0,23,0.509351372718811,0.6088016629219055,0.062114275991916656,0,24,0.38150569796562195,0.634369969367981,-0.06150766462087631,0,25,0.7237447500228882,0.5393937826156616,0.0042676473967731,0,26,0.36223718523979187,0.590704619884491,-0.4644591510295868,0,27,0.5072786808013916,0.7365025877952576,-0.038085367530584335,0,28,0.6408466696739197,0.772989809513092,-0.3509140908718109,0,29,0.471834272146225,0.7502730488777161,-0.032285936176776886,0,30,0.6547657251358032,0.735356330871582,-0.3239986300468445,0,31,0.4630182683467865,0.8020426630973816,-0.0846870094537735,0,32,0.759827733039856,0.7622473835945129,-0.37454745173454285,0
0,0.5714156627655029,0.2094041109085083,-0.4223008453845978,0,1,0.5902517437934875,0.17946216464042664,-0.41555970907211304,0,2,0.5953670144081116,0.1782747358083725,-0.4157243072986603,0,3,0.6000497341156006,0.17655949294567108,-0.41591373085975647,0,4,0.5723627805709839,0.1676947921514511,-0.44806185364723206,0,5,0.5635727047920227,0.15639843046665192,-0.4482131600379944,0,6,0.552909255027771,0.14236263930797577,-0.44830116629600525,0,7,0.5940728783607483,0.14938859641551971,-0.263823539018631,0,8,0.5121346116065979,0.08313487470149994,-0.41039907932281494,0,9,0.5625726580619812,0.22690296173095703,-0.34975191950798035,0,10,0.5395585894584656,0.21069805324077606,-0.3931969702243805,0,11,0.5943377614021301,0.23678641021251678,-0.14179590344429016,0,12,0.3889476954936981,0.17115303874015808,-0.37311646342277527,0,13,0.6586220860481262,0.5002670884132385,-0.18286052346229553,0,14,0.3842523396015167,0.5175703167915344,-0.41340553760528564,0,15,0.7061833143234253,0.5320254564285278,-0.43690112233161926,0,16,0.577492892742157,0.554314374923706,-0.43046945333480835,0,17,0.7167865633964539,0.5584983825683594,-0.47876402735710144,0,18,0.6499747633934021,0.6205013394355774,-0.4697938859462738,0,19,0.7114101648330688,0.5184894800186157,-0.48593226075172424,0,20,0.6596242189407349,0.5448538661003113,-0.4539553225040436,0,21,0.6984469294548035,0.5126442909240723,-0.4444149136543274,0,22,0.627846896648407,0.5266565084457397,-0.4191914498806,0,23,0.5090821981430054,0.608764111995697,0.06230373680591583,0,24,0.38113832473754883,0.6343711018562317,-0.061697255820035934,0,25,0.7236624956130981,0.5386874079704285,0.004923943895846605,0,26,0.3633386492729187,0.591701865196228,-0.46394193172454834,0,27,0.5076715350151062,0.7365050315856934,-0.0371173694729805,0,28,0.640252411365509,0.7729463577270508,-0.34480684995651245,0,29,0.47200506925582886,0.7503563761711121,-0.03140288591384888,0,30,0.6547701358795166,0.7355728149414062,-0.31720343232154846,0,31,0.46516793966293335,0.8020344972610474,-0.08304424583911896,0,32,0.759831964969635,0.7620674967765808,-0.3620894253253937,0
0,0.5714138150215149,0.20927949249744415,-0.42268094420433044,0,1,0.5902539491653442,0.17929552495479584,-0.4158368408679962,0,2,0.5953701138496399,0.17811475694179535,-0.41600286960601807,0,3,0.6000522971153259,0.17643466591835022,-0.416194349527359,0,4,0.5723755955696106,0.1676015555858612,-0.448231041431427,0,5,0.5636175870895386,0.1563555896282196,-0.4483809769153595,0,6,0.5529853105545044,0.14230583608150482,-0.44846948981285095,0,7,0.594072163105011,0.14935414493083954,-0.263816773891449,0,8,0.5121520161628723,0.08302608132362366,-0.41043680906295776,0,9,0.5625736117362976,0.2267863005399704,-0.34995236992836,0,10,0.5396457314491272,0.21067672967910767,-0.39329180121421814,0,11,0.5944405794143677,0.23680713772773743,-0.14184947311878204,0,12,0.38883864879608154,0.17116205394268036,-0.3725356459617615,0,13,0.6598844528198242,0.49961400032043457,-0.18240679800510406,0,14,0.38363102078437805,0.5175850987434387,-0.41194286942481995,0,15,0.7058231830596924,0.5321270227432251,-0.437055379152298,0,16,0.573459804058075,0.5542463660240173,-0.4306337535381317,0,17,0.715629518032074,0.5597600340843201,-0.47918400168418884,0,18,0.6429625749588013,0.6194397211074829,-0.46993303298950195,0,19,0.7104177474975586,0.5187506675720215,-0.48662933707237244,0,20,0.6530919671058655,0.5432082414627075,-0.45451536774635315,0,21,0.6961602568626404,0.5128045082092285,-0.4446088373661041,0,22,0.6195668578147888,0.5254465341567993,-0.41940388083457947,0,23,0.5087450742721558,0.6087691783905029,0.06238004192709923,0,24,0.38097211718559265,0.6345440149307251,-0.0617736391723156,0,25,0.7234712839126587,0.5380644798278809,0.009264546446502209,0,26,0.36425989866256714,0.5927568078041077,-0.46391966938972473,0,27,0.5085303783416748,0.7363708019256592,-0.03115985542535782,0,28,0.6396246552467346,0.7728533744812012,-0.3456569314002991,0,29,0.47243329882621765,0.750358521938324,-0.02533177100121975,0,30,0.6546001434326172,0.736318051815033,-0.31808263063430786,0,31,0.4669560194015503,0.8020220398902893,-0.07399313151836395,0,32,0.7598374485969543,0.7619971036911011,-0.36173316836357117,0
0,0.5714104771614075,0.20928604900836945,-0.42290979623794556,0,1,0.5902345776557922,0.1792972981929779,-0.415658175945282,0,2,0.5953426957130432,0.17812059819698334,-0.41582053899765015,0,3,0.6000164151191711,0.1764489859342575,-0.4160073399543762,0,4,0.5723755955696106,0.16761049628257751,-0.4481789171695709,0,5,0.5636320114135742,0.15637029707431793,-0.4483262598514557,0,6,0.5530021786689758,0.1423371136188507,-0.44841262698173523,0,7,0.594036877155304,0.14944572746753693,-0.26258933544158936,0,8,0.512145459651947,0.08299922943115234,-0.4101119339466095,0,9,0.5625682473182678,0.22679592669010162,-0.35020825266838074,0,10,0.5396808981895447,0.21073561906814575,-0.3934025466442108,0,11,0.5944649577140808,0.23688825964927673,-0.14134420454502106,0,12,0.38874977827072144,0.1712077558040619,-0.3722551465034485,0,13,0.6609408855438232,0.4992525577545166,-0.18213604390621185,0,14,0.38298502564430237,0.518011212348938,-0.4117841124534607,0,15,0.7059152722358704,0.5312343239784241,-0.43722087144851685,0,16,0.5734952688217163,0.5542682409286499,-0.4307352900505066,0,17,0.7156680822372437,0.55961012840271,-0.47943368554115295,0,18,0.6428486108779907,0.6195545196533203,-0.4700848460197449,0,19,0.7099097967147827,0.5186432003974915,-0.48693278431892395,0,20,0.6530490517616272,0.5432296395301819,-0.4547610580921173,0,21,0.6962422728538513,0.5126964449882507,-0.44485318660736084,0,22,0.6176625490188599,0.5250944495201111,-0.4195190668106079,0,23,0.5080963969230652,0.6090652346611023,0.06246459484100342,0,24,0.380813330411911,0.6350463628768921,-0.06185648590326309,0,25,0.723128080368042,0.5371131896972656,0.009317386895418167,0,26,0.3653160631656647,0.5939252972602844,-0.46363359689712524,0,27,0.5089638829231262,0.7362834215164185,-0.030961183831095695,0,28,0.6395550966262817,0.7727712392807007,-0.3453376889228821,0,29,0.47276437282562256,0.7503592371940613,-0.025112783536314964,0,30,0.6545699834823608,0.7372509837150574,-0.3177497088909149,0,31,0.467980295419693,0.8020296096801758,-0.07445263862609863,0,32,0.7598330974578857,0.7615802884101868,-0.3608914017677307,0
0,0.5714150667190552,0.20945164561271667,-0.42320823669433594,0,1,0.5902344584465027,0.17938372492790222,-0.41585689783096313,0,2,0.5953431725502014,0.17819063365459442,-0.41601771116256714,0,3,0.6000173687934875,0.17651322484016418,-0.416203111410141,0,4,0.5723828673362732,0.16780471801757812,-0.44835394620895386,0,5,0.5636558532714844,0.15660806000232697,-0.44850072264671326,0,6,0.5530231595039368,0.1426296979188919,-0.4485873579978943,0,7,0.5940377712249756,0.1494954526424408,-0.26261982321739197,0,8,0.5120814442634583,0.0833146721124649,-0.410613089799881,0,9,0.5625934600830078,0.22685986757278442,-0.3504701852798462,0,10,0.5397891402244568,0.21091672778129578,-0.39347901940345764,0,11,0.5944860577583313,0.23689284920692444,-0.14139722287654877,0,12,0.3886832594871521,0.17124371230602264,-0.37213581800460815,0,13,0.6626220941543579,0.49792492389678955,-0.18053573369979858,0,14,0.3829483389854431,0.5181195139884949,-0.41148510575294495,0,15,0.7059990167617798,0.5316240191459656,-0.433666855096817,0,16,0.5721330046653748,0.554179847240448,-0.4299216568470001,0,17,0.7167496085166931,0.5608176589012146,-0.47566157579421997,0,18,0.6420028805732727,0.615966260433197,-0.4690052270889282,0,19,0.711086630821228,0.5196093916893005,-0.48369136452674866,0,20,0.6520274877548218,0.5396273732185364,-0.45373424887657166,0,21,0.6963983774185181,0.5135607719421387,-0.44140177965164185,0,22,0.6168686747550964,0.5248724222183228,-0.4186372458934784,0,23,0.5075370073318481,0.6089529991149902,0.062483448535203934,0,24,0.3806668817996979,0.6350473761558533,-0.06187397241592407,0,25,0.7225884795188904,0.536605715751648,0.013381046243011951,0,26,0.3662963807582855,0.5954030752182007,-0.46367698907852173,0,27,0.5102440714836121,0.7356379628181458,-0.020553767681121826,0,28,0.6395455002784729,0.7724183797836304,-0.3472837805747986,0,29,0.4738437235355377,0.7502501606941223,-0.014395372942090034,0,30,0.6545745730400085,0.7370263338088989,-0.32031506299972534,0,31,0.4687543213367462,0.802017092704773,-0.06262911111116409,0,32,0.7597808837890625,0.7612350583076477,-0.36125296354293823,0
0,0.5713907480239868,0.20992490649223328,-0.42879781126976013,0,1,0.5902078747749329,0.17983722686767578,-0.42200079560279846,0,2,0.595329999923706,0.17858095467090607,-0.4221552610397339,0,3,0.6000121235847473,0.17685259878635406,-0.42233386635780334,0,4,0.5723251700401306,0.16853061318397522,-0.4544581174850464,0,5,0.5635955929756165,0.1574268937110901,-0.4546028971672058,0,6,0.5529305934906006,0.14353980123996735,-0.4546847343444824,0,7,0.5940624475479126,0.1497325748205185,-0.2686820924282074,0,8,0.5116794109344482,0.08430492132902145,-0.4159122407436371,0,9,0.5625925064086914,0.22706495225429535,-0.3561031222343445,0,10,0.5397857427597046,0.21127742528915405,-0.3988437056541443,0,11,0.5947741270065308,0.23700270056724548,-0.14707201719284058,0,12,0.388624370098114,0.17124879360198975,-0.3743160665035248,0,13,0.6630781292915344,0.4978886842727661,-0.18823906779289246,0,14,0.3829118609428406,0.5182158946990967,-0.4136340320110321,0,15,0.7062414884567261,0.5308224558830261,-0.44607725739479065,0,16,0.5710465312004089,0.5541208386421204,-0.4374842941761017,0,17,0.7184931039810181,0.5607376098632812,-0.48937374353408813,0,18,0.641465425491333,0.615508496761322,-0.47751107811927795,0,19,0.7134535312652588,0.5195348858833313,-0.49821367859840393,0,20,0.651622474193573,0.53902268409729,-0.46259573101997375,0,21,0.6974973082542419,0.5134822130203247,-0.454274982213974,0,22,0.6162382960319519,0.5243651866912842,-0.4263606369495392,0,23,0.507442057132721,0.609071671962738,0.062239374965429306,0,24,0.3805719316005707,0.6351062059402466,-0.06162116676568985,0,25,0.7224266529083252,0.5365861654281616,0.012605306692421436,0,26,0.36625662446022034,0.5962353944778442,-0.47482168674468994,0,27,0.510248064994812,0.7355577945709229,-0.021176336333155632,0,28,0.6395836472511292,0.7724058628082275,-0.3553062081336975,0,29,0.4738588035106659,0.7502457499504089,-0.014792565256357193,0,30,0.6545264720916748,0.7370363473892212,-0.32754889130592346,0,31,0.4692303240299225,0.801996648311615,-0.0647137239575386,0,32,0.7597245573997498,0.7612497806549072,-0.36948516964912415,0
0,0.5713158249855042,0.21019570529460907,-0.43187466263771057,0,1,0.5901525616645813,0.1801164746284485,-0.4245612323284149,0,2,0.5952883362770081,0.1788807064294815,-0.42471468448638916,0,3,0.5999797582626343,0.1771813929080963,-0.4248920977115631,0,4,0.5722160339355469,0.16877278685569763,-0.4564701020717621,0,5,0.563457727432251,0.1576245278120041,-0.45661336183547974,0,6,0.5527304410934448,0.14369036257266998,-0.45669353008270264,0,7,0.5940443873405457,0.15014594793319702,-0.2693778872489929,0,8,0.5113535523414612,0.0845148116350174,-0.4155235290527344,0,9,0.5625403523445129,0.22728756070137024,-0.3586488962173462,0,10,0.5397242903709412,0.21142898499965668,-0.4006057381629944,0,11,0.5947825908660889,0.23746253550052643,-0.14713861048221588,0,12,0.3886248469352722,0.17125262320041656,-0.3741418123245239,0,13,0.6630411744117737,0.4978892505168915,-0.19000867009162903,0,14,0.38278263807296753,0.5182251334190369,-0.4137648642063141,0,15,0.7071109414100647,0.5296134948730469,-0.449322909116745,0,16,0.5715543031692505,0.5540531873703003,-0.43813928961753845,0,17,0.7208126187324524,0.560659646987915,-0.49291712045669556,0,18,0.6416186094284058,0.6153380870819092,-0.4785032868385315,0,19,0.7165113687515259,0.5194836258888245,-0.50262051820755,0,20,0.6517035961151123,0.5389956831932068,-0.4631267786026001,0,21,0.6995252966880798,0.5134166479110718,-0.458051472902298,0,22,0.6178966164588928,0.523831844329834,-0.42689308524131775,0,23,0.507409393787384,0.6095656752586365,0.062162891030311584,0,24,0.380576491355896,0.635180652141571,-0.06154393404722214,0,25,0.7224380373954773,0.5366255640983582,0.010235643945634365,0,26,0.3663387894630432,0.5965826511383057,-0.4745398163795471,0,27,0.5091281533241272,0.7353313565254211,-0.027985505759716034,0,28,0.639590859413147,0.7723364233970642,-0.353797048330307,0,29,0.4727931022644043,0.7500646710395813,-0.021862205117940903,0,30,0.6540680527687073,0.7370333671569824,-0.32546326518058777,0,31,0.46613115072250366,0.8014642000198364,-0.07322559505701065,0,32,0.7597196698188782,0.7614959478378296,-0.3684738278388977,0
0,0.5713184475898743,0.20967930555343628,-0.4434453248977661,0,1,0.5902250409126282,0.17932452261447906,-0.43466299772262573,0,2,0.5954200029373169,0.17821116745471954,-0.43481847643852234,0,3,0.600157618522644,0.1766752153635025,-0.43500030040740967,0,4,0.5721839666366577,0.16770467162132263,-0.46608054637908936,0,5,0.563315212726593,0.15641053020954132,-0.4662216305732727,0,6,0.552404522895813,0.14197559654712677,-0.4663047194480896,0,7,0.5942391157150269,0.14996695518493652,-0.2745957672595978,0,8,0.5107986330986023,0.08274807780981064,-0.4182266294956207,0,9,0.5625403523445129,0.22709225118160248,-0.36885058879852295,0,10,0.5396461486816406,0.2109948843717575,-0.41008272767066956,0,11,0.5950688123703003,0.23811456561088562,-0.15114903450012207,0,12,0.38862428069114685,0.17125700414180756,-0.3767572343349457,0,13,0.6630114316940308,0.4996415376663208,-0.2014380395412445,0,14,0.38255834579467773,0.518233597278595,-0.4197673201560974,0,15,0.7077000737190247,0.5284164547920227,-0.46386367082595825,0,16,0.5724341869354248,0.553990364074707,-0.44596925377845764,0,17,0.7223531603813171,0.560481607913971,-0.5082800388336182,0,18,0.6433776021003723,0.6156153678894043,-0.4867405891418457,0,19,0.7172038555145264,0.5188624858856201,-0.5169758796691895,0,20,0.6539294719696045,0.5394650101661682,-0.47025129199028015,0,21,0.7013695240020752,0.5131242871284485,-0.472404420375824,0,22,0.6202528476715088,0.5232818722724915,-0.4342985153198242,0,23,0.5075803995132446,0.6100565195083618,0.0620773546397686,0,24,0.38061967492103577,0.6352431774139404,-0.0614587776362896,0,25,0.722459614276886,0.5364550948143005,0.010035584680736065,0,26,0.36549797654151917,0.5965635180473328,-0.47463953495025635,0,27,0.5087984204292297,0.735327422618866,-0.028006916865706444,0,28,0.6390305161476135,0.7722969055175781,-0.3546789884567261,0,29,0.47256889939308167,0.7501451969146729,-0.021828193217515945,0,30,0.6532865166664124,0.7369412183761597,-0.3266603648662567,0,31,0.4668661057949066,0.80129075050354,-0.07367651909589767,0,32,0.759708046913147,0.7615123391151428,-0.3778937757015228,0
0,0.5713164806365967,0.20933741331100464,-0.4427543580532074,0,1,0.5902737975120544,0.17869530618190765,-0.43340861797332764,0,2,0.595501720905304,0.1777334213256836,-0.4335716962814331,0,3,0.6002686619758606,0.17635434865951538,-0.43376055359840393,0,4,0.5721532702445984,0.16674166917800903,-0.4640728831291199,0,5,0.5631880164146423,0.15511541068553925,-0.46420469880104065,0,6,0.5521158576011658,0.14040198922157288,-0.4642835557460785,0,7,0.5944193005561829,0.14994235336780548,-0.26994094252586365,0,8,0.5102634429931641,0.08102798461914062,-0.41058191657066345,0,9,0.5625311732292175,0.22707170248031616,-0.36850959062576294,0,10,0.539538562297821,0.21086211502552032,-0.4088207185268402,0,11,0.5953059792518616,0.23848594725131989,-0.14813348650932312,0,12,0.3886886239051819,0.1712285578250885,-0.37143799662590027,0,13,0.6636455655097961,0.4996662735939026,-0.2003796249628067,0,14,0.3824911415576935,0.5183331370353699,-0.4166240990161896,0,15,0.7080669403076172,0.5280939340591431,-0.4620443284511566,0,16,0.5732955932617188,0.5540056824684143,-0.4441221058368683,0,17,0.7226120233535767,0.5603997707366943,-0.5058209896087646,0,18,0.6435635089874268,0.6157361268997192,-0.48526790738105774,0,19,0.7177295684814453,0.5188145041465759,-0.5151044130325317,0,20,0.6542179584503174,0.5400499105453491,-0.46818244457244873,0,21,0.7016318440437317,0.5130689740180969,-0.470784991979599,0,22,0.621894121170044,0.5231578946113586,-0.4323083162307739,0,23,0.5075950026512146,0.6103114485740662,0.061834923923015594,0,24,0.3807973265647888,0.6352675557136536,-0.061219826340675354,0,25,0.7224637269973755,0.5364587306976318,0.00982699729502201,0,26,0.36429911851882935,0.5963956117630005,-0.4755076467990875,0,27,0.5087487697601318,0.7348741888999939,-0.02667350135743618,0,28,0.638436496257782,0.7712888121604919,-0.36167457699775696,0,29,0.47257936000823975,0.7498787641525269,-0.020229043439030647,0,30,0.6530248522758484,0.7367026209831238,-0.33480721712112427,0,31,0.4646958112716675,0.7999179363250732,-0.07276551425457001,0,32,0.759699821472168,0.7613514065742493,-0.38972607254981995,0
0,0.572586715221405,0.2069181203842163,-0.448183536529541,0,1,0.5916697382926941,0.1748807430267334,-0.4369203448295593,0,2,0.5969198942184448,0.17424705624580383,-0.43707725405693054,0,3,0.6016716361045837,0.173373743891716,-0.4372624158859253,0,4,0.5727088451385498,0.16318102180957794,-0.4694504141807556,0,5,0.5634316802024841,0.1520635038614273,-0.4695885479450226,0,6,0.5521827936172485,0.13794933259487152,-0.46967455744743347,0,7,0.5951341986656189,0.14870479702949524,-0.27241912484169006,0,8,0.5102503895759583,0.07994344830513,-0.42103102803230286,0,9,0.5641538500785828,0.2262333780527115,-0.37370583415031433,0,10,0.5402063131332397,0.21016250550746918,-0.4166443645954132,0,11,0.5964605212211609,0.23985949158668518,-0.1530493050813675,0,12,0.38873448967933655,0.17117688059806824,-0.3798438012599945,0,13,0.6634212136268616,0.5037619471549988,-0.2092871367931366,0,14,0.3819645345211029,0.5189622640609741,-0.4274553060531616,0,15,0.708196759223938,0.5279881358146667,-0.47756871581077576,0,16,0.5736426115036011,0.5540412068367004,-0.45508113503456116,0,17,0.7222875356674194,0.560107946395874,-0.5219004154205322,0,18,0.643626868724823,0.6158387064933777,-0.49549368023872375,0,19,0.7176591753959656,0.5179187059402466,-0.5283485054969788,0,20,0.6543888449668884,0.5401096343994141,-0.4774777591228485,0,21,0.7015691995620728,0.5125650763511658,-0.4852136969566345,0,22,0.6220722794532776,0.5228879451751709,-0.4427284300327301,0,23,0.5077789425849915,0.6105196475982666,0.06182932108640671,0,24,0.3808779716491699,0.6352664232254028,-0.06121351569890976,0,25,0.7224663496017456,0.5366003513336182,0.015574445016682148,0,26,0.3639718294143677,0.5975807309150696,-0.4796672761440277,0,27,0.5088739395141602,0.7345373630523682,-0.005790965631604195,0,28,0.6388547420501709,0.7722315192222595,-0.3647405505180359,0,29,0.47287285327911377,0.7498430013656616,0.0014975897502154112,0,30,0.6529207825660706,0.737916886806488,-0.3384167551994324,0,31,0.4664449989795685,0.7995784282684326,-0.05312798172235489,0,32,0.7597580552101135,0.7616767287254333,-0.39670148491859436,0
0,0.572882354259491,0.20681510865688324,-0.4708055555820465,0,1,0.5923333764076233,0.17439082264900208,-0.4587273597717285,0,2,0.5977197885513306,0.17377184331417084,-0.4588870704174042,0,3,0.6025912165641785,0.17293719947338104,-0.4590822756290436,0,4,0.5728898644447327,0.1627505123615265,-0.49249017238616943,0,5,0.5634747743606567,0.15167737007141113,-0.49263447523117065,0,6,0.5521841049194336,0.1376238614320755,-0.4927299916744232,0,7,0.5959946513175964,0.14866536855697632,-0.29053154587745667,0,8,0.5102710723876953,0.0796162560582161,-0.4441389739513397,0,9,0.5648542046546936,0.22624532878398895,-0.39436933398246765,0,10,0.5405460000038147,0.21022167801856995,-0.43870699405670166,0,11,0.5971572399139404,0.24114246666431427,-0.16625522077083588,0,12,0.3887663185596466,0.17127040028572083,-0.4009290933609009,0,13,0.6603073477745056,0.5118141174316406,-0.2227085679769516,0,14,0.3817675709724426,0.5205984711647034,-0.449682354927063,0,15,0.714302659034729,0.5290461182594299,-0.48583465814590454,0,16,0.5744460225105286,0.5543517470359802,-0.4688606560230255,0,17,0.729332685470581,0.5600624084472656,-0.5276495814323425,0,18,0.6505005955696106,0.6190548539161682,-0.5074408650398254,0,19,0.7253616452217102,0.5179349184036255,-0.536467969417572,0,20,0.6613706946372986,0.5427114367485046,-0.4870070815086365,0,21,0.7120424509048462,0.5118701457977295,-0.4947499632835388,0,22,0.624673068523407,0.522818922996521,-0.4554767608642578,0,23,0.5078967809677124,0.6120176911354065,0.06203906983137131,0,24,0.38085731863975525,0.6354596614837646,-0.06141674891114235,0,25,0.722427487373352,0.5371189117431641,0.018163567408919334,0,26,0.36458122730255127,0.5995665192604065,-0.48208922147750854,0,27,0.5100127458572388,0.7346727252006531,0.002920221071690321,0,28,0.6388518810272217,0.7757584452629089,-0.3643386662006378,0,29,0.47519364953041077,0.7502607703208923,0.010552761144936085,0,30,0.652764618396759,0.7397457957267761,-0.3379659354686737,0,31,0.46764376759529114,0.7995890974998474,-0.047140080481767654,0,32,0.7597264647483826,0.7617119550704956,-0.40134862065315247,0
0,0.5765971541404724,0.20409221947193146,-0.47372907400131226,0,1,0.5925769209861755,0.17295530438423157,-0.4679466784000397,0,2,0.5977137684822083,0.1717762053012848,-0.4681294858455658,0,3,0.6024755835533142,0.1703667789697647,-0.4683482348918915,0,4,0.5751650333404541,0.162614643573761,-0.5071159601211548,0,5,0.5670338273048401,0.15175330638885498,-0.5072933435440063,0,6,0.5576764345169067,0.13885357975959778,-0.5073791742324829,0,7,0.5944599509239197,0.1444319188594818,-0.3271127939224243,0,8,0.5191987752914429,0.08331142365932465,-0.5070323348045349,0,9,0.5682149529457092,0.22022177278995514,-0.404600590467453,0,10,0.547926664352417,0.2072381228208542,-0.45579013228416443,0,11,0.5965214371681213,0.20805566012859344,-0.22087083756923676,0,12,0.3885476291179657,0.1691058725118637,-0.4588783383369446,0,13,0.6539522409439087,0.44011563062667847,-0.19391784071922302,0,14,0.3798520863056183,0.5212171077728271,-0.4858779013156891,0,15,0.7334049344062805,0.5329897999763489,-0.32823508977890015,0,16,0.5769659876823425,0.5589463114738464,-0.4973779618740082,0,17,0.7601043581962585,0.5646425485610962,-0.34990349411964417,0,18,0.6530677080154419,0.6234907507896423,-0.5376814603805542,0,19,0.7578680515289307,0.5432986617088318,-0.3906364142894745,0,20,0.6660649180412292,0.5457939505577087,-0.5161504149436951,0,21,0.744688868522644,0.5338344573974609,-0.3472149670124054,0,22,0.6419290900230408,0.528461217880249,-0.484010249376297,0,23,0.5055999159812927,0.6089159250259399,0.06033414974808693,0,24,0.3773825466632843,0.6313962936401367,-0.059612926095724106,0,25,0.7019134163856506,0.544566810131073,-0.004445435479283333,0,26,0.36794403195381165,0.6849579811096191,-0.4839128255844116,0,27,0.5165283679962158,0.758291482925415,0.010460645891726017,0,28,0.6425660848617554,0.7761634588241577,-0.32504329085350037,0,29,0.48342639207839966,0.768662691116333,0.02056189253926277,0,30,0.6553581357002258,0.7365891337394714,-0.2934330403804779,0,31,0.4736361801624298,0.8177295327186584,-0.035177845507860184,0,32,0.7598112225532532,0.761702299118042,-0.3368965983390808,0
0,0.5782856345176697,0.19923853874206543,-0.4469868242740631,0,1,0.5919832587242126,0.16820597648620605,-0.4444297254085541,0,2,0.5960457921028137,0.16642598807811737,-0.44463634490966797,0,3,0.5994295477867126,0.16452838480472565,-0.4449011981487274,0,4,0.5754891037940979,0.16053147614002228,-0.4884577691555023,0,5,0.5678986310958862,0.15125775337219238,-0.48863485455513,0,6,0.5594102740287781,0.13911060988903046,-0.4887002110481262,0,7,0.5884115695953369,0.1370111107826233,-0.3130260705947876,0,8,0.521004855632782,0.09139008820056915,-0.4794953465461731,0,9,0.5700172185897827,0.21420612931251526,-0.38512498140335083,0,10,0.552707850933075,0.20416970551013947,-0.4456833302974701,0,11,0.5946114659309387,0.20523601770401,-0.20506815612316132,0,12,0.3888992965221405,0.16386514902114868,-0.4358627498149872,0,13,0.6529070138931274,0.41781389713287354,-0.15278367698192596,0,14,0.37743720412254333,0.5164971947669983,-0.4670538306236267,0,15,0.7437781691551208,0.5414270162582397,-0.25860121846199036,0,16,0.5696686506271362,0.5697194933891296,-0.4835006892681122,0,17,0.7742851376533508,0.5761784315109253,-0.27548038959503174,0,18,0.6316081881523132,0.6396203637123108,-0.5173589587211609,0,19,0.7711089849472046,0.5617231726646423,-0.31888312101364136,0,20,0.6485735774040222,0.5694431066513062,-0.5045464634895325,0,21,0.7566937804222107,0.5516851544380188,-0.2777423560619354,0,22,0.6333322525024414,0.5508365631103516,-0.47532913088798523,0,23,0.4998561143875122,0.6063828468322754,0.05867314338684082,0,24,0.37292245030403137,0.6261172294616699,-0.0579068623483181,0,25,0.690567672252655,0.5503852963447571,-0.051527198404073715,0,26,0.3678455650806427,0.7089099287986755,-0.5049921274185181,0,27,0.5123701095581055,0.7596719861030579,-0.009779856540262699,0,28,0.6428852081298828,0.7482321858406067,-0.33110281825065613,0,29,0.4815765917301178,0.7671133875846863,0.005510890856385231,0,30,0.655339241027832,0.7323867678642273,-0.2990029752254486,0,31,0.46799084544181824,0.8214213252067566,-0.04816531389951706,0,32,0.7568274140357971,0.7584189176559448,-0.3410037159919739,0
0,0.578364908695221,0.1981276124715805,-0.41095754504203796,0,1,0.5904289484024048,0.16696476936340332,-0.40890154242515564,0,2,0.5934869050979614,0.16505391895771027,-0.4090957045555115,0,3,0.5959545373916626,0.16303661465644836,-0.4093616306781769,0,4,0.5754587054252625,0.16014038026332855,-0.45122644305229187,0,5,0.5680662989616394,0.1512734740972519,-0.4513815641403198,0,6,0.5600407719612122,0.1400701403617859,-0.4514588713645935,0,7,0.5839453935623169,0.13483969867229462,-0.29205581545829773,0,8,0.5228760242462158,0.09718175232410431,-0.46701911091804504,0,9,0.5702735185623169,0.21388952434062958,-0.35072389245033264,0,10,0.5539648532867432,0.20412097871303558,-0.40810123085975647,0,11,0.5903283953666687,0.20165251195430756,-0.19569440186023712,0,12,0.3904861509799957,0.15606170892715454,-0.4247669577598572,0,13,0.6509171724319458,0.4129166901111603,-0.13557767868041992,0,14,0.37748172879219055,0.5023097991943359,-0.46283623576164246,0,15,0.7540029287338257,0.5455585718154907,-0.2302110195159912,0,16,0.5624275207519531,0.5820886492729187,-0.4505154490470886,0,17,0.7860531210899353,0.5819103717803955,-0.24560438096523285,0,18,0.6170238256454468,0.6569503545761108,-0.481430321931839,0,19,0.7858847379684448,0.5764716863632202,-0.28968387842178345,0,20,0.636617124080658,0.5928221940994263,-0.47296014428138733,0,21,0.7691894769668579,0.5665812492370605,-0.24979639053344727,0,22,0.6233007907867432,0.5709781050682068,-0.44402211904525757,0,23,0.4977167844772339,0.6022821068763733,0.056792959570884705,0,24,0.37175682187080383,0.6193065047264099,-0.056014642119407654,0,25,0.684471070766449,0.5589392781257629,-0.044482942670583725,0,26,0.3672288954257965,0.7025849223136902,-0.5162085890769958,0,27,0.5136760473251343,0.7633816599845886,0.001334646251052618,0,28,0.6422368288040161,0.7580910325050354,-0.3608722984790802,0,29,0.4846133887767792,0.7684752941131592,0.015685122460126877,0,30,0.6532037258148193,0.7286964654922485,-0.3304283320903778,0,31,0.4675968289375305,0.823780357837677,-0.03467205539345741,0,32,0.7523412108421326,0.7496328353881836,-0.36967405676841736,0
0,0.5785783529281616,0.19059713184833527,-0.4451965391635895,0,1,0.5903893113136292,0.16052009165287018,-0.442261278629303,0,2,0.5933972597122192,0.15927979350090027,-0.4424929618835449,0,3,0.595872163772583,0.15796662867069244,-0.44279783964157104,0,4,0.5756577253341675,0.15304891765117645,-0.4825322926044464,0,5,0.5683732628822327,0.1448984295129776,-0.4826924204826355,0,6,0.5603611469268799,0.13483497500419617,-0.48280394077301025,0,7,0.5845720171928406,0.13228024542331696,-0.3136892318725586,0,8,0.5252021551132202,0.09457583725452423,-0.4887835681438446,0,9,0.5705655813217163,0.20899437367916107,-0.38267990946769714,0,10,0.5538626909255981,0.198142871260643,-0.43598291277885437,0,11,0.5902082324028015,0.20408061146736145,-0.22126097977161407,0,12,0.3928254246711731,0.151938796043396,-0.4507289528846741,0,13,0.6511163711547852,0.4256111979484558,-0.16761469841003418,0,14,0.3785650134086609,0.4983903765678406,-0.48319122195243835,0,15,0.7670908570289612,0.5628958940505981,-0.2926667332649231,0,16,0.5629599094390869,0.5893386602401733,-0.4872910678386688,0,17,0.7971891760826111,0.5981475710868835,-0.31198304891586304,0,18,0.62159264087677,0.6728081107139587,-0.5232431292533875,0,19,0.79746413230896,0.5927857160568237,-0.35284358263015747,0,20,0.6394159197807312,0.6111218333244324,-0.5149180293083191,0,21,0.7816564440727234,0.5855533480644226,-0.31162768602371216,0,22,0.629896342754364,0.5892014503479004,-0.48061466217041016,0,23,0.49506646394729614,0.6024388074874878,0.05684267356991768,0,24,0.3697834312915802,0.6176508069038391,-0.05606831982731819,0,25,0.6852743625640869,0.5584887862205505,-0.006813883315771818,0,26,0.36904191970825195,0.7134853005409241,-0.5162777900695801,0,27,0.5249614119529724,0.7617538571357727,0.05696035921573639,0,28,0.6407676935195923,0.7663771510124207,-0.3558925688266754,0,29,0.4958603084087372,0.7683109641075134,0.07066404074430466,0,30,0.6501879096031189,0.7245715856552124,-0.3237995505332947,0,31,0.47635558247566223,0.8148015141487122,0.020488910377025604,0,32,0.7491448521614075,0.7413421273231506,-0.36480873823165894,0
0,0.5797375440597534,0.18589134514331818,-0.4501954913139343,0,1,0.5904896259307861,0.15834037959575653,-0.44472017884254456,0,2,0.5934327244758606,0.15751780569553375,-0.4449380040168762,0,3,0.5958489179611206,0.15665730834007263,-0.44522637128829956,0,4,0.5770546197891235,0.15128223598003387,-0.484218031167984,0,5,0.5704113841056824,0.14407634735107422,-0.4843888580799103,0,6,0.5630559325218201,0.1348361074924469,-0.4845312535762787,0,7,0.5842744708061218,0.1326274275779724,-0.31134232878685,0,8,0.5297152996063232,0.09656435251235962,-0.48679256439208984,0,9,0.5708953738212585,0.20458057522773743,-0.3874564468860626,0,10,0.5547102093696594,0.19481448829174042,-0.4394885301589966,0,11,0.5897976756095886,0.21030102670192719,-0.2287721484899521,0,12,0.39819812774658203,0.1404990404844284,-0.45580387115478516,0,13,0.6521685719490051,0.4470076262950897,-0.1942148059606552,0,14,0.3804034888744354,0.47192543745040894,-0.4938366115093231,0,15,0.774929404258728,0.6058852076530457,-0.3168315589427948,0,16,0.5626726150512695,0.5889370441436768,-0.5002710223197937,0,17,0.813114583492279,0.6377185583114624,-0.3371962308883667,0,18,0.6194124817848206,0.6777654886245728,-0.5373082756996155,0,19,0.8169156312942505,0.629633903503418,-0.3793374300003052,0,20,0.63969886302948,0.619644045829773,-0.5313675999641418,0,21,0.7930034399032593,0.6236518025398254,-0.3364371955394745,0,22,0.6276666522026062,0.5976403951644897,-0.4943661689758301,0,23,0.4921813905239105,0.602617084980011,0.05702798813581467,0,24,0.36727163195610046,0.612173855304718,-0.05629565566778183,0,25,0.6893466114997864,0.5732429623603821,-0.04278574511408806,0,26,0.3679894506931305,0.7025583386421204,-0.5153879523277283,0,27,0.510067343711853,0.7604622840881348,-0.03585703670978546,0,28,0.6013749241828918,0.7664466500282288,-0.22064493596553802,0,29,0.47765910625457764,0.7617907524108887,-0.02452378161251545,0,30,0.615794837474823,0.7320496439933777,-0.17334699630737305,0,31,0.46483704447746277,0.8181385397911072,-0.05393408611416817,0,32,0.7263418436050415,0.7297749519348145,-0.166415736079216,0
0,0.5835516452789307,0.17943328619003296,-0.4499693512916565,0,1,0.5929461121559143,0.15217450261116028,-0.44301751255989075,0,2,0.5950120687484741,0.15147779881954193,-0.44323697686195374,0,3,0.596747100353241,0.1508050113916397,-0.4435186982154846,0,4,0.5818339586257935,0.146017923951149,-0.4826259911060333,0,5,0.5758742690086365,0.1398695409297943,-0.48279258608818054,0,6,0.5689555406570435,0.13193172216415405,-0.48292285203933716,0,7,0.5844228863716125,0.12840932607650757,-0.3071436583995819,0,8,0.5359175801277161,0.09570646286010742,-0.49383461475372314,0,9,0.5734012722969055,0.1973552256822586,-0.3855891227722168,0,10,0.5589926242828369,0.18994054198265076,-0.4390941560268402,0,11,0.5892851948738098,0.21280886232852936,-0.22035230696201324,0,12,0.40214088559150696,0.1388336420059204,-0.47573959827423096,0,13,0.6547462344169617,0.44670823216438293,-0.19890019297599792,0,14,0.38639870285987854,0.4771087169647217,-0.5180597901344299,0,15,0.7953458428382874,0.613988995552063,-0.32880860567092896,0,16,0.5740220546722412,0.6023893356323242,-0.5223121047019958,0,17,0.8193897604942322,0.6296281814575195,-0.35058245062828064,0,18,0.6226507425308228,0.681694746017456,-0.5611383318901062,0,19,0.8376667499542236,0.6341286301612854,-0.3903582990169525,0,20,0.6486612558364868,0.6210532188415527,-0.5511667132377625,0,21,0.812531590461731,0.6290616989135742,-0.3475860357284546,0,22,0.6353530287742615,0.5995408296585083,-0.514011800289154,0,23,0.49034732580184937,0.6027588248252869,0.06091113016009331,0,24,0.3671165406703949,0.6130955815315247,-0.06016519293189049,0,25,0.6905746459960938,0.5701630711555481,0.001965416595339775,0,26,0.36916878819465637,0.7139327526092529,-0.5183281898498535,0,27,0.552489697933197,0.7505456209182739,0.008943544700741768,0,28,0.6240280866622925,0.7706314921379089,-0.273995965719223,0,29,0.523298442363739,0.7558911442756653,0.01809108443558216,0,30,0.6499552130699158,0.7475142478942871,-0.2355240285396576,0,31,0.5443879961967468,0.7951540350914001,-0.02049991488456726,0,32,0.756438672542572,0.7689381241798401,-0.25801095366477966,0
0,0.5858545303344727,0.17392146587371826,-0.4506009817123413,0,1,0.5962634682655334,0.14688752591609955,-0.442386656999588,0,2,0.597838282585144,0.14645257592201233,-0.442599356174469,0,3,0.5990641713142395,0.1460249125957489,-0.4428707957267761,0,4,0.5865084528923035,0.14025983214378357,-0.4834473729133606,0,5,0.5810238122940063,0.13423225283622742,-0.48358622193336487,0,6,0.574637234210968,0.1265615075826645,-0.4836921691894531,0,7,0.5848671197891235,0.12563426792621613,-0.3059319257736206,0,8,0.5428329110145569,0.09073136001825333,-0.5066975951194763,0,9,0.5746684670448303,0.19224534928798676,-0.38780078291893005,0,10,0.5610030293464661,0.1848641037940979,-0.44595852494239807,0,11,0.5882196426391602,0.21538446843624115,-0.21786455810070038,0,12,0.4088433086872101,0.13805446028709412,-0.4993104934692383,0,13,0.6530576348304749,0.44755780696868896,-0.21671663224697113,0,14,0.40069490671157837,0.4764881730079651,-0.5636159777641296,0,15,0.7928981781005859,0.6530089974403381,-0.3318352997303009,0,16,0.5902591943740845,0.6327147483825684,-0.5669968724250793,0,17,0.8293912410736084,0.6884894967079163,-0.35774004459381104,0,18,0.6285279393196106,0.7023992538452148,-0.6128755211830139,0,19,0.8337839245796204,0.6840699315071106,-0.40867337584495544,0,20,0.6594695448875427,0.6466312408447266,-0.6006452441215515,0,21,0.8084675669670105,0.6789118647575378,-0.36050117015838623,0,22,0.6448127031326294,0.6238419413566589,-0.5590283870697021,0,23,0.484713077545166,0.6017516255378723,0.06611781567335129,0,24,0.36408931016921997,0.6133630275726318,-0.06548429280519485,0,25,0.6874738335609436,0.5807206034660339,-0.01729295402765274,0,26,0.371096670627594,0.7147761583328247,-0.5139410495758057,0,27,0.6491193175315857,0.7372257709503174,-0.08812256902456284,0,28,0.6197141408920288,0.7661916613578796,-0.25676429271698,0,29,0.6293254494667053,0.7551184892654419,-0.09044863283634186,0,30,0.6446726322174072,0.7465243935585022,-0.21887646615505219,0,31,0.6873584985733032,0.7605023384094238,-0.14642402529716492,0,32,0.7323802709579468,0.7768048048019409,-0.2359957993030548,0
0,0.6014835834503174,0.1543150097131729,-0.4740484058856964,0,1,0.6136047840118408,0.12366177886724472,-0.46416014432907104,0,2,0.6152516603469849,0.12571170926094055,-0.46436798572540283,0,3,0.6165643930435181,0.12779903411865234,-0.4646388292312622,0,4,0.6023125052452087,0.11184138804674149,-0.49918702244758606,0,5,0.5951425433158875,0.1042877584695816,-0.4993465542793274,0,6,0.5864012837409973,0.09453117102384567,-0.499394953250885,0,7,0.5964863300323486,0.1112251728773117,-0.32886144518852234,0,8,0.5512300133705139,0.06696433573961258,-0.4969518482685089,0,9,0.589011013507843,0.18003511428833008,-0.41241133213043213,0,10,0.5756861567497253,0.16978779435157776,-0.4597441554069519,0,11,0.5893863439559937,0.22712935507297516,-0.21710936725139618,0,12,0.43404000997543335,0.1444205939769745,-0.5003331303596497,0,13,0.6226930022239685,0.4894943833351135,-0.2621200680732727,0,14,0.4702051281929016,0.49265629053115845,-0.5471461415290833,0,15,0.6292527318000793,0.5912957787513733,-0.45118680596351624,0,16,0.6733181476593018,0.64787757396698,-0.5554856657981873,0,17,0.6267279982566833,0.6244267225265503,-0.483442097902298,0,18,0.7168769240379333,0.7188606262207031,-0.6083633303642273,0,19,0.6301172375679016,0.5724474191665649,-0.49439680576324463,0,20,0.739460289478302,0.6563432216644287,-0.5915786027908325,0,21,0.623194694519043,0.5637426376342773,-0.4582187235355377,0,22,0.7194387316703796,0.6316739320755005,-0.5472401976585388,0,23,0.48545482754707336,0.6018334031105042,0.07774316519498825,0,24,0.36872240900993347,0.6147770285606384,-0.07720605283975601,0,25,0.7051874399185181,0.5863372683525085,0.06372569501399994,0,26,0.433299720287323,0.6902013421058655,-0.4893757402896881,0,27,0.56843501329422,0.7568277716636658,-0.0004776269488502294,0,28,0.7083743214607239,0.76629239320755,-0.27393072843551636,0,29,0.5235802531242371,0.76462322473526,0.0014169629430398345,0,30,0.7221723198890686,0.7553157806396484,-0.23832985758781433,0,31,0.643471896648407,0.8239757418632507,-0.030661506578326225,0,32,0.858712911605835,0.7805426120758057,-0.2487601339817047,0
0,0.6099222898483276,0.15613771975040436,-0.46083635091781616,0,1,0.6215788125991821,0.12485460191965103,-0.4530121088027954,0,2,0.6226844191551208,0.1263522207736969,-0.45324644446372986,0,3,0.6233987808227539,0.12780973315238953,-0.45358577370643616,0,4,0.6106337904930115,0.11348754912614822,-0.4872371554374695,0,5,0.6033265590667725,0.1056414544582367,-0.48742038011550903,0,6,0.5947592854499817,0.09564973413944244,-0.48742246627807617,0,7,0.6004297733306885,0.10809944570064545,-0.3246346116065979,0,8,0.5588944554328918,0.06665974110364914,-0.4929935038089752,0,9,0.5959039330482483,0.1811157613992691,-0.4060378074645996,0,10,0.5835574865341187,0.17080803215503693,-0.4556802213191986,0,11,0.5892180800437927,0.23123851418495178,-0.2157798707485199,0,12,0.44720184803009033,0.1531042456626892,-0.5171635746955872,0,13,0.622248113155365,0.4876014292240143,-0.2469906508922577,0,14,0.5091550350189209,0.5060132741928101,-0.5448744297027588,0,15,0.6614032983779907,0.596376359462738,-0.34376803040504456,0,16,0.6976369619369507,0.6719481348991394,-0.5479313135147095,0,17,0.6722323298454285,0.635158360004425,-0.36405646800994873,0,18,0.7364300489425659,0.740658700466156,-0.6037120819091797,0,19,0.6758264899253845,0.5921647548675537,-0.3938169479370117,0,20,0.7622951865196228,0.6845125555992126,-0.5876056551933289,0,21,0.6645623445510864,0.5799497961997986,-0.3578948676586151,0,22,0.7442668676376343,0.6589891314506531,-0.5414028167724609,0,23,0.4858722388744354,0.6009373664855957,0.08211279660463333,0,24,0.37122049927711487,0.6155937314033508,-0.08155544102191925,0,25,0.7034517526626587,0.6114664673805237,0.07956197112798691,0,26,0.4314374029636383,0.6891711950302124,-0.4942958950996399,0,27,0.5240817666053772,0.7663384079933167,0.038188036531209946,0,28,0.7058248519897461,0.7905775904655457,-0.2891019880771637,0,29,0.48684942722320557,0.7712901830673218,0.042508263140916824,0,30,0.7213542461395264,0.7892685532569885,-0.25543710589408875,0,31,0.539074182510376,0.8301555514335632,0.008035236969590187,0,32,0.8505803942680359,0.8090048432350159,-0.2646549940109253,0
END PUSHUP
0,0.6560553908348083,0.19146952033042908,-0.2344769686460495,0,1,0.6667794585227966,0.15947666764259338,-0.22031500935554504,0,2,0.6659837365150452,0.15907269716262817,-0.2205338329076767,0,3,0.6648021340370178,0.1585816591978073,-0.2208297848701477,0,4,0.6617589592933655,0.15065862238407135,-0.2667704224586487,0,5,0.6576094031333923,0.1412195861339569,-0.266874223947525,0,6,0.6526886820793152,0.1295209378004074,-0.2669292688369751,0,7,0.6380819082260132,0.13046477735042572,-0.08112206310033798,0,8,0.6172526478767395,0.08543314039707184,-0.2753879129886627,0,9,0.6345407366752625,0.20841382443904877,-0.19145973026752472,0,10,0.6291830539703369,0.19389373064041138,-0.25289833545684814,0,11,0.6036077737808228,0.26789095997810364,-0.03377421200275421,0,12,0.46914801001548767,0.1498633176088333,-0.30557698011398315,0,13,0.6494190692901611,0.4682929515838623,0.013900430873036385,0,14,0.41396287083625793,0.44097161293029785,-0.35123348236083984,0,15,0.7785680890083313,0.5829257965087891,-0.08794035762548447,0,16,0.5852717161178589,0.5531178712844849,-0.3399275243282318,0,17,0.8177374601364136,0.6171924471855164,-0.1031961739063263,0,18,0.6240755319595337,0.6463215351104736,-0.3717612326145172,0,19,0.8204867243766785,0.6056480407714844,-0.14932842552661896,0,20,0.6498161554336548,0.5938217639923096,-0.36265766620635986,0,21,0.7968032956123352,0.6003891825675964,-0.10947798192501068,0,22,0.6328222155570984,0.5744470357894897,-0.3326526880264282,0,23,0.460567831993103,0.6255221366882324,0.08057737350463867,0,24,0.3642502725124359,0.6144363880157471,-0.07999088615179062,0,25,0.7139317989349365,0.6621816158294678,0.040904052555561066,0,26,0.4012446105480194,0.6244703531265259,-0.4747806191444397,0,27,0.5007750988006592,0.7373632192611694,-0.02889586053788662,0,28,0.5993458032608032,0.7572484612464905,-0.19440650939941406,0,29,0.4639720022678375,0.7128713130950928,-0.0251553263515234,0,30,0.6114922165870667,0.7374640107154846,-0.1442364603281021,0,31,0.4544101357460022,0.7967945337295532,-0.022077351808547974,0,32,0.7311586737632751,0.738817036151886,-0.08351263403892517,0
0,0.6557636857032776,0.19098688662052155,-0.2356499582529068,0,1,0.666404128074646,0.15936239063739777,-0.23072940111160278,0,2,0.6657436490058899,0.15907461941242218,-0.2309674471616745,0,3,0.6643582582473755,0.15863832831382751,-0.23127804696559906,0,4,0.660169780254364,0.1499059796333313,-0.27717331051826477,0,5,0.65560382604599,0.14060136675834656,-0.27728271484375,0,6,0.6502419710159302,0.1291109174489975,-0.2773372530937195,0,7,0.6378049254417419,0.13105808198451996,-0.09564309567213058,0,8,0.6150559782981873,0.08525686711072922,-0.2904551923274994,0,9,0.6323832869529724,0.2080085724592209,-0.19992008805274963,0,10,0.6262596249580383,0.193826362490654,-0.26173320412635803,0,11,0.6024588346481323,0.2734795808792114,-0.043307483196258545,0,12,0.4553404748439789,0.14671477675437927,-0.3047446012496948,0,13,0.6522029638290405,0.46739324927330017,0.0009686500416137278,0,14,0.3699563145637512,0.41812995076179504,-0.36484089493751526,0,15,0.7759293913841248,0.5813096761703491,-0.10921447724103928,0,16,0.5462814569473267,0.5272163152694702,-0.36832553148269653,0,17,0.8134145140647888,0.6130841970443726,-0.12531013786792755,0,18,0.585033655166626,0.5847034454345703,-0.40034428238868713,0,19,0.8134549260139465,0.601334810256958,-0.1664271205663681,0,20,0.6128219962120056,0.5579829216003418,-0.3846684396266937,0,21,0.7902686595916748,0.5953074097633362,-0.12920984625816345,0,22,0.5986970663070679,0.541227400302887,-0.3581874966621399,0,23,0.46279841661453247,0.6220154166221619,0.07370641082525253,0,24,0.363525927066803,0.6081956624984741,-0.07313576340675354,0,25,0.717240035533905,0.6569948792457581,0.05204692855477333,0,26,0.38080117106437683,0.5917760729789734,-0.4962655007839203,0,27,0.4991265833377838,0.7411342263221741,-0.0011694709537550807,0,28,0.5889801383018494,0.7607138156890869,-0.2405681610107422,0,29,0.4610539972782135,0.715363621711731,0.002616605255752802,0,30,0.6037531495094299,0.7433438301086426,-0.19844622910022736,0,31,0.4517093002796173,0.8026188015937805,0.0008993856026791036,0,32,0.7246997952461243,0.7511628270149231,-0.16055315732955933,0
0,0.6486194729804993,0.19087131321430206,-0.2713952958583832,0,1,0.6623929738998413,0.15880706906318665,-0.24646858870983124,0,2,0.6625405550003052,0.15879414975643158,-0.2466353476047516,0,3,0.6620137691497803,0.15855373442173004,-0.24686020612716675,0,4,0.654737114906311,0.14609737694263458,-0.2887040674686432,0,5,0.6494811177253723,0.1348666548728943,-0.2888128161430359,0,6,0.6430813670158386,0.12162865698337555,-0.28889593482017517,0,7,0.6350507736206055,0.13031217455863953,-0.10202896595001221,0,8,0.6042523980140686,0.07398008555173874,-0.2978646457195282,0,9,0.6249538660049438,0.20753003656864166,-0.21361707150936127,0,10,0.6162667870521545,0.19135209918022156,-0.26938772201538086,0,11,0.60151207447052,0.2694038450717926,-0.04501448944211006,0,12,0.4420020282268524,0.14756383001804352,-0.302245169878006,0,13,0.6486653685569763,0.46757641434669495,-0.008012467995285988,0,14,0.33102455735206604,0.41427314281463623,-0.3844553232192993,0,15,0.7588912844657898,0.5692818760871887,-0.1443474143743515,0,16,0.5431440472602844,0.5139063000679016,-0.3762733042240143,0,17,0.7915134429931641,0.5997470021247864,-0.1645192950963974,0,18,0.5980843901634216,0.597459614276886,-0.4181591272354126,0,19,0.7847084403038025,0.5852677822113037,-0.19146697223186493,0,20,0.6275935769081116,0.5472228527069092,-0.40440624952316284,0,21,0.7620571255683899,0.5797033905982971,-0.15829142928123474,0,22,0.606572687625885,0.5296277403831482,-0.37015438079833984,0,23,0.4623181223869324,0.6222261786460876,0.07454587519168854,0,24,0.36015549302101135,0.6091444492340088,-0.07417690008878708,0,25,0.7254789471626282,0.6525591611862183,0.03775367885828018,0,26,0.40161916613578796,0.5812110900878906,-0.4667183458805084,0,27,0.49909406900405884,0.7547237873077393,-0.05520212650299072,0,28,0.6105814576148987,0.7686527967453003,-0.1811613291501999,0,29,0.45647668838500977,0.732203483581543,-0.054876599460840225,0,30,0.6145704388618469,0.7615665197372437,-0.1352536380290985,0,31,0.4535086750984192,0.8186597228050232,-0.05857587233185768,0,32,0.7350854277610779,0.7677634954452515,-0.07604491710662842,0
0,0.6369963884353638,0.1837531477212906,-0.3249489367008209,0,1,0.6522670388221741,0.14926940202713013,-0.29923364520072937,0,2,0.65384840965271,0.15002471208572388,-0.2993452250957489,0,3,0.6547836065292358,0.15040233731269836,-0.29950347542762756,0,4,0.6405481100082397,0.13382962346076965,-0.3390255868434906,0,5,0.6336270570755005,0.12232287228107452,-0.3391789197921753,0,6,0.6253968477249146,0.10891576111316681,-0.33927279710769653,0,7,0.6281061768531799,0.12447904050350189,-0.13406230509281158,0,8,0.5865411758422852,0.06164611503481865,-0.3043965697288513,0,9,0.6161831021308899,0.20162536203861237,-0.25945594906806946,0,10,0.604948878288269,0.18458962440490723,-0.31178608536720276,0,11,0.5999749898910522,0.26784995198249817,-0.047557033598423004,0,12,0.431622713804245,0.14822237193584442,-0.3124575912952423,0,13,0.645754873752594,0.4669288694858551,-0.08970383554697037,0,14,0.30182912945747375,0.4066724181175232,-0.39385220408439636,0,15,0.700781524181366,0.5222874879837036,-0.3764554262161255,0,16,0.49729350209236145,0.48197633028030396,-0.44781622290611267,0,17,0.7160385251045227,0.5500994920730591,-0.41394636034965515,0,18,0.5447086095809937,0.5236449241638184,-0.47756659984588623,0,19,0.7087211608886719,0.5214851498603821,-0.4239307940006256,0,20,0.5656633377075195,0.4978705942630768,-0.45432907342910767,0,21,0.6920257806777954,0.5171591639518738,-0.38575077056884766,0,22,0.5513514280319214,0.48331642150878906,-0.43102824687957764,0,23,0.46301528811454773,0.6214820742607117,0.07600671797990799,0,24,0.35968634486198425,0.6157253980636597,-0.07582411170005798,0,25,0.7309543490409851,0.631412923336029,0.02347824163734913,0,26,0.43669384717941284,0.6130111813545227,-0.4223642349243164,0,27,0.49727779626846313,0.7546036839485168,-0.09564849734306335,0,28,0.6273981928825378,0.7730789184570312,-0.18931421637535095,0,29,0.45161324739456177,0.7353565692901611,-0.09805108606815338,0,30,0.6273195743560791,0.7642553448677063,-0.14735867083072662,0,31,0.4551295042037964,0.8286038637161255,-0.10722324997186661,0,32,0.7472713589668274,0.7700369358062744,-0.10140346735715866,0
0,0.6272555589675903,0.16489972174167633,-0.36514848470687866,0,1,0.6423174738883972,0.12851473689079285,-0.340354323387146,0,2,0.6453983187675476,0.13064736127853394,-0.3404584527015686,0,3,0.6479043364524841,0.13240423798561096,-0.34061199426651,0,4,0.6261599659919739,0.11005140841007233,-0.3777351975440979,0,5,0.6174070239067078,0.09823643416166306,-0.37792521715164185,0,6,0.6074458956718445,0.08473675698041916,-0.37803784012794495,0,7,0.6232836842536926,0.11358484625816345,-0.17444032430648804,0,8,0.5711478590965271,0.0446738675236702,-0.33831948041915894,0,9,0.6098256707191467,0.18566590547561646,-0.29915279150009155,0,10,0.5956064462661743,0.1674697995185852,-0.3482593894004822,0,11,0.5990028381347656,0.26652804017066956,-0.07558910548686981,0,12,0.42019781470298767,0.15018944442272186,-0.32018405199050903,0,13,0.6440865993499756,0.4661208391189575,-0.12926940619945526,0,14,0.2779836356639862,0.4063699245452881,-0.3963720500469208,0,15,0.6421235799789429,0.5138623118400574,-0.43174198269844055,0,16,0.4700526297092438,0.4661380350589752,-0.49878597259521484,0,17,0.6366556286811829,0.5357135534286499,-0.46858158707618713,0,18,0.5209766030311584,0.4951799809932709,-0.5290063619613647,0,19,0.6407333612442017,0.5067852735519409,-0.47652530670166016,0,20,0.5415135025978088,0.4696807861328125,-0.5062398910522461,0,21,0.6190289855003357,0.49162405729293823,-0.4392949044704437,0,22,0.5340620279312134,0.4548085629940033,-0.4822831451892853,0,23,0.4632306694984436,0.6225354671478271,0.07875482738018036,0,24,0.35930076241493225,0.6323378086090088,-0.07873764634132385,0,25,0.7303330302238464,0.6199527382850647,0.02350471355021,0,26,0.45644932985305786,0.6276045441627502,-0.40144863724708557,0,27,0.4943424463272095,0.7512437105178833,-0.12187302857637405,0,28,0.6171191334724426,0.7727339863777161,-0.14975407719612122,0,29,0.4471166431903839,0.7340843081474304,-0.12642069160938263,0,30,0.6113172769546509,0.7585487961769104,-0.10358595103025436,0,31,0.4563589096069336,0.8314042091369629,-0.13215890526771545,0,32,0.7349885702133179,0.7667994499206543,-0.03943464905023575,0
0,0.6160987019538879,0.14339637756347656,-0.3901781141757965,0,1,0.6322253346443176,0.10701610893011093,-0.362581342458725,0,2,0.6364251971244812,0.1109495460987091,-0.3626880645751953,0,3,0.6399781703948975,0.11447476595640182,-0.36283940076828003,0,4,0.6124818325042725,0.08392016589641571,-0.395658016204834,0,5,0.6029099822044373,0.07133613526821136,-0.395869642496109,0,6,0.5921714901924133,0.05756986141204834,-0.39597761631011963,0,7,0.6188476085662842,0.105077363550663,-0.1878848820924759,0,8,0.5581151247024536,0.02915630303323269,-0.3405119478702545,0,9,0.6019344329833984,0.1691284030675888,-0.3222585618495941,0,10,0.5847175121307373,0.15036150813102722,-0.3662252128124237,0,11,0.5987033843994141,0.2703993618488312,-0.08764172345399857,0,12,0.41217130422592163,0.15056723356246948,-0.3127145767211914,0,13,0.641826331615448,0.46952739357948303,-0.1425175815820694,0,14,0.2546720504760742,0.39973515272140503,-0.43262311816215515,0,15,0.6563475728034973,0.5231404900550842,-0.44674691557884216,0,16,0.4255545437335968,0.4428502321243286,-0.612264096736908,0,17,0.6742021441459656,0.5516762733459473,-0.4854017198085785,0,18,0.46301183104515076,0.46918967366218567,-0.6507452130317688,0,19,0.6558677554130554,0.5218981504440308,-0.4994635581970215,0,20,0.4777936339378357,0.44501566886901855,-0.6341534852981567,0,21,0.656842827796936,0.5114635825157166,-0.45731908082962036,0,22,0.46400541067123413,0.4314076602458954,-0.6010687947273254,0,23,0.4631308615207672,0.6375613808631897,0.08476865291595459,0,24,0.35507768392562866,0.6485362648963928,-0.08485596626996994,0,25,0.7291029691696167,0.6001396775245667,0.03127773851156235,0,26,0.4686785042285919,0.631201446056366,-0.37761086225509644,0,27,0.4908725917339325,0.7494266629219055,-0.11339082568883896,0,28,0.6206377744674683,0.7749910950660706,-0.13973766565322876,0,29,0.44415923953056335,0.7343456745147705,-0.11842842400074005,0,30,0.6120885610580444,0.7606278657913208,-0.09628617763519287,0,31,0.45635339617729187,0.829925000667572,-0.13200247287750244,0,32,0.7439770102500916,0.7651328444480896,-0.049185026437044144,0
0,0.5733314752578735,0.11942420154809952,-0.41040876507759094,0,1,0.5936535000801086,0.0927140936255455,-0.38648098707199097,0,2,0.5990268588066101,0.09851013123989105,-0.38661888241767883,0,3,0.6036965250968933,0.10354191809892654,-0.3867129981517792,0,4,0.5728746652603149,0.06748127937316895,-0.4148939847946167,0,5,0.5637814402580261,0.05561276152729988,-0.41509494185447693,0,6,0.5542991161346436,0.04369793459773064,-0.41520899534225464,0,7,0.5947949886322021,0.10065340250730515,-0.2128329575061798,0,8,0.5263245105743408,0.022307192906737328,-0.34348469972610474,0,9,0.5671007633209229,0.1490117460489273,-0.3426358103752136,0,10,0.5448063611984253,0.12778183817863464,-0.3801589906215668,0,11,0.5840370655059814,0.2744470238685608,-0.11870786547660828,0,12,0.3904890716075897,0.1489425003528595,-0.32192927598953247,0,13,0.6329138278961182,0.4732060730457306,-0.2655450105667114,0,14,0.26015031337738037,0.3708621561527252,-0.38812148571014404,0,15,0.599386990070343,0.5141098499298096,-0.609239399433136,0,16,0.18148885667324066,0.5422161817550659,-0.4986336827278137,0,17,0.6041442155838013,0.5314575433731079,-0.6533424258232117,0,18,0.13905717432498932,0.5709561109542847,-0.5229586362838745,0,19,0.5848808288574219,0.5007531046867371,-0.673308789730072,0,20,0.15874725580215454,0.6133474707603455,-0.5509760975837708,0,21,0.5765924453735352,0.48676779866218567,-0.6241227984428406,0,22,0.17815281450748444,0.6097477078437805,-0.5968986749649048,0,23,0.4633153975009918,0.6441285610198975,0.10131172090768814,0,24,0.3500520586967468,0.6475052237510681,-0.10134432464838028,0,25,0.7330583930015564,0.5675328969955444,0.03542375564575195,0,26,0.4310005009174347,0.6154561638832092,-0.42203301191329956,0,27,0.486225426197052,0.7423075437545776,-0.10397907346487045,0,28,0.6345266103744507,0.759503185749054,-0.2697591781616211,0,29,0.43934452533721924,0.7233962416648865,-0.10943997651338577,0,30,0.6340050101280212,0.7558539509773254,-0.23931048810482025,0,31,0.45271965861320496,0.8236121535301208,-0.13210493326187134,0,32,0.758592426776886,0.7687199711799622,-0.2544635832309723,0
END PUSHUP
0,0.5660328269004822,0.05665840581059456,-0.01365517359226942,0,1,0.5725336074829102,0.013106606900691986,0.0207021776586771,0,2,0.578162431716919,0.014041920192539692,0.02055349200963974,0,3,0.5834150910377502,0.0152816791087389,0.02019520476460457,0,4,0.5524466037750244,0.009919184260070324,-0.004024938680231571,0,5,0.5428122282028198,0.008328046649694443,-0.004095935262739658,0,6,0.5323505401611328,0.007105756551027298,-0.004148812964558601,0,7,0.5809718370437622,0.021290987730026245,0.1924355924129486,0,8,0.5066691040992737,0.013115039095282555,0.09174181520938873,0,9,0.5705173015594482,0.0907822847366333,0.05407758802175522,0,10,0.5471915602684021,0.08877034485340118,0.023064615204930305,0,11,0.6198298335075378,0.19563888013362885,0.2399338334798813,0,12,0.42451170086860657,0.20046603679656982,0.11706378310918808,0,13,0.6177244186401367,0.45293524861335754,0.2815920114517212,0,14,0.31620630621910095,0.40264278650283813,0.07146169990301132,0,15,0.6374722123146057,0.6645723581314087,0.24423186480998993,0,16,0.1580629050731659,0.33044949173927307,-0.006862108130007982,0,17,0.6633370518684387,0.7153826355934143,0.25122126936912537,0,18,0.11324887722730637,0.3194032907485962,-0.001176241785287857,0,19,0.6539448499679565,0.7073490023612976,0.22065092623233795,0,20,0.10950187593698502,0.309481143951416,-0.06840212643146515,0,21,0.6401340961456299,0.6937069296836853,0.22800573706626892,0,22,0.13262398540973663,0.32848307490348816,-0.03658584877848625,0,23,0.5443283915519714,0.6547154188156128,0.027663785964250565,0,24,0.4389484226703644,0.5944569706916809,-0.02775796502828598,0,25,0.707504391670227,0.7187697291374207,-0.3599162697792053,0,26,0.40791770815849304,0.25951215624809265,-0.46857064962387085,0,27,0.40719613432884216,0.7550088167190552,-0.30544793605804443,0,28,0.2760421633720398,0.7025679349899292,-0.5001518726348877,0,29,0.3778688311576843,0.7335550785064697,-0.2916480004787445,0,30,0.2722035050392151,0.7503493428230286,-0.4996136426925659,0,31,0.3306814134120941,0.8455085158348083,-0.345348984003067,0,32,0.20875531435012817,0.8198537230491638,-0.6161086559295654,0
0,0.5701764822006226,0.05637768656015396,-0.051770374178886414,0,1,0.5758111476898193,0.012001391500234604,-0.020041998475790024,0,2,0.5809583067893982,0.012193636037409306,-0.02020140178501606,0,3,0.5858309268951416,0.012627019546926022,-0.020517496392130852,0,4,0.5565224885940552,0.010091891512274742,-0.044644229114055634,0,5,0.5468891263008118,0.008642700500786304,-0.044766865670681,0,6,0.5362865924835205,0.007338216062635183,-0.0448511503636837,0,7,0.5817785859107971,0.017539510503411293,0.14454065263271332,0,8,0.5105664134025574,0.01251134555786848,0.04028801992535591,0,9,0.5735762119293213,0.08898843079805374,0.011777116917073727,0,10,0.5510587692260742,0.08760519325733185,-0.01828235760331154,0,11,0.6208440661430359,0.1911497414112091,0.17567366361618042,0,12,0.42629462480545044,0.1847071647644043,0.06889024376869202,0,13,0.6233816146850586,0.43869468569755554,0.20292191207408905,0,14,0.304592490196228,0.3832481801509857,-0.007331904489547014,0,15,0.6494177579879761,0.6572325825691223,0.12482104450464249,0,16,0.18031953275203705,0.2670087218284607,-0.1668805629014969,0,17,0.6679132580757141,0.7013034224510193,0.11666121333837509,0,18,0.14231887459754944,0.23336263000965118,-0.17331337928771973,0,19,0.6604639291763306,0.7029030919075012,0.08601763844490051,0,20,0.14634184539318085,0.20526613295078278,-0.23172661662101746,0,21,0.6511616110801697,0.6887145042419434,0.10753176361322403,0,22,0.15882697701454163,0.2204730063676834,-0.19404953718185425,0,23,0.5425142049789429,0.652300238609314,0.028108494356274605,0,24,0.4379378855228424,0.593227744102478,-0.02814694121479988,0,25,0.7071009874343872,0.7190089225769043,-0.35812291502952576,0,26,0.4158312678337097,0.28081512451171875,-0.437717080116272,0,27,0.4074963629245758,0.7547780871391296,-0.33115437626838684,0,28,0.2749077081680298,0.7021504640579224,-0.5093425512313843,0,29,0.3774408996105194,0.7332673072814941,-0.3216168284416199,0,30,0.2653079330921173,0.7554721236228943,-0.5128859281539917,0,31,0.3306645154953003,0.8391961455345154,-0.372434139251709,0,32,0.2092767059803009,0.817589521408081,-0.6326265931129456,0
0,0.6013467311859131,0.06492013484239578,-0.031819745898246765,0,1,0.606560468673706,0.028462961316108704,-0.00016199369565583766,0,2,0.6080484986305237,0.027545267716050148,-0.0003750442701857537,0,3,0.6093818545341492,0.026726791635155678,-0.0007374549168162048,0,4,0.5972366333007812,0.024077976122498512,-0.026447707787156105,0,5,0.5917308926582336,0.01957225427031517,-0.026550929993391037,0,6,0.5853157639503479,0.014217324554920197,-0.02663765661418438,0,7,0.5938346982002258,0.019526993855834007,0.13908420503139496,0,8,0.5521860122680664,0.012103823944926262,0.012976588681340218,0,9,0.5940499901771545,0.0899689793586731,0.02594737522304058,0,10,0.5777794718742371,0.08949187397956848,-0.009290426038205624,0,11,0.6217231750488281,0.19274471700191498,0.13890589773654938,0,12,0.43459728360176086,0.1651582270860672,0.06738172471523285,0,13,0.6321079730987549,0.4419633150100708,0.11328912526369095,0,14,0.3175693154335022,0.3484219014644623,-0.11815954744815826,0,15,0.6826791167259216,0.6700019836425781,-0.03478356450796127,0,16,0.3073730170726776,0.11605340987443924,-0.3396401107311249,0,17,0.7010477185249329,0.7064886093139648,-0.04393940046429634,0,18,0.3068602383136749,0.06860896199941635,-0.3468666970729828,0,19,0.6893246173858643,0.7302131652832031,-0.0630856305360794,0,20,0.32458651065826416,0.047352757304906845,-0.3485245704650879,0,21,0.6876005530357361,0.6978538632392883,-0.04492129758000374,0,22,0.327468603849411,0.06704187393188477,-0.34046125411987305,0,23,0.5373162031173706,0.6464871168136597,0.016216222196817398,0,24,0.42688730359077454,0.5766315460205078,-0.016325993463397026,0,25,0.7059829831123352,0.7174497246742249,-0.2834884226322174,0,26,0.3595200479030609,0.48714372515678406,-0.43357813358306885,0,27,0.4352675676345825,0.7741337418556213,-0.3999262750148773,0,28,0.25035732984542847,0.7097552418708801,-0.9403269290924072,0,29,0.39351901412010193,0.7567427754402161,-0.40595388412475586,0,30,0.23977603018283844,0.8071425557136536,-0.9866666197776794,0,31,0.3864767849445343,0.8346033692359924,-0.4515520930290222,0,32,0.20569033920764923,0.7276227474212646,-1.1399989128112793,0
0,0.624504804611206,0.06496882438659668,0.0549948625266552,0,1,0.6286298036575317,0.03414949029684067,0.09760907292366028,0,2,0.6291221976280212,0.03387008607387543,0.09738900512456894,0,3,0.6292324066162109,0.03335531800985336,0.09700993448495865,0,4,0.6208131313323975,0.027552997693419456,0.064183808863163,0,5,0.6159046292304993,0.021969962865114212,0.06406895816326141,0,6,0.6105844378471375,0.014940655790269375,0.06394052505493164,0,7,0.608563244342804,0.02251388318836689,0.24714797735214233,0,8,0.5789974927902222,0.011542649939656258,0.08410834521055222,0,9,0.6121913194656372,0.08981958031654358,0.10622954368591309,0,10,0.6013656854629517,0.08726577460765839,0.06115589663386345,0,11,0.6263339519500732,0.19429320096969604,0.20796683430671692,0,12,0.4433082938194275,0.15209916234016418,0.09850438684225082,0,13,0.6395742893218994,0.44362518191337585,0.17522470653057098,0,14,0.34011536836624146,0.3348335027694702,-0.10694178193807602,0,15,0.6901769638061523,0.6922636032104492,0.007744960952550173,0,16,0.3959527015686035,0.12991447746753693,-0.33077338337898254,0,17,0.7105993628501892,0.7266976833343506,-0.017758140340447426,0,18,0.41520947217941284,0.08751995116472244,-0.34989261627197266,0,19,0.7079064846038818,0.750926673412323,-0.03917166218161583,0,20,0.4285792112350464,0.07287963479757309,-0.34444716572761536,0,21,0.695777952671051,0.7223984599113464,-0.006514186505228281,0,22,0.42311105132102966,0.09644865989685059,-0.3298467993736267,0,23,0.5372429490089417,0.6251847147941589,0.024122707545757294,0,24,0.42575567960739136,0.5652538537979126,-0.024093663319945335,0,25,0.7049909830093384,0.7166197896003723,-0.286150187253952,0,26,0.3681181073188782,0.5540373921394348,-0.37934839725494385,0,27,0.4476490616798401,0.7845754623413086,-0.41411906480789185,0,28,0.25724509358406067,0.708663284778595,-0.8233595490455627,0,29,0.40493810176849365,0.771412193775177,-0.4231458604335785,0,30,0.26160648465156555,0.8034577369689941,-0.8629506230354309,0,31,0.4078706204891205,0.8381205201148987,-0.5008986592292786,0,32,0.2334599792957306,0.7387386560440063,-0.8844084143638611,0
0,0.6441192030906677,0.059614527970552444,0.09116203337907791,0,1,0.6471049189567566,0.03371056169271469,0.13237716257572174,0,2,0.6467034220695496,0.03356194496154785,0.1322922259569168,0,3,0.645875871181488,0.0330837219953537,0.13200460374355316,0,4,0.6392313241958618,0.02671758271753788,0.09354422241449356,0,5,0.6334973573684692,0.021269401535391808,0.09345846623182297,0,6,0.6261572241783142,0.014674973674118519,0.09332659840583801,0,7,0.6197523474693298,0.023447120562195778,0.29519134759902954,0,8,0.5941886901855469,0.011578445322811604,0.11312809586524963,0,9,0.6283311247825623,0.08636359870433807,0.15060020983219147,0,10,0.6189965009689331,0.08244287967681885,0.09947732090950012,0,11,0.6250404119491577,0.20144832134246826,0.35446274280548096,0,12,0.48088014125823975,0.1228063777089119,0.06899813562631607,0,13,0.6324706673622131,0.4442594051361084,0.3382413983345032,0,14,0.37643611431121826,0.341661661863327,-0.10044281929731369,0,15,0.6838502883911133,0.7019981741905212,0.17016257345676422,0,16,0.49248847365379333,0.2646522521972656,-0.2648719847202301,0,17,0.7076835036277771,0.7580087184906006,0.1422915756702423,0,18,0.5142325758934021,0.3220536410808563,-0.2958167791366577,0,19,0.7011552453041077,0.7648034691810608,0.1166311502456665,0,20,0.5280792713165283,0.25486865639686584,-0.29059359431266785,0,21,0.6869264245033264,0.7405734062194824,0.15290501713752747,0,22,0.5191007852554321,0.23003551363945007,-0.2618444561958313,0,23,0.529346227645874,0.619933545589447,0.10827576369047165,0,24,0.4460342228412628,0.5663120746612549,-0.10859382152557373,0,25,0.6758356094360352,0.719936192035675,-0.13770274817943573,0,26,0.47533920407295227,0.7121824622154236,-0.27843964099884033,0,27,0.4126848578453064,0.7523123621940613,-0.022100349888205528,0,28,0.404642254114151,0.7199162840843201,0.0562690831720829,0,29,0.38950982689857483,0.7061209082603455,-0.0012349667958915234,0,30,0.395206093788147,0.7163256406784058,0.1015605628490448,0,31,0.3412623405456543,0.7756670713424683,-0.014760300517082214,0,32,0.4064774215221405,0.7616146802902222,0.13718746602535248,0
0,0.6338275671005249,0.1047980934381485,0.32730838656425476,0,1,0.6309205889701843,0.0650843009352684,0.3315151333808899,0,2,0.6286338567733765,0.0617683045566082,0.3314751386642456,0,3,0.6293122172355652,0.0699402242898941,0.33138731122016907,0,4,0.6346521377563477,0.06954465061426163,0.3023492097854614,0,5,0.6347154378890991,0.07015299797058105,0.3023536801338196,0,6,0.634843111038208,0.07015003263950348,0.30205047130584717,0,7,0.6105964183807373,0.04782331734895706,0.28875643014907837,0,8,0.6195579171180725,0.06871112436056137,0.15129205584526062,0,9,0.6178629398345947,0.11738096177577972,0.3098281919956207,0,10,0.6152068972587585,0.11401034891605377,0.27279818058013916,0,11,0.4894596040248871,0.16135366261005402,0.33035287261009216,0,12,0.6114832162857056,0.22006751596927643,0.004425555467605591,0,13,0.4255523979663849,0.4196709394454956,0.24017460644245148,0,14,0.6326753497123718,0.46419012546539307,-0.05915675684809685,0,15,0.42740437388420105,0.6534432172775269,0.20497316122055054,0,16,0.6897010803222656,0.6869353652000427,0.04465251788496971,0,17,0.42336854338645935,0.7041420936584473,0.20534011721611023,0,18,0.7186316847801208,0.7216577529907227,0.06788305193185806,0,19,0.429602712392807,0.7142670750617981,0.22320358455181122,0,20,0.7276154160499573,0.7255287170410156,0.08345701545476913,0,21,0.4311842918395996,0.6941826343536377,0.20853020250797272,0,22,0.696216881275177,0.7026155591011047,0.05749540776014328,0,23,0.44352665543556213,0.6032376885414124,0.08956161886453629,0,24,0.5389349460601807,0.6116828322410583,-0.0909232422709465,0,25,0.3430933356285095,0.7205908894538879,0.294136106967926,0,26,0.6958582997322083,0.7115940451622009,0.0891246348619461,0,27,0.2901151478290558,0.7171850800514221,0.20162764191627502,0,28,0.5781622529029846,0.7249516248703003,0.16473276913166046,0,29,0.28841087222099304,0.7279027104377747,0.19885697960853577,0,30,0.5546767711639404,0.7209697365760803,0.18267376720905304,0,31,0.2628449499607086,0.7725013494491577,0.2554975748062134,0,32,0.5502553582191467,0.7651627659797668,0.3372831642627716,0
END PUSHUP
0,0.6717345118522644,0.10431302338838577,-0.1560714989900589,0,1,0.6773335337638855,0.07998146861791611,-0.12514325976371765,0,2,0.6770938038825989,0.08118696510791779,-0.12527182698249817,0,3,0.6769794225692749,0.0849410891532898,-0.12541405856609344,0,4,0.6690151691436768,0.06877978891134262,-0.16561147570610046,0,5,0.664895236492157,0.06430619210004807,-0.1657295972108841,0,6,0.6577757596969604,0.059800997376441956,-0.1658724695444107,0,7,0.6486631631851196,0.06917142868041992,0.03321990370750427,0,8,0.6325687170028687,0.06491652876138687,-0.1499605029821396,0,9,0.6508426070213318,0.12303643673658371,-0.09394187480211258,0,10,0.6396915912628174,0.11144763976335526,-0.1477583348751068,0,11,0.593635618686676,0.23043431341648102,0.08188465237617493,0,12,0.5350796580314636,0.1462300568819046,-0.1255498081445694,0,13,0.600723922252655,0.4785996675491333,0.0484020970761776,0,14,0.49644339084625244,0.43280309438705444,-0.38893020153045654,0,15,0.6548875570297241,0.685153603553772,-0.1012527197599411,0,16,0.5634187459945679,0.370059996843338,-0.5821447372436523,0,17,0.6821537613868713,0.7224258780479431,-0.11915942281484604,0,18,0.6010147929191589,0.3456737995147705,-0.607379674911499,0,19,0.6712965369224548,0.7884495258331299,-0.1350400745868683,0,20,0.6072362065315247,0.32854020595550537,-0.5794053673744202,0,21,0.6503573656082153,0.7663447856903076,-0.11027099192142487,0,22,0.5947360396385193,0.338742733001709,-0.5664733052253723,0,23,0.4955694377422333,0.6125771403312683,0.08141253143548965,0,24,0.46526041626930237,0.6076250672340393,-0.08157520741224289,0,25,0.663174033164978,0.7199171185493469,-0.034861527383327484,0,26,0.4686850607395172,0.5952726006507874,-0.4863716959953308,0,27,0.42530813813209534,0.7254141569137573,-0.06378259509801865,0,28,0.33373361825942993,0.7244547009468079,-0.9707720279693604,0,29,0.38170698285102844,0.7139219641685486,-0.07549475133419037,0,30,0.3103904128074646,0.7496659755706787,-1.0088380575180054,0,31,0.36647239327430725,0.7708621621131897,-0.08950445055961609,0,32,0.34765613079071045,0.7206606268882751,-1.1399435997009277,0
0,0.695972204208374,0.09914542734622955,-0.2279873937368393,0,1,0.7039865255355835,0.07137323915958405,-0.19447366893291473,0,2,0.7036701440811157,0.07232621312141418,-0.1946372389793396,0,3,0.7031125426292419,0.07576896250247955,-0.19486920535564423,0,4,0.6970551013946533,0.0622188001871109,-0.24688991904258728,0,5,0.6934655904769897,0.0584939643740654,-0.24698799848556519,0,6,0.6892688870429993,0.05582047253847122,-0.2471430003643036,0,7,0.6714977622032166,0.06371207535266876,-0.032994482666254044,0,8,0.6551100611686707,0.03682338818907738,-0.27014002203941345,0,9,0.6759570837020874,0.12005377560853958,-0.1661328673362732,0,10,0.6648079752922058,0.11044473201036453,-0.23470310866832733,0,11,0.628113329410553,0.22610808908939362,0.03163415938615799,0,12,0.5108360052108765,0.12210822105407715,-0.27716800570487976,0,13,0.6355224847793579,0.4767826795578003,0.012155993841588497,0,14,0.4529348313808441,0.4270547330379486,-0.47669994831085205,0,15,0.6826136112213135,0.6845479011535645,-0.13847193121910095,0,16,0.6013565063476562,0.3738989531993866,-0.5758165121078491,0,17,0.7113828063011169,0.7546045780181885,-0.15328700840473175,0,18,0.6401912569999695,0.3915475606918335,-0.5965625047683716,0,19,0.6987911462783813,0.7741696238517761,-0.17486828565597534,0,20,0.6506595611572266,0.3338402509689331,-0.575522780418396,0,21,0.680443525314331,0.7528116106987,-0.15018683671951294,0,22,0.6333070397377014,0.3504514694213867,-0.5604413151741028,0,23,0.5237568616867065,0.6241296529769897,0.06997129321098328,0,24,0.45910319685935974,0.6062337756156921,-0.07019533216953278,0,25,0.7102864384651184,0.721234142780304,-0.08709776401519775,0,26,0.41906341910362244,0.6095722913742065,-0.5013831853866577,0,27,0.46414124965667725,0.7288162112236023,-0.10537251085042953,0,28,0.284758985042572,0.7250427007675171,-0.9098072052001953,0,29,0.4172087609767914,0.7100797891616821,-0.09985896199941635,0,30,0.25931090116500854,0.7521963119506836,-0.9414862990379333,0,31,0.41507071256637573,0.7729387283325195,-0.1097131222486496,0,32,0.2697855830192566,0.71861732006073,-1.0334471464157104,0
0,0.7056087255477905,0.09674431383609772,-0.14738625288009644,0,1,0.7161254286766052,0.06729525327682495,-0.1067342758178711,0,2,0.7165752649307251,0.06780451536178589,-0.10688494890928268,0,3,0.7170575261116028,0.07028289139270782,-0.10703323781490326,0,4,0.7087449431419373,0.058500804007053375,-0.15440477430820465,0,5,0.704558253288269,0.05629963427782059,-0.15457014739513397,0,6,0.7000697255134583,0.05017637088894844,-0.15480270981788635,0,7,0.6903282999992371,0.059847477823495865,0.06554141640663147,0,8,0.6670920252799988,0.015554004348814487,-0.14558488130569458,0,9,0.6853008270263672,0.11787174642086029,-0.08356098085641861,0,10,0.6738829016685486,0.11003927886486053,-0.14514067769050598,0,11,0.6384320855140686,0.2228764146566391,0.15318946540355682,0,12,0.52059006690979,0.10829872637987137,-0.22097785770893097,0,13,0.6276689767837524,0.4653274118900299,0.20882806181907654,0,14,0.45841869711875916,0.40234455466270447,-0.31058406829833984,0,15,0.6894806027412415,0.6161520481109619,-0.021878844127058983,0,16,0.6090297102928162,0.44556596875190735,-0.35031065344810486,0,17,0.7148512601852417,0.6710352301597595,-0.06148475781083107,0,18,0.6389262676239014,0.5221297740936279,-0.38088101148605347,0,19,0.7169541716575623,0.6575061082839966,-0.10149991512298584,0,20,0.6584717631340027,0.4880758821964264,-0.3711640238761902,0,21,0.7013280987739563,0.6376915574073792,-0.10174941271543503,0,22,0.6421757340431213,0.4563528597354889,-0.34402596950531006,0,23,0.5283127427101135,0.6243885159492493,0.13325750827789307,0,24,0.4554156959056854,0.5961809754371643,-0.13319726288318634,0,25,0.7149016261100769,0.7208877205848694,-0.024045981466770172,0,26,0.5111626386642456,0.6065824627876282,-0.43082648515701294,0,27,0.4671837389469147,0.7320408821105957,-0.0501391664147377,0,28,0.29208314418792725,0.7125859260559082,-0.3468692898750305,0,29,0.42943015694618225,0.7054766416549683,-0.05128621682524681,0,30,0.26588383316993713,0.6650403738021851,-0.32890385389328003,0,31,0.4050804078578949,0.783721387386322,-0.0869273990392685,0,32,0.24773521721363068,0.7191863059997559,-0.37373003363609314,0
0,0.7151510715484619,0.11632660031318665,-0.16062092781066895,0,1,0.7301563620567322,0.08399365097284317,-0.11977918446063995,0,2,0.7310752868652344,0.08405371010303497,-0.11991968005895615,0,3,0.7320182919502258,0.08422667533159256,-0.12006416916847229,0,4,0.7238647937774658,0.0704304426908493,-0.1680355668067932,0,5,0.7197409868240356,0.06228586286306381,-0.1681753695011139,0,6,0.7154720425605774,0.05150458589196205,-0.16835542023181915,0,7,0.7073495984077454,0.061119891703128815,0.0547911562025547,0,8,0.6852172613143921,0.015492630191147327,-0.16211558878421783,0,9,0.6952033638954163,0.13341790437698364,-0.09644431620836258,0,10,0.6860581040382385,0.11767925322055817,-0.15890774130821228,0,11,0.6420100331306458,0.22117993235588074,0.16461990773677826,0,12,0.5418433547019958,0.1050700917840004,-0.26160576939582825,0,13,0.6324328184127808,0.45983025431632996,0.2181272953748703,0,14,0.4827571213245392,0.38200679421424866,-0.36303555965423584,0,15,0.6860305666923523,0.5801963806152344,0.05046454444527626,0,16,0.6205822229385376,0.5158442854881287,-0.3645857274532318,0,17,0.7047109603881836,0.6276918053627014,0.04094743728637695,0,18,0.656528651714325,0.6158308386802673,-0.41059932112693787,0,19,0.7113968729972839,0.6102755069732666,-0.022686315700411797,0,20,0.6843315958976746,0.5847479104995728,-0.3830402195453644,0,21,0.6988935470581055,0.5925335884094238,-0.013145793229341507,0,22,0.6702423691749573,0.5586184859275818,-0.3498134911060333,0,23,0.5305549502372742,0.6084082126617432,0.13386042416095734,0,24,0.4547615349292755,0.5660673379898071,-0.13350602984428406,0,25,0.7058869004249573,0.7206012010574341,-0.021885855123400688,0,26,0.5160654187202454,0.636509358882904,-0.4327367842197418,0,27,0.4469810128211975,0.7123180627822876,-0.02361047826707363,0,28,0.29387280344963074,0.6877052783966064,-0.4005526006221771,0,29,0.4137011468410492,0.6670783162117004,-0.021600505337119102,0,30,0.26685017347335815,0.625312089920044,-0.3922857642173767,0,31,0.35678112506866455,0.78477543592453,-0.04241510480642319,0,32,0.23333239555358887,0.7493724822998047,-0.4467405378818512,0
0,0.7223249077796936,0.1357775777578354,-0.1310960203409195,0,1,0.7364343404769897,0.1066681519150734,-0.10013285279273987,0,2,0.736555278301239,0.10638067126274109,-0.10033462941646576,0,3,0.7366559505462646,0.10520962625741959,-0.10057980567216873,0,4,0.7324240803718567,0.08768457174301147,-0.14894399046897888,0,5,0.7291951775550842,0.07636824995279312,-0.14905311167240143,0,6,0.7256544828414917,0.06306381523609161,-0.1491861492395401,0,7,0.7157119512557983,0.06764765828847885,0.036146990954875946,0,8,0.7009195685386658,0.019552236422896385,-0.18520388007164001,0,9,0.7019346356391907,0.14168116450309753,-0.07831528037786484,0,10,0.6950027346611023,0.12310010939836502,-0.14150667190551758,0,11,0.6413079500198364,0.1976814568042755,0.1717541217803955,0,12,0.5709378719329834,0.10619267076253891,-0.28747686743736267,0,13,0.6268018484115601,0.4175691604614258,0.23655317723751068,0,14,0.5481963753700256,0.42254406213760376,-0.3400767147541046,0,15,0.676125705242157,0.5414722561836243,0.157506063580513,0,16,0.6567461490631104,0.604912519454956,-0.3220376968383789,0,17,0.6948190331459045,0.5856200456619263,0.16625209152698517,0,18,0.6755298376083374,0.670501172542572,-0.34811824560165405,0,19,0.6975659728050232,0.5708075165748596,0.1292099505662918,0,20,0.7010710835456848,0.6431827545166016,-0.3811607360839844,0,21,0.6871396899223328,0.5547977685928345,0.13337679207324982,0,22,0.6912297606468201,0.6173418760299683,-0.33303916454315186,0,23,0.5302557349205017,0.5815849900245667,0.1394249051809311,0,24,0.45418107509613037,0.5406690239906311,-0.13894888758659363,0,25,0.6929513216018677,0.7229992151260376,0.016013534739613533,0,26,0.52848219871521,0.6774516701698303,-0.4267342984676361,0,27,0.4318505525588989,0.7059455513954163,-0.02117588371038437,0,28,0.29753807187080383,0.675017774105072,-0.40967288613319397,0,29,0.4008951187133789,0.655174732208252,-0.02192017249763012,0,30,0.2767513394355774,0.6098290681838989,-0.4004947245121002,0,31,0.33892372250556946,0.7871728539466858,-0.026962261646986008,0,32,0.23115374147891998,0.7506062984466553,-0.4119613766670227,0
END PUSHUP
0,0.5279836654663086,0.6240532398223877,-0.32744380831718445,0,1,0.5204582214355469,0.6821563243865967,-0.3714199960231781,0,2,0.5130928754806519,0.6853996515274048,-0.3711460530757904,0,3,0.5058538317680359,0.6884975433349609,-0.37105587124824524,0,4,0.5328883528709412,0.6833562850952148,-0.31761783361434937,0,5,0.5352243781089783,0.6866905689239502,-0.3174295425415039,0,6,0.5375072956085205,0.6901541948318481,-0.3172488212585449,0,7,0.4731411337852478,0.7027024030685425,-0.422646701335907,0,8,0.5167534947395325,0.7028573751449585,-0.17567075788974762,0,9,0.5010122656822205,0.5987807512283325,-0.3247801959514618,0,10,0.5172849893569946,0.5981020927429199,-0.2550455927848816,0,11,0.40741291642189026,0.5595440864562988,-0.4363201856613159,0,12,0.4749717116355896,0.5733655691146851,0.014771070331335068,0,13,0.5020269155502319,0.46457359194755554,-0.43502944707870483,0,14,0.5826370716094971,0.5050088167190552,0.10860150307416916,0,15,0.5649004578590393,0.657888650894165,-0.2002820372581482,0,16,0.647914469242096,0.6225013732910156,-0.0053369938395917416,0,17,0.5799279808998108,0.7120715379714966,-0.21516385674476624,0,18,0.6610995531082153,0.6461906433105469,-0.019227055832743645,0,19,0.5668568015098572,0.7255468368530273,-0.19240450859069824,0,20,0.6630380153656006,0.6700437068939209,-0.06975315511226654,0,21,0.5644517540931702,0.7047127485275269,-0.1837112009525299,0,22,0.6593921184539795,0.6550512313842773,-0.03159656375646591,0,23,0.43016400933265686,-0.13622814416885376,-0.1590900719165802,0,24,0.4542250335216522,-0.11460772156715393,0.1596764773130417,0,25,0.4841775596141815,0.26512429118156433,-0.039801742881536484,0,26,0.5184096693992615,0.24296586215496063,0.36883872747421265,0,27,0.5358562469482422,0.5566699504852295,0.3234047293663025,0,28,0.5456162095069885,0.5447555780410767,0.6526902914047241,0,29,0.5559486150741577,0.5693490505218506,0.35547974705696106,0,30,0.5602009892463684,0.5572230815887451,0.684882402420044,0,31,0.5026256442070007,0.7376456260681152,0.2664875090122223,0,32,0.5275761485099792,0.7353733777999878,0.6470056772232056,0
0,0.5235008597373962,0.6237009167671204,-0.15499264001846313,0,1,0.5127835273742676,0.6778371334075928,-0.19766084849834442,0,2,0.5063861608505249,0.680232584476471,-0.19732530415058136,0,3,0.5000726580619812,0.6824223399162292,-0.19716128706932068,0,4,0.523158609867096,0.6787475943565369,-0.14145459234714508,0,5,0.5244395732879639,0.6811788082122803,-0.1411261260509491,0,6,0.525612473487854,0.6837034821510315,-0.14077426493167877,0,7,0.47088196873664856,0.6846806406974792,-0.2587462067604065,0,8,0.5066782236099243,0.6852789521217346,-0.0033104021567851305,0,9,0.5008746981620789,0.5970542430877686,-0.16040970385074615,0,10,0.5158364772796631,0.5966610312461853,-0.0879884585738182,0,11,0.43346866965293884,0.553768515586853,-0.32849031686782837,0,12,0.4734378755092621,0.5402247905731201,0.1928286850452423,0,13,0.535253643989563,0.5644464492797852,-0.34757325053215027,0,14,0.5818930864334106,0.5572540163993835,0.2756415009498596,0,15,0.5510379672050476,0.7181593775749207,-0.040490634739398956,0,16,0.5984618663787842,0.6933165788650513,0.19016937911510468,0,17,0.5493911504745483,0.7692996263504028,-0.04383226856589317,0,18,0.5949746370315552,0.7251336574554443,0.1932372748851776,0,19,0.5329005718231201,0.7616978883743286,-0.02200779877603054,0,20,0.5920583009719849,0.7343400120735168,0.16262799501419067,0,21,0.5356612801551819,0.7403658628463745,-0.02374204806983471,0,22,0.5952562689781189,0.7191352844238281,0.17286935448646545,0,23,0.44499126076698303,-0.1429419070482254,-0.17294642329216003,0,24,0.4543118476867676,-0.15257319808006287,0.1733052283525467,0,25,0.5004284977912903,0.2653380036354065,-0.12171467393636703,0,26,0.5207946300506592,0.2408018559217453,0.2773166298866272,0,27,0.5399827361106873,0.5807317495346069,0.11200343817472458,0,28,0.5474870800971985,0.5501329302787781,0.5024527311325073,0,29,0.5602377653121948,0.604313313961029,0.1296364665031433,0,30,0.5628728270530701,0.5665072202682495,0.523639440536499,0,31,0.4996434450149536,0.7605974078178406,0.006544430274516344,0,32,0.526314914226532,0.7462218403816223,0.4544922113418579,0
0,0.5245872735977173,0.654362678527832,-0.132101908326149,0,1,0.512931227684021,0.7009624242782593,-0.17421989142894745,0,2,0.5072253942489624,0.7032131552696228,-0.17392244935035706,0,3,0.5017168521881104,0.705267071723938,-0.17365384101867676,0,4,0.5231899619102478,0.6990406513214111,-0.1210414320230484,0,5,0.5236850380897522,0.699590802192688,-0.1208043023943901,0,6,0.5237893462181091,0.7002518177032471,-0.12063013762235641,0,7,0.47264763712882996,0.6978855133056641,-0.2570733428001404,0,8,0.5008804798126221,0.6922377943992615,-0.015227076597511768,0,9,0.5055002570152283,0.6254074573516846,-0.14877299964427948,0,10,0.5163748264312744,0.6221436858177185,-0.07956539839506149,0,11,0.44915691018104553,0.5658761262893677,-0.326881468296051,0,12,0.4716775119304657,0.5413970351219177,0.13779734075069427,0,13,0.6207694411277771,0.7290253639221191,-0.3717085123062134,0,14,0.5870073437690735,0.6415017247200012,0.2193470597267151,0,15,0.5546086430549622,0.8349367380142212,-0.16931404173374176,0,16,0.5939309597015381,0.7742607593536377,0.13027256727218628,0,17,0.5461156964302063,0.8897623419761658,-0.1980401873588562,0,18,0.5891475081443787,0.7984172701835632,0.13017089664936066,0,19,0.5289427042007446,0.8733441829681396,-0.2072247415781021,0,20,0.5829492807388306,0.8023400902748108,0.09121901541948318,0,21,0.5368231534957886,0.8492502570152283,-0.17282533645629883,0,22,0.5844644904136658,0.7907789349555969,0.10959425568580627,0,23,0.45087072253227234,-0.11603553593158722,-0.1498568058013916,0,24,0.4574502110481262,-0.13478074967861176,0.15019108355045319,0,25,0.4575961232185364,0.17174577713012695,-0.17100636661052704,0,26,0.49937525391578674,0.17405922710895538,0.18478211760520935,0,27,0.5008254051208496,0.40303927659988403,0.025275468826293945,0,28,0.5251703858375549,0.3979402184486389,0.2818683683872223,0,29,0.5156581997871399,0.4120486080646515,0.03671645745635033,0,30,0.5403861999511719,0.3966321647167206,0.29183974862098694,0,31,0.48244863748550415,0.5602161288261414,-0.05758075788617134,0,32,0.5119953751564026,0.5761076211929321,0.2523413896560669,0
0,0.5245340466499329,0.6517658233642578,-0.145046666264534,0,1,0.5119906663894653,0.6994919776916504,-0.17925482988357544,0,2,0.5058714747428894,0.7018057107925415,-0.17898224294185638,0,3,0.4999060332775116,0.7039368152618408,-0.17879700660705566,0,4,0.5228328108787537,0.6978574395179749,-0.13063675165176392,0,5,0.523789644241333,0.698738694190979,-0.13039836287498474,0,6,0.5243890285491943,0.6998192667961121,-0.13023938238620758,0,7,0.4716106951236725,0.6971720457077026,-0.22116751968860626,0,8,0.5017865300178528,0.6905516386032104,0.0005105634918436408,0,9,0.5055316090583801,0.6229237914085388,-0.14729009568691254,0,10,0.517309844493866,0.6199930310249329,-0.08392524719238281,0,11,0.4438156187534332,0.5668070912361145,-0.28860822319984436,0,12,0.4874808192253113,0.5423865914344788,0.16943751275539398,0,13,0.5810493230819702,0.6680309772491455,-0.34004053473472595,0,14,0.600389838218689,0.628218412399292,0.26676613092422485,0,15,0.5497782826423645,0.8072174787521362,-0.09158400446176529,0,16,0.6032295823097229,0.7432550191879272,0.2081994265317917,0,17,0.5364314913749695,0.8545591831207275,-0.09735671430826187,0,18,0.6029067635536194,0.7652664184570312,0.21762418746948242,0,19,0.5239571928977966,0.8419890403747559,-0.08411578088998795,0,20,0.5960894823074341,0.7706770896911621,0.18744929134845734,0,21,0.5326112508773804,0.8216220140457153,-0.0815114825963974,0,22,0.5954827070236206,0.7589771747589111,0.1913638412952423,0,23,0.4494704604148865,-0.1170283704996109,-0.14991281926631927,0,24,0.4703614115715027,-0.13392813503742218,0.15021048486232758,0,25,0.46166548132896423,0.17400798201560974,-0.1692231148481369,0,26,0.5343955755233765,0.16418500244617462,0.17169897258281708,0,27,0.5221565961837769,0.45583176612854004,0.012872195802628994,0,28,0.5630177855491638,0.44089755415916443,0.28116554021835327,0,29,0.5428845286369324,0.46596553921699524,0.023267246782779694,0,30,0.5824106931686401,0.4480900168418884,0.2929585874080658,0,31,0.5003593564033508,0.6238882541656494,-0.07291361689567566,0,32,0.5390356779098511,0.6283553242683411,0.25368037819862366,0
0,0.5103518962860107,0.5780304670333862,-0.23789237439632416,0,1,0.49967262148857117,0.6289493441581726,-0.2606455087661743,0,2,0.4922887980937958,0.6316205263137817,-0.2603411078453064,0,3,0.48500776290893555,0.6340938210487366,-0.2602492570877075,0,4,0.5147258043289185,0.6308309435844421,-0.2288786619901657,0,5,0.5178102850914001,0.6344486474990845,-0.22861121594905853,0,6,0.5205069780349731,0.6382141709327698,-0.22844377160072327,0,7,0.4591245949268341,0.6503323316574097,-0.2792373597621918,0,8,0.502630889415741,0.6534591913223267,-0.08391153067350388,0,9,0.4897412359714508,0.5586920976638794,-0.20917043089866638,0,10,0.5072497129440308,0.5601174235343933,-0.16996656358242035,0,11,0.4167685806751251,0.5456221103668213,-0.31482595205307007,0,12,0.4902355968952179,0.5410957336425781,0.08243469893932343,0,13,0.5158264636993408,0.614041268825531,-0.34503641724586487,0,14,0.6045548319816589,0.5775684118270874,0.13740141689777374,0,15,0.5449005961418152,0.7884196639060974,-0.10197388380765915,0,16,0.6042578220367432,0.7382993698120117,0.08161637932062149,0,17,0.542237401008606,0.8497508764266968,-0.10410609841346741,0,18,0.6074051260948181,0.7473149299621582,0.08488990366458893,0,19,0.5293743014335632,0.8326214551925659,-0.07941199839115143,0,20,0.6020576357841492,0.7614206671714783,0.0937819629907608,0,21,0.535339891910553,0.8121354579925537,-0.08645785599946976,0,22,0.6032019257545471,0.7561305165290833,0.0767049714922905,0,23,0.4346386194229126,-0.13135318458080292,-0.14283184707164764,0,24,0.46895429491996765,-0.1365627646446228,0.14308680593967438,0,25,0.45675128698349,0.17915400862693787,-0.2217317670583725,0,26,0.5140080451965332,0.1591591238975525,0.17151938378810883,0,27,0.5068459510803223,0.4772849678993225,-0.04618207737803459,0,28,0.5485900044441223,0.46091240644454956,0.2548612654209137,0,29,0.524682879447937,0.48981013894081116,-0.033018577843904495,0,30,0.5722396373748779,0.4677417576313019,0.26563963294029236,0,31,0.4819331169128418,0.6287475824356079,-0.12166278809309006,0,32,0.5261532068252563,0.6373752355575562,0.23900197446346283,0
0,0.5081294178962708,0.5522932410240173,-0.24736957252025604,0,1,0.4962424635887146,0.6083994507789612,-0.2672642469406128,0,2,0.4880050718784332,0.6113284826278687,-0.26698416471481323,0,3,0.4798468351364136,0.6140651702880859,-0.26691344380378723,0,4,0.5134311318397522,0.6086117029190063,-0.23203402757644653,0,5,0.5174487233161926,0.6115038990974426,-0.23179112374782562,0,6,0.5208823680877686,0.6144936680793762,-0.2315865010023117,0,7,0.453329861164093,0.6283279061317444,-0.27005043625831604,0,8,0.5033172965049744,0.6277472972869873,-0.07776466012001038,0,9,0.48593246936798096,0.5300432443618774,-0.2219667136669159,0,10,0.5064648985862732,0.5298990607261658,-0.17108526825904846,0,11,0.4026987850666046,0.5137903094291687,-0.28180113434791565,0,12,0.4966030418872833,0.5047318339347839,0.08723382651805878,0,13,0.47470808029174805,0.532912015914917,-0.34219199419021606,0,14,0.6052047610282898,0.5141653418540955,0.14133140444755554,0,15,0.5428321957588196,0.6970081925392151,-0.10511887818574905,0,16,0.6178745031356812,0.7183319330215454,0.07679500430822372,0,17,0.5441991686820984,0.7510551810264587,-0.1198514848947525,0,18,0.6135950684547424,0.7080429196357727,0.07462006062269211,0,19,0.5306503772735596,0.7491498589515686,-0.10208655148744583,0,20,0.60662841796875,0.7172550559043884,0.07369215786457062,0,21,0.5370367765426636,0.7292400598526001,-0.09343673288822174,0,22,0.6038921475410461,0.7013382911682129,0.07539733499288559,0,23,0.42408764362335205,-0.15317568182945251,-0.13762959837913513,0,24,0.46808668971061707,-0.15620890259742737,0.1379949450492859,0,25,0.45745649933815,0.19002389907836914,-0.20204301178455353,0,26,0.503246009349823,0.16920354962348938,0.15382058918476105,0,27,0.49260029196739197,0.5008827447891235,-0.015659097582101822,0,28,0.5347909331321716,0.46272584795951843,0.26312223076820374,0,29,0.5100433826446533,0.5105639100074768,-0.0029018425848335028,0,30,0.5575674772262573,0.4707501530647278,0.2756778299808502,0,31,0.45541658997535706,0.68577641248703,-0.12112350016832352,0,32,0.5093196630477905,0.6598334312438965,0.21908758580684662,0
0,0.527116060256958,0.5931746959686279,-0.08877422660589218,0,1,0.5150075554847717,0.6479291319847107,-0.12123151123523712,0,2,0.5067960619926453,0.6492155194282532,-0.12107810378074646,0,3,0.4986953139305115,0.6503210067749023,-0.12100312113761902,0,4,0.5314468741416931,0.6528036594390869,-0.072413370013237,0,5,0.5357958078384399,0.6573394536972046,-0.07213295251131058,0,6,0.5397627949714661,0.6619129776954651,-0.07197222858667374,0,7,0.4739556312561035,0.6629402041435242,-0.15628363192081451,0,8,0.5278828144073486,0.6774846315383911,0.06820972263813019,0,9,0.5076213479042053,0.5675747990608215,-0.08225094527006149,0,10,0.510111927986145,0.6189356446266174,-0.0189195666462183,0,11,0.44257602095603943,0.5705854296684265,-0.2678315341472626,0,12,0.5168934464454651,0.5562008619308472,0.2566104233264923,0,13,0.575161874294281,0.6152466535568237,-0.353547602891922,0,14,0.6197737455368042,0.5721738934516907,0.4090847074985504,0,15,0.6457930207252502,0.767272412776947,-0.19857200980186462,0,16,0.6437135338783264,0.7127719521522522,0.45278680324554443,0,17,0.657406747341156,0.8136953115463257,-0.21903549134731293,0,18,0.6389871835708618,0.7223722338676453,0.48016229271888733,0,19,0.6444664597511292,0.815595805644989,-0.19680997729301453,0,20,0.633334219455719,0.7330622673034668,0.4513908326625824,0,21,0.6421588063240051,0.7936458587646484,-0.18524952232837677,0,22,0.6325399875640869,0.7176449298858643,0.4396144449710846,0,23,0.45189425349235535,-0.1055111512541771,-0.14676910638809204,0,24,0.49533990025520325,-0.12883393466472626,0.1472003012895584,0,25,0.46254971623420715,0.22230903804302216,-0.1987552046775818,0,26,0.5102205872535706,0.1741030514240265,0.1951889842748642,0,27,0.5026406049728394,0.48091667890548706,0.038863833993673325,0,28,0.569309651851654,0.4442755877971649,0.35612109303474426,0,29,0.5181354284286499,0.4730108976364136,0.055183615535497665,0,30,0.5943224430084229,0.4423760771751404,0.3743111491203308,0,31,0.4783770442008972,0.6599287390708923,-0.05260113999247551,0,32,0.561339795589447,0.644291877746582,0.32798683643341064,0
0,0.5404205918312073,0.7039318084716797,0.07649417221546173,0,1,0.5264564752578735,0.7361454367637634,0.05700335279107094,0,2,0.5215418338775635,0.7384071946144104,0.0573628693819046,0,3,0.5181806087493896,0.7426962852478027,0.05753735825419426,0,4,0.5401076674461365,0.7287402749061584,0.10130413621664047,0,5,0.5416173338890076,0.7294208407402039,0.1014755442738533,0,6,0.5439738631248474,0.7305259704589844,0.10165511071681976,0,7,0.49256882071495056,0.7343425750732422,0.043672844767570496,0,8,0.5262721180915833,0.728516161441803,0.2433517426252365,0,9,0.5153987407684326,0.6616886258125305,0.07757271081209183,0,10,0.5247328877449036,0.6742625832557678,0.13501736521720886,0,11,0.459638386964798,0.6375731825828552,-0.04872087761759758,0,12,0.5241758823394775,0.5548545718193054,0.36651408672332764,0,13,0.6034072041511536,0.7667564749717712,-0.10205669701099396,0,14,0.6161753535270691,0.6033387780189514,0.6122878789901733,0,15,0.5676774978637695,0.8676320314407349,0.10206113010644913,0,16,0.6281774044036865,0.7693129777908325,0.7559268474578857,0,17,0.5328779816627502,0.9112730622291565,0.11019191145896912,0,18,0.6236942410469055,0.8021283745765686,0.7916433811187744,0,19,0.5271742343902588,0.8902222514152527,0.10646472126245499,0,20,0.6123374104499817,0.8061062693595886,0.7759215235710144,0,21,0.5448589324951172,0.8705387711524963,0.10623350739479065,0,22,0.6113148331642151,0.7959117889404297,0.7497949004173279,0,23,0.4668709635734558,0.025759775191545486,-0.1345537155866623,0,24,0.5135037899017334,-0.05160679668188095,0.13457292318344116,0,25,0.5362139940261841,0.5311161279678345,-0.14804619550704956,0,26,0.6212266683578491,0.3456251323223114,0.08221129328012466,0,27,0.6177075505256653,0.7277790307998657,-0.08220402151346207,0,28,0.7199965119361877,0.6321666836738586,0.12499460577964783,0,29,0.6414003372192383,0.6978569030761719,-0.08658898621797562,0,30,0.7497710585594177,0.6356542706489563,0.12726104259490967,0,31,0.6001049876213074,0.9242878556251526,-0.19096066057682037,0,32,0.7066566944122314,0.8371323943138123,0.05691155046224594,0
0,0.5358770489692688,0.6923832893371582,0.0026912163011729717,0,1,0.5161041021347046,0.7150631546974182,-0.03443774953484535,0,2,0.5124242305755615,0.7137809991836548,-0.0340464822947979,0,3,0.5097237825393677,0.7133803963661194,-0.03377051651477814,0,4,0.5220273733139038,0.7081255316734314,0.020396679639816284,0,5,0.5210844874382019,0.7044280171394348,0.020686356350779533,0,6,0.5202761888504028,0.7012327909469604,0.02104942873120308,0,7,0.4881816804409027,0.6739875078201294,-0.10205546766519547,0,8,0.5003753900527954,0.6674975752830505,0.14273673295974731,0,9,0.5160130262374878,0.6603108644485474,-0.011046075262129307,0,10,0.5033634305000305,0.6578472852706909,0.06000036373734474,0,11,0.48765572905540466,0.5746191143989563,-0.17476679384708405,0,12,0.4950183629989624,0.48788920044898987,0.31450507044792175,0,13,0.6315329074859619,0.7538937330245972,-0.19357530772686005,0,14,0.5706241726875305,0.6206700205802917,0.45331594347953796,0,15,0.581498384475708,0.8921732306480408,0.00025214406196027994,0,16,0.5688823461532593,0.792833149433136,0.42266035079956055,0,17,0.5418115854263306,0.942226767539978,0.10337711125612259,0,18,0.5589836239814758,0.8277392387390137,0.43428143858909607,0,19,0.5296928882598877,0.9214075207710266,0.10142180323600769,0,20,0.553242564201355,0.8296296000480652,0.40123140811920166,0,21,0.5502738356590271,0.8980379700660706,0.01188666746020317,0,22,0.5577465891838074,0.8196002244949341,0.404817670583725,0,23,0.4811754524707794,0.011954434216022491,-0.15637093782424927,0,24,0.5027748942375183,-0.1035909652709961,0.15676330029964447,0,25,0.5298232436180115,0.4099997878074646,-0.13943226635456085,0,26,0.584708034992218,0.3046596944332123,0.14832553267478943,0,27,0.629654586315155,0.6666117310523987,-0.01447021123021841,0,28,0.6614546179771423,0.622269332408905,0.17401276528835297,0,29,0.6641456484794617,0.6517965793609619,-0.03620096668601036,0,30,0.688422441482544,0.60835200548172,0.18945996463298798,0,31,0.5958723425865173,0.8441973328590393,-0.08833940327167511,0,32,0.6430862545967102,0.7945496439933777,0.22193598747253418,0
END PUSHUP
0,0.4657817482948303,0.6664066910743713,0.0839419886469841,0,1,0.44641348719596863,0.6854523420333862,0.11316981911659241,0,2,0.4373713433742523,0.6823797821998596,0.11330761015415192,0,3,0.42839494347572327,0.679632306098938,0.1131560355424881,0,4,0.4697691798210144,0.6893715858459473,0.11825652420520782,0,5,0.47831597924232483,0.6892287135124207,0.11846230179071426,0,6,0.4866650700569153,0.6891413927078247,0.11840138584375381,0,7,0.42122402787208557,0.660247266292572,0.26393410563468933,0,8,0.4980200529098511,0.6686722636222839,0.30388885736465454,0,9,0.45772555470466614,0.6331976056098938,0.14834663271903992,0,10,0.48587360978126526,0.626114547252655,0.15461914241313934,0,11,0.40988072752952576,0.5412693619728088,0.21848562359809875,0,12,0.5584264397621155,0.5125661492347717,0.3496609628200531,0,13,0.39275655150413513,0.5061618089675903,0.11037063598632812,0,14,0.575731635093689,0.5116356611251831,0.12481483072042465,0,15,0.4130593240261078,0.7104715704917908,0.19686143100261688,0,16,0.5115736722946167,0.7251232266426086,-0.03164311498403549,0,17,0.4137275516986847,0.75602787733078,0.21051305532455444,0,18,0.4946273863315582,0.7877078652381897,-0.058751482516527176,0,19,0.4101460874080658,0.7636776566505432,0.2266758382320404,0,20,0.4912659823894501,0.7733826637268066,-0.004744649864733219,0,21,0.41744858026504517,0.7388688921928406,0.208425834774971,0,22,0.48816198110580444,0.7454221844673157,-0.018176492303609848,0,23,0.4620796740055084,-0.02024739980697632,-0.07277219742536545,0,24,0.5321356058120728,-0.0773530900478363,0.07305284589529037,0,25,0.4859429895877838,0.2182542085647583,-0.22680774331092834,0,26,0.6616523265838623,0.12633125483989716,-0.02251158468425274,0,27,0.5215409994125366,0.19018785655498505,-0.16629624366760254,0,28,0.6154265999794006,0.10646454989910126,-0.08515965193510056,0,29,0.5178683400154114,0.12823954224586487,-0.15356118977069855,0,30,0.6056495308876038,0.06216247007250786,-0.0801151916384697,0,31,0.5598396062850952,0.24815280735492706,-0.175569549202919,0,32,0.6449479460716248,0.16456414759159088,-0.10649274289608002,0
0,0.47693946957588196,0.6623812317848206,0.06625395268201828,0,1,0.4617232382297516,0.6786759495735168,0.08340036123991013,0,2,0.4538494944572449,0.6757772564888,0.08349072188138962,0,3,0.44621333479881287,0.6731991171836853,0.08337759226560593,0,4,0.47926923632621765,0.6836192607879639,0.09227951616048813,0,5,0.4834616482257843,0.6839409470558167,0.09262777119874954,0,6,0.4874865710735321,0.6843392848968506,0.09271638840436935,0,7,0.42203107476234436,0.6574203968048096,0.20114675164222717,0,8,0.5138512849807739,0.667742908000946,0.24514839053153992,0,9,0.46027880907058716,0.6306073665618896,0.11629979312419891,0,10,0.5011789202690125,0.6218591928482056,0.12721480429172516,0,11,0.4353257715702057,0.546535849571228,0.16217771172523499,0,12,0.5642459392547607,0.5228180885314941,0.289326936006546,0,13,0.3866623044013977,0.5346492528915405,0.10918642580509186,0,14,0.4942724406719208,0.5614450573921204,0.1590709239244461,0,15,0.37828055024147034,0.6367992162704468,0.19458380341529846,0,16,0.4239802062511444,0.683168351650238,0.10027382522821426,0,17,0.37030714750289917,0.6472035646438599,0.20615386962890625,0,18,0.4094075858592987,0.7064375877380371,0.08694178611040115,0,19,0.377273291349411,0.6506332755088806,0.2096634805202484,0,20,0.4146175980567932,0.6884055137634277,0.10276337713003159,0,21,0.3833087086677551,0.6413951516151428,0.20131362974643707,0,22,0.41461849212646484,0.6728011965751648,0.10142287611961365,0,23,0.4693540334701538,-0.03238333389163017,-0.08008328080177307,0,24,0.5427238941192627,-0.07846757769584656,0.0800064280629158,0,25,0.4745985269546509,0.3024328947067261,-0.19820867478847504,0,26,0.6497732996940613,0.15515340864658356,0.03645298257470131,0,27,0.5032904148101807,0.32249587774276733,-0.15536941587924957,0,28,0.6093267798423767,0.2554984390735626,-0.05127031356096268,0,29,0.4994971454143524,0.2832130789756775,-0.14503994584083557,0,30,0.589015781879425,0.22570078074932098,-0.049683261662721634,0,31,0.5581663250923157,0.4448885917663574,-0.14982160925865173,0,32,0.6259192824363708,0.38673973083496094,-0.05035214126110077,0
END PUSHUP
0,0.5012708306312561,0.6115924715995789,0.2378021776676178,0,1,0.4872058928012848,0.6465021967887878,0.2701980471611023,0,2,0.4789222776889801,0.6489589810371399,0.27020540833473206,0,3,0.47060519456863403,0.6510429382324219,0.26999521255493164,0,4,0.5099287629127502,0.6450681090354919,0.25771060585975647,0,5,0.5196012258529663,0.6469355821609497,0.2577846646308899,0,6,0.529477596282959,0.6489946246147156,0.2575032711029053,0,7,0.4671035706996918,0.6651065945625305,0.44493532180786133,0,8,0.5427721738815308,0.6651297211647034,0.3909660875797272,0,9,0.4858952760696411,0.5859461426734924,0.3061597943305969,0,10,0.5320498943328857,0.5912057757377625,0.2890816926956177,0,11,0.4511091411113739,0.5800094604492188,0.37049537897109985,0,12,0.6119250655174255,0.6271951794624329,0.3665296733379364,0,13,0.3959699273109436,0.4483851194381714,0.23301169276237488,0,14,0.5134401917457581,0.514007568359375,0.11768832802772522,0,15,0.4209800660610199,0.5542214512825012,0.24099627137184143,0,16,0.4168122410774231,0.6617558598518372,0.018052034080028534,0,17,0.4261409044265747,0.5711051821708679,0.25547757744789124,0,18,0.3850255608558655,0.6856414675712585,0.0011646175989881158,0,19,0.424127995967865,0.5923560261726379,0.2838592827320099,0,20,0.3898106515407562,0.6915209293365479,0.05407273396849632,0,21,0.4280502498149872,0.5768266320228577,0.2569863200187683,0,22,0.39532139897346497,0.6685754060745239,0.03907739743590355,0,23,0.49422603845596313,0.0020824135281145573,-0.09710056334733963,0,24,0.6015825271606445,0.011058488860726357,0.09683958441019058,0,25,0.5807055234909058,0.21865355968475342,-0.3616957366466522,0,26,0.7994669079780579,0.24322068691253662,-0.2706965506076813,0,27,0.7234380841255188,-0.11043867468833923,-0.340584397315979,0,28,0.7988592982292175,-0.20015674829483032,-0.35675913095474243,0,29,0.7266972064971924,-0.19219650328159332,-0.3338187336921692,0,30,0.7782090306282043,-0.271914005279541,-0.3627258837223053,0,31,0.8106124997138977,-0.1723262369632721,-0.37907856702804565,0,32,0.8606899976730347,-0.34151288866996765,-0.4437161684036255,0
0,0.5229271650314331,0.5773677229881287,0.13769814372062683,0,1,0.5110949277877808,0.6165704131126404,0.16909512877464294,0,2,0.504901647567749,0.6125696897506714,0.16915422677993774,0,3,0.49933481216430664,0.6084679365158081,0.16900195181369781,0,4,0.5341523289680481,0.6095975637435913,0.15570150315761566,0,5,0.5423761010169983,0.6096943020820618,0.15576668083667755,0,6,0.5505882501602173,0.6098859310150146,0.155453160405159,0,7,0.5164521336555481,0.5894638895988464,0.3157990574836731,0,8,0.5726870894432068,0.5903295874595642,0.29244595766067505,0,9,0.5134300589561462,0.5304731130599976,0.18985502421855927,0,10,0.543965220451355,0.5407341122627258,0.17860147356987,0,11,0.486714243888855,0.41931912302970886,0.2645513117313385,0,12,0.6389268636703491,0.46917247772216797,0.16512368619441986,0,13,0.4134092330932617,0.3995276987552643,0.13826419413089752,0,14,0.5790965557098389,0.4758242666721344,-0.07046348601579666,0,15,0.4311027526855469,0.5997007489204407,0.15295961499214172,0,16,0.43500012159347534,0.6439072489738464,-0.09550526738166809,0,17,0.4350246489048004,0.6301749348640442,0.1446162760257721,0,18,0.402870237827301,0.6621574759483337,-0.1244652271270752,0,19,0.4315977096557617,0.6415104866027832,0.1792178452014923,0,20,0.4004760980606079,0.6631938219070435,-0.07295390963554382,0,21,0.4321199357509613,0.6204780340194702,0.1613125205039978,0,22,0.4079086482524872,0.641660213470459,-0.07709607481956482,0,23,0.5449754595756531,-0.1676761358976364,-0.04465194046497345,0,24,0.6525789499282837,-0.11386605352163315,0.04420684278011322,0,25,0.5775085091590881,0.10127976536750793,-0.29792940616607666,0,26,0.8224449753761292,0.24460674822330475,-0.23771993815898895,0,27,0.7139530777931213,-0.14799316227436066,-0.2512843906879425,0,28,0.7702592015266418,-0.2450827956199646,-0.24119620025157928,0,29,0.7203821539878845,-0.19626274704933167,-0.31770530343055725,0,30,0.7531622052192688,-0.31693488359451294,-0.2344968467950821,0,31,0.7743533253669739,-0.20182889699935913,-0.1281551718711853,0,32,0.7689957022666931,-0.3930884301662445,-0.2792300879955292,0
0,0.5221458673477173,0.5760009288787842,0.16856329143047333,0,1,0.5095134377479553,0.6157158613204956,0.21778251230716705,0,2,0.5034321546554565,0.6113800406455994,0.21781472861766815,0,3,0.4978460967540741,0.60706627368927,0.21762488782405853,0,4,0.5318332314491272,0.6009592413902283,0.21388298273086548,0,5,0.5389522314071655,0.6015899181365967,0.21384760737419128,0,6,0.5461550354957581,0.6022086143493652,0.21340881288051605,0,7,0.5044963359832764,0.5725772976875305,0.39602744579315186,0,8,0.5620350241661072,0.5748783349990845,0.388094961643219,0,9,0.5154367685317993,0.5223001837730408,0.2262444645166397,0,10,0.5455960631370544,0.5269060134887695,0.22167594730854034,0,11,0.484505295753479,0.4059857130050659,0.31724223494529724,0,12,0.6365375518798828,0.43820199370384216,0.28920602798461914,0,13,0.404624342918396,0.3903076648712158,0.12443315237760544,0,14,0.6205831170082092,0.4275033473968506,0.005530619993805885,0,15,0.43301713466644287,0.5982999205589294,0.14844319224357605,0,16,0.44073352217674255,0.6310746669769287,-0.08655281364917755,0,17,0.43893614411354065,0.6316717267036438,0.13889168202877045,0,18,0.39971426129341125,0.6552167534828186,-0.13032664358615875,0,19,0.4362630546092987,0.6333413124084473,0.17253059148788452,0,20,0.3940029740333557,0.657849907875061,-0.06343933939933777,0,21,0.4383801519870758,0.6100277900695801,0.1571541428565979,0,22,0.4035584032535553,0.6345073580741882,-0.06473290175199509,0,23,0.534506618976593,-0.1585533618927002,-0.06121080368757248,0,24,0.6505692601203918,-0.11735572665929794,0.06094272434711456,0,25,0.5686689019203186,0.07663778215646744,-0.2816697061061859,0,26,0.8495572805404663,0.2412775158882141,-0.22805561125278473,0,27,0.6937838196754456,-0.16295984387397766,-0.13454462587833405,0,28,0.8058764338493347,-0.27363917231559753,-0.2670709192752838,0,29,0.6978399157524109,-0.2088405191898346,-0.1054517850279808,0,30,0.7798380255699158,-0.34013301134109497,-0.26469847559928894,0,31,0.7510533928871155,-0.2322211116552353,-0.06064986437559128,0,32,0.8277238607406616,-0.44156062602996826,-0.3495463728904724,0
0,0.5554083585739136,0.5208937525749207,0.061044979840517044,0,1,0.5415632128715515,0.5428051352500916,0.10276682674884796,0,2,0.5351919531822205,0.539328396320343,0.10287318378686905,0,3,0.5289331078529358,0.5356445908546448,0.10269561409950256,0,4,0.5603740215301514,0.5456181764602661,0.09552980959415436,0,5,0.567129373550415,0.5464809536933899,0.09558002650737762,0,6,0.5738735795021057,0.5473359227180481,0.09524355828762054,0,7,0.5271905064582825,0.4994354248046875,0.2747024893760681,0,8,0.5856214761734009,0.5169909596443176,0.23086144030094147,0,9,0.5502452254295349,0.4741344451904297,0.10912000387907028,0,10,0.5747668147087097,0.4829627573490143,0.10284827649593353,0,11,0.5111182928085327,0.3558771312236786,0.27895575761795044,0,12,0.640758216381073,0.37011656165122986,0.18085886538028717,0,13,0.44031164050102234,0.41115468740463257,0.09640108793973923,0,14,0.5986406207084656,0.4479961395263672,0.01192094199359417,0,15,0.44004905223846436,0.607601523399353,0.11610662192106247,0,16,0.4412277340888977,0.6377662420272827,-0.005140281282365322,0,17,0.4431525766849518,0.6429734230041504,0.10468391329050064,0,18,0.4068128168582916,0.6656618714332581,-0.04205234721302986,0,19,0.44382134079933167,0.6412990093231201,0.12149489670991898,0,20,0.4030284285545349,0.6604498624801636,0.00768758449703455,0,21,0.4483054578304291,0.618322491645813,0.12014371901750565,0,22,0.4101404845714569,0.6380366086959839,0.009388316422700882,0,23,0.5705201029777527,-0.21280145645141602,-0.06647505611181259,0,24,0.6564457416534424,-0.18113118410110474,0.065435990691185,0,25,0.5918602347373962,0.09258639812469482,-0.25082525610923767,0,26,0.8302274942398071,0.21617001295089722,-0.19680900871753693,0,27,0.7190155386924744,-0.04658893868327141,-0.027119331061840057,0,28,0.7833746671676636,-0.17787931859493256,-0.1494276374578476,0,29,0.7202335000038147,-0.08923259377479553,0.00650681322440505,0,30,0.7592644095420837,-0.23255737125873566,-0.14436987042427063,0,31,0.7882953882217407,-0.0347435437142849,0.028677087277173996,0,32,0.8107302784919739,-0.27006661891937256,-0.2153451144695282,0
END PUSHUP
0,0.4784761071205139,0.6055718064308167,0.3077581524848938,0,1,0.47298720479011536,0.6268613338470459,0.36308422684669495,0,2,0.46766045689582825,0.6249668598175049,0.363101989030838,0,3,0.46221476793289185,0.6223674416542053,0.36297085881233215,0,4,0.4896675944328308,0.6377587914466858,0.3449101150035858,0,5,0.49746474623680115,0.6423956155776978,0.3448166847229004,0,6,0.505230724811554,0.6468520164489746,0.3442167341709137,0,7,0.46860775351524353,0.5984057188034058,0.548369288444519,0,8,0.532274603843689,0.6250724196434021,0.46733376383781433,0,9,0.49792006611824036,0.5759251117706299,0.37084370851516724,0,10,0.5022047162055969,0.5746232271194458,0.34561312198638916,0,11,0.44949138164520264,0.4183585047721863,0.48341095447540283,0,12,0.6214612722396851,0.5332277417182922,0.37497833371162415,0,13,0.42584431171417236,0.3893274664878845,0.39986565709114075,0,14,0.6351553201675415,0.5049483180046082,0.0620243214070797,0,15,0.4419074058532715,0.5841602087020874,0.4844079911708832,0,16,0.4742642939090729,0.6238889098167419,0.01113936398178339,0,17,0.4525618255138397,0.6215023994445801,0.496639609336853,0,18,0.4295769929885864,0.6400049924850464,-0.017079059034585953,0,19,0.44938743114471436,0.6156637668609619,0.5423441529273987,0,20,0.4279996454715729,0.639929473400116,0.054672323167324066,0,21,0.4547366201877594,0.5927112698554993,0.5040658116340637,0,22,0.4393460154533386,0.6197989583015442,0.0358537957072258,0,23,0.544202983379364,-0.03996431827545166,-0.038650814443826675,0,24,0.647600531578064,0.039903424680233,0.03882246091961861,0,25,0.5537511706352234,0.11124923080205917,-0.2037675529718399,0,26,0.8282813429832458,0.2309558093547821,-0.17166057229042053,0,27,0.6520570516586304,-0.1331871747970581,0.11393242329359055,0,28,0.7832084894180298,-0.1402091532945633,0.003777111181989312,0,29,0.6669924259185791,-0.1877385824918747,0.14519143104553223,0,30,0.7659863233566284,-0.18626314401626587,0.031205857172608376,0,31,0.686355471611023,-0.21807605028152466,0.08624251186847687,0,32,0.8203859925270081,-0.28803491592407227,-0.04818933457136154,0
0,0.4763052761554718,0.6683817505836487,0.2587797939777374,0,1,0.46768632531166077,0.7087211012840271,0.30112260580062866,0,2,0.46427783370018005,0.7070212364196777,0.3009076714515686,0,3,0.46087753772735596,0.705804169178009,0.30056077241897583,0,4,0.4851287305355072,0.718024730682373,0.2766726315021515,0,5,0.4879150092601776,0.7345102429389954,0.2766660153865814,0,6,0.4998953938484192,0.7400916814804077,0.27621549367904663,0,7,0.46839168667793274,0.7086336016654968,0.46592339873313904,0,8,0.5202387571334839,0.7447903156280518,0.42226889729499817,0,9,0.4844168722629547,0.64030522108078,0.3197433650493622,0,10,0.4969435930252075,0.648623526096344,0.2860754132270813,0,11,0.46416175365448,0.5287652611732483,0.44021695852279663,0,12,0.6170786023139954,0.672653079032898,0.25653254985809326,0,13,0.4861116111278534,0.3623192608356476,0.3876393437385559,0,14,0.6223770380020142,0.49901795387268066,-0.02890731580555439,0,15,0.49696218967437744,0.48928025364875793,0.3941557705402374,0,16,0.4725777804851532,0.5737220644950867,-0.1391611546278,0,17,0.504688024520874,0.5149440765380859,0.3943879306316376,0,18,0.4336957335472107,0.5867478847503662,-0.15207920968532562,0,19,0.49614837765693665,0.5443693995475769,0.4291766285896301,0,20,0.43618351221084595,0.6043000817298889,-0.10689062625169754,0,21,0.501203179359436,0.5299324989318848,0.40778541564941406,0,22,0.4433775246143341,0.5860182046890259,-0.1208825334906578,0,23,0.5563954710960388,0.06340431421995163,0.022629886865615845,0,24,0.6638815402984619,0.1620682179927826,-0.022513240575790405,0,25,0.5283969640731812,-0.04582398012280464,-0.1825355589389801,0,26,0.8102418184280396,0.040376804769039154,-0.28913193941116333,0,27,0.5867019295692444,-0.3116993308067322,0.12821491062641144,0,28,0.741298496723175,-0.31007149815559387,-0.01776198297739029,0,29,0.6108737587928772,-0.34995928406715393,0.15943820774555206,0,30,0.724206268787384,-0.3438732922077179,0.0166948139667511,0,31,0.5643892288208008,-0.4497792422771454,0.09858918935060501,0,32,0.7462295889854431,-0.4914385676383972,-0.055019211024045944,0
0,0.48115792870521545,0.6620140075683594,0.10107467323541641,0,1,0.4679394066333771,0.7226786613464355,0.14078445732593536,0,2,0.46367090940475464,0.7182846665382385,0.14060737192630768,0,3,0.4548467695713043,0.7138715982437134,0.14025579392910004,0,4,0.49024251103401184,0.7359073162078857,0.11764592677354813,0,5,0.48999929428100586,0.7402747869491577,0.11762265861034393,0,6,0.504313588142395,0.7433519959449768,0.11710648238658905,0,7,0.46690496802330017,0.7000884413719177,0.314882755279541,0,8,0.5307307839393616,0.7260968089103699,0.2205178588628769,0,9,0.480091392993927,0.6387013792991638,0.17059525847434998,0,10,0.5027124881744385,0.6357777714729309,0.1401699036359787,0,11,0.4602941572666168,0.5180206298828125,0.4373958706855774,0,12,0.6212264895439148,0.640946626663208,0.1325659155845642,0,13,0.4851744472980499,0.33485400676727295,0.27874380350112915,0,14,0.6254279613494873,0.47185301780700684,-0.13558249175548553,0,15,0.4926169514656067,0.5051368474960327,0.317667692899704,0,16,0.47132155299186707,0.569668173789978,-0.16614754498004913,0,17,0.504924476146698,0.5409590601921082,0.3170746862888336,0,18,0.43115413188934326,0.5933955311775208,-0.18536750972270966,0,19,0.5002173781394958,0.5674971342086792,0.3556857407093048,0,20,0.4339745342731476,0.6081262230873108,-0.12493672966957092,0,21,0.503713071346283,0.5493532419204712,0.3308558762073517,0,22,0.44187915325164795,0.5851345062255859,-0.14008928835391998,0,23,0.5598605275154114,0.033701930195093155,0.0142570985481143,0,24,0.6782214045524597,0.143330916762352,-0.014038744382560253,0,25,0.5806963443756104,-0.1719529628753662,0.06595255434513092,0,26,0.8076048493385315,-0.03392043709754944,-0.057983700186014175,0,27,0.6410327553749084,-0.46108824014663696,0.5893722176551819,0,28,0.7781623005867004,-0.4280949831008911,0.3875529170036316,0,29,0.6669142842292786,-0.5030757784843445,0.6430317759513855,0,30,0.7668244242668152,-0.472945898771286,0.43589916825294495,0,31,0.5694856643676758,-0.5959141254425049,0.5605236291885376,0,32,0.7879408001899719,-0.6163899898529053,0.3208494782447815,0
0,0.4803634583950043,0.7009923458099365,0.15951739251613617,0,1,0.4688396453857422,0.7483220100402832,0.185505211353302,0,2,0.4649446904659271,0.7441076040267944,0.18511122465133667,0,3,0.4584442377090454,0.7408417463302612,0.1846773624420166,0,4,0.4897356629371643,0.7615024447441101,0.13878899812698364,0,5,0.4959610402584076,0.7665923237800598,0.13861185312271118,0,6,0.5057483911514282,0.7679429054260254,0.13803686201572418,0,7,0.46773865818977356,0.7364180684089661,0.31830230355262756,0,8,0.5315188765525818,0.7733474969863892,0.23005782067775726,0,9,0.47958582639694214,0.6680911183357239,0.21611681580543518,0,10,0.5042905211448669,0.6808145642280579,0.15732459723949432,0,11,0.48176705837249756,0.5865819454193115,0.3744465410709381,0,12,0.6189234852790833,0.6851041913032532,0.1626182198524475,0,13,0.5026423335075378,0.3554043173789978,0.4105910360813141,0,14,0.5996993184089661,0.4433870315551758,-0.03792903572320938,0,15,0.5306768417358398,0.5274409055709839,0.5096739530563354,0,16,0.4705768823623657,0.550534188747406,-0.08531291037797928,0,17,0.5451220273971558,0.5609914064407349,0.525066614151001,0,18,0.4311082065105438,0.5774363279342651,-0.10519543290138245,0,19,0.5348082780838013,0.5859372615814209,0.5605188012123108,0,20,0.4355984926223755,0.6061227321624756,-0.057259269058704376,0,21,0.5373004674911499,0.5678489208221436,0.5272267460823059,0,22,0.44216012954711914,0.5844529867172241,-0.06671471893787384,0,23,0.5841032862663269,0.10390562564134598,0.02480834349989891,0,24,0.6863564252853394,0.20664554834365845,-0.02463524229824543,0,25,0.5867778062820435,-0.09635694324970245,0.02266639843583107,0,26,0.8053038716316223,0.020959308370947838,-0.08360645174980164,0,27,0.6531667113304138,-0.3660230338573456,0.40780115127563477,0,28,0.776557207107544,-0.34336382150650024,0.2071787416934967,0,29,0.6791288256645203,-0.4009290337562561,0.44680991768836975,0,30,0.7682059407234192,-0.383383184671402,0.24358612298965454,0,31,0.6189889907836914,-0.5089166164398193,0.3768320381641388,0,32,0.7887858748435974,-0.5219708681106567,0.1538601964712143,0
0,0.4648350775241852,0.6876542568206787,0.14843955636024475,0,1,0.46243998408317566,0.743007242679596,0.1621687412261963,0,2,0.4604473114013672,0.7396275401115417,0.16182760894298553,0,3,0.45733144879341125,0.7369868159294128,0.16155670583248138,0,4,0.4771133065223694,0.7557353973388672,0.12973617017269135,0,5,0.480100154876709,0.7592406272888184,0.12967310845851898,0,6,0.48377418518066406,0.7612528204917908,0.12924247980117798,0,7,0.468190461397171,0.7285221219062805,0.24656139314174652,0,8,0.5034902095794678,0.7560314536094666,0.11763138324022293,0,9,0.4781951606273651,0.6664174795150757,0.1877734363079071,0,10,0.49526718258857727,0.6778393387794495,0.14372208714485168,0,11,0.5067107081413269,0.5988929271697998,0.2551611065864563,0,12,0.5544098615646362,0.6524710059165955,0.0828322172164917,0,13,0.5203746557235718,0.43872591853141785,0.3976915776729584,0,14,0.500263512134552,0.47143828868865967,-0.01238412968814373,0,15,0.5374097228050232,0.5343954563140869,0.46586501598358154,0,16,0.43811556696891785,0.5651412010192871,0.03980527073144913,0,17,0.5474269986152649,0.5737021565437317,0.4935641586780548,0,18,0.4156617522239685,0.5868717432022095,0.05115283653140068,0,19,0.5409650206565857,0.5943071246147156,0.5122193098068237,0,20,0.42431098222732544,0.6067282557487488,0.06111978366971016,0,21,0.5418053865432739,0.5740112662315369,0.5030162930488586,0,22,0.4296541213989258,0.5875077843666077,0.04857758432626724,0,23,0.5850956439971924,0.11963609606027603,0.017612984403967857,0,24,0.6471385955810547,0.1760590523481369,-0.01768319122493267,0,25,0.6192560791969299,-0.04951256513595581,0.01914377696812153,0,26,0.7366017699241638,0.04164282977581024,-0.2463451474905014,0,27,0.6656510829925537,-0.3066874146461487,0.10910366475582123,0,28,0.7209420800209045,-0.34441545605659485,-0.25500544905662537,0,29,0.6802956461906433,-0.33921289443969727,0.11154249310493469,0,30,0.7272261381149292,-0.38451048731803894,-0.24734406173229218,0,31,0.6420205235481262,-0.4400661587715149,0.07918612658977509,0,32,0.7109888792037964,-0.5206336975097656,-0.3039596378803253,0
0,0.4646681547164917,0.6850007176399231,0.13010527193546295,0,1,0.45937061309814453,0.7281799912452698,0.15639720857143402,0,2,0.4580610692501068,0.7291944622993469,0.1561969816684723,0,3,0.4558188021183014,0.726258397102356,0.15593552589416504,0,4,0.4741061329841614,0.7399133443832397,0.1336747109889984,0,5,0.4769861102104187,0.7603679299354553,0.13365906476974487,0,6,0.4867805242538452,0.7638721466064453,0.1331552416086197,0,7,0.4675477147102356,0.7267038226127625,0.2813155949115753,0,8,0.5053974390029907,0.7633278369903564,0.1912926286458969,0,9,0.4692895710468292,0.6566215753555298,0.18206092715263367,0,10,0.4890882074832916,0.6706728339195251,0.15082602202892303,0,11,0.4757893979549408,0.5760212540626526,0.26818519830703735,0,12,0.5686219334602356,0.6715737581253052,0.14510589838027954,0,13,0.5022023916244507,0.437033087015152,0.317609578371048,0,14,0.5454236268997192,0.571692943572998,-0.002871057251468301,0,15,0.5324724912643433,0.5433897376060486,0.39269405603408813,0,16,0.44233110547065735,0.5723136067390442,0.08960132300853729,0,17,0.5465959310531616,0.5754930377006531,0.40224501490592957,0,18,0.4134829342365265,0.5937105417251587,0.09175637364387512,0,19,0.5420916676521301,0.596770167350769,0.4356059730052948,0,20,0.41793113946914673,0.6083105206489563,0.12629806995391846,0,21,0.5429952144622803,0.5795755982398987,0.41289791464805603,0,22,0.42642897367477417,0.591376781463623,0.10725174844264984,0,23,0.5811612606048584,0.10869541019201279,0.0050232731737196445,0,24,0.6460418701171875,0.18311429023742676,-0.005043765064328909,0,25,0.6045929193496704,-0.04816698282957077,-0.04354028031229973,0,26,0.7455331683158875,0.05724469572305679,-0.1927371621131897,0,27,0.6632949113845825,-0.2863927483558655,0.2439355105161667,0,28,0.7253853678703308,-0.31356382369995117,0.014887961558997631,0,29,0.6775944828987122,-0.31643417477607727,0.2788935601711273,0,30,0.7253572940826416,-0.3544943332672119,0.044418636709451675,0,31,0.649979829788208,-0.4225570857524872,0.25289955735206604,0,32,0.7271140813827515,-0.48301997780799866,-0.01926702819764614,0
0,0.46721532940864563,0.6784945130348206,0.1524706482887268,0,1,0.46172386407852173,0.7227527499198914,0.1776498258113861,0,2,0.4599235951900482,0.7221837639808655,0.17731429636478424,0,3,0.45734184980392456,0.7195021510124207,0.1769513189792633,0,4,0.4774017035961151,0.7348482608795166,0.1388111561536789,0,5,0.4809974431991577,0.747704803943634,0.13895092904567719,0,6,0.4870503842830658,0.7509129643440247,0.13847225904464722,0,7,0.46786630153656006,0.7216854691505432,0.29314571619033813,0,8,0.5099954605102539,0.7479190826416016,0.17989762127399445,0,9,0.4704672396183014,0.6506818532943726,0.2019612193107605,0,10,0.4926130175590515,0.6629000902175903,0.16048893332481384,0,11,0.49369245767593384,0.5754967331886292,0.31159496307373047,0,12,0.5747266411781311,0.6888999938964844,0.11320467293262482,0,13,0.5022814869880676,0.4251590073108673,0.36345139145851135,0,14,0.540716290473938,0.5512148141860962,-0.03240343555808067,0,15,0.5268021821975708,0.48127830028533936,0.43028879165649414,0,16,0.4433552324771881,0.5762429237365723,-0.023844851180911064,0,17,0.5381415486335754,0.4857023358345032,0.4441564977169037,0,18,0.42599818110466003,0.5945351123809814,-0.027466176077723503,0,19,0.5344188213348389,0.5171265602111816,0.46374356746673584,0,20,0.42670801281929016,0.607111394405365,0.000334457348799333,0,21,0.5354720950126648,0.5105884671211243,0.4405236840248108,0,22,0.430853009223938,0.5902824401855469,-0.009006300009787083,0,23,0.5839434862136841,0.1183256059885025,0.009171240963041782,0,24,0.6462191939353943,0.20501913130283356,-0.00916199292987585,0,25,0.6210404634475708,-0.0026034116744995117,-0.22691282629966736,0,26,0.74640291929245,0.17368775606155396,-0.3350830376148224,0,27,0.6642966866493225,-0.22864331305027008,-0.0007294794195331633,0,28,0.7275864481925964,-0.1988687664270401,-0.15879467129707336,0,29,0.6760053038597107,-0.24047763645648956,0.02559993974864483,0,30,0.7250513434410095,-0.2291739135980606,-0.1294221580028534,0,31,0.6559426188468933,-0.41952452063560486,0.002715087030082941,0,32,0.7322723865509033,-0.38160693645477295,-0.17195305228233337,0
0,0.46990713477134705,0.6780396699905396,0.146553173661232,0,1,0.46344640851020813,0.7204305529594421,0.17583662271499634,0,2,0.4593653678894043,0.7145331501960754,0.17559295892715454,0,3,0.4571990370750427,0.7116382122039795,0.1752413660287857,0,4,0.47940728068351746,0.7274057865142822,0.14636382460594177,0,5,0.48388826847076416,0.7413129210472107,0.14643268287181854,0,6,0.4905086159706116,0.7442742586135864,0.14597633481025696,0,7,0.46779510378837585,0.7170119285583496,0.2994709312915802,0,8,0.5127080678939819,0.7421157956123352,0.1975252628326416,0,9,0.4730910360813141,0.6472091674804688,0.2004403918981552,0,10,0.49392661452293396,0.6592209339141846,0.1654350608587265,0,11,0.4784408211708069,0.5718928575515747,0.298696368932724,0,12,0.5744618773460388,0.6759544014930725,0.12300007790327072,0,13,0.49562522768974304,0.4248473346233368,0.32540982961654663,0,14,0.5815371870994568,0.6337572932243347,-0.025582242757081985,0,15,0.5272735357284546,0.49908965826034546,0.44766008853912354,0,16,0.4625566303730011,0.5943542718887329,-0.026047758758068085,0,17,0.5412976145744324,0.5121319890022278,0.46306177973747253,0,18,0.45753398537635803,0.6215841770172119,-0.032264262437820435,0,19,0.5365244746208191,0.5326794981956482,0.49472036957740784,0,20,0.45882537961006165,0.6090405583381653,0.006932692136615515,0,21,0.5376647114753723,0.5231157541275024,0.46484819054603577,0,22,0.4403068721294403,0.588955283164978,-0.008219162933528423,0,23,0.5773019790649414,0.11865242570638657,0.004112599417567253,0,24,0.642874538898468,0.20230762660503387,-0.003983963746577501,0,25,0.6287266612052917,-0.014067335054278374,-0.03045734018087387,0,26,0.7399023771286011,0.16045819222927094,0.08630742132663727,0,27,0.663308322429657,-0.19885703921318054,0.4149837791919708,0,28,0.7204636931419373,-0.1595519781112671,0.372005432844162,0,29,0.6682490110397339,-0.2114739716053009,0.4690568149089813,0,30,0.7154696583747864,-0.19440749287605286,0.4118615984916687,0,31,0.6673929691314697,-0.3804304897785187,0.5125758051872253,0,32,0.7359966039657593,-0.3011224865913391,0.4052090048789978,0
0,0.47145652770996094,0.674542248249054,0.08977195620536804,0,1,0.464619517326355,0.720105767250061,0.10859687626361847,0,2,0.4599079489707947,0.7156737446784973,0.10835372656583786,0,3,0.45772141218185425,0.713189959526062,0.10799527913331985,0,4,0.48049676418304443,0.7241930365562439,0.07925739139318466,0,5,0.48560822010040283,0.7393380403518677,0.07922019064426422,0,6,0.4922181963920593,0.7394521236419678,0.07876787334680557,0,7,0.46796151995658875,0.7117474675178528,0.21605587005615234,0,8,0.5139471292495728,0.7404019832611084,0.0845416784286499,0,9,0.4747214615345001,0.6478481888771057,0.13541600108146667,0,10,0.49346843361854553,0.6573485732078552,0.09632107615470886,0,11,0.48758241534233093,0.5688183307647705,0.24884562194347382,0,12,0.5678330659866333,0.6976251602172852,0.023989420384168625,0,13,0.5070350170135498,0.40062955021858215,0.33225879073143005,0,14,0.5542064309120178,0.6383116245269775,-0.08746084570884705,0,15,0.5266335010528564,0.3766133785247803,0.4293757677078247,0,16,0.4607609212398529,0.594278872013092,-0.02231622114777565,0,17,0.537907600402832,0.35977861285209656,0.44016551971435547,0,18,0.4535007178783417,0.6108314394950867,-0.020899534225463867,0,19,0.5331686735153198,0.38450977206230164,0.45998114347457886,0,20,0.4551815688610077,0.6012723445892334,0.009715452790260315,0,21,0.5347386002540588,0.3893156051635742,0.4401598870754242,0,22,0.4395619034767151,0.5782520174980164,-0.00518226670101285,0,23,0.5856648683547974,0.141252800822258,0.042521219700574875,0,24,0.63984215259552,0.2210770845413208,-0.04282989725470543,0,25,0.6289558410644531,-0.041087809950113297,0.17810562252998352,0,26,0.6838120222091675,0.018003059551119804,0.11637330055236816,0,27,0.6698475480079651,-0.24309825897216797,0.5024808049201965,0,28,0.7149655222892761,-0.21667982637882233,0.37493422627449036,0,29,0.6804452538490295,-0.2643006443977356,0.537334144115448,0,30,0.7197237014770508,-0.24217867851257324,0.4103603661060333,0,31,0.6679014563560486,-0.3738821744918823,0.5296887755393982,0,32,0.7098578214645386,-0.3313748836517334,0.37840476632118225,0
0,0.4723430871963501,0.6779741048812866,0.1635075956583023,0,1,0.46659496426582336,0.7174858450889587,0.19239340722560883,0,2,0.46263644099235535,0.7135661244392395,0.1921147257089615,0,3,0.4601227045059204,0.7110252380371094,0.19175288081169128,0,4,0.4813753366470337,0.7247172594070435,0.16370005905628204,0,5,0.48673489689826965,0.7367936968803406,0.1636389195919037,0,6,0.4932622015476227,0.739271342754364,0.16304238140583038,0,7,0.4705726206302643,0.7090575098991394,0.31726816296577454,0,8,0.5147170424461365,0.7457984685897827,0.16835373640060425,0,9,0.47580745816230774,0.65049809217453,0.20981664955615997,0,10,0.49396222829818726,0.6651997566223145,0.17015434801578522,0,11,0.48614808917045593,0.5654140710830688,0.3042192757129669,0,12,0.5705308318138123,0.7167470455169678,0.05931062996387482,0,13,0.5013183951377869,0.39961689710617065,0.33710765838623047,0,14,0.5801376700401306,0.6192522048950195,-0.06922952830791473,0,15,0.5248574614524841,0.41735920310020447,0.38493672013282776,0,16,0.4895626902580261,0.5878697633743286,-0.15165354311466217,0,17,0.5349372029304504,0.412212997674942,0.3847951889038086,0,18,0.4783777892589569,0.5752149224281311,-0.15609359741210938,0,19,0.5310240983963013,0.4374883472919464,0.4035893976688385,0,20,0.4749273657798767,0.5685443878173828,-0.12175115942955017,0,21,0.5339386463165283,0.43757638335227966,0.39298215508461,0,22,0.47494983673095703,0.5336222052574158,-0.13663791120052338,0,23,0.5830313563346863,0.15998439490795135,0.0334169901907444,0,24,0.6398844122886658,0.26434525847435,-0.03369574248790741,0,25,0.6225498914718628,-0.03240146115422249,0.04207374528050423,0,26,0.6918003559112549,0.0731719508767128,0.03659700229763985,0,27,0.6639939546585083,-0.20027998089790344,0.3538745939731598,0,28,0.7006161212921143,-0.15881910920143127,0.2585076093673706,0,29,0.6716989278793335,-0.2126140296459198,0.3896191418170929,0,30,0.7080316543579102,-0.1883596032857895,0.2912597954273224,0,31,0.6635797023773193,-0.3278758227825165,0.38932716846466064,0,32,0.7036681771278381,-0.28428536653518677,0.2662400007247925,0
0,0.47197163105010986,0.6782280802726746,0.1670614629983902,0,1,0.4666244387626648,0.7158415913581848,0.19844678044319153,0,2,0.46258923411369324,0.7122583389282227,0.19822841882705688,0,3,0.4594893753528595,0.709627091884613,0.19790911674499512,0,4,0.4800512194633484,0.723885715007782,0.17396299540996552,0,5,0.48571741580963135,0.7350032329559326,0.1738489419221878,0,6,0.4919373095035553,0.7375149130821228,0.1732601672410965,0,7,0.46733570098876953,0.7076386213302612,0.32936957478523254,0,8,0.5109488368034363,0.7440972924232483,0.207474485039711,0,9,0.47276216745376587,0.6508839726448059,0.2149856984615326,0,10,0.49051159620285034,0.6652010679244995,0.18045784533023834,0,11,0.46693989634513855,0.5718868970870972,0.29215940833091736,0,12,0.5610942244529724,0.7177513241767883,0.15254218876361847,0,13,0.49065691232681274,0.4428240954875946,0.2900950312614441,0,14,0.585270345211029,0.6886034607887268,-0.051871053874492645,0,15,0.5103868842124939,0.4294162392616272,0.3080839216709137,0,16,0.49416008591651917,0.5920146703720093,-0.1085306704044342,0,17,0.5173114538192749,0.45061832666397095,0.3008235991001129,0,18,0.4805305302143097,0.5720682740211487,-0.11167352646589279,0,19,0.5158057808876038,0.47408542037010193,0.33017367124557495,0,20,0.47790825366973877,0.568496584892273,-0.07171351462602615,0,21,0.5176256895065308,0.4645349085330963,0.32020819187164307,0,22,0.47984549403190613,0.5469562411308289,-0.09102649986743927,0,23,0.5663591027259827,0.17862385511398315,-0.0029889012221246958,0,24,0.6166661977767944,0.26558059453964233,0.0024332364555448294,0,25,0.6731168627738953,-0.01669662818312645,-0.09527579694986343,0,26,0.6947224736213684,0.11838548630475998,0.04250413179397583,0,27,0.6830923557281494,-0.09436070173978806,0.30792227387428284,0,28,0.7062333822250366,-0.021814357489347458,0.29199689626693726,0,29,0.676513671875,-0.09852129966020584,0.344745934009552,0,30,0.710149884223938,-0.03901448845863342,0.3254883587360382,0,31,0.7200433015823364,-0.18565888702869415,0.36114805936813354,0,32,0.7457840442657471,-0.11008261144161224,0.33510586619377136,0
0,0.4474412500858307,0.6722174286842346,0.010857381857931614,0,1,0.4537558853626251,0.7097530364990234,0.031507719308137894,0,2,0.44593605399131775,0.7062080502510071,0.031371667981147766,0,3,0.44435301423072815,0.7057302594184875,0.031110268086194992,0,4,0.45800408720970154,0.7064886689186096,0.003428740194067359,0,5,0.4645313322544098,0.7125704884529114,0.003382511902600527,0,6,0.47106820344924927,0.7173542380332947,0.0029937305953353643,0,7,0.450802206993103,0.6916521787643433,0.1534430831670761,0,8,0.4950040578842163,0.7228592038154602,0.021249106153845787,0,9,0.4521591067314148,0.633568286895752,0.06041828170418739,0,10,0.46837911009788513,0.6482077240943909,0.022405637428164482,0,11,0.45952552556991577,0.5595741271972656,0.19276969134807587,0,12,0.5578528642654419,0.6801110506057739,-0.007523464970290661,0,13,0.44115009903907776,0.46160316467285156,0.2849586606025696,0,14,0.5681627988815308,0.6463305354118347,-0.10127036273479462,0,15,0.4459051191806793,0.43880796432495117,0.32547488808631897,0,16,0.48805710673332214,0.5723869800567627,-0.013723849318921566,0,17,0.4476777911186218,0.463288813829422,0.32570880651474,0,18,0.4718340337276459,0.5625466108322144,0.003793573472648859,0,19,0.4603826701641083,0.48579445481300354,0.3468060791492462,0,20,0.4712762236595154,0.5610660910606384,0.023775840178132057,0,21,0.45311954617500305,0.4795953929424286,0.3350021541118622,0,22,0.47154122591018677,0.553673267364502,0.001537333126179874,0,23,0.570529580116272,0.16297882795333862,0.049077440053224564,0,24,0.618642270565033,0.2065085470676422,-0.049311306327581406,0,25,0.6505020260810852,-0.05003318190574646,0.18824781477451324,0,26,0.692198634147644,-0.0710270032286644,0.10395526885986328,0,27,0.6838483810424805,-0.2611355483531952,0.4320789873600006,0,28,0.7222442030906677,-0.28034380078315735,0.30905887484550476,0,29,0.6938911080360413,-0.2950526475906372,0.4569578468799591,0,30,0.7449725270271301,-0.2988133132457733,0.3361671268939972,0,31,0.6904906034469604,-0.36072099208831787,0.43948855996131897,0,32,0.7256507873535156,-0.39498016238212585,0.28550514578819275,0
0,0.41739046573638916,0.6761603355407715,0.011077421717345715,0,1,0.4179687798023224,0.7129025459289551,0.0290177334100008,0,2,0.414963036775589,0.7106313109397888,0.028852282091975212,0,3,0.412887305021286,0.7099295854568481,0.028583405539393425,0,4,0.4254079759120941,0.7139173150062561,-0.002609601942822337,0,5,0.43121543526649475,0.7181427478790283,-0.002663073595613241,0,6,0.43693211674690247,0.7234798669815063,-0.0030151500832289457,0,7,0.4283793568611145,0.7059786915779114,0.1352083384990692,0,8,0.4626549184322357,0.7301343679428101,-0.011562285013496876,0,9,0.42305734753608704,0.6439231038093567,0.05615431070327759,0,10,0.4369337260723114,0.6558651328086853,0.013844666071236134,0,11,0.4507640600204468,0.5753439664840698,0.1713908463716507,0,12,0.5292371511459351,0.6794601678848267,-0.04537253826856613,0,13,0.4279273748397827,0.4882109463214874,0.20171774923801422,0,14,0.5358580350875854,0.6339094638824463,-0.15885354578495026,0,15,0.4153117537498474,0.5268692970275879,0.17448276281356812,0,16,0.48056647181510925,0.574988067150116,-0.1513253152370453,0,17,0.41541609168052673,0.5453460216522217,0.17486019432544708,0,18,0.47163692116737366,0.5646388530731201,-0.1419910341501236,0,19,0.414128839969635,0.5581710338592529,0.19412754476070404,0,20,0.4682408273220062,0.5621245503425598,-0.12551715970039368,0,21,0.4177815318107605,0.5501556396484375,0.1822059154510498,0,22,0.4672319293022156,0.5543836355209351,-0.13881002366542816,0,23,0.5716418623924255,0.15810051560401917,0.05616261810064316,0,24,0.6137844920158386,0.20625074207782745,-0.05636433884501457,0,25,0.6242848634719849,-0.004921876825392246,0.15423272550106049,0,26,0.6644686460494995,-0.004338262137025595,0.09439294040203094,0,27,0.6464226245880127,-0.11486231535673141,0.4021911919116974,0,28,0.6852567195892334,-0.11617150157690048,0.31196609139442444,0,29,0.6538259983062744,-0.13609136641025543,0.42872458696365356,0,30,0.704710066318512,-0.1256810575723648,0.3416486382484436,0,31,0.6410386562347412,-0.15870147943496704,0.4362897276878357,0,32,0.6631101965904236,-0.18086060881614685,0.3265691101551056,0
0,0.4113393723964691,0.6804123520851135,-0.0872335433959961,0,1,0.4108208119869232,0.7096662521362305,-0.0863533467054367,0,2,0.4111323952674866,0.7099023461341858,-0.08653294295072556,0,3,0.41150715947151184,0.7092195153236389,-0.08677809685468674,0,4,0.4139992296695709,0.70467609167099,-0.12604393064975739,0,5,0.41799870133399963,0.7041295170783997,-0.1261235475540161,0,6,0.42187196016311646,0.7050037384033203,-0.12629041075706482,0,7,0.4295547604560852,0.7058691382408142,-0.03162379190325737,0,8,0.4455086290836334,0.703504741191864,-0.21020947396755219,0,9,0.41058647632598877,0.6462557911872864,-0.05472690239548683,0,10,0.41526520252227783,0.6541635394096375,-0.1062551811337471,0,11,0.45096179842948914,0.630968451499939,0.04551883414387703,0,12,0.49041464924812317,0.629489541053772,-0.21766842901706696,0,13,0.4342843294143677,0.6247202157974243,0.15270599722862244,0,14,0.446723073720932,0.6064308881759644,-0.22955161333084106,0,15,0.4077177941799164,0.6693353056907654,0.11670376360416412,0,16,0.4242962598800659,0.5865172147750854,-0.10967759788036346,0,17,0.40247347950935364,0.702193558216095,0.10587998479604721,0,18,0.4160255193710327,0.5841197371482849,-0.11158154904842377,0,19,0.4007154703140259,0.702644944190979,0.10046344250440598,0,20,0.4234381914138794,0.6028555631637573,-0.10368947684764862,0,21,0.4054003059864044,0.6844850778579712,0.11161431670188904,0,22,0.4276702105998993,0.5982018709182739,-0.10099422931671143,0,23,0.5786418914794922,0.1735086292028427,0.0967632457613945,0,24,0.5972787141799927,0.18767017126083374,-0.09684925526380539,0,25,0.5869400501251221,0.03516925498843193,0.32709041237831116,0,26,0.5915344953536987,0.015534771606326103,0.16164475679397583,0,27,0.6208957433700562,-0.007637926377356052,0.5892749428749084,0,28,0.6447564959526062,-0.06639412045478821,0.39428481459617615,0,29,0.6325592398643494,-0.006545667070895433,0.6175786256790161,0,30,0.671113908290863,-0.06514634937047958,0.4211173355579376,0,31,0.6057840585708618,-0.022091101855039597,0.6307276487350464,0,32,0.608427882194519,-0.10411760210990906,0.3973408341407776,0
END PUSHUP
0,0.38506922125816345,0.631085991859436,-0.2436622828245163,0,1,0.36139804124832153,0.6565924286842346,-0.24550648033618927,0,2,0.3533422648906708,0.6503050327301025,-0.24556964635849,0,3,0.34456712007522583,0.6428848505020142,-0.24579067528247833,0,4,0.37887042760849,0.6661836504936218,-0.22226430475711823,0,5,0.3842024505138397,0.6668543815612793,-0.2223866730928421,0,6,0.39102205634117126,0.6795273423194885,-0.22291448712348938,0,7,0.32896676659584045,0.6337243914604187,-0.1869644969701767,0,8,0.38853776454925537,0.6664305925369263,-0.07944297790527344,0,9,0.3759056627750397,0.603484570980072,-0.21597295999526978,0,10,0.39963772892951965,0.6191591620445251,-0.18439556658267975,0,11,0.3022451400756836,0.46471935510635376,-0.16362886130809784,0,12,0.4577588140964508,0.5667837858200073,-0.001987630035728216,0,13,0.3093034029006958,0.4397411346435547,-0.29724520444869995,0,14,0.49042123556137085,0.5290508270263672,-0.06246946007013321,0,15,0.3411625921726227,0.6577388048171997,-0.17295734584331512,0,16,0.36455145478248596,0.6056297421455383,-0.017050007358193398,0,17,0.3492122292518616,0.7111717462539673,-0.1720423698425293,0,18,0.3301509916782379,0.6365048289299011,-0.027782529592514038,0,19,0.3415922224521637,0.7064512372016907,-0.12925967574119568,0,20,0.3298799395561218,0.6369576454162598,0.050097595900297165,0,21,0.34712812304496765,0.6820266842842102,-0.1519017070531845,0,22,0.3350156247615814,0.6003739237785339,0.008988999761641026,0,23,0.43734538555145264,0.02383246086537838,-0.03050532378256321,0,24,0.5351386666297913,0.09860127419233322,0.030850768089294434,0,25,0.48110705614089966,-0.12307893484830856,0.08918832987546921,0,26,0.5689166784286499,-0.03413095697760582,0.2306092083454132,0,27,0.529522716999054,-0.2856579124927521,0.6136409640312195,0,28,0.6192088723182678,-0.2954167425632477,0.5948522090911865,0,29,0.5309680104255676,-0.30660712718963623,0.6646453142166138,0,30,0.6161534190177917,-0.33399155735969543,0.6282578706741333,0,31,0.5573539733886719,-0.3735497295856476,0.5794309377670288,0,32,0.6805334687232971,-0.41694310307502747,0.5117924809455872,0
0,0.42041176557540894,0.49895352125167847,-0.10599899291992188,0,1,0.41266709566116333,0.5258156061172485,-0.12405744194984436,0,2,0.4092535376548767,0.5244723558425903,-0.12386491149663925,0,3,0.4059695601463318,0.5230865478515625,-0.12366734445095062,0,4,0.41804152727127075,0.5229378938674927,-0.10393230617046356,0,5,0.4191720187664032,0.519728422164917,-0.10376093536615372,0,6,0.42017269134521484,0.5164080858230591,-0.10365927964448929,0,7,0.3944782018661499,0.48783716559410095,-0.15325257182121277,0,8,0.41270712018013,0.47727248072624207,-0.06513610482215881,0,9,0.4109530448913574,0.4595012366771698,-0.10978936403989792,0,10,0.4190711975097656,0.4557914137840271,-0.08513367176055908,0,11,0.3860146701335907,0.32286733388900757,-0.18662400543689728,0,12,0.4135432243347168,0.317878782749176,0.006832570768892765,0,13,0.436881422996521,0.4099690318107605,-0.1659872680902481,0,14,0.44033780694007874,0.43713101744651794,0.07660094648599625,0,15,0.43251368403434753,0.5827699899673462,0.02648092992603779,0,16,0.44693058729171753,0.5653015375137329,0.06212819740176201,0,17,0.43339669704437256,0.6280112862586975,0.024829076603055,0,18,0.45033740997314453,0.5843510031700134,0.05132479965686798,0,19,0.4258577227592468,0.6236829161643982,0.03746478259563446,0,20,0.4446643590927124,0.5915430784225464,0.030169261619448662,0,21,0.4255874752998352,0.6045914888381958,0.03655173256993294,0,22,0.4441560208797455,0.5864235162734985,0.05098765715956688,0,23,0.6220594644546509,0.055187441408634186,-0.06740164011716843,0,24,0.6246446371078491,0.04206996411085129,0.06765127182006836,0,25,0.5068122744560242,0.4142058789730072,0.035961754620075226,0,26,0.5016756057739258,0.37275227904319763,0.16651931405067444,0,27,0.4246705174446106,0.6139277219772339,0.2244301289319992,0,28,0.439468652009964,0.5785154700279236,0.31793802976608276,0,29,0.4246567189693451,0.6323236227035522,0.24184677004814148,0,30,0.4359341263771057,0.5924954414367676,0.3309151530265808,0,31,0.36194145679473877,0.6944444179534912,0.18197250366210938,0,32,0.40024587512016296,0.6590057611465454,0.2909528613090515,0
END PUSHUP
0,0.3283924460411072,0.5681807398796082,0.005957664921879768,0,1,0.3318727910518646,0.5911254286766052,0.018953245133161545,0,2,0.3299577534198761,0.5892200469970703,0.019064459949731827,0,3,0.32739999890327454,0.5865896344184875,0.019194385036826134,0,4,0.3423404097557068,0.5984360575675964,0.0057136365212500095,0,5,0.34550467133522034,0.599767804145813,0.0057692634873092175,0,6,0.35090819001197815,0.6064977049827576,0.00577881233766675,0,7,0.3388291597366333,0.5692864656448364,0.11477646231651306,0,8,0.36886322498321533,0.595807671546936,0.055330533534288406,0,9,0.3309186100959778,0.5307922959327698,0.044280167669057846,0,10,0.34292566776275635,0.5425055027008057,0.026375193148851395,0,11,0.3449203073978424,0.3891584575176239,0.14275023341178894,0,12,0.38395199179649353,0.46251633763313293,0.03101603128015995,0,13,0.3978425860404968,0.4173074960708618,0.17019616067409515,0,14,0.42684677243232727,0.5887950658798218,-0.09014728665351868,0,15,0.39503568410873413,0.5705307126045227,0.2566262185573578,0,16,0.37118810415267944,0.613419771194458,-0.1349315047264099,0,17,0.3950163722038269,0.6190823316574097,0.2646377682685852,0,18,0.34429794549942017,0.6242568492889404,-0.14634768664836884,0,19,0.38690245151519775,0.6130664944648743,0.2763902544975281,0,20,0.32935306429862976,0.5998789668083191,-0.11509726941585541,0,21,0.3881605267524719,0.5993406176567078,0.2633267641067505,0,22,0.356332004070282,0.594049870967865,-0.12371367961168289,0,23,0.5672584772109985,0.09332584589719772,0.05335788428783417,0,24,0.5812888741493225,0.1070355698466301,-0.053436100482940674,0,25,0.5307859778404236,0.2133820503950119,0.16266284883022308,0,26,0.4871594309806824,0.2759097218513489,0.047486260533332825,0,27,0.46908077597618103,0.3861435353755951,0.34195250272750854,0,28,0.4839495122432709,0.47405123710632324,0.15853117406368256,0,29,0.4644211530685425,0.403554767370224,0.35931065678596497,0,30,0.49002307653427124,0.5035689473152161,0.1746867150068283,0,31,0.4533821642398834,0.4659114480018616,0.33605244755744934,0,32,0.44317635893821716,0.5533053874969482,0.15959785878658295,0
0,0.30664557218551636,0.5645352005958557,-4.883461951976642e-05,0,1,0.3170701563358307,0.5945461392402649,0.019912784919142723,0,2,0.3173833191394806,0.5930161476135254,0.01989387907087803,0,3,0.3170676529407501,0.5920346975326538,0.01988615281879902,0,4,0.3218132555484772,0.6025406718254089,-0.005224629305303097,0,5,0.3289666175842285,0.6101878881454468,-0.005141444504261017,0,6,0.33191049098968506,0.6152121424674988,-0.0052203102968633175,0,7,0.32983678579330444,0.5765650868415833,0.1503462791442871,0,8,0.3583083152770996,0.6050072312355042,0.0321170799434185,0,9,0.3187047839164734,0.5283878445625305,0.05079416185617447,0,10,0.3259815275669098,0.5378723740577698,0.016744593158364296,0,11,0.3367222249507904,0.38292452692985535,0.19794143736362457,0,12,0.3864685297012329,0.48486328125,-0.007833006791770458,0,13,0.3755384683609009,0.4316032826900482,0.20485249161720276,0,14,0.39972999691963196,0.6396550536155701,-0.16017773747444153,0,15,0.38108858466148376,0.5760274529457092,0.22189590334892273,0,16,0.3602524995803833,0.6176789999008179,-0.1268092691898346,0,17,0.38513508439064026,0.6203760504722595,0.2231886386871338,0,18,0.354381263256073,0.6207119226455688,-0.12821605801582336,0,19,0.3806343972682953,0.6151219010353088,0.23925264179706573,0,20,0.3416063189506531,0.6034974455833435,-0.09140991419553757,0,21,0.38218212127685547,0.6020039319992065,0.2265739142894745,0,22,0.3579053580760956,0.5923430323600769,-0.10898172110319138,0,23,0.5637356042861938,0.07179564237594604,0.09166821092367172,0,24,0.5866102576255798,0.10494724661111832,-0.09144464880228043,0,25,0.5977306365966797,0.06710578501224518,0.13135404884815216,0,26,0.6169711351394653,0.17650166153907776,-0.05409611761569977,0,27,0.6298499703407288,0.3909892439842224,0.20791025459766388,0,28,0.6829238533973694,0.4832656979560852,-0.0989450216293335,0,29,0.6199758052825928,0.44274768233299255,0.2209537923336029,0,30,0.6900390386581421,0.5266786217689514,-0.09575061500072479,0,31,0.6774700284004211,0.4862852990627289,0.2451379895210266,0,32,0.7036445140838623,0.5604051351547241,-0.11106686294078827,0
0,0.3041975796222687,0.5588892102241516,0.00027404745924286544,0,1,0.3172469139099121,0.5880383253097534,0.017270440235733986,0,2,0.31860384345054626,0.5869759321212769,0.017121154814958572,0,3,0.3190474212169647,0.5864617228507996,0.01696949452161789,0,4,0.3230130970478058,0.594149112701416,-0.013600289821624756,0,5,0.3276008665561676,0.5981100797653198,-0.013493661768734455,0,6,0.33599111437797546,0.5994018316268921,-0.01355152390897274,0,7,0.3381037414073944,0.5707845687866211,0.12687702476978302,0,8,0.36074525117874146,0.5857085585594177,0.0007961028022691607,0,9,0.3121970295906067,0.5215951800346375,0.04488401859998703,0,10,0.3179830014705658,0.5280143022537231,0.004041335545480251,0,11,0.343805193901062,0.3843255043029785,0.1486324965953827,0,12,0.3879287540912628,0.4536183178424835,-0.04159308969974518,0,13,0.3738582730293274,0.50875324010849,0.1490297019481659,0,14,0.3990277051925659,0.6314010620117188,-0.11003270745277405,0,15,0.390485942363739,0.6349744200706482,0.19274814426898956,0,16,0.37281686067581177,0.6631656885147095,-0.07614052295684814,0,17,0.39660707116127014,0.6639267206192017,0.20744706690311432,0,18,0.4090295433998108,0.6778150200843811,-0.0789196714758873,0,19,0.3812975287437439,0.6597362160682678,0.23028160631656647,0,20,0.4098268747329712,0.6687136888504028,-0.06189822778105736,0,21,0.39087530970573425,0.6570550799369812,0.21363356709480286,0,22,0.40629318356513977,0.6631807684898376,-0.06697894632816315,0,23,0.5713244080543518,0.07178561389446259,0.07450898736715317,0,24,0.5897283554077148,0.08356545865535736,-0.07400881499052048,0,25,0.6999772191047668,0.19551068544387817,0.09153806418180466,0,26,0.7235220074653625,0.14851629734039307,-0.13686035573482513,0,27,0.7885322570800781,0.6631160378456116,0.05177302286028862,0,28,0.8556793928146362,0.511764407157898,-0.2408856898546219,0,29,0.7867808938026428,0.742760956287384,0.053247299045324326,0,30,0.858046293258667,0.5883772969245911,-0.24250684678554535,0,31,0.8736466765403748,0.8054134845733643,0.03328866511583328,0,32,0.9386908411979675,0.738555371761322,-0.2746785879135132,0
0,0.31228020787239075,0.5747265815734863,0.06046820059418678,0,1,0.3303547501564026,0.6006395220756531,0.055875007063150406,0,2,0.331266850233078,0.5989254713058472,0.05580467730760574,0,3,0.3310854732990265,0.5973866581916809,0.05556976795196533,0,4,0.3305036127567291,0.5991655588150024,0.040446359664201736,0,5,0.3314153552055359,0.5978649854660034,0.04061124846339226,0,6,0.3302971124649048,0.6025141477584839,0.04053730517625809,0,7,0.3421262800693512,0.5787543654441833,0.08908726274967194,0,8,0.34690922498703003,0.5823640823364258,0.016228951513767242,0,9,0.3239001929759979,0.5423420071601868,0.07795404642820358,0,10,0.3230666220188141,0.5361419916152954,0.05698974058032036,0,11,0.3863307535648346,0.4187107980251312,0.09567460417747498,0,12,0.37488847970962524,0.43884995579719543,0.023824017494916916,0,13,0.4640531539916992,0.5245954990386963,0.0958830863237381,0,14,0.4182160794734955,0.5939375758171082,-0.07719842344522476,0,15,0.39517703652381897,0.658512532711029,0.17660170793533325,0,16,0.37940967082977295,0.6586110591888428,-0.1780463308095932,0,17,0.39839544892311096,0.6987247467041016,0.18290111422538757,0,18,0.37975266575813293,0.6718659996986389,-0.21259616315364838,0,19,0.3847433924674988,0.6732445955276489,0.21877813339233398,0,20,0.38124552369117737,0.6657881736755371,-0.1766405999660492,0,21,0.39201441407203674,0.6634594798088074,0.19886188209056854,0,22,0.3830646574497223,0.6617153882980347,-0.1680232584476471,0,23,0.5944811701774597,0.12338785082101822,0.04678232595324516,0,24,0.5911425948143005,0.07832930982112885,-0.04535205289721489,0,25,0.7198253273963928,0.41421735286712646,-0.018709424883127213,0,26,0.7161498665809631,0.34831568598747253,-0.11268999427556992,0,27,0.805343508720398,0.8054901957511902,-0.031711824238300323,0,28,0.8182824850082397,0.7145395278930664,-0.20219017565250397,0,29,0.8091175556182861,0.8506806492805481,-0.03118749149143696,0,30,0.8218136429786682,0.7474359273910522,-0.20651870965957642,0,31,0.8650187849998474,0.9638685584068298,-0.1212744489312172,0,32,0.8784121870994568,0.8820520639419556,-0.29536280035972595,0
0,0.322261244058609,0.5706242918968201,0.1931479126214981,0,1,0.3372196555137634,0.5984055399894714,0.18860355019569397,0,2,0.337401807308197,0.5948711633682251,0.18857237696647644,0,3,0.3363147974014282,0.5918359160423279,0.18839125335216522,0,4,0.3328457176685333,0.5937581658363342,0.1876600831747055,0,5,0.33392414450645447,0.5926933884620667,0.18768520653247833,0,6,0.3341468572616577,0.5958716869354248,0.18740840256214142,0,7,0.3452044427394867,0.5751084685325623,0.18282681703567505,0,8,0.34675031900405884,0.5745368003845215,0.1777142882347107,0,9,0.33040326833724976,0.5347500443458557,0.19176046550273895,0,10,0.3314119279384613,0.5319715142250061,0.19022561609745026,0,11,0.38968604803085327,0.41687318682670593,0.11584597080945969,0,12,0.3723260164260864,0.4296765923500061,0.14595751464366913,0,13,0.45847761631011963,0.530974805355072,0.11341394484043121,0,14,0.41891470551490784,0.5835691690444946,0.016202006489038467,0,15,0.39594486355781555,0.6472234129905701,0.20952525734901428,0,16,0.3914933502674103,0.652916669845581,-0.11359206587076187,0,17,0.4019351303577423,0.686141312122345,0.20487003028392792,0,18,0.3902130722999573,0.6685500741004944,-0.129106342792511,0,19,0.3907199501991272,0.6684957146644592,0.22018344700336456,0,20,0.389711856842041,0.6569399237632751,-0.11253190040588379,0,21,0.3952024579048157,0.6565436124801636,0.21817387640476227,0,22,0.3928734064102173,0.6499955058097839,-0.11008419096469879,0,23,0.5958729386329651,0.11598727852106094,0.03238888457417488,0,24,0.5902386903762817,0.07945102453231812,-0.03279952332377434,0,25,0.7041946053504944,0.1813051998615265,0.01902100257575512,0,26,0.6834510564804077,0.11977463960647583,0.03248027339577675,0,27,0.7791717648506165,0.2855411767959595,0.10093346238136292,0,28,0.7796077728271484,0.1403818130493164,-0.10288740694522858,0,29,0.7862316966056824,0.2925904095172882,0.1099671795964241,0,30,0.7967430949211121,0.1421598345041275,-0.06897065043449402,0,31,0.8168313503265381,0.34475189447402954,0.042302247136831284,0,32,0.8059195876121521,0.14361383020877838,-0.03783530741930008,0
END PUSHUP
0,0.29903995990753174,0.5557147860527039,0.13895970582962036,0,1,0.3081020712852478,0.576871395111084,0.15091069042682648,0,2,0.30669090151786804,0.572914719581604,0.15061785280704498,0,3,0.30582889914512634,0.5705987811088562,0.15022453665733337,0,4,0.3196902573108673,0.5905396938323975,0.15026523172855377,0,5,0.3249582052230835,0.592701256275177,0.15013830363750458,0,6,0.33081668615341187,0.5931658148765564,0.14963576197624207,0,7,0.32767683267593384,0.5538738965988159,0.2072504311800003,0,8,0.35238751769065857,0.5840732455253601,0.19319455325603485,0,9,0.30364370346069336,0.511852502822876,0.1556030809879303,0,10,0.3158493638038635,0.5289329886436462,0.155133917927742,0,11,0.33593717217445374,0.30735790729522705,0.14969350397586823,0,12,0.3881520926952362,0.48974180221557617,0.17076383531093597,0,13,0.47876816987991333,0.25365689396858215,0.16899849474430084,0,14,0.5023983716964722,0.5520022511482239,-0.006113541312515736,0,15,0.545974612236023,0.30532440543174744,0.22473248839378357,0,16,0.487314909696579,0.6190683245658875,-0.29069846868515015,0,17,0.575583279132843,0.3078366816043854,0.22331199049949646,0,18,0.4925727844238281,0.6422061324119568,-0.33278796076774597,0,19,0.5625704526901245,0.31099390983581543,0.21425333619117737,0,20,0.4914790093898773,0.6250774264335632,-0.31197768449783325,0,21,0.5552743077278137,0.31371966004371643,0.2238704264163971,0,22,0.4851512014865875,0.6041621565818787,-0.2915130853652954,0,23,0.5546981692314148,0.01162964478135109,-0.010951780714094639,0,24,0.5975915789604187,0.14288115501403809,0.010828198865056038,0,25,0.7596126794815063,-0.041315119713544846,-0.18035565316677094,0,26,0.7804816365242004,0.10340560227632523,-0.0824429914355278,0,27,0.7806512713432312,-0.1550818532705307,0.14503178000450134,0,28,0.8424214720726013,-0.1202462762594223,0.1389021873474121,0,29,0.76992267370224,-0.16189002990722656,0.1746068149805069,0,30,0.8244509100914001,-0.13662299513816833,0.16522154211997986,0,31,0.8402813076972961,-0.22409586608409882,0.14925029873847961,0,32,0.8868513703346252,-0.21720856428146362,0.13643288612365723,0
0,0.3035680055618286,0.5558829307556152,0.1467437446117401,0,1,0.3117562532424927,0.5776626467704773,0.16035030782222748,0,2,0.3089064955711365,0.5735364556312561,0.16011300683021545,0,3,0.3077766001224518,0.5711820125579834,0.15976524353027344,0,4,0.32299819588661194,0.5911485552787781,0.16477084159851074,0,5,0.3269746005535126,0.5934005379676819,0.16466236114501953,0,6,0.33476075530052185,0.5937466621398926,0.16416804492473602,0,7,0.3277745842933655,0.5524436235427856,0.22522450983524323,0,8,0.3553382158279419,0.5822551846504211,0.23873430490493774,0,9,0.30687183141708374,0.5121036171913147,0.16739529371261597,0,10,0.3185378909111023,0.5264992117881775,0.17298558354377747,0,11,0.3299139142036438,0.3025375008583069,0.15001484751701355,0,12,0.3966182768344879,0.48921045660972595,0.22860853374004364,0,13,0.47228506207466125,0.2801944315433502,0.13571667671203613,0,14,0.5116289258003235,0.5508277416229248,0.013955377973616123,0,15,0.5266898274421692,0.3564682900905609,0.185862734913826,0,16,0.4921351969242096,0.5860406160354614,-0.3139713704586029,0,17,0.5530877709388733,0.36617034673690796,0.1847420334815979,0,18,0.49678558111190796,0.6110199689865112,-0.3651142120361328,0,19,0.5401474237442017,0.36583617329597473,0.17660054564476013,0,20,0.490762323141098,0.5900562405586243,-0.33851906657218933,0,21,0.5344400405883789,0.36417341232299805,0.186415433883667,0,22,0.484627366065979,0.5689852833747864,-0.3137817978858948,0,23,0.5527982711791992,0.006968244444578886,-0.044310279190540314,0,24,0.6032434105873108,0.14303888380527496,0.04413057118654251,0,25,0.7558878064155579,0.007438847795128822,-0.2785865366458893,0,26,0.7875815033912659,0.17476169764995575,-0.10751226544380188,0,27,0.7822660207748413,-0.12740458548069,0.056142233312129974,0,28,0.8405758142471313,-0.09343647956848145,0.10067584365606308,0,29,0.7734090685844421,-0.14327508211135864,0.09021314233541489,0,30,0.8142649531364441,-0.12555181980133057,0.12495046108961105,0,31,0.8504456877708435,-0.19085340201854706,0.061384543776512146,0,32,0.8841283917427063,-0.1854976862668991,0.0858459323644638,0
0,0.3523969054222107,0.6044793128967285,0.2602667510509491,0,1,0.3473282754421234,0.6238214373588562,0.25709524750709534,0,2,0.34622469544410706,0.6231008768081665,0.2570202648639679,0,3,0.3452380895614624,0.6222110986709595,0.2568622827529907,0,4,0.34890660643577576,0.6252338886260986,0.2585316598415375,0,5,0.3498587906360626,0.6261937022209167,0.25850000977516174,0,6,0.3506848216056824,0.627090573310852,0.2580965757369995,0,7,0.3461587131023407,0.6224291324615479,0.24586206674575806,0,8,0.35194724798202515,0.6161612868309021,0.25170719623565674,0,9,0.3527354598045349,0.5842722058296204,0.25659579038619995,0,10,0.35717126727104187,0.5882479548454285,0.2587430775165558,0,11,0.36953502893447876,0.5393150448799133,0.14598089456558228,0,12,0.3550232946872711,0.553314208984375,0.2090892791748047,0,13,0.44587838649749756,0.527915358543396,0.12116153538227081,0,14,0.4385443925857544,0.5610499978065491,0.09585770219564438,0,15,0.4640926420688629,0.5146608948707581,0.15114864706993103,0,16,0.4806695580482483,0.48914703726768494,-0.05920792371034622,0,17,0.4731799066066742,0.5063066482543945,0.1352439820766449,0,18,0.4958113133907318,0.4636904001235962,-0.058392252773046494,0,19,0.46509280800819397,0.4995976686477661,0.15054000914096832,0,20,0.4922969937324524,0.45016735792160034,-0.06695825606584549,0,21,0.4634055495262146,0.49842754006385803,0.1569523811340332,0,22,0.4841974377632141,0.4562373757362366,-0.06357960402965546,0,23,0.4591035544872284,0.21928462386131287,-0.009535377845168114,0,24,0.4433317482471466,0.2239513248205185,0.008789749816060066,0,25,0.5817345380783081,0.1008816510438919,-0.06382551044225693,0,26,0.5481122732162476,0.13360300660133362,0.0329919271171093,0,27,0.6035157442092896,0.14101162552833557,0.013952719047665596,0,28,0.5958801507949829,0.1161952018737793,0.0692100077867508,0,29,0.6022127270698547,0.1311924159526825,0.02195414900779724,0,30,0.6044327020645142,0.10658086836338043,0.0771939605474472,0,31,0.625511884689331,0.19443978369235992,0.027944892644882202,0,32,0.6126624345779419,0.12085394561290741,0.09252040833234787,0
0,0.3525911867618561,0.6039843559265137,0.30106762051582336,0,1,0.34726840257644653,0.623371422290802,0.3026812970638275,0,2,0.34619230031967163,0.6226931214332581,0.3025735020637512,0,3,0.3452252149581909,0.6218357682228088,0.3023572862148285,0,4,0.3486771583557129,0.6249405741691589,0.30267032980918884,0,5,0.34961023926734924,0.6260860562324524,0.3026192784309387,0,6,0.3504181504249573,0.6270798444747925,0.30215102434158325,0,7,0.3461558520793915,0.6218072175979614,0.3048628866672516,0,8,0.35186800360679626,0.6212652921676636,0.3014315962791443,0,9,0.35425540804862976,0.5855242609977722,0.2997205853462219,0,10,0.35816308856010437,0.589969277381897,0.2988542318344116,0,11,0.36958885192871094,0.5645202398300171,0.18060962855815887,0,12,0.3561353087425232,0.5882537961006165,0.265405535697937,0,13,0.4392513632774353,0.5403617024421692,0.18519216775894165,0,14,0.4243982434272766,0.6140168309211731,0.14283429086208344,0,15,0.45570626854896545,0.5447912216186523,0.26087674498558044,0,16,0.4275449812412262,0.5619524717330933,0.05437827855348587,0,17,0.4663349390029907,0.5393363237380981,0.24661916494369507,0,18,0.4298153519630432,0.548754870891571,0.05107305571436882,0,19,0.45745885372161865,0.5365952253341675,0.2591528594493866,0,20,0.43099039793014526,0.5305554866790771,0.062049444764852524,0,21,0.4558528959751129,0.5350940823554993,0.2664087116718292,0,22,0.4256283938884735,0.5290189385414124,0.05614928528666496,0,23,0.45862331986427307,0.2499508559703827,-0.018487462773919106,0,24,0.4433480501174927,0.25788941979408264,0.017612744122743607,0,25,0.578477144241333,0.12288939952850342,-0.0465657003223896,0,26,0.5413990020751953,0.14996512234210968,0.06826003640890121,0,27,0.6113519072532654,0.05145341157913208,-0.011751717887818813,0,28,0.5947365164756775,0.04257887229323387,0.0684262365102768,0,29,0.6122583746910095,0.013629363849759102,-0.011155853047966957,0,30,0.6033821105957031,0.012944976799190044,0.07154825329780579,0,31,0.6402719020843506,0.07234982401132584,-0.029403304681181908,0,32,0.6173043847084045,0.021679196506738663,0.06308387219905853,0
0,0.34841951727867126,0.6465994715690613,0.33942559361457825,0,1,0.35155200958251953,0.6645981669425964,0.34760838747024536,0,2,0.35312050580978394,0.6624399423599243,0.3475128710269928,0,3,0.35477665066719055,0.6600844860076904,0.34728261828422546,0,4,0.3475409150123596,0.6710880398750305,0.3383850157260895,0,5,0.34696823358535767,0.6737737655639648,0.3382949233055115,0,6,0.3463156819343567,0.6764084100723267,0.33782437443733215,0,7,0.3623109459877014,0.6489697098731995,0.34900209307670593,0,8,0.3506071865558624,0.6699626445770264,0.30492690205574036,0,9,0.3533635437488556,0.6261029243469238,0.33490753173828125,0,10,0.35105612874031067,0.634354293346405,0.3224339187145233,0,11,0.38771024346351624,0.5408832430839539,0.2497856318950653,0,12,0.3502775728702545,0.6338333487510681,0.2103564441204071,0,13,0.4156110882759094,0.48600977659225464,0.20577196776866913,0,14,0.41047850251197815,0.6650004386901855,0.05028381198644638,0,15,0.4112907648086548,0.5084644556045532,0.24763542413711548,0,16,0.437176913022995,0.6044331192970276,-0.06131245568394661,0,17,0.4152034819126129,0.511793315410614,0.23714932799339294,0,18,0.4468028247356415,0.5988032817840576,-0.05770367011427879,0,19,0.4086666703224182,0.512702465057373,0.26119351387023926,0,20,0.4481833875179291,0.5672944784164429,-0.04112716764211655,0,21,0.4089702367782593,0.5111610889434814,0.25486281514167786,0,22,0.44127729535102844,0.5631193518638611,-0.05798134580254555,0,23,0.46084535121917725,0.25064873695373535,0.020934540778398514,0,24,0.43111366033554077,0.28537994623184204,-0.021750517189502716,0,25,0.5853031277656555,0.08074389398097992,-0.032347969710826874,0,26,0.5301653146743774,0.1391844004392624,-0.017376163974404335,0,27,0.622008740901947,0.11863593012094498,-0.007207650225609541,0,28,0.608875572681427,0.08500683307647705,-0.06710967421531677,0,29,0.6226698756217957,0.12398281693458557,-0.007575565949082375,0,30,0.6224520802497864,0.08291842043399811,-0.06923366338014603,0,31,0.6499871015548706,0.1307242512702942,-0.02092605270445347,0,32,0.6330522298812866,0.04804687201976776,-0.09703972935676575,0
0,0.3592623472213745,0.6043626666069031,0.2513309121131897,0,1,0.35556378960609436,0.6213216185569763,0.24165846407413483,0,2,0.3554476201534271,0.6219028830528259,0.24153341352939606,0,3,0.3557344079017639,0.6222286224365234,0.24129073321819305,0,4,0.3557918965816498,0.6216076612472534,0.2440069615840912,0,5,0.3564520478248596,0.6229738593101501,0.24398063123226166,0,6,0.35704663395881653,0.6243391036987305,0.24358251690864563,0,7,0.3604932725429535,0.6252535581588745,0.21117685735225677,0,8,0.3587155044078827,0.6295366883277893,0.22098979353904724,0,9,0.36118146777153015,0.5966892838478088,0.2414565235376358,0,10,0.36343398690223694,0.5986283421516418,0.2441612333059311,0,11,0.3773018419742584,0.5703474879264832,0.11674647033214569,0,12,0.3586178123950958,0.5973697304725647,0.1846381574869156,0,13,0.40150269865989685,0.5308292508125305,0.14532847702503204,0,14,0.3937211036682129,0.5722247362136841,0.06638523936271667,0,15,0.3904033303260803,0.5272194147109985,0.23285095393657684,0,16,0.3738262355327606,0.5682319402694702,-0.017061609774827957,0,17,0.3936201333999634,0.5200124382972717,0.22912034392356873,0,18,0.36864790320396423,0.5685044527053833,-0.010014131665229797,0,19,0.3871336877346039,0.5226093530654907,0.24374434351921082,0,20,0.3677820563316345,0.5664072036743164,-0.0034138408955186605,0,21,0.38794761896133423,0.5233753323554993,0.2402031570672989,0,22,0.36737340688705444,0.5536069869995117,-0.015826521441340446,0,23,0.4554637670516968,0.24597035348415375,-0.004207029473036528,0,24,0.43323007225990295,0.2617442309856415,0.003304980928078294,0,25,0.5613593459129333,0.10957714915275574,-0.03199441358447075,0,26,0.5220853090286255,0.16375310719013214,0.06750676035881042,0,27,0.6027841567993164,0.10530873388051987,0.07413869351148605,0,28,0.5876827239990234,0.08501191437244415,0.11210412532091141,0,29,0.6055548191070557,0.08778266608715057,0.08638256043195724,0,30,0.6012712121009827,0.07646796107292175,0.12026767432689667,0,31,0.6221076846122742,0.13092853128910065,0.09779376536607742,0,32,0.6031192541122437,0.05735541880130768,0.13089174032211304,0
0,0.36867353320121765,0.5810507535934448,0.2581769824028015,0,1,0.3601793050765991,0.5964681506156921,0.25876757502555847,0,2,0.3583012521266937,0.5960217118263245,0.25869569182395935,0,3,0.3569721281528473,0.595369279384613,0.2584931254386902,0,4,0.3642725944519043,0.5973128080368042,0.2634246051311493,0,5,0.36617839336395264,0.5982552170753479,0.2633852958679199,0,6,0.3679896891117096,0.5991573929786682,0.26298758387565613,0,7,0.35836538672447205,0.5968799591064453,0.25288456678390503,0,8,0.36932671070098877,0.594754695892334,0.24354931712150574,0,9,0.3682899475097656,0.5668817162513733,0.25347718596458435,0,10,0.37573492527008057,0.5703076124191284,0.25879061222076416,0,11,0.37681645154953003,0.5666515827178955,0.13620617985725403,0,12,0.3712947964668274,0.5431338548660278,0.2550891935825348,0,13,0.39906492829322815,0.5544036030769348,0.12561209499835968,0,14,0.42277297377586365,0.5454830527305603,0.13434267044067383,0,15,0.3936706483364105,0.5552439093589783,0.22195009887218475,0,16,0.39410877227783203,0.5572302937507629,-0.004450359381735325,0,17,0.3938683569431305,0.5477496981620789,0.22019805014133453,0,18,0.3971535861492157,0.5577039122581482,-0.0034156932961195707,0,19,0.38975533843040466,0.5470259189605713,0.2395247519016266,0,20,0.39694643020629883,0.5579001903533936,0.004719187505543232,0,21,0.3896629214286804,0.5440484881401062,0.2318725287914276,0,22,0.39324554800987244,0.5487301349639893,-0.004269787576049566,0,23,0.45566388964653015,0.2404896467924118,-0.03494540601968765,0,24,0.4357743561267853,0.24031315743923187,0.033829934895038605,0,25,0.5659800171852112,0.21987052261829376,-0.03140656277537346,0,26,0.5229182243347168,0.2240089625120163,0.12958377599716187,0,27,0.5748282074928284,0.07535034418106079,-0.047137267887592316,0,28,0.5598105192184448,0.07981972396373749,0.0672779381275177,0,29,0.5669099688529968,0.024875592440366745,-0.04603450000286102,0,30,0.5636956095695496,0.04843039810657501,0.06588319689035416,0,31,0.5952436923980713,0.06966059654951096,-0.006621046923100948,0,32,0.586230993270874,0.046621572226285934,0.09003312885761261,0
0,0.3789746165275574,0.5692405700683594,0.2376375049352646,0,1,0.3682076036930084,0.5847678184509277,0.2505803406238556,0,2,0.3644583821296692,0.582994282245636,0.25050589442253113,0,3,0.3610506057739258,0.5810284614562988,0.2502553462982178,0,4,0.37669244408607483,0.5893922448158264,0.2513652443885803,0,5,0.38022059202194214,0.5918014645576477,0.2513715922832489,0,6,0.38365650177001953,0.5941586494445801,0.25097861886024475,0,7,0.3587088882923126,0.5779957175254822,0.2791307270526886,0,8,0.38730207085609436,0.5946705937385559,0.27447184920310974,0,9,0.37646010518074036,0.5536666512489319,0.2510242164134979,0,10,0.38843634724617004,0.5614632368087769,0.25181591510772705,0,11,0.3703484833240509,0.5555307865142822,0.1553032249212265,0,12,0.39651188254356384,0.5546659827232361,0.2649654746055603,0,13,0.385356605052948,0.5430545806884766,0.17064157128334045,0,14,0.42963558435440063,0.5635906457901001,0.16139595210552216,0,15,0.3861066401004791,0.5570089817047119,0.2897772490978241,0,16,0.3743082880973816,0.5643935203552246,0.11793055385351181,0,17,0.39147332310676575,0.5536700487136841,0.2908584177494049,0,18,0.35900983214378357,0.5582234859466553,0.11683475226163864,0,19,0.3866497576236725,0.5513883233070374,0.31120216846466064,0,20,0.3623078465461731,0.5675606727600098,0.1392131894826889,0,21,0.38781943917274475,0.5481529235839844,0.29980117082595825,0,22,0.3618159294128418,0.5575503706932068,0.1250799596309662,0,23,0.45589426159858704,0.23141734302043915,-0.03347642347216606,0,24,0.4534868597984314,0.23619872331619263,0.032340846955776215,0,25,0.558691143989563,0.2243291437625885,-0.0033716645557433367,0,26,0.5243833661079407,0.21951572597026825,0.171987846493721,0,27,0.5745822191238403,0.06761614233255386,0.010519375093281269,0,28,0.5588279366493225,0.07981783151626587,0.14344388246536255,0,29,0.5711207985877991,0.01278208289295435,0.019328104332089424,0,30,0.5649211406707764,0.04641661047935486,0.14680646359920502,0,31,0.5982813239097595,0.06684446334838867,0.056227777153253555,0,32,0.5812606811523438,0.04774472862482071,0.17068304121494293,0
0,0.3779456913471222,0.5823764801025391,0.2611340880393982,0,1,0.3688955307006836,0.5968929529190063,0.2640271484851837,0,2,0.36624714732170105,0.5945283770561218,0.26394185423851013,0,3,0.3636728525161743,0.5918834805488586,0.26370829343795776,0,4,0.3736266791820526,0.6037508845329285,0.26936960220336914,0,5,0.3756503164768219,0.606623649597168,0.26934877038002014,0,6,0.37754133343696594,0.6092396974563599,0.26896238327026367,0,7,0.3603874444961548,0.591066300868988,0.25321733951568604,0,8,0.37993526458740234,0.6072749495506287,0.2774747908115387,0,9,0.3770456910133362,0.5669121146202087,0.2581038773059845,0,10,0.3846571147441864,0.5746999382972717,0.26512235403060913,0,11,0.3771218955516815,0.5623208284378052,0.11948658525943756,0,12,0.38212040066719055,0.5431197285652161,0.2720533609390259,0,13,0.40912944078445435,0.5463542342185974,0.10253306478261948,0,14,0.4153486490249634,0.5199517011642456,0.1260382980108261,0,15,0.4104748070240021,0.552551805973053,0.2077159285545349,0,16,0.38016802072525024,0.5474086403846741,-0.045875441282987595,0,17,0.4173573851585388,0.548477053642273,0.20733311772346497,0,18,0.37264347076416016,0.5525872707366943,-0.052876513451337814,0,19,0.40925654768943787,0.5478273034095764,0.2245628833770752,0,20,0.3745156526565552,0.5577545166015625,-0.041771210730075836,0,21,0.40826478600502014,0.5444098114967346,0.21828648447990417,0,22,0.37143024802207947,0.5484720468521118,-0.04664282500743866,0,23,0.4566737413406372,0.2319846898317337,-0.04536837711930275,0,24,0.44013944268226624,0.230492502450943,0.04411281645298004,0,25,0.5606531500816345,0.25775590538978577,-0.008653693832457066,0,26,0.5191579461097717,0.23737569153308868,0.1747308373451233,0,27,0.566472053527832,0.13605889678001404,0.01525127049535513,0,28,0.5568175911903381,0.09262543171644211,0.11955380439758301,0,29,0.5585049986839294,0.0814676582813263,0.02376968041062355,0,30,0.5629748106002808,0.048603665083646774,0.11809208244085312,0,31,0.584079384803772,0.1456160843372345,0.07478594779968262,0,32,0.5818928480148315,0.06938406080007553,0.14657066762447357,0
0,0.38271573185920715,0.5885553359985352,0.17669005692005157,0,1,0.3748912513256073,0.6028348803520203,0.17469964921474457,0,2,0.3732917606830597,0.5999162197113037,0.17461656033992767,0,3,0.37175431847572327,0.5966048240661621,0.17440560460090637,0,4,0.3770512044429779,0.6083298921585083,0.17287084460258484,0,5,0.3782845139503479,0.609280526638031,0.17291046679019928,0,6,0.37937837839126587,0.6095836758613586,0.17262235283851624,0,7,0.37029799818992615,0.6038175821304321,0.1787213683128357,0,8,0.38049808144569397,0.6244988441467285,0.1709866225719452,0,9,0.3835831582546234,0.5715473294258118,0.18086621165275574,0,10,0.38807451725006104,0.5808356404304504,0.17859534919261932,0,11,0.3991566300392151,0.58319491147995,0.11153923720121384,0,12,0.3773607909679413,0.5810447335243225,0.16784319281578064,0,13,0.4207631051540375,0.5439800024032593,0.12821753323078156,0,14,0.37327873706817627,0.5529937148094177,0.15140075981616974,0,15,0.4312511682510376,0.5762963891029358,0.20326749980449677,0,16,0.3581310212612152,0.6733712553977966,0.1941251903772354,0,17,0.44115954637527466,0.5942771434783936,0.2057282030582428,0,18,0.34673258662223816,0.6981154084205627,0.2132897526025772,0,19,0.4283929169178009,0.5947492718696594,0.22859162092208862,0,20,0.3580406606197357,0.6982553601264954,0.2112697809934616,0,21,0.4269370436668396,0.5848516225814819,0.2152867317199707,0,22,0.3576337695121765,0.683587372303009,0.1970737874507904,0,23,0.47067028284072876,0.2665216028690338,-0.03267154470086098,0,24,0.4441552460193634,0.2571306824684143,0.03147707134485245,0,25,0.5526901483535767,0.2508612871170044,0.04366732016205788,0,26,0.5190755724906921,0.22843874990940094,0.15238729119300842,0,27,0.5716602206230164,0.20972409844398499,0.08306945115327835,0,28,0.5648829340934753,0.11625038832426071,0.10300334542989731,0,29,0.5680627822875977,0.20088797807693481,0.09194830060005188,0,30,0.572746992111206,0.08923699706792831,0.10163310915231705,0,31,0.5951563715934753,0.2593878209590912,0.14148682355880737,0,32,0.589028000831604,0.11442698538303375,0.1171126589179039,0
0,0.40661337971687317,0.5653506517410278,0.1582278609275818,0,1,0.40384751558303833,0.5817412734031677,0.15052174031734467,0,2,0.4036475121974945,0.5822198390960693,0.1503991335630417,0,3,0.40353909134864807,0.5823291540145874,0.15019063651561737,0,4,0.4029943346977234,0.5840744972229004,0.1452009528875351,0,5,0.4033140242099762,0.5867424011230469,0.1452614814043045,0,6,0.40344545245170593,0.5892244577407837,0.1450238823890686,0,7,0.4043644070625305,0.5968514084815979,0.13573075830936432,0,8,0.403903990983963,0.6071895360946655,0.11267997324466705,0,9,0.40817975997924805,0.561905562877655,0.15861335396766663,0,10,0.40901899337768555,0.5665823817253113,0.15182889997959137,0,11,0.4417748749256134,0.5788927674293518,0.07443761825561523,0,12,0.3747600317001343,0.5802453756332397,0.11790773272514343,0,13,0.4894944429397583,0.43941545486450195,0.12096118927001953,0,14,0.35197120904922485,0.5467843413352966,0.13303832709789276,0,15,0.5015406608581543,0.4163799285888672,0.1996457874774933,0,16,0.353034108877182,0.6620811820030212,0.20624613761901855,0,17,0.5115617513656616,0.4085696041584015,0.20874647796154022,0,18,0.34419912099838257,0.6913260817527771,0.23303569853305817,0,19,0.4989205598831177,0.41795581579208374,0.2269609123468399,0,20,0.36105167865753174,0.6941817998886108,0.23431240022182465,0,21,0.4952121675014496,0.4217994511127472,0.21018663048744202,0,22,0.3611556887626648,0.6790677905082703,0.2112167626619339,0,23,0.49358901381492615,0.2730591297149658,-0.03377139940857887,0,24,0.4476426839828491,0.2580031454563141,0.03280464559793472,0,25,0.5849940180778503,0.24130260944366455,0.0762651264667511,0,26,0.5281955003738403,0.2255251556634903,0.20876553654670715,0,27,0.6024140119552612,0.21674486994743347,0.077394500374794,0,28,0.5829389691352844,0.12760668992996216,0.11679049581289291,0,29,0.5991400480270386,0.19680628180503845,0.08180801570415497,0,30,0.5884585976600647,0.10249090939760208,0.11151378601789474,0,31,0.628122091293335,0.25952836871147156,0.1366136074066162,0,32,0.6195313930511475,0.12390583008527756,0.152155801653862,0
0,0.4011164605617523,0.5626853108406067,0.29847466945648193,0,1,0.3948146402835846,0.5790231227874756,0.2863507568836212,0,2,0.39276280999183655,0.5802760124206543,0.2862158715724945,0,3,0.39194047451019287,0.58127760887146,0.28602415323257446,0,4,0.3981286883354187,0.5837083458900452,0.2659756541252136,0,5,0.39365747570991516,0.5887294411659241,0.26605209708213806,0,6,0.38967931270599365,0.5934787392616272,0.26580122113227844,0,7,0.3938416540622711,0.5998519062995911,0.2444477081298828,0,8,0.38910743594169617,0.6094103455543518,0.18497739732265472,0,9,0.3973989486694336,0.5673707723617554,0.29423853754997253,0,10,0.407077431678772,0.573029100894928,0.2672334611415863,0,11,0.4496122896671295,0.6148356795310974,0.16737620532512665,0,12,0.3375925123691559,0.6504783630371094,0.1562184989452362,0,13,0.48322832584381104,0.44599685072898865,0.2525154650211334,0,14,0.2529360353946686,0.585582971572876,0.17260238528251648,0,15,0.4917125403881073,0.4163661301136017,0.3719242513179779,0,16,0.2727648913860321,0.7353568077087402,0.2999154329299927,0,17,0.49965420365333557,0.4078402519226074,0.39153847098350525,0,18,0.2744605839252472,0.7665959596633911,0.3362765610218048,0,19,0.49038586020469666,0.41586899757385254,0.4096324145793915,0,20,0.29441219568252563,0.760223925113678,0.3344579339027405,0,21,0.4873969852924347,0.42256441712379456,0.382880836725235,0,22,0.29566890001296997,0.7499721050262451,0.30679696798324585,0,23,0.49080052971839905,0.28756260871887207,-0.029405929148197174,0,24,0.43598467111587524,0.2906010150909424,0.02850194089114666,0,25,0.597137451171875,0.16716180741786957,0.06374739110469818,0,26,0.5281540155410767,0.18896742165088654,0.13389214873313904,0,27,0.6300845742225647,0.21239066123962402,0.003337452420964837,0,28,0.5964052081108093,0.1239568218588829,-0.003408256219699979,0,29,0.6284076571464539,0.21869181096553802,0.00519216526299715,0,30,0.5983982682228088,0.10066712647676468,-0.010238423012197018,0,31,0.6745191216468811,0.24794037640094757,0.08079757541418076,0,32,0.6474147439002991,0.10780799388885498,0.03491510823369026,0
0,0.423987478017807,0.5891640782356262,0.2357238382101059,0,1,0.41868114471435547,0.6028139591217041,0.2160496562719345,0,2,0.41876310110092163,0.6040860414505005,0.21595141291618347,0,3,0.4190782904624939,0.6050413250923157,0.21575112640857697,0,4,0.41560205817222595,0.6045317053794861,0.22013871371746063,0,5,0.4136042594909668,0.6076030135154724,0.22025379538536072,0,6,0.4115239977836609,0.6105703711509705,0.22005540132522583,0,7,0.4184425175189972,0.61652010679245,0.1692216694355011,0,8,0.4056781828403473,0.6199884414672852,0.1894092559814453,0,9,0.42568111419677734,0.5894062519073486,0.22509244084358215,0,10,0.42472773790359497,0.5928779244422913,0.22991319000720978,0,11,0.4588122069835663,0.6127069592475891,0.09299500286579132,0,12,0.3430815637111664,0.6251236796379089,0.18674132227897644,0,13,0.48452383279800415,0.48331066966056824,0.1473526507616043,0,14,0.2760485112667084,0.5812282562255859,0.23708562552928925,0,15,0.48768073320388794,0.5512604713439941,0.3014519512653351,0,16,0.2984691858291626,0.704988420009613,0.2898493707180023,0,17,0.4967707693576813,0.5695119500160217,0.35569676756858826,0,18,0.2925987243652344,0.7401654720306396,0.3110606372356415,0,19,0.48238202929496765,0.5770509839057922,0.3762300908565521,0,20,0.3117263615131378,0.7412175536155701,0.31007325649261475,0,21,0.478650838136673,0.5681207180023193,0.33131763339042664,0,22,0.3031397759914398,0.7317935228347778,0.2928048372268677,0,23,0.49477913975715637,0.29389816522598267,-0.055194780230522156,0,24,0.43947842717170715,0.2898865342140198,0.05431254580616951,0,25,0.5936851501464844,0.28021907806396484,0.037054382264614105,0,26,0.5399759411811829,0.24347494542598724,0.15893183648586273,0,27,0.6282120943069458,0.19875657558441162,-0.06696078181266785,0,28,0.5992905497550964,0.11970385909080505,0.007364318706095219,0,29,0.6257869005203247,0.1933126449584961,-0.06981099396944046,0,30,0.6036362051963806,0.08709205687046051,0.005893107037991285,0,31,0.669349730014801,0.22634153068065643,-0.012188621796667576,0,32,0.6434257626533508,0.09987439960241318,0.0587613619863987,0
0,0.42418044805526733,0.5915608406066895,0.3395017683506012,0,1,0.4208690822124481,0.6049739718437195,0.3182884156703949,0,2,0.42211297154426575,0.6065701842308044,0.3182624876499176,0,3,0.42344391345977783,0.6077684164047241,0.3181123435497284,0,4,0.4150637984275818,0.6059921383857727,0.32609862089157104,0,5,0.4129081070423126,0.6086283326148987,0.32623225450515747,0,6,0.4106229245662689,0.6112242341041565,0.32590818405151367,0,7,0.4244471490383148,0.6188356280326843,0.2266659438610077,0,8,0.40506428480148315,0.6209480166435242,0.27655526995658875,0,9,0.42826443910598755,0.5920159816741943,0.3150923550128937,0,10,0.4241313338279724,0.5950250029563904,0.3248707354068756,0,11,0.4539761543273926,0.6065095067024231,0.1204570010304451,0,12,0.3481946289539337,0.6247483491897583,0.2504759132862091,0,13,0.4777742028236389,0.4837688207626343,0.15346840023994446,0,14,0.26825931668281555,0.5829097628593445,0.27258074283599854,0,15,0.4619174003601074,0.5402185320854187,0.28825369477272034,0,16,0.2823088467121124,0.7250158786773682,0.32214483618736267,0,17,0.46458032727241516,0.549376904964447,0.3083280026912689,0,18,0.2814376652240753,0.7559700608253479,0.34155935049057007,0,19,0.4540725350379944,0.5551184415817261,0.3286823630332947,0,20,0.299398809671402,0.7428377866744995,0.3390822112560272,0,21,0.45098817348480225,0.5505276322364807,0.3062826693058014,0,22,0.3000202775001526,0.732918918132782,0.32448098063468933,0,23,0.4923926889896393,0.287352055311203,-0.08031322807073593,0,24,0.4418362081050873,0.2703525125980377,0.07935811579227448,0,25,0.6445610523223877,0.2788878083229065,-0.08424373716115952,0,26,0.601151168346405,0.2719513475894928,0.11619440466165543,0,27,0.6413319706916809,0.19319239258766174,-0.1728212833404541,0,28,0.6318390369415283,0.11822325736284256,-0.052653178572654724,0,29,0.630541980266571,0.1783866137266159,-0.1765080988407135,0,30,0.6306959986686707,0.08742429316043854,-0.06754076480865479,0,31,0.6756559610366821,0.20906111598014832,-0.09343337267637253,0,32,0.6716133952140808,0.09367991238832474,-0.021716095507144928,0
0,0.4336276054382324,0.6055313944816589,0.2311786711215973,0,1,0.42978841066360474,0.6253054141998291,0.21511636674404144,0,2,0.4296577274799347,0.626089870929718,0.21505330502986908,0,3,0.4295761287212372,0.6265362501144409,0.21485604345798492,0,4,0.4283435642719269,0.6274929642677307,0.21945545077323914,0,5,0.4281754195690155,0.6300075054168701,0.21954946219921112,0,6,0.4278561472892761,0.632557213306427,0.2192075252532959,0,7,0.43012264370918274,0.6341355443000793,0.1632734090089798,0,8,0.42645227909088135,0.6401841640472412,0.18229509890079498,0,9,0.4356573820114136,0.5991858243942261,0.21513596177101135,0,10,0.4366440176963806,0.6028201580047607,0.22072181105613708,0,11,0.44750767946243286,0.6016283631324768,0.0698498785495758,0,12,0.3906022310256958,0.6204952001571655,0.17842426896095276,0,13,0.44869792461395264,0.45685744285583496,0.08714430034160614,0,14,0.3263128101825714,0.5485560297966003,0.21427635848522186,0,15,0.4319392740726471,0.49761641025543213,0.13657622039318085,0,16,0.3104681670665741,0.7135314345359802,0.23770160973072052,0,17,0.43495288491249084,0.5010091066360474,0.1420602947473526,0,18,0.30703651905059814,0.7277992963790894,0.2532109022140503,0,19,0.4271514117717743,0.5167723298072815,0.15412047505378723,0,20,0.31930798292160034,0.7138539552688599,0.25552698969841003,0,21,0.4259244203567505,0.5121603012084961,0.14441260695457458,0,22,0.31859174370765686,0.7077150344848633,0.2410271018743515,0,23,0.49134883284568787,0.2546398639678955,-0.07696132361888885,0,24,0.45777428150177,0.26156267523765564,0.07611802965402603,0,25,0.6599317789077759,0.28978028893470764,-0.10858923941850662,0,26,0.5978155732154846,0.2976685166358948,0.09777753800153732,0,27,0.6485235095024109,0.14744535088539124,-0.10786295682191849,0,28,0.6319949626922607,0.0846792683005333,-0.030926110222935677,0,29,0.6323983073234558,0.11039908230304718,-0.10171186923980713,0,30,0.6270886063575745,0.042611535638570786,-0.04342368617653847,0,31,0.686517059803009,0.11742975562810898,-0.035864777863025665,0,32,0.6845633387565613,0.02140435203909874,-0.010040407069027424,0
0,0.41602519154548645,0.6236583590507507,0.15393127501010895,0,1,0.40567272901535034,0.6454525589942932,0.14905790984630585,0,2,0.4035542607307434,0.6463243365287781,0.1490475833415985,0,3,0.4015318751335144,0.6468802094459534,0.14890006184577942,0,4,0.4125523865222931,0.6454340219497681,0.14883588254451752,0,5,0.41640418767929077,0.6465393900871277,0.14889436960220337,0,6,0.42089420557022095,0.6476749181747437,0.14866648614406586,0,7,0.40443047881126404,0.6493124961853027,0.1492893099784851,0,8,0.41897091269493103,0.6495686173439026,0.14910788834095,0,9,0.4206407964229584,0.6121882796287537,0.15839199721813202,0,10,0.43366000056266785,0.6137717366218567,0.1578206866979599,0,11,0.41270458698272705,0.6016049385070801,0.09649457037448883,0,12,0.3974124789237976,0.615973711013794,0.1776839941740036,0,13,0.36692339181900024,0.5330578088760376,0.10600869357585907,0,14,0.3477117121219635,0.5600634813308716,0.21290232241153717,0,15,0.3364075720310211,0.6953164935112,0.1705123782157898,0,16,0.3177892565727234,0.7353389263153076,0.26901277899742126,0,17,0.33603399991989136,0.7356888055801392,0.1793934851884842,0,18,0.31534847617149353,0.7665359973907471,0.2826560437679291,0,19,0.32895833253860474,0.7415041923522949,0.1973918378353119,0,20,0.3288677930831909,0.7612394094467163,0.28534814715385437,0,21,0.33194464445114136,0.7237733602523804,0.1806372106075287,0,22,0.32740920782089233,0.7490284442901611,0.27311769127845764,0,23,0.46956539154052734,0.23207923769950867,-0.07699907571077347,0,24,0.4555440843105316,0.239143505692482,0.07648017257452011,0,25,0.6417686939239502,0.29418185353279114,-0.1409265697002411,0,26,0.5800016522407532,0.3103141486644745,0.06093766167759895,0,27,0.6568467617034912,0.1492423713207245,-0.11964651942253113,0,28,0.6300035715103149,0.08648853749036789,-0.024450868368148804,0,29,0.645562469959259,0.11348772794008255,-0.11273107677698135,0,30,0.625939667224884,0.04586527496576309,-0.03346315398812294,0,31,0.7025601267814636,0.13469351828098297,-0.07068447768688202,0,32,0.6866375803947449,0.03470900282263756,-0.024757977575063705,0
0,0.3786964416503906,0.6345624327659607,0.133965864777565,0,1,0.3724741041660309,0.6584389209747314,0.13846945762634277,0,2,0.3703744113445282,0.6588469743728638,0.13842925429344177,0,3,0.3683778643608093,0.6589682698249817,0.13830986618995667,0,4,0.3801935017108917,0.6607426404953003,0.12379372864961624,0,5,0.38489866256713867,0.6630803942680359,0.12372282892465591,0,6,0.3900274336338043,0.6654238700866699,0.12341789901256561,0,7,0.37609294056892395,0.6645627021789551,0.17430202662944794,0,8,0.4058314263820648,0.6722580790519714,0.10872996598482132,0,9,0.38346490263938904,0.6214964389801025,0.15365876257419586,0,10,0.3960791230201721,0.6251177787780762,0.13303260505199432,0,11,0.4024324417114258,0.610509991645813,0.09820061177015305,0,12,0.39449307322502136,0.6271893382072449,0.1498144119977951,0,13,0.36859196424484253,0.5295881628990173,0.11963116377592087,0,14,0.3803403675556183,0.5631002187728882,0.13393284380435944,0,15,0.3477349579334259,0.6487354636192322,0.1938890665769577,0,16,0.3739530146121979,0.6738344430923462,0.21961556375026703,0,17,0.34662818908691406,0.6790193915367126,0.1992599368095398,0,18,0.37102121114730835,0.6903167963027954,0.2761896848678589,0,19,0.34157973527908325,0.6892465949058533,0.21111270785331726,0,20,0.3773614764213562,0.6917312145233154,0.2765422761440277,0,21,0.3435761034488678,0.6746800541877747,0.20391462743282318,0,22,0.3756316900253296,0.6813578009605408,0.2322062999010086,0,23,0.45849257707595825,0.2363329380750656,-0.0752933919429779,0,24,0.4505285620689392,0.24172693490982056,0.07581332325935364,0,25,0.6386135220527649,0.294649213552475,-0.11308510601520538,0,26,0.5753673315048218,0.2878737151622772,0.03000807948410511,0,27,0.6474860906600952,0.11055655032396317,-0.07974216341972351,0,28,0.6237033009529114,0.06195063516497612,-0.010586450807750225,0,29,0.6392134428024292,0.06396987289190292,-0.0769866332411766,0,30,0.6226148009300232,0.020800042897462845,-0.004129529930651188,0,31,0.6923130750656128,0.09778302907943726,-0.040265221148729324,0,32,0.6727543473243713,0.026053883135318756,-0.022986382246017456,0
0,0.4180365204811096,0.6066952347755432,0.2672417461872101,0,1,0.4101681113243103,0.6267400979995728,0.24667654931545258,0,2,0.4084928631782532,0.6291846632957458,0.24673110246658325,0,3,0.40685975551605225,0.6313861012458801,0.24676373600959778,0,4,0.4134126901626587,0.6240708827972412,0.25565508008003235,0,5,0.4147706925868988,0.624879777431488,0.25554388761520386,0,6,0.4161425530910492,0.6257396340370178,0.25505343079566956,0,7,0.40177762508392334,0.6433864235877991,0.20133082568645477,0,8,0.41665324568748474,0.6383466124534607,0.23720571398735046,0,9,0.4185004234313965,0.6010719537734985,0.2552163600921631,0,10,0.42325112223625183,0.5989618301391602,0.26475924253463745,0,11,0.40918856859207153,0.6080721020698547,0.08239524066448212,0,12,0.41359949111938477,0.5952336192131042,0.2720926105976105,0,13,0.4496323764324188,0.49641841650009155,0.05403226241469383,0,14,0.46521463990211487,0.47479480504989624,0.13379058241844177,0,15,0.4741714596748352,0.5608733296394348,0.13149181008338928,0,16,0.46673837304115295,0.5346941351890564,-0.06632500141859055,0,17,0.4876510202884674,0.5606486201286316,0.13581782579421997,0,18,0.4675549864768982,0.5385395288467407,-0.07032036036252975,0,19,0.47760042548179626,0.571789026260376,0.1488008201122284,0,20,0.46703866124153137,0.5480163097381592,-0.06305824220180511,0,21,0.4720693826675415,0.5686158537864685,0.14201349020004272,0,22,0.4610397517681122,0.5451706051826477,-0.06682957708835602,0,23,0.46905386447906494,0.19631829857826233,-0.08567352592945099,0,24,0.46712180972099304,0.20218686759471893,0.0852864682674408,0,25,0.691597044467926,0.27094000577926636,-0.15199582278728485,0,26,0.6422003507614136,0.2895582318305969,0.04636133089661598,0,27,0.6672794222831726,0.11934076994657516,-0.11613143980503082,0,28,0.6436091661453247,0.11070587486028671,-0.04053825885057449,0,29,0.6499155759811401,0.08458145707845688,-0.11163770407438278,0,30,0.6343328952789307,0.07502289861440659,-0.05353224277496338,0,31,0.7095346450805664,0.10774894058704376,-0.05438844859600067,0,32,0.6833221912384033,0.0817175880074501,-0.036667805165052414,0
0,0.3530687689781189,0.5604165196418762,0.15859752893447876,0,1,0.355000764131546,0.5793178677558899,0.1786516010761261,0,2,0.3540678918361664,0.5740246772766113,0.17848539352416992,0,3,0.3531952500343323,0.5686015486717224,0.1781974583864212,0,4,0.35864320397377014,0.5862873792648315,0.16635550558567047,0,5,0.36242198944091797,0.5983775854110718,0.16629672050476074,0,6,0.36781805753707886,0.6041111946105957,0.1659579575061798,0,7,0.36157089471817017,0.5365582704544067,0.24607516825199127,0,8,0.37864214181900024,0.5675898790359497,0.19403448700904846,0,9,0.34459197521209717,0.5262112617492676,0.18109415471553802,0,10,0.3492932915687561,0.5338693857192993,0.16598907113075256,0,11,0.38090255856513977,0.36673998832702637,0.19875957071781158,0,12,0.40093809366226196,0.48757877945899963,0.12205921113491058,0,13,0.49357518553733826,0.3342856764793396,0.21394950151443481,0,14,0.44978058338165283,0.6149877309799194,-0.03475853428244591,0,15,0.5242000818252563,0.3975904881954193,0.2493772953748703,0,16,0.3880844712257385,0.6533358097076416,-0.08315872400999069,0,17,0.5425723195075989,0.41348591446876526,0.24051441252231598,0,18,0.36920401453971863,0.6718499660491943,-0.10149257630109787,0,19,0.530663013458252,0.4156540632247925,0.24246619641780853,0,20,0.37556660175323486,0.654626727104187,-0.07332346588373184,0,21,0.5274659395217896,0.41303783655166626,0.24910365045070648,0,22,0.37874194979667664,0.6370227336883545,-0.07581646740436554,0,23,0.5631371140480042,0.11184129118919373,0.03912493959069252,0,24,0.5726202726364136,0.17214782536029816,-0.03951026126742363,0,25,0.6508716344833374,0.14020676910877228,0.09185754507780075,0,26,0.5934459567070007,0.1772896647453308,0.0669831782579422,0,27,0.6932011246681213,0.09162648022174835,0.30594536662101746,0,28,0.6899781823158264,0.13554738461971283,0.2239864468574524,0,29,0.702452540397644,0.0791705921292305,0.3269829750061035,0,30,0.7130604982376099,0.14044547080993652,0.24378229677677155,0,31,0.7045680284500122,0.08414030820131302,0.33848050236701965,0,32,0.7067388892173767,0.09511038661003113,0.2553079128265381,0
0,0.38601720333099365,0.5660610795021057,0.16582874953746796,0,1,0.3652275502681732,0.579170823097229,0.17709936201572418,0,2,0.3618381917476654,0.573297917842865,0.1769857406616211,0,3,0.35867831110954285,0.5670157670974731,0.1766926795244217,0,4,0.3708615303039551,0.5874006152153015,0.188295379281044,0,5,0.3726663887500763,0.5981186628341675,0.18830807507038116,0,6,0.37481817603111267,0.6035439372062683,0.18784905970096588,0,7,0.35845085978507996,0.5330955386161804,0.20500752329826355,0,8,0.3778661787509918,0.5727487802505493,0.2902275025844574,0,9,0.3881460130214691,0.5314433574676514,0.1809251606464386,0,10,0.3894897401332855,0.551398515701294,0.20055809617042542,0,11,0.37905508279800415,0.3885268270969391,0.08927569538354874,0,12,0.40687915682792664,0.4997076094150543,0.29741403460502625,0,13,0.5074824690818787,0.3496618866920471,0.06397264450788498,0,14,0.4788927733898163,0.6168421506881714,0.13308566808700562,0,15,0.5320740342140198,0.397769570350647,0.16615933179855347,0,16,0.3839898407459259,0.6400228142738342,0.05926879122853279,0,17,0.5452531576156616,0.4080909490585327,0.15891115367412567,0,18,0.3541463613510132,0.6497898697853088,0.04926014691591263,0,19,0.533477783203125,0.4025478959083557,0.16740939021110535,0,20,0.35994869470596313,0.629152238368988,0.08583903312683105,0,21,0.533226728439331,0.40404948592185974,0.1720752716064453,0,22,0.366409033536911,0.612916886806488,0.06855165213346481,0,23,0.564257025718689,0.12426983565092087,-0.07066995650529861,0,24,0.5766774415969849,0.1713857799768448,0.0698111355304718,0,25,0.7199401259422302,0.1398836225271225,-0.15033942461013794,0,26,0.6585649251937866,0.19328321516513824,0.10347933322191238,0,27,0.746679961681366,0.19240066409111023,0.04609185457229614,0,28,0.7213085889816284,0.23331017792224884,0.2120044231414795,0,29,0.7502605319023132,0.1766650676727295,0.06737663596868515,0,30,0.7281101942062378,0.22507601976394653,0.22569364309310913,0,31,0.7673736810684204,0.27726617455482483,0.08007481694221497,0,32,0.7652555704116821,0.2945687174797058,0.25197523832321167,0
0,0.3963996469974518,0.5660076141357422,0.189459428191185,0,1,0.3735463321208954,0.5761874318122864,0.18820543587207794,0,2,0.3698507249355316,0.569745659828186,0.1881249099969864,0,3,0.3662719428539276,0.5630411505699158,0.1878359168767929,0,4,0.3784075379371643,0.5860283374786377,0.21336629986763,0,5,0.37924620509147644,0.5928865075111389,0.21340560913085938,0,6,0.3799930512905121,0.5969811677932739,0.21294155716896057,0,7,0.3585995137691498,0.5282171368598938,0.20201988518238068,0,8,0.3777936100959778,0.5721824169158936,0.30822983384132385,0,9,0.3882073760032654,0.5385692119598389,0.19169844686985016,0,10,0.4000426232814789,0.5572658777236938,0.22500988841056824,0,11,0.37907060980796814,0.39436766505241394,0.07823844999074936,0,12,0.4072192907333374,0.49945899844169617,0.31313931941986084,0,13,0.5151547193527222,0.35464271903038025,0.06225691735744476,0,14,0.4797654449939728,0.616296648979187,0.1607944667339325,0,15,0.5569440126419067,0.3716374933719635,0.15749530494213104,0,16,0.3840874135494232,0.6253733038902283,0.08430115133523941,0,17,0.5721638798713684,0.3604474663734436,0.149935781955719,0,18,0.35541972517967224,0.63275545835495,0.07746110111474991,0,19,0.5629921555519104,0.35379600524902344,0.15610907971858978,0,20,0.3613343834877014,0.609682559967041,0.11096098273992538,0,21,0.5618444681167603,0.36160778999328613,0.1622888445854187,0,22,0.36720937490463257,0.5945940613746643,0.09260475635528564,0,23,0.561850368976593,0.12466465681791306,-0.07723984122276306,0,24,0.575675904750824,0.16977092623710632,0.07627228647470474,0,25,0.7237436771392822,0.09240200370550156,-0.20698188245296478,0,26,0.6750423312187195,0.2244182974100113,0.09780054539442062,0,27,0.7511974573135376,0.2071656882762909,0.018136586993932724,0,28,0.7197286486625671,0.2983182966709137,0.19342094659805298,0,29,0.7529469132423401,0.2078484445810318,0.04294125735759735,0,30,0.7262505292892456,0.29098451137542725,0.20841388404369354,0,31,0.7772971987724304,0.2980349063873291,0.06531248241662979,0,32,0.7583795785903931,0.3824622929096222,0.2501719892024994,0
0,0.385773241519928,0.5481154322624207,0.2261415272951126,0,1,0.37098488211631775,0.5574855208396912,0.23404984176158905,0,2,0.36850231885910034,0.5531579256057739,0.23409368097782135,0,3,0.366117388010025,0.548766553401947,0.23401638865470886,0,4,0.37524569034576416,0.5649590492248535,0.2455666959285736,0,5,0.3765820264816284,0.567203164100647,0.2455439567565918,0,6,0.3778582811355591,0.5693105459213257,0.24512340128421783,0,7,0.3626387417316437,0.5221041440963745,0.2569003105163574,0,8,0.37775689363479614,0.5520455241203308,0.3098004162311554,0,9,0.38371142745018005,0.5435092449188232,0.23153580725193024,0,10,0.38869205117225647,0.5488932132720947,0.24661730229854584,0,11,0.38202449679374695,0.43616750836372375,0.13800641894340515,0,12,0.40540164709091187,0.48143693804740906,0.29327601194381714,0,13,0.4497929811477661,0.5257440209388733,0.09058631211519241,0,14,0.44908416271209717,0.5865514278411865,0.15164105594158173,0,15,0.44792303442955017,0.5888597369194031,0.19768469035625458,0,16,0.3784569799900055,0.624282717704773,0.038108862936496735,0,17,0.4521333575248718,0.597038984298706,0.19260011613368988,0,18,0.36100447177886963,0.631511926651001,0.021296270191669464,0,19,0.4491839110851288,0.5794336199760437,0.1971568912267685,0,20,0.3622232675552368,0.6084845662117004,0.0516747422516346,0,21,0.4514274001121521,0.5765196681022644,0.2009991705417633,0,22,0.3633190095424652,0.5962244272232056,0.04576311260461807,0,23,0.5285148024559021,0.15947730839252472,-0.07315056771039963,0,24,0.5332781076431274,0.17414286732673645,0.07215014845132828,0,25,0.6840733885765076,0.23109343647956848,-0.164096862077713,0,26,0.6297022700309753,0.40252184867858887,0.10346322506666183,0,27,0.7379080057144165,0.25893184542655945,-0.1283533275127411,0,28,0.6987642645835876,0.39909136295318604,0.05395156517624855,0,29,0.7400245666503906,0.24360066652297974,-0.12451843917369843,0,30,0.7045045495033264,0.36999940872192383,0.047984905540943146,0,31,0.7809762954711914,0.30680692195892334,-0.12303009629249573,0,32,0.7464783787727356,0.46635735034942627,0.057456500828266144,0
0,0.3568378984928131,0.5827071666717529,0.16411593556404114,0,1,0.35268810391426086,0.5883476734161377,0.16921967267990112,0,2,0.350223571062088,0.5828391313552856,0.16920550167560577,0,3,0.34785711765289307,0.5772648453712463,0.16898883879184723,0,4,0.357441782951355,0.5973854660987854,0.17532877624034882,0,5,0.3593960702419281,0.6004227995872498,0.17530056834220886,0,6,0.3613013029098511,0.6033992171287537,0.1749461144208908,0,7,0.3482948839664459,0.5453530550003052,0.20189836621284485,0,8,0.3660076856613159,0.5820790529251099,0.2312668412923813,0,9,0.35971176624298096,0.5439732670783997,0.17792607843875885,0,10,0.3720394968986511,0.5590020418167114,0.18590280413627625,0,11,0.37767666578292847,0.4177396297454834,0.13890273869037628,0,12,0.40827304124832153,0.5027321577072144,0.21912088990211487,0,13,0.45608773827552795,0.45675012469291687,0.1038784310221672,0,14,0.4852491021156311,0.6204901933670044,0.038095489144325256,0,15,0.40108340978622437,0.5719754099845886,0.17288382351398468,0,16,0.38430097699165344,0.6597398519515991,-0.1515696495771408,0,17,0.39222148060798645,0.6024535894393921,0.16613341867923737,0,18,0.35807836055755615,0.6719412207603455,-0.175560861825943,0,19,0.3807724714279175,0.5837147831916809,0.17425402998924255,0,20,0.3570590615272522,0.6501736640930176,-0.1397499442100525,0,21,0.3897441625595093,0.5735232830047607,0.1773102879524231,0,22,0.36213696002960205,0.6347028613090515,-0.14287962019443512,0,23,0.5837329030036926,0.13815250992774963,-0.03629860654473305,0,24,0.5856963992118835,0.16468976438045502,0.03582032397389412,0,25,0.7308885455131531,0.17012855410575867,-0.09816837310791016,0,26,0.6518667936325073,0.23100312054157257,0.10304038971662521,0,27,0.7685300707817078,0.21929706633090973,0.053956612944602966,0,28,0.7310600280761719,0.1886746883392334,0.1255829781293869,0,29,0.773574709892273,0.21167778968811035,0.06845642626285553,0,30,0.7428703308105469,0.17571619153022766,0.13080203533172607,0,31,0.7885557413101196,0.27429476380348206,0.06790456175804138,0,32,0.7654097676277161,0.19875742495059967,0.13981126248836517,0
0,0.3566983938217163,0.5878438949584961,0.17873992025852203,0,1,0.35616567730903625,0.602970540523529,0.20009855926036835,0,2,0.3553701341152191,0.5983284711837769,0.20005279779434204,0,3,0.3548244833946228,0.5936569571495056,0.20001298189163208,0,4,0.3596278429031372,0.6108744144439697,0.18436098098754883,0,5,0.3617783486843109,0.6129133701324463,0.18432720005512238,0,6,0.36389949917793274,0.614839494228363,0.18418829143047333,0,7,0.36736300587654114,0.5786272883415222,0.2759408950805664,0,8,0.38842305541038513,0.598217785358429,0.21311824023723602,0,9,0.35476380586624146,0.55394446849823,0.20561133325099945,0,10,0.36201420426368713,0.561301052570343,0.1875280737876892,0,11,0.38684558868408203,0.39887523651123047,0.2337355762720108,0,12,0.4087541997432709,0.514339804649353,0.14844374358654022,0,13,0.48465222120285034,0.32338947057724,0.1906774640083313,0,14,0.49195101857185364,0.6291223168373108,-0.011834452860057354,0,15,0.5504598617553711,0.3313291370868683,0.1722593456506729,0,16,0.45380768179893494,0.6910939812660217,-0.17501360177993774,0,17,0.5669246315956116,0.3359776437282562,0.16793392598628998,0,18,0.4439139664173126,0.7153798937797546,-0.19684909284114838,0,19,0.5666167736053467,0.33264821767807007,0.16670580208301544,0,20,0.4439098536968231,0.6995835304260254,-0.16704757511615753,0,21,0.5615169405937195,0.3350774049758911,0.1699875146150589,0,22,0.44591444730758667,0.6845520734786987,-0.1668606400489807,0,23,0.5812981128692627,0.13113701343536377,0.018609439954161644,0,24,0.5850484371185303,0.16525119543075562,-0.01875261217355728,0,25,0.6738992929458618,0.28951364755630493,-0.01926661655306816,0,26,0.6520903706550598,0.47201550006866455,0.015615706332027912,0,27,0.6990383863449097,0.5737582445144653,0.08311140537261963,0,28,0.7187641859054565,0.6987882256507874,0.010302708484232426,0,29,0.7012363076210022,0.6030908823013306,0.09455715119838715,0,30,0.7298879623413086,0.7148985862731934,0.015547211281955242,0,31,0.7193959355354309,0.6924138069152832,0.06781351566314697,0,32,0.7397586703300476,0.8031821846961975,-0.018494734540581703,0
0,0.35682183504104614,0.5881314873695374,0.2224082201719284,0,1,0.3560329079627991,0.6027703285217285,0.24681760370731354,0,2,0.3550572991371155,0.5978506207466125,0.24680927395820618,0,3,0.35424724221229553,0.5929080247879028,0.24674588441848755,0,4,0.3599538207054138,0.6117717623710632,0.23862305283546448,0,5,0.36255940794944763,0.6141442656517029,0.23854419589042664,0,6,0.36528193950653076,0.6164011359214783,0.23830601572990417,0,7,0.3645762503147125,0.5762200355529785,0.32713544368743896,0,8,0.3923967480659485,0.5992675423622131,0.29386183619499207,0,9,0.3496397137641907,0.5535656213760376,0.250669002532959,0,10,0.36328423023223877,0.5615125894546509,0.23972146213054657,0,11,0.3861441910266876,0.3915199339389801,0.2622813880443573,0,12,0.42731550335884094,0.5157241821289062,0.23371925950050354,0,13,0.46784189343452454,0.36471202969551086,0.2320624738931656,0,14,0.5178410410881042,0.6503257751464844,0.09763940423727036,0,15,0.4953240752220154,0.4358222186565399,0.26716285943984985,0,16,0.4859766960144043,0.7172479033470154,-0.07189228385686874,0,17,0.5051157474517822,0.45516887307167053,0.27923426032066345,0,18,0.4815114140510559,0.7365442514419556,-0.09232863038778305,0,19,0.5035138726234436,0.44428616762161255,0.2682822048664093,0,20,0.47446733713150024,0.7213196754455566,-0.06485262513160706,0,21,0.5014002323150635,0.43938571214675903,0.2650574743747711,0,22,0.4743748605251312,0.7074674367904663,-0.06391025334596634,0,23,0.5763193368911743,0.09751066565513611,0.001920246984809637,0,24,0.5946219563484192,0.16524671018123627,-0.002220975002273917,0,25,0.6028719544410706,0.2589789927005768,-0.04492116719484329,0,26,0.6186313629150391,0.5178642868995667,0.04441945627331734,0,27,0.6296789050102234,0.4025917053222656,0.025734104216098785,0,28,0.6778225302696228,0.6480672955513,0.0190296433866024,0,29,0.6326501965522766,0.40640512108802795,0.03306751698255539,0,30,0.6868206858634949,0.6483989953994751,0.02084517478942871,0,31,0.6625533699989319,0.479045569896698,0.0009186656097881496,0,32,0.7106345295906067,0.7478465437889099,0.0023847445845603943,0
0,0.36319705843925476,0.5893362760543823,0.20673109591007233,0,1,0.3600878417491913,0.6042529940605164,0.22285202145576477,0,2,0.35932499170303345,0.5995787978172302,0.22283922135829926,0,3,0.3586703836917877,0.5948783159255981,0.22271308302879333,0,4,0.3628541827201843,0.612051784992218,0.21978484094142914,0,5,0.3648405373096466,0.6140251755714417,0.21972942352294922,0,6,0.366951584815979,0.6160202026367188,0.2194550782442093,0,7,0.3714662492275238,0.5830065608024597,0.316531240940094,0,8,0.391367107629776,0.5982590913772583,0.2695762813091278,0,9,0.35186493396759033,0.5537105798721313,0.22987428307533264,0,10,0.36976927518844604,0.5617345571517944,0.22565054893493652,0,11,0.3884980082511902,0.39196717739105225,0.21145564317703247,0,12,0.4246463477611542,0.4999321401119232,0.227993905544281,0,13,0.4840679168701172,0.3739946186542511,0.18924811482429504,0,14,0.5289520025253296,0.6198215484619141,0.07626840472221375,0,15,0.5080427527427673,0.45424512028694153,0.2403043955564499,0,16,0.5104190707206726,0.706836998462677,-0.16296403110027313,0,17,0.5174456834793091,0.4750475287437439,0.25042182207107544,0,18,0.507023274898529,0.7258976101875305,-0.18660026788711548,0,19,0.5121381878852844,0.46521613001823425,0.2449980229139328,0,20,0.501380980014801,0.7109569907188416,-0.17252486944198608,0,21,0.510782778263092,0.4594804048538208,0.24136775732040405,0,22,0.500403642654419,0.6950377225875854,-0.16256028413772583,0,23,0.5781466364860535,0.09896218776702881,-0.0190335251390934,0,24,0.5948523879051208,0.1417996883392334,0.018520889803767204,0,25,0.6443496942520142,0.23693853616714478,-0.0727832168340683,0,26,0.6228048801422119,0.4173840284347534,0.0692041888833046,0,27,0.6826866269111633,0.39674052596092224,-0.023480141535401344,0,28,0.6911811232566833,0.5616393089294434,0.050802167505025864,0,29,0.6864919662475586,0.36070194840431213,-0.019113775342702866,0,30,0.7002473473548889,0.519805371761322,0.053381796926259995,0,31,0.7033418416976929,0.4227714240550995,-0.03211372345685959,0,32,0.724541425704956,0.6370015144348145,0.044235654175281525,0
0,0.37490376830101013,0.5901565551757812,0.14900068938732147,0,1,0.36850789189338684,0.6092875003814697,0.13858367502689362,0,2,0.3682040572166443,0.6065633893013,0.13869017362594604,0,3,0.3680086135864258,0.6038933992385864,0.1386176496744156,0,4,0.3689996004104614,0.6124019622802734,0.13906529545783997,0,5,0.3696429133415222,0.6135739088058472,0.13915258646011353,0,6,0.3703785538673401,0.615444004535675,0.1391173154115677,0,7,0.3806091248989105,0.593320369720459,0.13440768420696259,0,8,0.3889089822769165,0.5980851650238037,0.13391518592834473,0,9,0.3762357831001282,0.5554063320159912,0.15501020848751068,0,10,0.37993499636650085,0.5614874958992004,0.1551438271999359,0,11,0.39854952692985535,0.4330417513847351,0.07910666614770889,0,12,0.40364784002304077,0.4649241268634796,0.1743011325597763,0,13,0.4561353623867035,0.4662551283836365,0.06974934041500092,0,14,0.44466641545295715,0.5946109890937805,0.07058952003717422,0,15,0.4161965250968933,0.5398869514465332,0.20070020854473114,0,16,0.4237775504589081,0.6855012774467468,-0.1311694085597992,0,17,0.40981197357177734,0.564379096031189,0.22813738882541656,0,18,0.43412405252456665,0.6992527842521667,-0.14977553486824036,0,19,0.40615373849868774,0.5454529523849487,0.23291701078414917,0,20,0.4352670907974243,0.6886956691741943,-0.13111476600170135,0,21,0.41006937623023987,0.5348784327507019,0.20791515707969666,0,22,0.4347047209739685,0.6877101063728333,-0.12808962166309357,0,23,0.5928458571434021,0.11902950704097748,-0.06879402697086334,0,24,0.5953750014305115,0.11861548572778702,0.06884296238422394,0,25,0.6553308963775635,0.44087842106819153,-0.044028140604496,0,26,0.6279535293579102,0.46480071544647217,0.08898910135030746,0,27,0.6945464611053467,0.73985356092453,0.0016368068754673004,0,28,0.6974955797195435,0.7057986855506897,0.09113361686468124,0,29,0.7124149799346924,0.754005491733551,0.011382884345948696,0,30,0.7053841948509216,0.7093251347541809,0.089825838804245,0,31,0.7159163355827332,0.9146531820297241,-0.028031516820192337,0,32,0.7129793167114258,0.8559487462043762,0.06003556400537491,0
END PUSHUP
0,0.40132951736450195,0.556512176990509,0.12432359158992767,0,1,0.3962804675102234,0.58086097240448,0.11484328657388687,0,2,0.3974907696247101,0.5920749306678772,0.11493288725614548,0,3,0.40386343002319336,0.5996071100234985,0.11504422873258591,0,4,0.3915931284427643,0.5725440979003906,0.1036239042878151,0,5,0.3906558156013489,0.569774866104126,0.10372361540794373,0,6,0.3894492983818054,0.5670682787895203,0.10369066894054413,0,7,0.411228209733963,0.5836461782455444,0.11126748472452164,0,8,0.39305999875068665,0.5500660538673401,0.060826998203992844,0,9,0.4188646674156189,0.5555601119995117,0.1310935765504837,0,10,0.40885305404663086,0.5476851463317871,0.115882508456707,0,11,0.4521901309490204,0.5368059873580933,0.06758637726306915,0,12,0.3922256529331207,0.47200459241867065,0.07371047884225845,0,13,0.44885432720184326,0.6690777540206909,0.10566527396440506,0,14,0.37956610321998596,0.6015080809593201,0.028410855680704117,0,15,0.4382609724998474,0.6694284081459045,0.12319411337375641,0,16,0.4350373446941376,0.6271852850914001,0.03229648619890213,0,17,0.43044617772102356,0.6637334823608398,0.10736814141273499,0,18,0.4460517168045044,0.6282361745834351,0.04598120227456093,0,19,0.4406035840511322,0.6603159308433533,0.11364980041980743,0,20,0.44810616970062256,0.6403836011886597,0.03445708379149437,0,21,0.4406263530254364,0.6591179966926575,0.12380937486886978,0,22,0.45096355676651,0.619857907295227,0.03219097480177879,0,23,0.5886023640632629,0.16958516836166382,-0.03414805233478546,0,24,0.5544139742851257,0.09610298275947571,0.03370103985071182,0,25,0.604736328125,0.267952561378479,0.0978798195719719,0,26,0.5427313446998596,0.22594448924064636,0.12928441166877747,0,27,0.6123897433280945,0.4376300573348999,0.24054743349552155,0,28,0.6191065907478333,0.3449382185935974,0.23117978870868683,0,29,0.6227964162826538,0.45064783096313477,0.25225913524627686,0,30,0.6411663889884949,0.3442477881908417,0.24147385358810425,0,31,0.5897427201271057,0.5390621423721313,0.2376820296049118,0,32,0.6162558794021606,0.4477325975894928,0.21996840834617615,0
0,0.44480645656585693,0.5912017822265625,-0.009909429587423801,0,1,0.4253731966018677,0.6092196106910706,-0.03623685985803604,0,2,0.4219885766506195,0.6069685220718384,-0.036072175949811935,0,3,0.4187205135822296,0.6046889424324036,-0.035989534109830856,0,4,0.42840641736984253,0.608879566192627,0.004075647797435522,0,5,0.42737483978271484,0.6060317754745483,0.004333320073783398,0,6,0.43707501888275146,0.5937241315841675,0.004534761421382427,0,7,0.40460169315338135,0.566550076007843,-0.10903586447238922,0,8,0.41315680742263794,0.5625283718109131,0.07599370926618576,0,9,0.4434950053691864,0.5521040558815002,-0.02949700504541397,0,10,0.4481472969055176,0.5521641969680786,0.023585569113492966,0,11,0.42237773537635803,0.4628920555114746,-0.1595432460308075,0,12,0.4289834797382355,0.3972128629684448,0.1677585393190384,0,13,0.4323571026325226,0.6059921979904175,-0.21367107331752777,0,14,0.4578048586845398,0.5173950791358948,0.2531350553035736,0,15,0.40108522772789,0.6958933472633362,-0.04531967267394066,0,16,0.41893476247787476,0.6179613471031189,0.1804540455341339,0,17,0.3892954885959625,0.7155735492706299,-0.05744551867246628,0,18,0.403860479593277,0.6257176995277405,0.17338071763515472,0,19,0.383611798286438,0.7036875486373901,-0.040638044476509094,0,20,0.4012298583984375,0.6388024091720581,0.14625997841358185,0,21,0.3877315819263458,0.6918533444404602,-0.03548740595579147,0,22,0.4090442657470703,0.6442352533340454,0.16583579778671265,0,23,0.6201621294021606,0.12553516030311584,-0.0996396392583847,0,24,0.607689619064331,0.085683174431324,0.09972322732210159,0,25,0.5262799263000488,0.4482839107513428,-0.014027122408151627,0,26,0.49654513597488403,0.36933261156082153,0.2224588394165039,0,27,0.4445520341396332,0.7403501272201538,0.14431588351726532,0,28,0.4241136908531189,0.6150633096694946,0.4055043160915375,0,29,0.4445444345474243,0.7870717644691467,0.15622034668922424,0,30,0.4227145314216614,0.6533291935920715,0.41808444261550903,0,31,0.3594856858253479,0.7785328030586243,0.06356503069400787,0,32,0.3556928336620331,0.645368218421936,0.35304778814315796,0
END PUSHUP
0,0.37125101685523987,0.6059485077857971,-0.03005208820104599,0,1,0.3523077964782715,0.6213167905807495,-0.029677188023924828,0,2,0.34659627079963684,0.6155818104743958,-0.029720712453126907,0,3,0.3409510850906372,0.6098343729972839,-0.02997666783630848,0,4,0.36417481303215027,0.6316731572151184,-0.009284732863307,0,5,0.36774441599845886,0.6344510316848755,-0.009272584691643715,0,6,0.3710598945617676,0.6377128958702087,-0.009441058151423931,0,7,0.33180397748947144,0.5721920728683472,-0.0004232620703987777,0,8,0.37178853154182434,0.6107655167579651,0.09784888476133347,0,9,0.3679537773132324,0.5532114505767822,-0.01670250855386257,0,10,0.3840990364551544,0.5764257907867432,0.010916929692029953,0,11,0.3292899429798126,0.40441423654556274,-0.039140235632658005,0,12,0.44414669275283813,0.5033615827560425,0.1430238038301468,0,13,0.3635386824607849,0.4400157928466797,-0.07928700745105743,0,14,0.48118793964385986,0.5407236218452454,0.10539494454860687,0,15,0.37407276034355164,0.585449755191803,0.08584635704755783,0,16,0.43121337890625,0.6582486033439636,-0.0345505066215992,0,17,0.3804319500923157,0.6228745579719543,0.09699749201536179,0,18,0.42218950390815735,0.6802681684494019,-0.048259187489748,0,19,0.3733969032764435,0.6224735379219055,0.11427686363458633,0,20,0.4129740297794342,0.6860548853874207,-0.045135870575904846,0,21,0.3760882019996643,0.6074694991111755,0.09817969799041748,0,22,0.4119054675102234,0.6702175140380859,-0.0382060632109642,0,23,0.5143113136291504,0.002009037183597684,-0.0772642269730568,0,24,0.5684821009635925,0.08848816156387329,0.07696719467639923,0,25,0.5505751371383667,0.09600820392370224,-0.052247922867536545,0,26,0.5396052002906799,0.2823885977268219,0.2666047513484955,0,27,0.527522623538971,0.1711992472410202,0.24992914497852325,0,28,0.5652305483818054,0.2631800174713135,0.33792349696159363,0,29,0.5356490612030029,0.17109358310699463,0.2811676859855652,0,30,0.5690749287605286,0.2390671968460083,0.34847965836524963,0,31,0.5278883576393127,0.20792441070079803,0.31565484404563904,0,32,0.5929347276687622,0.303494393825531,0.3586716651916504,0
0,0.3757619261741638,0.6141945123672485,0.025215961039066315,0,1,0.3572324514389038,0.6291822195053101,0.03380964323878288,0,2,0.35142165422439575,0.6222180128097534,0.03360481187701225,0,3,0.34568527340888977,0.6152310967445374,0.033230721950531006,0,4,0.3697592616081238,0.6432276368141174,0.046843357384204865,0,5,0.37386444211006165,0.6477252840995789,0.046764519065618515,0,6,0.3778594434261322,0.6524443030357361,0.04628876969218254,0,7,0.33890876173973083,0.5793697237968445,0.08687356114387512,0,8,0.37752029299736023,0.6322445273399353,0.1527513563632965,0,9,0.37303292751312256,0.5659113526344299,0.04694317653775215,0,10,0.39035311341285706,0.5897887349128723,0.0651792511343956,0,11,0.33656319975852966,0.40746280550956726,0.04897226020693779,0,12,0.4511803090572357,0.5411039590835571,0.15062648057937622,0,13,0.3712850511074066,0.4127863049507141,0.005248239729553461,0,14,0.4850386679172516,0.5407131910324097,0.11031883209943771,0,15,0.38825783133506775,0.6023139953613281,0.14576296508312225,0,16,0.42005136609077454,0.6296868324279785,0.06390891969203949,0,17,0.39439794421195984,0.6496043801307678,0.15890946984291077,0,18,0.40113338828086853,0.6462422013282776,0.05407987907528877,0,19,0.3865434229373932,0.6472610235214233,0.1938767433166504,0,20,0.3977600634098053,0.6537599563598633,0.024337327107787132,0,21,0.38842204213142395,0.6288686394691467,0.16441002488136292,0,22,0.39985600113868713,0.6361755728721619,0.055216770619153976,0,23,0.513833224773407,0.0053686718456447124,-0.0378170870244503,0,24,0.5734145045280457,0.09922252595424652,0.03749524801969528,0,25,0.547393262386322,0.022673705592751503,0.15786050260066986,0,26,0.6040938496589661,0.08347910642623901,0.26187682151794434,0,27,0.575877845287323,-0.045075174421072006,0.3853136897087097,0,28,0.6549737453460693,-0.045318279415369034,0.3915460705757141,0,29,0.580899178981781,-0.07388605177402496,0.40929725766181946,0,30,0.6631435751914978,-0.07987163215875626,0.40688827633857727,0,31,0.5997070074081421,-0.07509307563304901,0.4031730592250824,0,32,0.6994842886924744,-0.06614921987056732,0.3727380335330963,0
0,0.3127122223377228,0.6121699213981628,0.09196040034294128,0,1,0.30714279413223267,0.6289992928504944,0.11876162141561508,0,2,0.3052608072757721,0.6218292117118835,0.1185772642493248,0,3,0.30349209904670715,0.614903450012207,0.11830893158912659,0,4,0.31759515404701233,0.6414554715156555,0.1049714908003807,0,5,0.3229454457759857,0.6459816098213196,0.10484913736581802,0,6,0.3281809985637665,0.6506800055503845,0.10443084686994553,0,7,0.3113768994808197,0.5910636186599731,0.22121530771255493,0,8,0.3495701551437378,0.6383962631225586,0.16115990281105042,0,9,0.3312343955039978,0.5651337504386902,0.12706416845321655,0,10,0.3487606942653656,0.5859030485153198,0.10903196781873703,0,11,0.3269033432006836,0.4091656506061554,0.18814143538475037,0,12,0.43245357275009155,0.5481520295143127,0.13656526803970337,0,13,0.3464597463607788,0.4106748700141907,0.17079688608646393,0,14,0.46325477957725525,0.5596824884414673,0.0625673234462738,0,15,0.3589249849319458,0.5981659293174744,0.267234742641449,0,16,0.39900094270706177,0.6338834762573242,0.08678078651428223,0,17,0.36377832293510437,0.6479006409645081,0.2780493199825287,0,18,0.38181474804878235,0.6512500047683716,0.07681260257959366,0,19,0.35700690746307373,0.6449307203292847,0.30612626671791077,0,20,0.38588660955429077,0.6566916108131409,0.10510499030351639,0,21,0.3607366681098938,0.6272847056388855,0.2791084349155426,0,22,0.3890990912914276,0.6391876339912415,0.07093901187181473,0,23,0.49258172512054443,0.006546867545694113,0.0015846375608816743,0,24,0.549307107925415,0.12201139330863953,-0.0017652737442404032,0,25,0.5365312695503235,-0.024800589308142662,0.10147916525602341,0,26,0.5729597806930542,0.16485585272312164,0.09843282401561737,0,27,0.5736446380615234,-0.08040709793567657,0.18582972884178162,0,28,0.6174363493919373,0.06341869384050369,0.16701552271842957,0,29,0.5814048051834106,-0.09843109548091888,0.20097453892230988,0,30,0.630311131477356,0.03836281597614288,0.1788531392812729,0,31,0.5948666334152222,-0.10498645156621933,0.20847469568252563,0,32,0.6438916921615601,0.03880501538515091,0.16637584567070007,0
0,0.33108487725257874,0.6094166040420532,0.15571092069149017,0,1,0.3305206596851349,0.6281033158302307,0.18182840943336487,0,2,0.32806292176246643,0.6212403774261475,0.18178559839725494,0,3,0.32289278507232666,0.6157079339027405,0.18187399208545685,0,4,0.33959439396858215,0.6409000158309937,0.15620538592338562,0,5,0.3441428244113922,0.6454706788063049,0.15627926588058472,0,6,0.3487437963485718,0.6487804651260376,0.15623213350772858,0,7,0.31583988666534424,0.5992114543914795,0.2815791964530945,0,8,0.35742121934890747,0.6310821771621704,0.1644122451543808,0,9,0.3360300362110138,0.5656337141990662,0.1908831149339676,0,10,0.34834855794906616,0.5836970806121826,0.15643633902072906,0,11,0.3307809829711914,0.4295589029788971,0.26175984740257263,0,12,0.42376816272735596,0.5367521643638611,0.11720230430364609,0,13,0.33890587091445923,0.415490061044693,0.2601533532142639,0,14,0.4359744191169739,0.5596536993980408,0.011430020444095135,0,15,0.33962443470954895,0.6036999821662903,0.2563078701496124,0,16,0.3929303288459778,0.6515063047409058,-4.473859371501021e-05,0,17,0.3424667716026306,0.6585049033164978,0.2599877715110779,0,18,0.3770788908004761,0.6839784383773804,0.010005544871091843,0,19,0.3376060128211975,0.658157467842102,0.2862435281276703,0,20,0.3876359760761261,0.6895642280578613,0.015573316253721714,0,21,0.33935248851776123,0.6396816968917847,0.26563721895217896,0,22,0.39077290892601013,0.6651303768157959,0.0019301599822938442,0,23,0.5046374201774597,0.05691274628043175,0.04907817766070366,0,24,0.5283921957015991,0.13088759779930115,-0.04934708774089813,0,25,0.5498198866844177,0.08587219566106796,0.11634396761655807,0,26,0.5444899201393127,0.3097080588340759,0.06830747425556183,0,27,0.5286129713058472,0.0005348280537873507,0.16852621734142303,0,28,0.5322893261909485,0.3462776839733124,0.07865404337644577,0,29,0.5247067809104919,0.03220986947417259,0.1766207367181778,0,30,0.5586465001106262,0.3263649046421051,0.08746841549873352,0,31,0.4996688961982727,0.12361513823270798,0.20281864702701569,0,32,0.4772835075855255,0.37875497341156006,0.10360374301671982,0
0,0.3475470244884491,0.6002384424209595,0.1187707930803299,0,1,0.3381045162677765,0.6250898241996765,0.13587146997451782,0,2,0.33809158205986023,0.6208211183547974,0.13575997948646545,0,3,0.3330952823162079,0.6156513094902039,0.1356235146522522,0,4,0.34533318877220154,0.6357036828994751,0.12608124315738678,0,5,0.3465151786804199,0.6405401825904846,0.12602823972702026,0,6,0.3498939573764801,0.644866943359375,0.12563501298427582,0,7,0.32749229669570923,0.5971319079399109,0.20910078287124634,0,8,0.3747345507144928,0.6271597146987915,0.16692785918712616,0,9,0.3508070409297943,0.5605619549751282,0.14552563428878784,0,10,0.3633350133895874,0.5749783515930176,0.13297684490680695,0,11,0.3363901972770691,0.4345743656158447,0.1658903807401657,0,12,0.4263370931148529,0.5268376469612122,0.1345217078924179,0,13,0.35549262166023254,0.4099441170692444,0.1453867256641388,0,14,0.4555884301662445,0.557689905166626,0.07075996696949005,0,15,0.35645791888237,0.5852137207984924,0.23628300428390503,0,16,0.41241398453712463,0.6515650153160095,0.09497327357530594,0,17,0.3605600893497467,0.6285281777381897,0.24817556142807007,0,18,0.40222468972206116,0.6835558414459229,0.11738377064466476,0,19,0.3521791994571686,0.630717396736145,0.2774229943752289,0,20,0.4115734398365021,0.6890724301338196,0.11483441293239594,0,21,0.3488956689834595,0.6149884462356567,0.2501409351825714,0,22,0.41056686639785767,0.6652083992958069,0.0984978899359703,0,23,0.5035676956176758,0.05563560500741005,0.007636582478880882,0,24,0.5375828146934509,0.11273010075092316,-0.008035598322749138,0,25,0.5475713610649109,0.059781160205602646,0.07293862849473953,0,26,0.5635219216346741,0.13540005683898926,0.11659228801727295,0,27,0.5445193648338318,0.022410813719034195,0.10191737115383148,0,28,0.6271246671676636,-0.03314854949712753,0.06508054584264755,0,29,0.5427917242050171,0.007680343929678202,0.10717660933732986,0,30,0.6419192552566528,-0.06426837295293808,0.06226056069135666,0,31,0.5624475479125977,0.006733832415193319,0.1436275690793991,0,32,0.6698691248893738,-0.09455995261669159,0.06283573061227798,0
0,0.34063687920570374,0.6420271396636963,0.030845094472169876,0,1,0.34418198466300964,0.6581434011459351,0.053153060376644135,0,2,0.3424687087535858,0.6559716463088989,0.053241077810525894,0,3,0.3379751443862915,0.6551737189292908,0.05358695238828659,0,4,0.3508812189102173,0.6638089418411255,0.007710961624979973,0,5,0.35261809825897217,0.6656442284584045,0.0077452328987419605,0,6,0.35696640610694885,0.6604207754135132,0.007803892716765404,0,7,0.3309394121170044,0.6363314986228943,0.14298686385154724,0,8,0.3763006627559662,0.6333948373794556,-0.031699251383543015,0,9,0.34189680218696594,0.6125240325927734,0.07669220119714737,0,10,0.34790366888046265,0.6130633354187012,0.013455224223434925,0,11,0.35483092069625854,0.4877263307571411,0.12821395695209503,0,12,0.4063901901245117,0.5212339758872986,-0.0255149956792593,0,13,0.3482210040092468,0.5066738128662109,0.16005469858646393,0,14,0.41661056876182556,0.5755899548530579,-0.027269762009382248,0,15,0.34742340445518494,0.6896405220031738,0.19718366861343384,0,16,0.40978530049324036,0.6936232447624207,-0.002371995709836483,0,17,0.35552629828453064,0.7483417987823486,0.20480336248874664,0,18,0.4037061035633087,0.7203988432884216,-0.006595747545361519,0,19,0.3487214148044586,0.7554038166999817,0.2188703715801239,0,20,0.41178396344184875,0.7362449765205383,-0.012884663417935371,0,21,0.34540683031082153,0.7327593564987183,0.2031819075345993,0,22,0.41115570068359375,0.7219616174697876,-0.0033153758849948645,0,23,0.5046627521514893,0.0883067399263382,0.04426565393805504,0,24,0.5137759447097778,0.10869015753269196,-0.04414526745676994,0,25,0.5421871542930603,0.25723740458488464,0.1741172820329666,0,26,0.49534761905670166,0.3294748365879059,0.04734206199645996,0,27,0.4507635831832886,0.44682395458221436,0.28225579857826233,0,28,0.4624290466308594,0.5306155681610107,0.14281193912029266,0,29,0.43495839834213257,0.4473995566368103,0.2906198799610138,0,30,0.4647608995437622,0.5286809206008911,0.15243424475193024,0,31,0.43361300230026245,0.561184287071228,0.25333359837532043,0,32,0.4534395635128021,0.6577533483505249,0.11400054395198822,0
END PUSHUP
0,0.3328673243522644,0.6817288994789124,0.1296149045228958,0,1,0.3233216106891632,0.7051132917404175,0.15278081595897675,0,2,0.3185831904411316,0.7021390795707703,0.15264950692653656,0,3,0.3133028447628021,0.69918292760849,0.1525954306125641,0,4,0.3365292251110077,0.7130654454231262,0.14900417625904083,0,5,0.34144121408462524,0.7167410850524902,0.1488671749830246,0,6,0.3467843234539032,0.7192450761795044,0.14840751886367798,0,7,0.31016409397125244,0.682144045829773,0.2535235285758972,0,8,0.3594163954257965,0.7087115049362183,0.24366161227226257,0,9,0.33051690459251404,0.6455886363983154,0.16448548436164856,0,10,0.3460083305835724,0.6553933024406433,0.15868309140205383,0,11,0.3068520426750183,0.553193986415863,0.17519420385360718,0,12,0.4025871455669403,0.6121686697006226,0.2575909495353699,0,13,0.29904189705848694,0.4859928786754608,0.15004907548427582,0,14,0.43270397186279297,0.5758375525474548,0.09843707084655762,0,15,0.3171348571777344,0.6506807804107666,0.09705739468336105,0,16,0.4119395315647125,0.6875275373458862,-0.020683076232671738,0,17,0.3212393522262573,0.689450740814209,0.1123378798365593,0,18,0.40707531571388245,0.7143657207489014,-0.023560723289847374,0,19,0.31932157278060913,0.699812650680542,0.14594845473766327,0,20,0.410834401845932,0.7254105806350708,-0.014807912521064281,0,21,0.32482606172561646,0.681564450263977,0.11279025673866272,0,22,0.40742188692092896,0.7127764821052551,-0.019102536141872406,0,23,0.4467690587043762,0.14884698390960693,-0.03282438963651657,0,24,0.49549001455307007,0.21185292303562164,0.032299306243658066,0,25,0.4711053669452667,0.2504032552242279,-0.13281770050525665,0,26,0.49951601028442383,0.4719526171684265,0.006996339187026024,0,27,0.523121178150177,0.18964329361915588,-0.2825677990913391,0,28,0.5194971561431885,0.26082393527030945,-0.20224998891353607,0,29,0.5267127156257629,0.14461317658424377,-0.29385906457901,0,30,0.4872622787952423,0.1838051974773407,-0.22280649840831757,0,31,0.5965527892112732,0.17853525280952454,-0.2942894995212555,0,32,0.6196547150611877,0.18672610819339752,-0.24387648701667786,0
0,0.3328704237937927,0.6863751411437988,0.13988269865512848,0,1,0.31996768712997437,0.706879734992981,0.17202024161815643,0,2,0.31427982449531555,0.7037392854690552,0.17202986776828766,0,3,0.3085295557975769,0.7005382776260376,0.17187939584255219,0,4,0.33512115478515625,0.7153098583221436,0.16932663321495056,0,5,0.34068113565444946,0.7187327146530151,0.16937203705310822,0,6,0.3462788760662079,0.7218279838562012,0.16920165717601776,0,7,0.30386412143707275,0.6841918230056763,0.29788169264793396,0,8,0.35594579577445984,0.7132176756858826,0.28703972697257996,0,9,0.32864952087402344,0.6514505743980408,0.1818196028470993,0,10,0.34719765186309814,0.6631538271903992,0.177924245595932,0,11,0.2989177703857422,0.5817146301269531,0.23305147886276245,0,12,0.3980492949485779,0.6101046204566956,0.3015368580818176,0,13,0.24413557350635529,0.5184011459350586,0.10236954689025879,0,14,0.4340703785419464,0.5700089335441589,0.1459704488515854,0,15,0.24974660575389862,0.7188430428504944,0.1076689213514328,0,16,0.3828912377357483,0.6841756701469421,-0.005916384048759937,0,17,0.25282612442970276,0.7741029262542725,0.12172623723745346,0,18,0.3699286878108978,0.7100167274475098,-0.004910647869110107,0,19,0.25272709131240845,0.7791018486022949,0.15552766621112823,0,20,0.37087246775627136,0.7197579741477966,0.010974916629493237,0,21,0.2574717402458191,0.7517388463020325,0.12327947467565536,0,22,0.36990049481391907,0.7073578834533691,5.143091038917191e-05,0,23,0.43469053506851196,0.19436441361904144,-0.04986022785305977,0,24,0.47104135155677795,0.23188073933124542,0.04923085868358612,0,25,0.46521666646003723,0.37631741166114807,-0.16373546421527863,0,26,0.48323047161102295,0.5115417242050171,0.05894707888364792,0,27,0.4978807866573334,0.38351893424987793,-0.20761388540267944,0,28,0.514573335647583,0.38826224207878113,-0.049527883529663086,0,29,0.497501939535141,0.3474053144454956,-0.20584149658679962,0,30,0.5066823363304138,0.3302249312400818,-0.06548438966274261,0,31,0.5798850655555725,0.4466133117675781,-0.1555727869272232,0,32,0.5899162292480469,0.39994603395462036,-0.049417976289987564,0
0,0.3225681483745575,0.7049160599708557,0.10139480233192444,0,1,0.3148731589317322,0.7283786535263062,0.151103213429451,0,2,0.3109227418899536,0.724472165107727,0.15143607556819916,0,3,0.3069753348827362,0.7204423546791077,0.1521129310131073,0,4,0.3269824981689453,0.7406343817710876,0.11046826839447021,0,5,0.33258017897605896,0.7462197542190552,0.11030112951993942,0,6,0.33811327815055847,0.7518329620361328,0.10980334132909775,0,7,0.3123732805252075,0.7082734704017639,0.21554230153560638,0,8,0.3560709059238434,0.7487706542015076,0.14412949979305267,0,9,0.32470592856407166,0.6704363822937012,0.15947090089321136,0,10,0.341366171836853,0.687114417552948,0.10819242894649506,0,11,0.3144322335720062,0.569478452205658,0.19578787684440613,0,12,0.4009776711463928,0.6537448167800903,0.13399383425712585,0,13,0.26032301783561707,0.5156536102294922,0.13628719747066498,0,14,0.4436585307121277,0.5793079137802124,0.009015941061079502,0,15,0.2452930510044098,0.7139326333999634,0.17184357345104218,0,16,0.3854205012321472,0.6841854453086853,-0.06401851773262024,0,17,0.24289242923259735,0.7758837342262268,0.18547549843788147,0,18,0.37779489159584045,0.7082357406616211,-0.05168139189481735,0,19,0.24319308996200562,0.7896698713302612,0.23167774081230164,0,20,0.3794749975204468,0.718306303024292,-0.03819398581981659,0,21,0.25011447072029114,0.7638483047485352,0.19225189089775085,0,22,0.3778561055660248,0.7029967904090881,-0.05614859610795975,0,23,0.4485568106174469,0.16559883952140808,-0.0031777650583535433,0,24,0.4874095022678375,0.24015448987483978,0.0027071968652307987,0,25,0.4824460744857788,0.030323829501867294,-0.07662803679704666,0,26,0.5060639977455139,0.29290857911109924,-0.03973916545510292,0,27,0.5137403607368469,0.11682093143463135,0.07771642506122589,0,28,0.5518367886543274,0.16130690276622772,0.0433574803173542,0,29,0.5127422213554382,0.12991856038570404,0.10464392602443695,0,30,0.5515668988227844,0.1501159369945526,0.04645267501473427,0,31,0.5610880255699158,0.12166056036949158,0.16405591368675232,0,32,0.5965758562088013,0.09295881539583206,-0.029943443834781647,0
0,0.3243170380592346,0.6864033341407776,0.12740927934646606,0,1,0.31971389055252075,0.7079563140869141,0.15427786111831665,0,2,0.31454119086265564,0.704481303691864,0.15427817404270172,0,3,0.30958402156829834,0.7009381055831909,0.15416930615901947,0,4,0.3325163722038269,0.7182099223136902,0.14525514841079712,0,5,0.3377688229084015,0.7224422693252563,0.14512434601783752,0,6,0.3433983623981476,0.7261034250259399,0.1446654200553894,0,7,0.3141663670539856,0.6841050982475281,0.23513077199459076,0,8,0.35923439264297485,0.7161828875541687,0.20789481699466705,0,9,0.32812830805778503,0.651158332824707,0.15951970219612122,0,10,0.3438311815261841,0.6648440361022949,0.14627088606357574,0,11,0.316669762134552,0.5455447435379028,0.18206161260604858,0,12,0.43011265993118286,0.6206169128417969,0.19702070951461792,0,13,0.24659089744091034,0.5252437591552734,0.05753814056515694,0,14,0.48338979482650757,0.5734972953796387,0.050544314086437225,0,15,0.22268764674663544,0.7711108326911926,0.022622978314757347,0,16,0.4492068588733673,0.6841926574707031,-0.08848529309034348,0,17,0.21889522671699524,0.8370791673660278,0.018516473472118378,0,18,0.44595566391944885,0.708149254322052,-0.0954597145318985,0,19,0.2202301323413849,0.8528743982315063,0.059562020003795624,0,20,0.4399929940700531,0.7176048159599304,-0.0831136703491211,0,21,0.22842195630073547,0.825299084186554,0.03749494254589081,0,22,0.4356653094291687,0.700522780418396,-0.08625034242868423,0,23,0.44726377725601196,0.1453729122877121,-0.02959713339805603,0,24,0.49885597825050354,0.20841842889785767,0.029232347384095192,0,25,0.5048644542694092,0.05544750392436981,-0.1808784157037735,0,26,0.5898609161376953,0.27346181869506836,-0.024056626483798027,0,27,0.554848313331604,0.06737904250621796,0.0499773845076561,0,28,0.6224392056465149,0.042907968163490295,0.024372918531298637,0,29,0.5486966967582703,0.06564735621213913,0.08345425873994827,0,30,0.61268150806427,0.0008743559010326862,0.031249968335032463,0,31,0.6095746159553528,0.04351469874382019,0.13950778543949127,0,32,0.6863577961921692,-0.035074055194854736,0.010456591844558716,0
0,0.3209175765514374,0.6763367652893066,-0.037274815142154694,0,1,0.3109646737575531,0.7001358866691589,-0.035226523876190186,0,2,0.3162265121936798,0.6951847672462463,-0.03533002361655235,0,3,0.3140643835067749,0.6918763518333435,-0.03557591885328293,0,4,0.3226529359817505,0.7092446684837341,-0.06926819682121277,0,5,0.32617661356925964,0.7122480869293213,-0.06926259398460388,0,6,0.3296746015548706,0.7147490978240967,-0.06945930421352386,0,7,0.31999990344047546,0.6865041851997375,0.020892715081572533,0,8,0.35021618008613586,0.7103347778320312,-0.13385386765003204,0,9,0.3302070200443268,0.6421489715576172,-0.007145535666495562,0,10,0.33847376704216003,0.6554353833198547,-0.05281654745340347,0,11,0.366085022687912,0.5877112150192261,0.07823225110769272,0,12,0.3880111873149872,0.625647783279419,-0.12930402159690857,0,13,0.2734778821468353,0.5756136178970337,0.12218839675188065,0,14,0.28750601410865784,0.6128330230712891,-0.1306876689195633,0,15,0.25351691246032715,0.7793155908584595,0.1564643830060959,0,16,0.30548790097236633,0.7586941719055176,-0.05917167663574219,0,17,0.2528056204319,0.8460947275161743,0.15687227249145508,0,18,0.3062379062175751,0.8042455315589905,-0.05120053514838219,0,19,0.2537066638469696,0.8506625890731812,0.1871679574251175,0,20,0.3249821662902832,0.8003054857254028,-0.053852297365665436,0,21,0.25802698731422424,0.8217178583145142,0.16730616986751556,0,22,0.32361096143722534,0.7756644487380981,-0.06066868081688881,0,23,0.45209863781929016,0.14389386773109436,0.04554257169365883,0,24,0.48995277285575867,0.18173320591449738,-0.045956842601299286,0,25,0.510120153427124,-0.047782011330127716,0.084229476749897,0,26,0.5516242384910583,-0.09605173766613007,0.018235890194773674,0,27,0.5494406819343567,-0.05869314819574356,0.29523399472236633,0,28,0.6153505444526672,-0.21506202220916748,0.0982009544968605,0,29,0.5501792430877686,-0.04955526068806648,0.3198383152484894,0,30,0.6341500878334045,-0.21553325653076172,0.11573166400194168,0,31,0.5794860124588013,-0.08366509526968002,0.36338570713996887,0,32,0.6412115693092346,-0.28111276030540466,0.08255141228437424,0
0,0.3708803057670593,0.6814815402030945,0.1531004011631012,0,1,0.3530667722225189,0.7044307589530945,0.15722934901714325,0,2,0.3473726212978363,0.7041602730751038,0.15722312033176422,0,3,0.34174010157585144,0.7036985754966736,0.15696613490581512,0,4,0.36453166604042053,0.704369306564331,0.17401422560214996,0,5,0.3677414059638977,0.7049071788787842,0.17396719753742218,0,6,0.370868980884552,0.7054224610328674,0.17361238598823547,0,7,0.3245939612388611,0.6940442323684692,0.19590426981449127,0,8,0.36461344361305237,0.6983428597450256,0.2742905020713806,0,9,0.36288419365882874,0.6571630835533142,0.16716670989990234,0,10,0.3778023421764374,0.6596067547798157,0.1895497739315033,0,11,0.29178932309150696,0.6282040476799011,0.1292882114648819,0,12,0.3952074646949768,0.6026358604431152,0.3190571069717407,0,13,0.2390112429857254,0.6452817320823669,-0.008514685556292534,0,14,0.4667143225669861,0.5418304204940796,0.21099308133125305,0,15,0.2553417682647705,0.8303602337837219,-0.009989848360419273,0,16,0.46818265318870544,0.6796019077301025,0.02043767459690571,0,17,0.2587449550628662,0.8819793462753296,-0.01880856230854988,0,18,0.47004422545433044,0.7106943130493164,0.0002591474330984056,0,19,0.2614806592464447,0.8816704750061035,0.015089297667145729,0,20,0.4659372866153717,0.7178139090538025,0.008963164873421192,0,21,0.26655590534210205,0.8551496863365173,0.001887282356619835,0,22,0.45930707454681396,0.6978058815002441,0.014950371347367764,0,23,0.3871544897556305,0.2146516740322113,-0.0700053721666336,0,24,0.4441383183002472,0.2239532172679901,0.0695859044790268,0,25,0.46709883213043213,0.2589036524295807,-0.1848379224538803,0,26,0.5420501232147217,0.2643844187259674,0.014201038517057896,0,27,0.5259993672370911,0.16159522533416748,-0.0661633312702179,0,28,0.5936669111251831,0.026099078357219696,-0.039552103728055954,0,29,0.5249525904655457,0.13120785355567932,-0.051597706973552704,0,30,0.5863258242607117,-0.02748493105173111,-0.04534779116511345,0,31,0.5786564946174622,0.14110906422138214,-0.05505799129605293,0,32,0.6650803089141846,-0.02728017419576645,-0.09105464816093445,0
0,0.3848152160644531,0.592773973941803,0.18347451090812683,0,1,0.37262019515037537,0.6156600117683411,0.18992488086223602,0,2,0.3680783808231354,0.6170748472213745,0.18998922407627106,0,3,0.3635765314102173,0.6181716322898865,0.18976996839046478,0,4,0.38283684849739075,0.6129550933837891,0.20272092521190643,0,5,0.38563117384910583,0.6126704216003418,0.20270773768424988,0,6,0.38828903436660767,0.6123277544975281,0.2024732083082199,0,7,0.3484732210636139,0.6145407557487488,0.2212611883878708,0,8,0.3831169009208679,0.609256386756897,0.285955548286438,0,9,0.37640249729156494,0.5743440985679626,0.19199319183826447,0,10,0.3890775144100189,0.5724882483482361,0.21015134453773499,0,11,0.3119092285633087,0.5735172033309937,0.13486219942569733,0,12,0.3953929841518402,0.5219243168830872,0.306323379278183,0,13,0.24560202658176422,0.6630731821060181,-0.008179052732884884,0,14,0.43479713797569275,0.5177570581436157,0.14223098754882812,0,15,0.26417627930641174,0.8289581537246704,-0.018696514889597893,0,16,0.43535587191581726,0.6841269731521606,-0.09151154011487961,0,17,0.2738657295703888,0.8698619604110718,-0.028913063928484917,0,18,0.43572038412094116,0.7260252237319946,-0.12205472588539124,0,19,0.27972733974456787,0.8679332137107849,-0.004361824598163366,0,20,0.4345245659351349,0.7278864979743958,-0.11007975786924362,0,21,0.27981486916542053,0.8445309996604919,-0.01132094208151102,0,22,0.42858877778053284,0.7059482336044312,-0.0963599756360054,0,23,0.39180269837379456,0.15896782279014587,-0.07276347279548645,0,24,0.43692973256111145,0.1567109078168869,0.07200618833303452,0,25,0.4517259895801544,0.425015926361084,-0.09872371703386307,0,26,0.501306414604187,0.3714160621166229,0.10627081990242004,0,27,0.4901701509952545,0.3536837100982666,-0.1045675054192543,0,28,0.5726572275161743,0.16468043625354767,-0.14936226606369019,0,29,0.4847116768360138,0.30860623717308044,-0.09871475398540497,0,30,0.5679423213005066,0.10691799223423004,-0.17670755088329315,0,31,0.5324278473854065,0.3968633711338043,-0.05458729714155197,0,32,0.6317380666732788,0.14302419126033783,-0.19312185049057007,0
0,0.3943827450275421,0.5973007678985596,0.1994856297969818,0,1,0.3810875117778778,0.6190322041511536,0.21341881155967712,0,2,0.37602540850639343,0.6203358173370361,0.21357287466526031,0,3,0.37102174758911133,0.6213169693946838,0.21338878571987152,0,4,0.3935900926589966,0.6155295372009277,0.22509022057056427,0,5,0.39708444476127625,0.6145480275154114,0.22510410845279694,0,6,0.40044376254081726,0.6134814620018005,0.2249457687139511,0,7,0.35459572076797485,0.6148796677589417,0.2759108543395996,0,8,0.39613544940948486,0.6070777177810669,0.3336520493030548,0,9,0.3844558000564575,0.5773462653160095,0.22021670639514923,0,10,0.3991054892539978,0.574927031993866,0.23602744936943054,0,11,0.31572583317756653,0.568437933921814,0.21886292099952698,0,12,0.40952685475349426,0.510727047920227,0.3560291826725006,0,13,0.2151363343000412,0.6524558067321777,0.07496833801269531,0,14,0.4508040249347687,0.5045710206031799,0.19516581296920776,0,15,0.21433670818805695,0.8240799903869629,0.033481840044260025,0,16,0.4804673492908478,0.6653063297271729,-0.054813724011182785,0,17,0.21277420222759247,0.8630240559577942,0.023615244776010513,0,18,0.48673027753829956,0.7055037617683411,-0.08227934688329697,0,19,0.22507883608341217,0.8635847568511963,0.038781438022851944,0,20,0.48475661873817444,0.7080920934677124,-0.08014057576656342,0,21,0.2287036031484604,0.8420137763023376,0.03617081418633461,0,22,0.4768877327442169,0.6886267066001892,-0.06305830180644989,0,23,0.3916330337524414,0.1784806251525879,-0.07376524806022644,0,24,0.4325149953365326,0.1656714528799057,0.07292523980140686,0,25,0.414851576089859,0.6411511301994324,-0.02831137180328369,0,26,0.4859827160835266,0.349045991897583,0.07754921913146973,0,27,0.48870912194252014,0.7159573435783386,-0.037709496915340424,0,28,0.5749419927597046,0.16965501010417938,-0.10543104261159897,0,29,0.49540644884109497,0.6740580797195435,-0.0388372428715229,0,30,0.5800355076789856,0.1174202561378479,-0.12254641950130463,0,31,0.5052670240402222,0.8575237393379211,-0.032595764845609665,0,32,0.6283091306686401,0.16704131662845612,-0.1686486452817917,0
0,0.4018715023994446,0.5662761330604553,0.3032878041267395,0,1,0.3932819068431854,0.5950822830200195,0.2899593412876129,0,2,0.3904169201850891,0.5991837978363037,0.2901230752468109,0,3,0.38775715231895447,0.6030471324920654,0.29011332988739014,0,4,0.3987681567668915,0.5863171219825745,0.30712953209877014,0,5,0.3995051085948944,0.5841177105903625,0.30721938610076904,0,6,0.4002784192562103,0.5817368030548096,0.30709120631217957,0,7,0.3697923421859741,0.6036428809165955,0.2526131570339203,0,8,0.39079952239990234,0.5783774852752686,0.32781046628952026,0,9,0.391352117061615,0.5531282424926758,0.28688547015190125,0,10,0.39934679865837097,0.5439274907112122,0.3101857304573059,0,11,0.357553094625473,0.5767249464988708,0.13265931606292725,0,12,0.35409465432167053,0.46343961358070374,0.35451042652130127,0,13,0.4286822974681854,0.6570310592651367,0.06257946789264679,0,14,0.40723922848701477,0.4460483491420746,0.32856273651123047,0,15,0.4770697057247162,0.7534306049346924,0.07591467350721359,0,16,0.48930180072784424,0.5519145131111145,0.21127626299858093,0,17,0.4846365749835968,0.7738150358200073,0.056537967175245285,0,18,0.5040985345840454,0.5782191157341003,0.20351913571357727,0,19,0.48420074582099915,0.7721060514450073,0.0716552659869194,0,20,0.5099373459815979,0.5889700055122375,0.16049824655056,0,21,0.4809967577457428,0.7588461637496948,0.08107128739356995,0,22,0.5034683346748352,0.580888569355011,0.19158664345741272,0,23,0.3986801207065582,0.21363753080368042,-0.0772566869854927,0,24,0.40289777517318726,0.13768209517002106,0.0764564499258995,0,25,0.42886635661125183,0.6755034327507019,-0.004314566496759653,0,26,0.4638456702232361,0.331932932138443,0.1131821945309639,0,27,0.550119161605835,0.8927736282348633,-0.06271042674779892,0,28,0.517079770565033,0.2668672204017639,0.0643535926938057,0,29,0.5762767791748047,0.8797375559806824,-0.0780835822224617,0,30,0.5251606702804565,0.25050896406173706,0.05794692039489746,0,31,0.5408819317817688,1.0613596439361572,-0.09885726869106293,0,32,0.5155366063117981,0.26876041293144226,0.04089339077472687,0
0,0.4014538824558258,0.5598934888839722,0.26960209012031555,0,1,0.3917519450187683,0.5884542465209961,0.2580138146877289,0,2,0.38832539319992065,0.5924323201179504,0.25816023349761963,0,3,0.3850369453430176,0.5962172746658325,0.2581128180027008,0,4,0.3983146548271179,0.5792986750602722,0.2732105255126953,0,5,0.3992612659931183,0.5768059492111206,0.27333739399909973,0,6,0.4000961184501648,0.5741552710533142,0.2731723189353943,0,7,0.36630189418792725,0.5965647101402283,0.24633117020130157,0,8,0.3889916241168976,0.5704323053359985,0.32268089056015015,0,9,0.392753928899765,0.5475584268569946,0.2632213234901428,0,10,0.3987722098827362,0.536104142665863,0.284396767616272,0,11,0.3544002175331116,0.5733275413513184,0.11791570484638214,0,12,0.3539539575576782,0.4590291380882263,0.32630911469459534,0,13,0.4270919859409332,0.6586166024208069,0.05759056285023689,0,14,0.40836745500564575,0.44358447194099426,0.29084551334381104,0,15,0.4290517568588257,0.7498760223388672,0.061406537890434265,0,16,0.4857446849346161,0.5684670805931091,0.14158421754837036,0,17,0.4268995523452759,0.7703380584716797,0.04628731310367584,0,18,0.4975394308567047,0.5965165495872498,0.1276601105928421,0,19,0.423418253660202,0.7678419351577759,0.05522739514708519,0,20,0.5013851523399353,0.6099832057952881,0.10269958525896072,0,21,0.4255533218383789,0.7550424933433533,0.06230804696679115,0,22,0.4949629604816437,0.5984880924224854,0.1276208460330963,0,23,0.3991442024707794,0.2129523754119873,-0.07806190103292465,0,24,0.4026949107646942,0.12181072682142258,0.07725392282009125,0,25,0.42980465292930603,0.676218569278717,-0.04325195029377937,0,26,0.4748382270336151,0.340562641620636,0.10374674946069717,0,27,0.5642825961112976,0.7570269703865051,-0.12038443982601166,0,28,0.5406963229179382,0.1942630559206009,0.010365835390985012,0,29,0.5854941010475159,0.7127725481987,-0.12988224625587463,0,30,0.53831547498703,0.15290780365467072,0.0003915923007298261,0,31,0.5876491665840149,0.9101637005805969,-0.12463986128568649,0,32,0.5772060751914978,0.18604764342308044,-0.01958889327943325,0
0,0.39480888843536377,0.5713188648223877,0.16389434039592743,0,1,0.38270804286003113,0.5917639136314392,0.16059447824954987,0,2,0.3787368834018707,0.5932524800300598,0.16071033477783203,0,3,0.3748253285884857,0.5945404171943665,0.1606312245130539,0,4,0.3907681405544281,0.5880984663963318,0.1800394505262375,0,5,0.3924503028392792,0.5873252749443054,0.18017785251140594,0,6,0.3940354883670807,0.5864846110343933,0.1800595372915268,0,7,0.35748520493507385,0.5915799736976624,0.18252728879451752,0,8,0.3850609362125397,0.5839052796363831,0.27621328830718994,0,9,0.38703614473342896,0.5560909509658813,0.17117445170879364,0,10,0.39512526988983154,0.5522581934928894,0.1982317864894867,0,11,0.3419573903083801,0.5774197578430176,0.10831119120121002,0,12,0.3640301823616028,0.488534539937973,0.2943916320800781,0,13,0.4006942808628082,0.7124819755554199,0.027770424261689186,0,14,0.38218656182289124,0.46916496753692627,0.22063235938549042,0,15,0.383950412273407,0.7589449286460876,0.0711389034986496,0,16,0.3450959026813507,0.5930453538894653,0.1172923669219017,0,17,0.37045422196388245,0.7690953612327576,0.07076775282621384,0,18,0.33014363050460815,0.6008204817771912,0.11545658111572266,0,19,0.3714855909347534,0.7534638047218323,0.08476122468709946,0,20,0.3275989294052124,0.6145310401916504,0.0628623217344284,0,21,0.38010674715042114,0.7408082485198975,0.07690314948558807,0,22,0.3296879529953003,0.614648699760437,0.08326403051614761,0,23,0.39984893798828125,0.17570416629314423,-0.079932801425457,0,24,0.40709638595581055,0.12368033826351166,0.07903481274843216,0,25,0.4279550015926361,0.5633394122123718,-0.1022908017039299,0,26,0.4854504466056824,0.40233203768730164,0.0868738442659378,0,27,0.5520206689834595,0.7534015774726868,-0.2088032066822052,0,28,0.5510616898536682,0.2551257014274597,-0.07314921170473099,0,29,0.5663591027259827,0.5368916988372803,-0.2131740003824234,0,30,0.5471913814544678,0.20530444383621216,-0.08975687623023987,0,31,0.5851165652275085,0.7024478316307068,-0.19928333163261414,0,32,0.5938950777053833,0.2716295123100281,-0.10467661172151566,0
0,0.38679659366607666,0.5676539540290833,0.2399161010980606,0,1,0.38129526376724243,0.5871842503547668,0.22251693904399872,0,2,0.3781723976135254,0.589491605758667,0.22248487174510956,0,3,0.37298783659935,0.5915359854698181,0.22229082882404327,0,4,0.3848222494125366,0.5844650268554688,0.2426057755947113,0,5,0.38538771867752075,0.5851665139198303,0.24276427924633026,0,6,0.3858387768268585,0.5858244299888611,0.2424767166376114,0,7,0.35495075583457947,0.5998392701148987,0.18680258095264435,0,8,0.3776017129421234,0.5934235453605652,0.27831366658210754,0,9,0.3782249987125397,0.5613158345222473,0.2224826216697693,0,10,0.38432079553604126,0.5589550733566284,0.2502099871635437,0,11,0.34390267729759216,0.6051852703094482,0.08299767971038818,0,12,0.3267291188240051,0.5337690114974976,0.25779446959495544,0,13,0.3435552418231964,0.6977368593215942,0.02737719565629959,0,14,0.29677146673202515,0.5152800679206848,0.13623501360416412,0,15,0.3657170236110687,0.7077174782752991,0.11596323549747467,0,16,0.26522672176361084,0.6240083575248718,-0.012906897813081741,0,17,0.38112443685531616,0.710044264793396,0.11236517876386642,0,18,0.25281238555908203,0.6545994877815247,-0.02956325188279152,0,19,0.37429431080818176,0.7004375457763672,0.1446041613817215,0,20,0.26288866996765137,0.6505459547042847,-0.01705607958137989,0,21,0.37139272689819336,0.688698947429657,0.13137516379356384,0,22,0.26299041509628296,0.6383552551269531,-0.012521798722445965,0,23,0.41164085268974304,0.19964364171028137,-0.07267243415117264,0,24,0.39540401101112366,0.15296761691570282,0.0713868960738182,0,25,0.5256004929542542,0.34092891216278076,0.04236052930355072,0,26,0.49372971057891846,0.17330841720104218,0.19871290028095245,0,27,0.5645787119865417,0.08781378716230392,-0.1657000482082367,0,28,0.5469051599502563,-0.09736146777868271,0.015521441586315632,0,29,0.5620140433311462,0.009121458977460861,-0.17592181265354156,0,30,0.5462459325790405,-0.1471903771162033,-0.0031533578876405954,0,31,0.6007406711578369,0.06623455137014389,-0.12139701098203659,0,32,0.5782264471054077,-0.1668083220720291,-0.0018492527306079865,0
0,0.39568302035331726,0.5716323852539062,0.175306499004364,0,1,0.38926950097084045,0.5955588817596436,0.17056168615818024,0,2,0.3854003846645355,0.5974898934364319,0.17056319117546082,0,3,0.38087087869644165,0.5991454720497131,0.1704222559928894,0,4,0.3954921066761017,0.5925283432006836,0.19636492431163788,0,5,0.3969962000846863,0.5927262306213379,0.19650712609291077,0,6,0.39835843443870544,0.5928956866264343,0.19627510011196136,0,7,0.36444634199142456,0.6007642149925232,0.16428330540657043,0,8,0.3890843391418457,0.5936529040336609,0.2790147364139557,0,9,0.38434550166130066,0.5561357140541077,0.1683010458946228,0,10,0.39314329624176025,0.5536919236183167,0.20436005294322968,0,11,0.3431057929992676,0.575590968132019,0.08008818328380585,0,12,0.3438323438167572,0.5116735100746155,0.2764049470424652,0,13,0.34090274572372437,0.7072312235832214,0.01878679357469082,0,14,0.3374965786933899,0.5186685919761658,0.27630871534347534,0,15,0.37661853432655334,0.7094815969467163,0.19923117756843567,0,16,0.31556519865989685,0.6272096037864685,0.24845433235168457,0,17,0.39251479506492615,0.7106651067733765,0.21103616058826447,0,18,0.31042951345443726,0.6584509611129761,0.23715712130069733,0,19,0.38442859053611755,0.6906302571296692,0.22707676887512207,0,20,0.3141266107559204,0.6584740281105042,0.24953655898571014,0,21,0.38124603033065796,0.679259181022644,0.20722834765911102,0,22,0.31233543157577515,0.6444003582000732,0.24998237192630768,0,23,0.41792285442352295,0.1485779732465744,-0.09346754103899002,0,24,0.40262526273727417,0.12258455902338028,0.09202904999256134,0,25,0.540536105632782,0.33361557126045227,0.033769767731428146,0,26,0.5075427889823914,0.25893473625183105,0.14195969700813293,0,27,0.5913530588150024,0.06302131712436676,-0.2783113121986389,0,28,0.5739623308181763,0.00010645225120242685,-0.11007273197174072,0,29,0.5833485722541809,-0.013104774989187717,-0.2918960154056549,0,30,0.5667849183082581,-0.05592924356460571,-0.13712824881076813,0,31,0.641377866268158,0.037892140448093414,-0.26491066813468933,0,32,0.6335474848747253,-0.0570208840072155,-0.1506115347146988,0
END PUSHUP
0,0.6912412643432617,0.05805341154336929,-0.38161519169807434,0,1,0.6937640309333801,0.026485325768589973,-0.3953775465488434,0,2,0.697008490562439,0.02521049603819847,-0.3955511450767517,0,3,0.6996647119522095,0.028347933664917946,-0.3957844078540802,0,4,0.6812273263931274,0.0342801995575428,-0.427646279335022,0,5,0.6749488711357117,0.030491257086396217,-0.4277772903442383,0,6,0.6687489748001099,0.027870506048202515,-0.4280531108379364,0,7,0.6855273842811584,0.004387939814478159,-0.3643588125705719,0,8,0.6426060795783997,0.006245591212064028,-0.5077329277992249,0,9,0.6838491559028625,0.07009653747081757,-0.35489174723625183,0,10,0.6688502430915833,0.0784318670630455,-0.3969569802284241,0,11,0.6612015962600708,0.013549311086535454,-0.23817354440689087,0,12,0.5370404720306396,0.0578315295279026,-0.45900070667266846,0,13,0.6424803137779236,0.22005268931388855,-0.052945997565984726,0,14,0.499085932970047,0.2934591472148895,-0.36114469170570374,0,15,0.6569699645042419,0.23831354081630707,-0.007883423008024693,0,16,0.5688181519508362,0.33688047528266907,-0.19739598035812378,0,17,0.650547444820404,0.2262822985649109,-0.0016951096476987004,0,18,0.5784301161766052,0.3613458275794983,-0.21584297716617584,0,19,0.6557216644287109,0.223203644156456,-0.020193248987197876,0,20,0.5949812531471252,0.31530195474624634,-0.21144329011440277,0,21,0.6554979681968689,0.22664935886859894,-0.012228320352733135,0,22,0.5957292914390564,0.30242735147476196,-0.19332493841648102,0,23,0.4578316807746887,0.26130691170692444,0.09451877325773239,0,24,0.40370967984199524,0.2749030292034149,-0.09437588602304459,0,25,0.48346078395843506,0.49390971660614014,0.312478244304657,0,26,0.43588021397590637,0.5152251720428467,0.11669158935546875,0,27,0.4555789828300476,0.6407926678657532,0.5791938304901123,0,28,0.4192095696926117,0.6639587879180908,0.363974392414093,0,29,0.43931376934051514,0.6510549187660217,0.6061747670173645,0,30,0.40457043051719666,0.6862091422080994,0.3871013820171356,0,31,0.48875558376312256,0.7562297582626343,0.60213303565979,0,32,0.4554302990436554,0.7438413500785828,0.346235454082489,0
0,0.6994271874427795,0.07581927627325058,-0.34441524744033813,0,1,0.7031819820404053,0.046193648129701614,-0.3558313250541687,0,2,0.7061089873313904,0.04576963931322098,-0.35599038004875183,0,3,0.7084787487983704,0.04653346911072731,-0.3562157452106476,0,4,0.6901853084564209,0.04654493182897568,-0.38913580775260925,0,5,0.6831027865409851,0.042297933250665665,-0.3893633484840393,0,6,0.6753063797950745,0.03805174678564072,-0.389713853597641,0,7,0.6927362084388733,0.022768059745430946,-0.3269719183444977,0,8,0.6527928113937378,0.011513150297105312,-0.4771583676338196,0,9,0.6898996829986572,0.08315005898475647,-0.31934183835983276,0,10,0.6751722097396851,0.08216478675603867,-0.3634399175643921,0,11,0.6629481911659241,0.02683083713054657,-0.1981874257326126,0,12,0.5521101355552673,0.05664650350809097,-0.459658682346344,0,13,0.628048837184906,0.21913869678974152,-0.07608596980571747,0,14,0.49297696352005005,0.30905061960220337,-0.37403252720832825,0,15,0.6252638101577759,0.23934051394462585,-0.04624899476766586,0,16,0.546479344367981,0.45384481549263,-0.2139686793088913,0,17,0.6164993643760681,0.23500359058380127,-0.04534345120191574,0,18,0.5364387631416321,0.49662768840789795,-0.23076215386390686,0,19,0.6222016215324402,0.2273690402507782,-0.05620930343866348,0,20,0.5514659285545349,0.48025864362716675,-0.22682355344295502,0,21,0.6218656897544861,0.23014596104621887,-0.04948482662439346,0,22,0.5552929043769836,0.4584945738315582,-0.20926328003406525,0,23,0.4603862166404724,0.26383230090141296,0.09608028084039688,0,24,0.4056592583656311,0.2686145603656769,-0.09568719565868378,0,25,0.502597987651825,0.4920663833618164,0.28401416540145874,0,26,0.4708598554134369,0.513001024723053,-0.17343491315841675,0,27,0.42016395926475525,0.6250495910644531,0.4636562764644623,0,28,0.47600045800209045,0.770043134689331,-0.11165110021829605,0,29,0.402681827545166,0.6402090787887573,0.4800862967967987,0,30,0.4593786895275116,0.8031477928161621,-0.1050761416554451,0,31,0.45236942172050476,0.7390498518943787,0.4730289876461029,0,32,0.5773860216140747,0.8615338206291199,-0.16381099820137024,0
END PUSHUP
0,0.41934290528297424,0.5884218811988831,-0.42615950107574463,0,1,0.4009818136692047,0.6272319555282593,-0.43616876006126404,0,2,0.3939271569252014,0.6180292367935181,-0.4362879991531372,0,3,0.38736769556999207,0.6100656390190125,-0.4365667998790741,0,4,0.4159768223762512,0.6390389204025269,-0.4256046414375305,0,5,0.42082902789115906,0.6372359991073608,-0.4257238209247589,0,6,0.425687700510025,0.6399468779563904,-0.42604076862335205,0,7,0.3745497465133667,0.5842992067337036,-0.36694684624671936,0,8,0.4235103726387024,0.6198428869247437,-0.3185335397720337,0,9,0.4079427719116211,0.5420677065849304,-0.3894015848636627,0,10,0.4291543960571289,0.5614616274833679,-0.3755393624305725,0,11,0.35553044080734253,0.4445127844810486,-0.288870632648468,0,12,0.45881158113479614,0.4996170699596405,-0.1894838958978653,0,13,0.3959389328956604,0.42964357137680054,-0.25955262780189514,0,14,0.5094188451766968,0.4464873969554901,-0.047506093978881836,0,15,0.43122899532318115,0.571647047996521,-0.11702077090740204,0,16,0.469708114862442,0.5287942290306091,0.014359356835484505,0,17,0.43754324316978455,0.6174135804176331,-0.12037744373083115,0,18,0.4680432975292206,0.5526860952377319,0.004077218938618898,0,19,0.43154579401016235,0.6246801018714905,-0.0972960814833641,0,20,0.46823850274086,0.5717297792434692,5.004867034585914e-06,0,21,0.4344950318336487,0.6052530407905579,-0.10544975847005844,0,22,0.4674781858921051,0.5561668276786804,0.012634973041713238,0,23,0.4794714152812958,0.0385272242128849,-0.041979726403951645,0,24,0.5370914936065674,0.09170771390199661,0.04179380461573601,0,25,0.5142897367477417,-0.02949073351919651,0.27892670035362244,0,26,0.5788815021514893,0.0034892673138529062,0.34752240777015686,0,27,0.5549607872962952,-0.1392352283000946,0.6227589249610901,0,28,0.6298253536224365,-0.1406456083059311,0.6408998370170593,0,29,0.5534665584564209,-0.15531331300735474,0.6570213437080383,0,30,0.6280841827392578,-0.16901220381259918,0.6712735295295715,0,31,0.5900018811225891,-0.20559290051460266,0.6239851117134094,0,32,0.6904726624488831,-0.19364552199840546,0.6213877201080322,0
0,0.4458945691585541,0.5764510631561279,-0.39616721868515015,0,1,0.4260661005973816,0.6179586052894592,-0.4114236533641815,0,2,0.41913902759552,0.6098806262016296,-0.4115341901779175,0,3,0.41232290863990784,0.6029656529426575,-0.41176217794418335,0,4,0.4398149847984314,0.6327945590019226,-0.39373916387557983,0,5,0.44375917315483093,0.6347302198410034,-0.39379292726516724,0,6,0.4476924240589142,0.6389243006706238,-0.394103467464447,0,7,0.39469578862190247,0.5799864530563354,-0.3699268698692322,0,8,0.440155565738678,0.6175714731216431,-0.2911011576652527,0,9,0.43362605571746826,0.5347192287445068,-0.3707963228225708,0,10,0.45269736647605896,0.5497244596481323,-0.34794172644615173,0,11,0.3579818308353424,0.4376084506511688,-0.30526283383369446,0,12,0.4706743061542511,0.5025616884231567,-0.1671300083398819,0,13,0.39665907621383667,0.44532009959220886,-0.27748504281044006,0,14,0.5138452053070068,0.4705544114112854,0.011784077621996403,0,15,0.4334712326526642,0.5693818926811218,-0.10989702492952347,0,16,0.4812663197517395,0.5306901931762695,0.11986810714006424,0,17,0.4353538155555725,0.6064947247505188,-0.1147337406873703,0,18,0.474759042263031,0.5477207899093628,0.11663254350423813,0,19,0.4332605004310608,0.6102992296218872,-0.09502965956926346,0,20,0.47684726119041443,0.5590853095054626,0.1060011237859726,0,21,0.4377288222312927,0.5940642356872559,-0.09921058267354965,0,22,0.4754987061023712,0.5460357069969177,0.1169184222817421,0,23,0.4815792143344879,0.029141508042812347,-0.04960016533732414,0,24,0.5475913882255554,0.09150763601064682,0.04960803687572479,0,25,0.5142718553543091,-0.03790858015418053,0.3246668875217438,0,26,0.5823724865913391,0.03623282164335251,0.39984169602394104,0,27,0.5563428997993469,-0.10838291794061661,0.7028601169586182,0,28,0.629371702671051,-0.1302649825811386,0.7492271661758423,0,29,0.5535915493965149,-0.1098184809088707,0.7417177557945251,0,30,0.6228892207145691,-0.13954821228981018,0.7857608199119568,0,31,0.5912185311317444,-0.17620280385017395,0.7024160623550415,0,32,0.6892777681350708,-0.1604345738887787,0.7434988021850586,0
0,0.4283767640590668,0.6034109592437744,-0.39823707938194275,0,1,0.4105810821056366,0.6423739790916443,-0.40466389060020447,0,2,0.40409889817237854,0.6364474296569824,-0.40470170974731445,0,3,0.39842215180397034,0.6306505799293518,-0.40497368574142456,0,4,0.42681583762168884,0.6565617322921753,-0.3979452848434448,0,5,0.43277838826179504,0.6617486476898193,-0.3979237675666809,0,6,0.43892937898635864,0.6673763394355774,-0.39811238646507263,0,7,0.39157453179359436,0.6120271682739258,-0.32500872015953064,0,8,0.44027310609817505,0.6606084108352661,-0.29150059819221497,0,9,0.4183950126171112,0.559662938117981,-0.3579462468624115,0,10,0.4406362473964691,0.5789235830307007,-0.3480493426322937,0,11,0.354645311832428,0.4430736303329468,-0.2507457435131073,0,12,0.47603827714920044,0.5696617364883423,-0.1681140959262848,0,13,0.39626550674438477,0.42978930473327637,-0.19724301993846893,0,14,0.5313235521316528,0.5030840039253235,-0.02930397167801857,0,15,0.4209590554237366,0.5612949132919312,-0.05738864094018936,0,16,0.4833586812019348,0.5549672245979309,0.07520082592964172,0,17,0.42373186349868774,0.595439612865448,-0.05097275599837303,0,18,0.4732848107814789,0.568157434463501,0.07798847556114197,0,19,0.4197174906730652,0.6069519519805908,-0.03876616060733795,0,20,0.466406911611557,0.5765548944473267,0.08448436111211777,0,21,0.42449134588241577,0.5939959287643433,-0.04857945069670677,0,22,0.4651484191417694,0.5641188621520996,0.08057443052530289,0,23,0.47846847772598267,0.06514494866132736,-0.041651174426078796,0,24,0.5463690161705017,0.15391987562179565,0.04145614802837372,0,25,0.484720915555954,0.006987917702645063,0.2767610251903534,0,26,0.5925969481468201,0.16943855583667755,0.3617557883262634,0,27,0.4955393373966217,0.1597059965133667,0.6142417788505554,0,28,0.6330840587615967,0.05715658515691757,0.6055192351341248,0,29,0.4926229417324066,0.18269167840480804,0.6528741717338562,0,30,0.6271141767501831,0.027852334082126617,0.6325710415840149,0,31,0.5192529559135437,0.1310940384864807,0.6867445707321167,0,32,0.7039821147918701,0.023750869557261467,0.6192978620529175,0
0,0.46406200528144836,0.6117084622383118,-0.28458818793296814,0,1,0.44548913836479187,0.649135172367096,-0.2790604829788208,0,2,0.4318735897541046,0.6474107503890991,-0.2788700759410858,0,3,0.41827496886253357,0.6454784870147705,-0.27889204025268555,0,4,0.4801287055015564,0.6533157229423523,-0.2715926766395569,0,5,0.49377867579460144,0.6555848717689514,-0.2714722454547882,0,6,0.5073195099830627,0.6579281687736511,-0.2714182138442993,0,7,0.40128785371780396,0.6053637266159058,-0.19200854003429413,0,8,0.5257406830787659,0.6247607469558716,-0.160808265209198,0,9,0.4434073269367218,0.5509997606277466,-0.24661153554916382,0,10,0.48765456676483154,0.5567859411239624,-0.23627354204654694,0,11,0.37292712926864624,0.43314194679260254,-0.14866560697555542,0,12,0.5493945479393005,0.46542784571647644,-0.055797066539525986,0,13,0.3391861021518707,0.3596433401107788,-0.20458722114562988,0,14,0.6134032607078552,0.37605735659599304,0.22632180154323578,0,15,0.3496682941913605,0.5994420051574707,-0.26176777482032776,0,16,0.6731800436973572,0.5146061182022095,0.48449182510375977,0,17,0.3475894629955292,0.6634788513183594,-0.27937382459640503,0,18,0.6961714029312134,0.5472723841667175,0.5205666422843933,0,19,0.3513111174106598,0.6831215620040894,-0.26767808198928833,0,20,0.6954677104949951,0.5678727030754089,0.48289749026298523,0,21,0.3617415130138397,0.658971905708313,-0.2630862295627594,0,22,0.6802374124526978,0.5481223464012146,0.47227004170417786,0,23,0.44705134630203247,0.004252955317497253,-0.027660101652145386,0,24,0.5529301166534424,0.04361682012677193,0.02784631960093975,0,25,0.4532708525657654,-0.13506117463111877,0.4084430932998657,0,26,0.5783011317253113,0.049206752330064774,0.23288922011852264,0,27,0.44653695821762085,0.1400388479232788,0.8647590279579163,0,28,0.5484964847564697,-0.00038243457674980164,0.3805200159549713,0,29,0.45213326811790466,0.17455410957336426,0.9191445708274841,0,30,0.5308887958526611,-0.025392143055796623,0.3947889506816864,0,31,0.44333866238594055,0.158468097448349,0.9748554825782776,0,32,0.5858665108680725,-0.030507927760481834,0.33054256439208984,0
0,0.46144309639930725,0.6204642057418823,-0.04330185800790787,0,1,0.4473707377910614,0.6528280377388,-0.022508423775434494,0,2,0.4358454942703247,0.6513687372207642,-0.022399859502911568,0,3,0.4243573844432831,0.6497564315795898,-0.022578787058591843,0,4,0.4777374863624573,0.6551660895347595,-0.01890438050031662,0,5,0.48971137404441833,0.6561803817749023,-0.018760867416858673,0,6,0.5015558004379272,0.6572312116622925,-0.01882099360227585,0,7,0.4110187590122223,0.6151387691497803,0.08405116945505142,0,8,0.5187569856643677,0.6282276511192322,0.10566768795251846,0,9,0.4432207942008972,0.5686557292938232,-0.004372869152575731,0,10,0.4817025065422058,0.5721678733825684,0.002180081559345126,0,11,0.3685290515422821,0.4527551829814911,0.08237748593091965,0,12,0.5490922331809998,0.4971780776977539,0.15379515290260315,0,13,0.34540289640426636,0.33820807933807373,0.017123620957136154,0,14,0.6243531107902527,0.46815088391304016,0.0533766932785511,0,15,0.3669213652610779,0.5550727844238281,0.01813933439552784,0,16,0.6380434036254883,0.6518396139144897,-0.08908689767122269,0,17,0.37165212631225586,0.611577570438385,0.02459253929555416,0,18,0.6498597264289856,0.6975821256637573,-0.09345699101686478,0,19,0.37005487084388733,0.6343564391136169,0.05193300172686577,0,20,0.6437906622886658,0.7095015645027161,-0.09740550071001053,0,21,0.3776736259460449,0.6113967299461365,0.027845101431012154,0,22,0.6305252313613892,0.6858922243118286,-0.09719930589199066,0,23,0.4318618178367615,0.06949665397405624,-0.018633859232068062,0,24,0.5460962653160095,0.10480459034442902,0.01824706234037876,0,25,0.4123491048812866,0.06220373883843422,0.0033346840646117926,0,26,0.5806341171264648,0.125930517911911,0.09986555576324463,0,27,0.4179244339466095,0.33432382345199585,0.1557663232088089,0,28,0.6154759526252747,-0.11410526186227798,0.08751726895570755,0,29,0.4257622957229614,0.35769134759902954,0.17849744856357574,0,30,0.599867582321167,-0.1727958619594574,0.08507982641458511,0,31,0.4127196669578552,0.38204553723335266,0.2297084480524063,0,32,0.6846304535865784,-0.19773325324058533,0.04284919798374176,0
0,0.4610157310962677,0.5460262894630432,-0.1929968297481537,0,1,0.4474082589149475,0.5781571269035339,-0.16965055465698242,0,2,0.43620920181274414,0.5776132941246033,-0.16959646344184875,0,3,0.4253029227256775,0.5768828392028809,-0.16972403228282928,0,4,0.47713151574134827,0.5786448121070862,-0.1699252724647522,0,5,0.4883221387863159,0.5788626074790955,-0.1698746234178543,0,6,0.49919602274894714,0.5791065692901611,-0.16995546221733093,0,7,0.4133029580116272,0.5470441579818726,-0.03715107589960098,0,8,0.5153703093528748,0.5507506132125854,-0.039172351360321045,0,9,0.450387179851532,0.502358615398407,-0.14261634647846222,0,10,0.4838654696941376,0.5134666562080383,-0.14296744763851166,0,11,0.3654952645301819,0.37590551376342773,0.002036221092566848,0,12,0.5489359498023987,0.4060598611831665,-0.006853445433080196,0,13,0.333750456571579,0.3373308479785919,-0.1652456820011139,0,14,0.6097986102104187,0.36408933997154236,-0.12284405529499054,0,15,0.3637813627719879,0.5865331292152405,-0.2849806547164917,0,16,0.6086875200271606,0.5574448108673096,-0.23652349412441254,0,17,0.36835309863090515,0.6458874344825745,-0.3116212785243988,0,18,0.6123674511909485,0.6156827211380005,-0.25689831376075745,0,19,0.3672511875629425,0.6490930914878845,-0.2698328197002411,0,20,0.6066403985023499,0.624056875705719,-0.24258431792259216,0,21,0.3700135052204132,0.6250311136245728,-0.2736421823501587,0,22,0.5971091389656067,0.5978208780288696,-0.23641936480998993,0,23,0.43754950165748596,-0.013208568096160889,0.0043297382071614265,0,24,0.5425058007240295,0.02343890070915222,-0.004480122122913599,0,25,0.4180282652378082,-0.007136366330087185,0.4479423463344574,0,26,0.5381326079368591,0.15205903351306915,0.137423574924469,0,27,0.4462757110595703,0.18072783946990967,0.8688660860061646,0,28,0.519315242767334,0.13059647381305695,0.2955060303211212,0,29,0.4573128819465637,0.20729438960552216,0.9157966375350952,0,30,0.5141984820365906,0.11986473947763443,0.3132805824279785,0,31,0.4431523084640503,0.19453662633895874,0.9169818758964539,0,32,0.5200038552284241,0.11571671068668365,0.23048077523708344,0
0,0.4714392125606537,0.5630231499671936,0.01754608005285263,0,1,0.45837801694869995,0.5919314622879028,0.05249009281396866,0,2,0.44828659296035767,0.5910888314247131,0.05260257050395012,0,3,0.4383235275745392,0.5900784134864807,0.05248001590371132,0,4,0.48569628596305847,0.592252790927887,0.057167503982782364,0,5,0.4958084225654602,0.5920904278755188,0.05732436850667,0,6,0.5057216882705688,0.5919287800788879,0.05718092620372772,0,7,0.42416563630104065,0.5548330545425415,0.17529012262821198,0,8,0.5187603235244751,0.5598905682563782,0.20207834243774414,0,9,0.45637935400009155,0.5167336463928223,0.05638321116566658,0,10,0.49416813254356384,0.5255908966064453,0.0638851448893547,0,11,0.3686821758747101,0.385942667722702,0.1499219387769699,0,12,0.563035786151886,0.40680554509162903,0.20854173600673676,0,13,0.3347248435020447,0.3421221673488617,-0.003153476631268859,0,14,0.6616896390914917,0.3908786475658417,0.13163447380065918,0,15,0.36353617906570435,0.6202003955841064,-0.11731670796871185,0,16,0.7043625712394714,0.6772144436836243,-0.006521208677440882,0,17,0.36689403653144836,0.6714077591896057,-0.1221519336104393,0,18,0.7302641272544861,0.7022940516471863,-0.019808661192655563,0,19,0.3656810522079468,0.6912554502487183,-0.09547813981771469,0,20,0.7254188656806946,0.7115616202354431,-0.03806613013148308,0,21,0.36917534470558167,0.6643544435501099,-0.10683441907167435,0,22,0.7096889019012451,0.7040497660636902,-0.021020369604229927,0,23,0.4416923224925995,0.009177646599709988,-0.0072851101867854595,0,24,0.55629962682724,0.03798126056790352,0.006653885822743177,0,25,0.40104472637176514,0.10941066592931747,0.1955137699842453,0,26,0.5580732226371765,0.16312634944915771,0.17708536982536316,0,27,0.4210722744464874,0.4339011311531067,0.1532672941684723,0,28,0.5567737221717834,0.14470791816711426,0.18215249478816986,0,29,0.4377109706401825,0.4479634463787079,0.1645122468471527,0,30,0.5437332391738892,0.10954228788614273,0.16836915910243988,0,31,0.4066300094127655,0.5523701310157776,0.16810806095600128,0,32,0.5951411724090576,0.16655021905899048,0.07959390431642532,0
0,0.470537930727005,0.565281867980957,-0.2591141164302826,0,1,0.4577611982822418,0.5983142852783203,-0.24434028565883636,0,2,0.4478907883167267,0.5971027612686157,-0.24429892003536224,0,3,0.43809840083122253,0.5957359671592712,-0.2444298416376114,0,4,0.4851215183734894,0.60013347864151,-0.23519326746463776,0,5,0.49543824791908264,0.6007920503616333,-0.23506475985050201,0,6,0.5056177377700806,0.6014649868011475,-0.23510310053825378,0,7,0.42400339245796204,0.5618132948875427,-0.13102474808692932,0,8,0.5190651416778564,0.5712144374847412,-0.0912242978811264,0,9,0.4560086131095886,0.5158330202102661,-0.2139567881822586,0,10,0.49336397647857666,0.5215071439743042,-0.20176516473293304,0,11,0.3743680417537689,0.39665478467941284,-0.0746425911784172,0,12,0.5617389678955078,0.42359495162963867,-0.018131423741579056,0,13,0.34135961532592773,0.33269375562667847,-0.11706439405679703,0,14,0.6527116894721985,0.38939169049263,-0.06385575979948044,0,15,0.3635243773460388,0.6072512269020081,-0.12972292304039001,0,16,0.680618941783905,0.6572573184967041,-0.14416059851646423,0,17,0.364023894071579,0.6695085763931274,-0.1399436742067337,0,18,0.6993410587310791,0.7025609016418457,-0.1634729504585266,0,19,0.3630991578102112,0.6829825043678284,-0.1163024976849556,0,20,0.6935510039329529,0.714878499507904,-0.169956773519516,0,21,0.3689320683479309,0.6540446281433105,-0.12278346717357635,0,22,0.6796610355377197,0.7007901072502136,-0.15354034304618835,0,23,0.44855329394340515,-0.01564253866672516,0.003118994180113077,0,24,0.5575451254844666,0.01844756305217743,-0.003302830969914794,0,25,0.4176046550273895,-0.04264771193265915,0.4417652189731598,0,26,0.5616616606712341,0.13487690687179565,0.15349003672599792,0,27,0.43839147686958313,0.20772500336170197,0.810951828956604,0,28,0.5490360856056213,0.053031496703624725,0.304882675409317,0,29,0.45169946551322937,0.23286056518554688,0.8563610911369324,0,30,0.5411207675933838,0.016099758446216583,0.3251524269580841,0,31,0.4293311834335327,0.2406805008649826,0.8891364932060242,0,32,0.5642644762992859,0.02077394723892212,0.25293830037117004,0
0,0.4708952009677887,0.5373404622077942,-0.026486551389098167,0,1,0.4602876603603363,0.566180944442749,-0.0005501961568370461,0,2,0.4520726501941681,0.5659219026565552,-0.00039238325553014874,0,3,0.4440903663635254,0.565473735332489,-0.0005236960714682937,0,4,0.4847359359264374,0.5649921894073486,0.0033202380873262882,0,5,0.4948796331882477,0.5641705989837646,0.0035240079741925,0,6,0.502935528755188,0.5633599162101746,0.0034701034892350435,0,7,0.43138134479522705,0.5378437042236328,0.09739377349615097,0,8,0.5118405222892761,0.5362204909324646,0.12125840038061142,0,9,0.45608270168304443,0.4970005750656128,0.006385101471096277,0,10,0.4904034733772278,0.49626198410987854,0.013358994387090206,0,11,0.38995417952537537,0.3895180821418762,0.1639062464237213,0,12,0.5420551300048828,0.40482190251350403,0.09528355300426483,0,13,0.358702689409256,0.349032998085022,0.3042029142379761,0,14,0.6506272554397583,0.39303427934646606,0.13146452605724335,0,15,0.3687610626220703,0.556842565536499,0.5036439299583435,0,16,0.6902477741241455,0.6565439105033875,0.09670586884021759,0,17,0.3707771599292755,0.6032809615135193,0.5604058504104614,0,18,0.7062186598777771,0.7156724333763123,0.09935934841632843,0,19,0.3733132481575012,0.6228926777839661,0.5654547810554504,0,20,0.7008689045906067,0.7288447618484497,0.08175147324800491,0,21,0.37617751955986023,0.6054067611694336,0.5128695964813232,0,22,0.6908607482910156,0.7062898278236389,0.08771426230669022,0,23,0.4592914283275604,-0.006566130090504885,0.00992924440652132,0,24,0.547619104385376,0.034097328782081604,-0.010513437911868095,0,25,0.4592823088169098,0.31957951188087463,0.11905775964260101,0,26,0.5562179088592529,0.46397021412849426,0.13782519102096558,0,27,0.4110264182090759,0.6864638924598694,0.1461770385503769,0,28,0.4613391160964966,0.7125067114830017,0.03787599131464958,0,29,0.4010255038738251,0.6962576508522034,0.15303923189640045,0,30,0.44319483637809753,0.6980777978897095,0.03389236703515053,0,31,0.4112810492515564,0.8490246534347534,0.11419467628002167,0,32,0.4517728090286255,0.8566118478775024,-0.012270281091332436,0
0,0.46837764978408813,0.5347447395324707,0.2859482169151306,0,1,0.45897457003593445,0.5613206028938293,0.3309321701526642,0,2,0.45158740878105164,0.5607846975326538,0.331013023853302,0,3,0.4431595802307129,0.5600582957267761,0.3309286832809448,0,4,0.4826432168483734,0.5621526837348938,0.3285296559333801,0,5,0.4921864867210388,0.5623185634613037,0.3287694752216339,0,6,0.5003560185432434,0.5624722242355347,0.32851773500442505,0,7,0.42979493737220764,0.5370604395866394,0.46879422664642334,0,8,0.5121064782142639,0.5418249368667603,0.4670068323612213,0,9,0.4546332359313965,0.4962671995162964,0.3276008665561676,0,10,0.48624178767204285,0.4968806505203247,0.3269907236099243,0,11,0.38887330889701843,0.39496275782585144,0.42802557349205017,0,12,0.5505791306495667,0.41838639974594116,0.41080382466316223,0,13,0.3568589389324188,0.3655828833580017,0.28242382407188416,0,14,0.6529878377914429,0.4460597038269043,0.3267718255519867,0,15,0.3691595196723938,0.5581332445144653,0.17027954757213593,0,16,0.6796151995658875,0.6612544059753418,0.2721009850502014,0,17,0.3710143268108368,0.6027549505233765,0.18008524179458618,0,18,0.694374680519104,0.7177116274833679,0.2821912169456482,0,19,0.37601086497306824,0.6226702928543091,0.19977621734142303,0,20,0.6908363699913025,0.7287598252296448,0.27382153272628784,0,21,0.38254156708717346,0.6054300665855408,0.17686694860458374,0,22,0.680022656917572,0.7051589488983154,0.26877889037132263,0,23,0.4564894437789917,-0.002520150039345026,0.006090291775763035,0,24,0.5610767602920532,0.05223440006375313,-0.0065838941372931,0,25,0.44721779227256775,0.25764036178588867,-0.04736381024122238,0,26,0.584938108921051,0.4477212727069855,0.18458056449890137,0,27,0.4173085391521454,0.5462161302566528,-0.3022879958152771,0,28,0.5103122591972351,0.6019077897071838,-0.19658713042736053,0,29,0.40983372926712036,0.5435935258865356,-0.32364165782928467,0,30,0.4953173100948334,0.5507811307907104,-0.23288272321224213,0,31,0.43535950779914856,0.6885391473770142,-0.30794379115104675,0,32,0.5055204033851624,0.7507044076919556,-0.2552022337913513,0
0,0.7333803176879883,0.13628974556922913,-0.49371033906936646,0,1,0.7648227214813232,0.1205158531665802,-0.47424790263175964,0,2,0.7688267230987549,0.1308302879333496,-0.4746113717556,0,3,0.770581841468811,0.09829029440879822,-0.4750562310218811,0,4,0.7546999454498291,0.0888342410326004,-0.505957305431366,0,5,0.7506498098373413,0.07229554653167725,-0.5060731768608093,0,6,0.7466576099395752,0.055889710783958435,-0.5061606764793396,0,7,0.7639479041099548,0.12533444166183472,-0.32546839118003845,0,8,0.7291033267974854,0.013852059841156006,-0.4631367027759552,0,9,0.7138117551803589,0.13636207580566406,-0.4304177463054657,0,10,0.7015875577926636,0.11101195216178894,-0.47053056955337524,0,11,0.6861079931259155,0.1935068964958191,-0.2118389904499054,0,12,0.6049746870994568,-0.028752967715263367,-0.4464433789253235,0,13,0.598812460899353,0.43222576379776,-0.1892211139202118,0,14,0.5197789669036865,0.18826356530189514,-0.5482185482978821,0,15,0.5549306273460388,0.5611940622329712,-0.30004873871803284,0,16,0.6299657821655273,0.3426803648471832,-0.5722105503082275,0,17,0.547122597694397,0.5981287956237793,-0.3247775733470917,0,18,0.657971978187561,0.401480495929718,-0.6210306882858276,0,19,0.5569668412208557,0.587391197681427,-0.35364124178886414,0,20,0.6797386407852173,0.3606530427932739,-0.5887941718101501,0,21,0.5527220368385315,0.5658172369003296,-0.31468525528907776,0,22,0.667739987373352,0.35055723786354065,-0.563936173915863,0,23,0.43599703907966614,0.25140613317489624,0.09260120987892151,0,24,0.3645915389060974,0.15925610065460205,-0.0921754539012909,0,25,0.48689210414886475,0.6208450198173523,0.2477259486913681,0,26,0.4091375768184662,0.5707454681396484,-0.05278404429554939,0,27,0.4062148928642273,0.625205934047699,0.5131582021713257,0,28,0.34455570578575134,0.573996901512146,0.39900144934654236,0,29,0.3945509195327759,0.5926474928855896,0.5408872961997986,0,30,0.3375645875930786,0.5378629565238953,0.45025354623794556,0,31,0.36823770403862,0.7484626770019531,0.5415452122688293,0,32,0.30797576904296875,0.6890062093734741,0.4908936619758606,0
0,0.7332187294960022,0.12568193674087524,-0.5203291773796082,0,1,0.7706839442253113,0.10062487423419952,-0.5082039833068848,0,2,0.7759842276573181,0.10441011190414429,-0.5085887312889099,0,3,0.7773005962371826,0.09793984144926071,-0.5090604424476624,0,4,0.7545871734619141,0.07388406246900558,-0.5380535125732422,0,5,0.7503118515014648,0.05617858096957207,-0.5381050705909729,0,6,0.746000349521637,0.03861326724290848,-0.5381513237953186,0,7,0.7698211669921875,0.0945369079709053,-0.3685624897480011,0,8,0.7286251187324524,-0.007078126072883606,-0.49774855375289917,0,9,0.7207193374633789,0.13002438843250275,-0.4557974934577942,0,10,0.7011613249778748,0.09959729760885239,-0.4934246838092804,0,11,0.6892996430397034,0.16952762007713318,-0.23493675887584686,0,12,0.6021159291267395,-0.03677782788872719,-0.46414119005203247,0,13,0.5998556613922119,0.39385777711868286,-0.1894085705280304,0,14,0.5105208158493042,0.21634916961193085,-0.504364013671875,0,15,0.5466389060020447,0.5567150115966797,-0.29282140731811523,0,16,0.610797107219696,0.42206767201423645,-0.49345338344573975,0,17,0.5342853665351868,0.5980284214019775,-0.31859639286994934,0,18,0.6319463849067688,0.4937237799167633,-0.5453776121139526,0,19,0.5396994352340698,0.5884073376655579,-0.3532218635082245,0,20,0.6579341292381287,0.45046859979629517,-0.5229933261871338,0,21,0.5357730984687805,0.56573486328125,-0.3096767067909241,0,22,0.649219274520874,0.4326104521751404,-0.48832741379737854,0,23,0.4402250349521637,0.24643801152706146,0.09232357144355774,0,24,0.3645652234554291,0.1596902757883072,-0.09188563376665115,0,25,0.47609302401542664,0.6075094938278198,0.22342777252197266,0,26,0.38497504591941833,0.5779792666435242,-0.05994362756609917,0,27,0.4256191551685333,0.6348878741264343,0.5586196184158325,0,28,0.3601245582103729,0.6069338321685791,0.43410012125968933,0,29,0.4165422320365906,0.6059693098068237,0.5956083536148071,0,30,0.36125025153160095,0.5737912654876709,0.4922769367694855,0,31,0.4019909203052521,0.775947093963623,0.6025274991989136,0,32,0.33410534262657166,0.7409448623657227,0.5321778059005737,0
0,0.7430240511894226,0.11314237862825394,-0.5382697582244873,0,1,0.7788817882537842,0.08656495809555054,-0.5324819684028625,0,2,0.7802355289459229,0.08260603994131088,-0.5328870415687561,0,3,0.7863967418670654,0.08504626154899597,-0.5334117412567139,0,4,0.7622240781784058,0.05883808434009552,-0.5596078038215637,0,5,0.7563560009002686,0.04286060854792595,-0.5596931576728821,0,6,0.7506074905395508,0.027017300948500633,-0.5598223209381104,0,7,0.7813790440559387,0.08575080335140228,-0.41771456599235535,0,8,0.7304918169975281,-0.015419802628457546,-0.5332304239273071,0,9,0.7265397310256958,0.11080299317836761,-0.48147159814834595,0,10,0.7076180577278137,0.09393350780010223,-0.5151727199554443,0,11,0.7077165842056274,0.13336075842380524,-0.27473926544189453,0,12,0.597252607345581,-0.023100119084119797,-0.5063056349754333,0,13,0.5993824005126953,0.36959153413772583,-0.20507363975048065,0,14,0.5112825036048889,0.30990108847618103,-0.5070282816886902,0,15,0.546002209186554,0.5572859644889832,-0.2697952091693878,0,16,0.6098514795303345,0.586520254611969,-0.4892573654651642,0,17,0.53565913438797,0.5992007255554199,-0.2935905456542969,0,18,0.6297746300697327,0.6695601940155029,-0.5519617795944214,0,19,0.5421460866928101,0.598759651184082,-0.33771631121635437,0,20,0.659902811050415,0.6312307715415955,-0.5308374762535095,0,21,0.5375490188598633,0.5767570734024048,-0.2890281081199646,0,22,0.6513187885284424,0.6057136654853821,-0.48733288049697876,0,23,0.445701539516449,0.2420714795589447,0.09242533147335052,0,24,0.3645673990249634,0.17989438772201538,-0.0920032262802124,0,25,0.4888843894004822,0.5817928910255432,0.3392094075679779,0,26,0.3893660604953766,0.5845280885696411,-0.028280947357416153,0,27,0.46542462706565857,0.6177234649658203,0.633814811706543,0,28,0.40446051955223083,0.6151410937309265,0.4438492953777313,0,29,0.456796795129776,0.5918968915939331,0.666294515132904,0,30,0.40696394443511963,0.5823230147361755,0.49947497248649597,0,31,0.4606974422931671,0.7525049448013306,0.6778249740600586,0,32,0.40801799297332764,0.7545865178108215,0.5474172830581665,0
END PUSHUP
0,0.7828381657600403,0.555721640586853,-0.4769371449947357,0,1,0.8050400614738464,0.5523251295089722,-0.4830462634563446,0,2,0.8069224953651428,0.5509069561958313,-0.48322996497154236,0,3,0.812298595905304,0.5485889315605164,-0.48357003927230835,0,4,0.7975584864616394,0.5408993363380432,-0.5211995244026184,0,5,0.7921026945114136,0.5369036793708801,-0.521307110786438,0,6,0.7896596789360046,0.5315442681312561,-0.5212966203689575,0,7,0.8018609881401062,0.4854201674461365,-0.43346861004829407,0,8,0.7650157809257507,0.44230833649635315,-0.5947309732437134,0,9,0.7658617496490479,0.5285271406173706,-0.44315746426582336,0,10,0.7544945478439331,0.5188870429992676,-0.49138718843460083,0,11,0.7859256267547607,0.3747456669807434,-0.3325110375881195,0,12,0.6278294324874878,0.3124955892562866,-0.5359381437301636,0,13,0.7101484537124634,0.5026664733886719,-0.11373236030340195,0,14,0.4571123719215393,0.49340900778770447,-0.4462791979312897,0,15,0.733473002910614,0.7053475379943848,-0.029932014644145966,0,16,0.5561898946762085,0.8002272844314575,-0.4236169457435608,0,17,0.7613850235939026,0.7259029746055603,-0.04346670210361481,0,18,0.5644084215164185,0.8540006279945374,-0.49074745178222656,0,19,0.7622077465057373,0.7288224101066589,-0.0927213802933693,0,20,0.5925108194351196,0.8572586178779602,-0.49084341526031494,0,21,0.7477620244026184,0.7200082540512085,-0.04902880638837814,0,22,0.6061809659004211,0.8238736987113953,-0.42927971482276917,0,23,0.5354848504066467,0.45237213373184204,0.08844835311174393,0,24,0.4528995454311371,0.4192148447036743,-0.08797904849052429,0,25,0.48752281069755554,0.6721317172050476,0.33884570002555847,0,26,0.35013294219970703,0.5726411938667297,0.1654585301876068,0,27,0.4045274555683136,0.6556031703948975,0.7439098954200745,0,28,0.25914597511291504,0.5895670056343079,0.5087343454360962,0,29,0.39245840907096863,0.6222119927406311,0.7854638695716858,0,30,0.2393270879983902,0.5708871483802795,0.5408181548118591,0,31,0.376695454120636,0.7367391586303711,0.808955192565918,0,32,0.23381172120571136,0.6856521964073181,0.5050356388092041,0
0,0.7817668318748474,0.5750966668128967,-0.46222448348999023,0,1,0.8081125617027283,0.5707308650016785,-0.46178629994392395,0,2,0.810770571231842,0.5711774230003357,-0.4619884490966797,0,3,0.7998568415641785,0.5619948506355286,-0.46232619881629944,0,4,0.7969179749488831,0.5543444752693176,-0.5058169364929199,0,5,0.7947731018066406,0.5478422045707703,-0.505970299243927,0,6,0.7908326387405396,0.5328642725944519,-0.5059934854507446,0,7,0.7999676465988159,0.5009779334068298,-0.39366012811660767,0,8,0.7628166079521179,0.43711498379707336,-0.5860621929168701,0,9,0.759436309337616,0.5527471899986267,-0.4229796826839447,0,10,0.7488625049591064,0.531596302986145,-0.47909900546073914,0,11,0.7818400859832764,0.41118183732032776,-0.2940782606601715,0,12,0.6203597784042358,0.3020147383213043,-0.5256859064102173,0,13,0.7040985226631165,0.5311302542686462,-0.09871897101402283,0,14,0.45539528131484985,0.4746427834033966,-0.4320034682750702,0,15,0.7333869338035583,0.7158274054527283,-0.06259274482727051,0,16,0.5313211679458618,0.7898700833320618,-0.38780391216278076,0,17,0.7609197497367859,0.7332593202590942,-0.08178341388702393,0,18,0.5285075306892395,0.8533826470375061,-0.4459967315196991,0,19,0.7619439959526062,0.733309268951416,-0.12474830448627472,0,20,0.5741752982139587,0.8553308844566345,-0.44282016158103943,0,21,0.7464635372161865,0.7322694063186646,-0.08147018402814865,0,22,0.5874090194702148,0.8221973180770874,-0.3907276690006256,0,23,0.5313984155654907,0.4973832368850708,0.09065543115139008,0,24,0.4459553062915802,0.4274768531322479,-0.09011194109916687,0,25,0.49334993958473206,0.7395555377006531,0.35240256786346436,0,26,0.3443213403224945,0.5927789807319641,0.16710463166236877,0,27,0.39473259449005127,0.6649658679962158,0.7432655096054077,0,28,0.255001038312912,0.5860438942909241,0.4903954863548279,0,29,0.3844190239906311,0.6286328434944153,0.7833073735237122,0,30,0.23511382937431335,0.5692427158355713,0.5213515162467957,0,31,0.35987016558647156,0.7362039089202881,0.8092929720878601,0,32,0.22361455857753754,0.6854677200317383,0.49665483832359314,0
0,0.7672962546348572,0.5754277110099792,-0.44079744815826416,0,1,0.7943657040596008,0.5601025223731995,-0.44130462408065796,0,2,0.7974342107772827,0.5595085620880127,-0.4414713978767395,0,3,0.7928085327148438,0.5637729167938232,-0.4417673647403717,0,4,0.786514401435852,0.5495966076850891,-0.4864625632762909,0,5,0.7841746211051941,0.5373903512954712,-0.4866155982017517,0,6,0.7821384072303772,0.5284039378166199,-0.4866698682308197,0,7,0.7964867353439331,0.5034419894218445,-0.37781018018722534,0,8,0.7642974853515625,0.4344572424888611,-0.5769739151000977,0,9,0.7520397901535034,0.5420631170272827,-0.4031126797199249,0,10,0.7439879775047302,0.5276526212692261,-0.46124154329299927,0,11,0.7809509038925171,0.4214661717414856,-0.27956050634384155,0,12,0.6222087740898132,0.2929074168205261,-0.5162477493286133,0,13,0.7045497894287109,0.5473496913909912,-0.07708966732025146,0,14,0.45445650815963745,0.46733298897743225,-0.42328208684921265,0,15,0.7308455109596252,0.7353864312171936,-0.0274623092263937,0,16,0.5181131958961487,0.7812186479568481,-0.36402204632759094,0,17,0.7595347762107849,0.7543401718139648,-0.04106665775179863,0,18,0.515365719795227,0.8316378593444824,-0.41416963934898376,0,19,0.7618882656097412,0.7549715638160706,-0.08339989185333252,0,20,0.5464721918106079,0.8548222780227661,-0.4076610505580902,0,21,0.7461549639701843,0.7535193562507629,-0.04511282593011856,0,22,0.5555546283721924,0.8168022036552429,-0.3636546730995178,0,23,0.5273663997650146,0.5244892239570618,0.09069854766130447,0,24,0.44061368703842163,0.44796493649482727,-0.09015538543462753,0,25,0.496719092130661,0.7469476461410522,0.35298189520835876,0,26,0.33393433690071106,0.6136248111724854,0.16363348066806793,0,27,0.39284592866897583,0.6649553775787354,0.7363536953926086,0,28,0.2566004991531372,0.5841118097305298,0.4805309474468231,0,29,0.38461795449256897,0.6157299280166626,0.7748680710792542,0,30,0.24194034934043884,0.5678653120994568,0.5111400485038757,0,31,0.3533227741718292,0.7288984060287476,0.8064804077148438,0,32,0.22404460608959198,0.680204451084137,0.48990753293037415,0
0,0.7616643309593201,0.5669814944267273,-0.435263991355896,0,1,0.7828149199485779,0.5456703901290894,-0.4409995973110199,0,2,0.785566508769989,0.5450118184089661,-0.4411548376083374,0,3,0.7835165858268738,0.5520076751708984,-0.44137808680534363,0,4,0.7749353051185608,0.5359603762626648,-0.482475608587265,0,5,0.7725473046302795,0.5215418934822083,-0.482693076133728,0,6,0.7705251574516296,0.5134024024009705,-0.48275327682495117,0,7,0.7862842679023743,0.5031765699386597,-0.38668006658554077,0,8,0.7532225251197815,0.43261727690696716,-0.5712884068489075,0,9,0.74260413646698,0.5203945636749268,-0.3996688425540924,0,10,0.7336065769195557,0.5028652548789978,-0.4533347189426422,0,11,0.7759955525398254,0.41548264026641846,-0.28524330258369446,0,12,0.6199789643287659,0.2899477183818817,-0.5118407011032104,0,13,0.7019113898277283,0.5523322224617004,-0.0706975907087326,0,14,0.4540497958660126,0.47043976187705994,-0.41698819398880005,0,15,0.7220981121063232,0.7408111095428467,-0.023445526137948036,0,16,0.5188748836517334,0.7812830805778503,-0.353365033864975,0,17,0.749991238117218,0.7551660537719727,-0.03773169964551926,0,18,0.526967465877533,0.8315266966819763,-0.4038318991661072,0,19,0.7501484155654907,0.7576108574867249,-0.08084860444068909,0,20,0.560401976108551,0.8506948947906494,-0.39196357131004333,0,21,0.7163811922073364,0.781214714050293,-0.040995147079229355,0,22,0.5676124691963196,0.816320538520813,-0.35029488801956177,0,23,0.5215465426445007,0.5394399762153625,0.09075839817523956,0,24,0.4368259608745575,0.46726685762405396,-0.0902305319905281,0,25,0.4799056351184845,0.719817042350769,0.39664942026138306,0,26,0.3272583782672882,0.6213581562042236,0.19533292949199677,0,27,0.39257508516311646,0.6582897305488586,0.796911895275116,0,28,0.2551616430282593,0.583031177520752,0.5569477677345276,0,29,0.3860965669155121,0.6173262000083923,0.8374432921409607,0,30,0.2443106323480606,0.5621681809425354,0.591736376285553,0,31,0.3535643517971039,0.7239489555358887,0.8520980477333069,0,32,0.22378532588481903,0.6772426962852478,0.5689635872840881,0
0,0.763458251953125,0.563660740852356,-0.3800109028816223,0,1,0.781467080116272,0.5513190627098083,-0.3949221074581146,0,2,0.7846048474311829,0.5506709814071655,-0.39504560828208923,0,3,0.7861822247505188,0.5520687699317932,-0.39521360397338867,0,4,0.7748631834983826,0.5467351675033569,-0.43022140860557556,0,5,0.773701548576355,0.5415238738059998,-0.43044206500053406,0,6,0.7711633443832397,0.5259317755699158,-0.43052351474761963,0,7,0.7913621664047241,0.5014235973358154,-0.3753792643547058,0,8,0.7683699727058411,0.45237961411476135,-0.5341001749038696,0,9,0.7519665956497192,0.5135147571563721,-0.35742318630218506,0,10,0.7437170147895813,0.5067304372787476,-0.4031622111797333,0,11,0.7810292840003967,0.3971344828605652,-0.286965012550354,0,12,0.6279884576797485,0.30531802773475647,-0.47531023621559143,0,13,0.7037327885627747,0.5424365401268005,-0.03418035805225372,0,14,0.4558785557746887,0.47554588317871094,-0.36970141530036926,0,15,0.7221126556396484,0.721393883228302,0.06569141894578934,0,16,0.5182064175605774,0.7778252363204956,-0.31111451983451843,0,17,0.7495535016059875,0.7465473413467407,0.0590512715280056,0,18,0.525789201259613,0.8263276219367981,-0.35861068964004517,0,19,0.7500283718109131,0.7565439939498901,0.008444990031421185,0,20,0.5592570900917053,0.8509561419487,-0.35484400391578674,0,21,0.7185178995132446,0.7697553634643555,0.04711475595831871,0,22,0.570400059223175,0.8144841194152832,-0.3117976486682892,0,23,0.5216481685638428,0.5288779735565186,0.08781879395246506,0,24,0.44094619154930115,0.47918373346328735,-0.08736685663461685,0,25,0.47188112139701843,0.7064847350120544,0.3742194175720215,0,26,0.33028125762939453,0.6180867552757263,0.19220468401908875,0,27,0.3919912874698639,0.673067033290863,0.7508679032325745,0,28,0.2508437931537628,0.5817145705223083,0.5298824906349182,0,29,0.3857020139694214,0.6399843692779541,0.7873420119285583,0,30,0.24272511899471283,0.5596945881843567,0.5610924959182739,0,31,0.35078075528144836,0.7193724513053894,0.789750874042511,0,32,0.2205919623374939,0.6690688729286194,0.541913628578186,0
0,0.7595457434654236,0.5803403854370117,-0.3640490770339966,0,1,0.7789887189865112,0.5633681416511536,-0.37442344427108765,0,2,0.7841783761978149,0.5594585537910461,-0.3745504915714264,0,3,0.7841283679008484,0.5711824893951416,-0.37471896409988403,0,4,0.7734633684158325,0.5546674132347107,-0.4121725857257843,0,5,0.7726810574531555,0.5494877099990845,-0.41238781809806824,0,6,0.7702659964561462,0.5348706841468811,-0.41244930028915405,0,7,0.790903627872467,0.5162326097488403,-0.3461296260356903,0,8,0.7616725564002991,0.45838430523872375,-0.5149819254875183,0,9,0.7477115988731384,0.5276007056236267,-0.33868247270584106,0,10,0.7416083216667175,0.5109020471572876,-0.38760435581207275,0,11,0.78263920545578,0.4044176936149597,-0.27149417996406555,0,12,0.6254845857620239,0.3015081584453583,-0.4513288140296936,0,13,0.7042858004570007,0.5358477234840393,-0.0221824012696743,0,14,0.456677109003067,0.47851261496543884,-0.3576781451702118,0,15,0.721091091632843,0.7116155028343201,0.07087937742471695,0,16,0.514140784740448,0.7726369500160217,-0.31326302886009216,0,17,0.7473806738853455,0.7448746562004089,0.06437535583972931,0,18,0.520226240158081,0.8211890459060669,-0.3598250448703766,0,19,0.7463114857673645,0.7561051249504089,0.02262505516409874,0,20,0.5576305985450745,0.8483759760856628,-0.35247093439102173,0,21,0.7217420935630798,0.7588561177253723,0.056010644882917404,0,22,0.5701491832733154,0.8101969361305237,-0.312221884727478,0,23,0.5204088687896729,0.5444868803024292,0.08515894412994385,0,24,0.4397723376750946,0.4881446659564972,-0.08468303084373474,0,25,0.44977667927742004,0.70037841796875,0.35257306694984436,0,26,0.3263251483440399,0.6228228807449341,0.17736230790615082,0,27,0.3911336660385132,0.6653423309326172,0.7015896439552307,0,28,0.2460227757692337,0.5857641696929932,0.4833393692970276,0,29,0.3798263370990753,0.6335269808769226,0.7364043593406677,0,30,0.2420213222503662,0.5600249767303467,0.5115406513214111,0,31,0.34457865357398987,0.7171751856803894,0.7439770102500916,0,32,0.21725992858409882,0.6694161295890808,0.48861825466156006,0
0,0.7681676745414734,0.5653397440910339,-0.34452784061431885,0,1,0.7864149808883667,0.5517672896385193,-0.3488917648792267,0,2,0.7891119718551636,0.5492799282073975,-0.34899502992630005,0,3,0.7900134921073914,0.5544555187225342,-0.3491171598434448,0,4,0.7829579710960388,0.544318437576294,-0.3883959650993347,0,5,0.782642126083374,0.5385952591896057,-0.38863202929496765,0,6,0.780681848526001,0.5255106091499329,-0.38868486881256104,0,7,0.7940207123756409,0.5039440393447876,-0.3066643178462982,0,8,0.7649586796760559,0.454433798789978,-0.4849768280982971,0,9,0.7521058917045593,0.5201444029808044,-0.31656280159950256,0,10,0.7480527758598328,0.5276073217391968,-0.3680267333984375,0,11,0.7779939770698547,0.39339861273765564,-0.2367761880159378,0,12,0.6259082555770874,0.3049159348011017,-0.42956891655921936,0,13,0.7043266296386719,0.5336474180221558,-0.008337470702826977,0,14,0.4569428861141205,0.48019975423812866,-0.35332927107810974,0,15,0.7212560176849365,0.7048079967498779,0.050750430673360825,0,16,0.5164926648139954,0.7719787955284119,-0.3225271999835968,0,17,0.7477179169654846,0.7360885739326477,0.04148602485656738,0,18,0.5205616354942322,0.8161275386810303,-0.37114742398262024,0,19,0.7468170523643494,0.7463687062263489,-0.0013843118213117123,0,20,0.5582936406135559,0.8271825909614563,-0.36448079347610474,0,21,0.7223003506660461,0.7466878890991211,0.03442452847957611,0,22,0.5701330900192261,0.8058311343193054,-0.32250916957855225,0,23,0.5184377431869507,0.5319784283638,0.0856141522526741,0,24,0.4385783076286316,0.4885818064212799,-0.08514617383480072,0,25,0.4200214445590973,0.6788872480392456,0.35328617691993713,0,26,0.3266458213329315,0.6171156764030457,0.17577196657657623,0,27,0.35175877809524536,0.6597484350204468,0.680847704410553,0,28,0.24548721313476562,0.586601972579956,0.47586876153945923,0,29,0.34041252732276917,0.6319829225540161,0.7122399210929871,0,30,0.24034446477890015,0.5599092841148376,0.5031996369361877,0,31,0.3258180022239685,0.7158469557762146,0.714154839515686,0,32,0.22102336585521698,0.670007050037384,0.48290500044822693,0
0,0.7683926820755005,0.5610195398330688,-0.3374132215976715,0,1,0.7852423787117004,0.5505732297897339,-0.34022706747055054,0,2,0.7875301837921143,0.5490142107009888,-0.3403269350528717,0,3,0.7887282967567444,0.5509768724441528,-0.3404400646686554,0,4,0.7807779312133789,0.5449489951133728,-0.3796595633029938,0,5,0.7805885076522827,0.5392454862594604,-0.37989699840545654,0,6,0.7789294719696045,0.5279583930969238,-0.37993547320365906,0,7,0.7928164601325989,0.5075350403785706,-0.29299449920654297,0,8,0.762107789516449,0.4604986608028412,-0.471274733543396,0,9,0.7508929967880249,0.5239570736885071,-0.30819690227508545,0,10,0.747126042842865,0.5171236395835876,-0.35960593819618225,0,11,0.7750116586685181,0.3913315236568451,-0.22877812385559082,0,12,0.6238170266151428,0.31098300218582153,-0.4194694757461548,0,13,0.7058082222938538,0.5336387753486633,-0.014850467443466187,0,14,0.4576711058616638,0.48139241337776184,-0.35446155071258545,0,15,0.7220795154571533,0.7043792009353638,0.03201931715011597,0,16,0.5173168182373047,0.7721655368804932,-0.3302422761917114,0,17,0.7480248808860779,0.7360818386077881,0.0201127827167511,0,18,0.5236690044403076,0.8176140189170837,-0.3799232542514801,0,19,0.7471760511398315,0.7458588480949402,-0.022996818646788597,0,20,0.5600477457046509,0.8235926032066345,-0.3726799190044403,0,21,0.722659707069397,0.7441846132278442,0.015152763575315475,0,22,0.5706177949905396,0.8056599497795105,-0.3302716910839081,0,23,0.5140191912651062,0.5327873826026917,0.08574347198009491,0,24,0.43830034136772156,0.498948335647583,-0.08531581610441208,0,25,0.40958172082901,0.6667003631591797,0.35355085134506226,0,26,0.3267064392566681,0.6163877844810486,0.1703062802553177,0,27,0.3380829393863678,0.6541840434074402,0.6691984534263611,0,28,0.23981262743473053,0.5848032832145691,0.46102631092071533,0,29,0.3270326554775238,0.626775324344635,0.6998490691184998,0,30,0.235102117061615,0.5505681037902832,0.48730552196502686,0,31,0.31572502851486206,0.708745539188385,0.7014883160591125,0,32,0.22072383761405945,0.6620966792106628,0.46569541096687317,0
0,0.7747708559036255,0.5588630437850952,-0.33089539408683777,0,1,0.7923629879951477,0.5492048263549805,-0.33199670910835266,0,2,0.7941568493843079,0.5480390191078186,-0.3321283459663391,0,3,0.8001021146774292,0.5478613972663879,-0.332265704870224,0,4,0.788104236125946,0.5420516729354858,-0.37159013748168945,0,5,0.7876007556915283,0.5367839336395264,-0.3718281090259552,0,6,0.786309003829956,0.5299503803253174,-0.37186190485954285,0,7,0.7971943020820618,0.5052347779273987,-0.2831457257270813,0,8,0.7740678191184998,0.46470728516578674,-0.4607866704463959,0,9,0.758618950843811,0.525153636932373,-0.3015761077404022,0,10,0.7546659708023071,0.5128555297851562,-0.35282614827156067,0,11,0.7739601731300354,0.3913361728191376,-0.2190687507390976,0,12,0.6237208843231201,0.3200143277645111,-0.4142855703830719,0,13,0.7052063345909119,0.5332223773002625,-0.0032887286506593227,0,14,0.4593268930912018,0.4868326187133789,-0.3501816391944885,0,15,0.7232933044433594,0.7009257674217224,0.0400351919233799,0,16,0.5237089395523071,0.7724282145500183,-0.3369618356227875,0,17,0.7491464018821716,0.7284780740737915,0.02860630862414837,0,18,0.5278707146644592,0.8182780742645264,-0.3889552652835846,0,19,0.7490032315254211,0.7353533506393433,-0.016594665125012398,0,20,0.5697855353355408,0.8214249610900879,-0.3821427524089813,0,21,0.7289170026779175,0.7344637513160706,0.02228107862174511,0,22,0.5818380117416382,0.8056396842002869,-0.3373037576675415,0,23,0.5093445777893066,0.54068523645401,0.08408568799495697,0,24,0.43686097860336304,0.504868745803833,-0.08369879424571991,0,25,0.4087084233760834,0.6614494323730469,0.3520126938819885,0,26,0.32801663875579834,0.6167589426040649,0.17131689190864563,0,27,0.3439026176929474,0.6561940908432007,0.6680894494056702,0,28,0.2407882809638977,0.592503011226654,0.4696894884109497,0,29,0.3338777720928192,0.6305327415466309,0.6998904347419739,0,30,0.23563270270824432,0.5608978271484375,0.49718549847602844,0,31,0.31738588213920593,0.7080459594726562,0.7060273289680481,0,32,0.22069375216960907,0.6654419898986816,0.47476041316986084,0
0,0.7713478207588196,0.5572144389152527,-0.3757480978965759,0,1,0.7892954349517822,0.5476109981536865,-0.3700477182865143,0,2,0.7913298010826111,0.5469158887863159,-0.3701702654361725,0,3,0.7958053350448608,0.5446418523788452,-0.3704318702220917,0,4,0.7848827838897705,0.5344380736351013,-0.4115690588951111,0,5,0.7838118672370911,0.5194064974784851,-0.4117390215396881,0,6,0.7824163436889648,0.5119723081588745,-0.41176071763038635,0,7,0.7947303652763367,0.503307580947876,-0.3089810609817505,0,8,0.7684171795845032,0.4391441345214844,-0.4732377827167511,0,9,0.7549746036529541,0.5218085646629333,-0.33366858959198,0,10,0.750503659248352,0.5123598575592041,-0.38710251450538635,0,11,0.7728753685951233,0.3965528905391693,-0.23777379095554352,0,12,0.6191681623458862,0.31147336959838867,-0.43437162041664124,0,13,0.7001333832740784,0.5390903353691101,-0.02399185486137867,0,14,0.45745187997817993,0.48697802424430847,-0.3640933334827423,0,15,0.7226755023002625,0.7011563777923584,0.030666876584291458,0,16,0.5245307087898254,0.7744293808937073,-0.35177651047706604,0,17,0.750173032283783,0.7248026132583618,0.018795480951666832,0,18,0.529829204082489,0.820550262928009,-0.40491095185279846,0,19,0.7506008744239807,0.7324123382568359,-0.02707904390990734,0,20,0.5701695084571838,0.8211005330085754,-0.3883329927921295,0,21,0.7302430272102356,0.7342578768730164,0.012171659618616104,0,22,0.5777538418769836,0.8059201836585999,-0.34839928150177,0,23,0.5114715695381165,0.5442206859588623,0.0837043896317482,0,24,0.43611955642700195,0.49481087923049927,-0.08331166952848434,0,25,0.4690570533275604,0.7094984650611877,0.35243135690689087,0,26,0.32448819279670715,0.6238833665847778,0.17133018374443054,0,27,0.4078088104724884,0.6658145785331726,0.670473039150238,0,28,0.24082301557064056,0.5919153094291687,0.47584161162376404,0,29,0.40064260363578796,0.6327285170555115,0.7047284245491028,0,30,0.2351677566766739,0.5604894161224365,0.5044490098953247,0,31,0.37846142053604126,0.7129514813423157,0.7622305154800415,0,32,0.21974128484725952,0.6648903489112854,0.4753390848636627,0
0,0.7753433585166931,0.5553322434425354,-0.39365899562835693,0,1,0.7942401766777039,0.5453713536262512,-0.3897181451320648,0,2,0.7959393262863159,0.5439203977584839,-0.3898586928844452,0,3,0.798332929611206,0.5426334738731384,-0.39015230536460876,0,4,0.7877071499824524,0.5280944108963013,-0.4343821704387665,0,5,0.7861106395721436,0.5152263641357422,-0.4345940351486206,0,6,0.782913088798523,0.5030831098556519,-0.4346512258052826,0,7,0.7939576506614685,0.5008368492126465,-0.3230443596839905,0,8,0.7696701884269714,0.4239741265773773,-0.5175069570541382,0,9,0.7545159459114075,0.5200724005699158,-0.3549709916114807,0,10,0.7489960789680481,0.5026205778121948,-0.4121186137199402,0,11,0.7721226215362549,0.3939620554447174,-0.24281303584575653,0,12,0.6204928755760193,0.2678455710411072,-0.4750477075576782,0,13,0.6860665082931519,0.5374771356582642,-0.03476420417428017,0,14,0.45356306433677673,0.4767211377620697,-0.3998209834098816,0,15,0.722176730632782,0.6955133676528931,0.02650613896548748,0,16,0.5250688195228577,0.7759018540382385,-0.3704126477241516,0,17,0.750020444393158,0.7100890278816223,0.01760091446340084,0,18,0.532710611820221,0.8276457190513611,-0.4220864176750183,0,19,0.7506467700004578,0.7163261771202087,-0.02376476302742958,0,20,0.5757297873497009,0.8266149759292603,-0.3932902216911316,0,21,0.7309720516204834,0.7209535241127014,0.009841030463576317,0,22,0.5803447365760803,0.8065289258956909,-0.36340731382369995,0,23,0.5115407705307007,0.5430737137794495,0.0839100107550621,0,24,0.4338051378726959,0.486269474029541,-0.0835227221250534,0,25,0.4755508601665497,0.7146056294441223,0.3586336374282837,0,26,0.3232802748680115,0.6194647550582886,0.17809952795505524,0,27,0.4127954840660095,0.6650854349136353,0.723396360874176,0,28,0.2555600106716156,0.5844175219535828,0.5101797580718994,0,29,0.4062846601009369,0.6303562521934509,0.761838972568512,0,30,0.2498086839914322,0.5564022064208984,0.5424195528030396,0,31,0.37197360396385193,0.7152764797210693,0.8012101054191589,0,32,0.22376279532909393,0.6620933413505554,0.5301082134246826,0
0,0.7767909169197083,0.553199827671051,-0.4254455864429474,0,1,0.7960076928138733,0.5432814359664917,-0.425573468208313,0,2,0.7981385588645935,0.5420511960983276,-0.42570027709007263,0,3,0.8003805875778198,0.5413575172424316,-0.4259205758571625,0,4,0.790256142616272,0.5287411212921143,-0.47105178236961365,0,5,0.7877777218818665,0.516021728515625,-0.4713191092014313,0,6,0.7855883836746216,0.5061373114585876,-0.47138845920562744,0,7,0.7960994839668274,0.49793288111686707,-0.3665402829647064,0,8,0.7734279632568359,0.4239692986011505,-0.5701605081558228,0,9,0.755875825881958,0.519049346446991,-0.3901594877243042,0,10,0.7513002157211304,0.5033363699913025,-0.44903674721717834,0,11,0.7739458680152893,0.3928273618221283,-0.2734382450580597,0,12,0.6220373511314392,0.24227574467658997,-0.5204236507415771,0,13,0.6874358057975769,0.535455584526062,-0.05949288234114647,0,14,0.4522043466567993,0.4709145128726959,-0.44017699360847473,0,15,0.7235069274902344,0.695472002029419,0.003389141522347927,0,16,0.5224096179008484,0.7744765877723694,-0.394977867603302,0,17,0.7519174814224243,0.7124160528182983,-0.0020672727841883898,0,18,0.529455304145813,0.8276724219322205,-0.4452923536300659,0,19,0.7534233331680298,0.7185792326927185,-0.02546260692179203,0,20,0.5629359483718872,0.8265306949615479,-0.4198232591152191,0,21,0.7399938106536865,0.7173846364021301,-0.008790257386863232,0,22,0.5708809494972229,0.8058779239654541,-0.38791969418525696,0,23,0.5306656360626221,0.5491081476211548,0.08646693080663681,0,24,0.4325188398361206,0.4818008542060852,-0.08601836860179901,0,25,0.4704294204711914,0.705863356590271,0.3872317373752594,0,26,0.32418596744537354,0.6186878681182861,0.19006887078285217,0,27,0.40363141894340515,0.6684776544570923,0.7723824977874756,0,28,0.2637001872062683,0.5842893719673157,0.5448267459869385,0,29,0.397180438041687,0.6332598924636841,0.8119150996208191,0,30,0.2570388913154602,0.5562825798988342,0.5790293216705322,0,31,0.36477959156036377,0.7253335118293762,0.8344736695289612,0,32,0.23910777270793915,0.668723464012146,0.5632417798042297,0
0,0.7764358520507812,0.5504001379013062,-0.425627738237381,0,1,0.7954372763633728,0.5416469573974609,-0.4255143404006958,0,2,0.7977988123893738,0.5404191613197327,-0.4256472885608673,0,3,0.8000929951667786,0.5386587977409363,-0.42584481835365295,0,4,0.7884171009063721,0.5278288125991821,-0.4710499346256256,0,5,0.7861722111701965,0.5159109830856323,-0.47131386399269104,0,6,0.7838375568389893,0.5063762068748474,-0.47138530015945435,0,7,0.7963147759437561,0.49584153294563293,-0.3664504587650299,0,8,0.7718998193740845,0.4256548583507538,-0.5698386430740356,0,9,0.755657434463501,0.5180342197418213,-0.39089733362197876,0,10,0.7508920431137085,0.5032433867454529,-0.4498407542705536,0,11,0.7733603119850159,0.39157888293266296,-0.27167707681655884,0,12,0.6168932318687439,0.2378745973110199,-0.5241665244102478,0,13,0.6877409219741821,0.5341019034385681,-0.07447858899831772,0,14,0.4528540074825287,0.47590744495391846,-0.4573553204536438,0,15,0.7252968549728394,0.6926037073135376,-0.055896420031785965,0,16,0.5431163311004639,0.8060861825942993,-0.4200829565525055,0,17,0.7524473667144775,0.7106093764305115,-0.06805132329463959,0,18,0.5555961728096008,0.8616175055503845,-0.4738401174545288,0,19,0.7549099326133728,0.7197951078414917,-0.09597601741552353,0,20,0.5801287293434143,0.8415053486824036,-0.4535341262817383,0,21,0.7410176396369934,0.7151438593864441,-0.06951472908258438,0,22,0.5890589952468872,0.8228587508201599,-0.4147290289402008,0,23,0.5332719087600708,0.5432546138763428,0.09054402261972427,0,24,0.4324277639389038,0.4786699712276459,-0.09009743481874466,0,25,0.4486713707447052,0.6908777952194214,0.38662004470825195,0,26,0.3233030438423157,0.6183454990386963,0.1881280392408371,0,27,0.3880486786365509,0.6660522818565369,0.7564437389373779,0,28,0.25934478640556335,0.5892821550369263,0.5368247628211975,0,29,0.3767646253108978,0.6424949169158936,0.7945998311042786,0,30,0.25668081641197205,0.5606421828269958,0.5744342803955078,0,31,0.3584654927253723,0.7421821355819702,0.8292484879493713,0,32,0.23897908627986908,0.6852954030036926,0.5248440504074097,0
0,0.7718521356582642,0.5336189270019531,-0.432231068611145,0,1,0.7914209961891174,0.5250945687294006,-0.4319848418235779,0,2,0.7949520945549011,0.5242080688476562,-0.43209969997406006,0,3,0.798551619052887,0.5243900418281555,-0.4323001503944397,0,4,0.7844668626785278,0.5125585794448853,-0.4794825613498688,0,5,0.7818717956542969,0.5016531348228455,-0.47975775599479675,0,6,0.7794526219367981,0.4929972290992737,-0.479799747467041,0,7,0.7956508994102478,0.47724857926368713,-0.36842861771583557,0,8,0.765682578086853,0.40675273537635803,-0.5804459452629089,0,9,0.7530543208122253,0.5086234211921692,-0.39514806866645813,0,10,0.7465906739234924,0.4889393448829651,-0.4564407467842102,0,11,0.7737439870834351,0.3662164509296417,-0.27419281005859375,0,12,0.61740642786026,0.2109851986169815,-0.5240328311920166,0,13,0.6969163417816162,0.5314160585403442,-0.07713139057159424,0,14,0.4531286358833313,0.45976322889328003,-0.45823559165000916,0,15,0.7282323241233826,0.6929783821105957,-0.0462067648768425,0,16,0.5436894297599792,0.8055278062820435,-0.42029207944869995,0,17,0.7567391991615295,0.7112177610397339,-0.057906027883291245,0,18,0.553387463092804,0.8633614778518677,-0.47396379709243774,0,19,0.7559176683425903,0.7226580381393433,-0.09242889285087585,0,20,0.5822737216949463,0.8443552851676941,-0.4561685621738434,0,21,0.7410271763801575,0.7153284549713135,-0.06125084310770035,0,22,0.588257372379303,0.8257003426551819,-0.41559162735939026,0,23,0.5354228615760803,0.5392137765884399,0.09086772799491882,0,24,0.43157097697257996,0.4771224856376648,-0.09044601023197174,0,25,0.435676246881485,0.6658104062080383,0.3830333352088928,0,26,0.32519179582595825,0.6138728857040405,0.18378715217113495,0,27,0.37867972254753113,0.6672700643539429,0.7503623962402344,0,28,0.2606290280818939,0.5889877676963806,0.5195320844650269,0,29,0.3659629225730896,0.6428040266036987,0.7849063873291016,0,30,0.2537918984889984,0.5607409477233887,0.5525678992271423,0,31,0.3583082854747772,0.7511439323425293,0.7979891896247864,0,32,0.2481452077627182,0.6878900527954102,0.5116876363754272,0
0,0.7621010541915894,0.5009081959724426,-0.4346393644809723,0,1,0.7837774753570557,0.4974769353866577,-0.43352481722831726,0,2,0.7875939011573792,0.4987086057662964,-0.43363156914711,0,3,0.7924449443817139,0.49915844202041626,-0.4338437616825104,0,4,0.7751306891441345,0.4813369810581207,-0.48123452067375183,0,5,0.7727148532867432,0.47190943360328674,-0.48150622844696045,0,6,0.7693945169448853,0.46139147877693176,-0.4815464913845062,0,7,0.794785737991333,0.4461805522441864,-0.36802253127098083,0,8,0.7597060799598694,0.3724502623081207,-0.579255223274231,0,9,0.7471970915794373,0.48219162225723267,-0.39710095524787903,0,10,0.7386389374732971,0.4560668468475342,-0.4584601819515228,0,11,0.7688980102539062,0.35229331254959106,-0.2733708918094635,0,12,0.6173430681228638,0.19109003245830536,-0.5264819264411926,0,13,0.697055459022522,0.5300655364990234,-0.07568924874067307,0,14,0.45318523049354553,0.4518979787826538,-0.4652070105075836,0,15,0.7298799753189087,0.688600480556488,-0.032181914895772934,0,16,0.5431328415870667,0.804573118686676,-0.4257735013961792,0,17,0.756945788860321,0.7087225317955017,-0.03834526985883713,0,18,0.5481094717979431,0.8620802164077759,-0.47836729884147644,0,19,0.7557588219642639,0.7181610465049744,-0.06715121865272522,0,20,0.5802508592605591,0.8447814583778381,-0.4592534899711609,0,21,0.7409763336181641,0.7148914337158203,-0.043951746076345444,0,22,0.5833709239959717,0.8270155787467957,-0.41988101601600647,0,23,0.5325738787651062,0.5368676781654358,0.09058228135108948,0,24,0.4302363097667694,0.47165587544441223,-0.090191550552845,0,25,0.4136139154434204,0.6517743468284607,0.37380513548851013,0,26,0.3239782154560089,0.602508008480072,0.18127648532390594,0,27,0.34161433577537537,0.6275876760482788,0.7200950980186462,0,28,0.2603519558906555,0.5780370235443115,0.5106450319290161,0,29,0.3379483222961426,0.6392787098884583,0.7534824013710022,0,30,0.2500282824039459,0.5504598021507263,0.5413153171539307,0,31,0.34007251262664795,0.7455940246582031,0.7521119713783264,0,32,0.24490337073802948,0.6688359379768372,0.5030999779701233,0
0,0.7610000371932983,0.46390458941459656,-0.4304564893245697,0,1,0.7823632955551147,0.45909053087234497,-0.4317423403263092,0,2,0.786331057548523,0.4605650305747986,-0.43186265230178833,0,3,0.7906224131584167,0.46085113286972046,-0.43206900358200073,0,4,0.7732149362564087,0.4464266002178192,-0.4765733480453491,0,5,0.7704405188560486,0.4383876323699951,-0.4768250584602356,0,6,0.7666946649551392,0.4290233254432678,-0.47686681151390076,0,7,0.7945833206176758,0.4086206555366516,-0.3608219027519226,0,8,0.7590484619140625,0.3416065275669098,-0.5728009939193726,0,9,0.7461870312690735,0.4460580050945282,-0.39529943466186523,0,10,0.7370815277099609,0.4217230975627899,-0.45347222685813904,0,11,0.7641288042068481,0.322125107049942,-0.26075229048728943,0,12,0.6173049211502075,0.18776121735572815,-0.5201351046562195,0,13,0.6989307999610901,0.5061333179473877,-0.07352171093225479,0,14,0.45556285977363586,0.4458681344985962,-0.46247947216033936,0,15,0.7293705344200134,0.6921246647834778,-0.03557780757546425,0,16,0.541818380355835,0.8032194375991821,-0.43570566177368164,0,17,0.7566937208175659,0.7107680439949036,-0.046286337077617645,0,18,0.5483387112617493,0.8623107075691223,-0.49038752913475037,0,19,0.7549837231636047,0.7195143103599548,-0.08308134973049164,0,20,0.5811331868171692,0.845568835735321,-0.4745554029941559,0,21,0.7408611178398132,0.7162190079689026,-0.051458533853292465,0,22,0.5869233012199402,0.8270108699798584,-0.431330144405365,0,23,0.5280702710151672,0.5352683067321777,0.0913952961564064,0,24,0.42743006348609924,0.4643063545227051,-0.09106194227933884,0,25,0.38833338022232056,0.6111377477645874,0.3710656762123108,0,26,0.31978389620780945,0.5883090496063232,0.17840877175331116,0,27,0.3222515285015106,0.6067487597465515,0.7112758159637451,0,28,0.25493839383125305,0.5750402212142944,0.5052250623703003,0,29,0.30375635623931885,0.5903903245925903,0.7441366910934448,0,30,0.24270464479923248,0.5460813641548157,0.534930408000946,0,31,0.32091957330703735,0.7380104660987854,0.7378880977630615,0,32,0.24388284981250763,0.6691616773605347,0.49780189990997314,0
0,0.7299737334251404,0.3771730065345764,-0.43951332569122314,0,1,0.7513759732246399,0.37915074825286865,-0.43897587060928345,0,2,0.7552831172943115,0.37978988885879517,-0.43913477659225464,0,3,0.7593947052955627,0.379748672246933,-0.4393741488456726,0,4,0.7417822480201721,0.3628617525100708,-0.4855908155441284,0,5,0.7390273809432983,0.3525584638118744,-0.48581603169441223,0,6,0.7352502942085266,0.3403666913509369,-0.4858045279979706,0,7,0.7674943208694458,0.31950101256370544,-0.36304330825805664,0,8,0.7340964674949646,0.2600501775741577,-0.5740122199058533,0,9,0.7204757332801819,0.3611103296279907,-0.3986135721206665,0,10,0.7100388407707214,0.3369532525539398,-0.45811229944229126,0,11,0.7493425607681274,0.2406483143568039,-0.2574079930782318,0,12,0.6063942313194275,0.1362645924091339,-0.5294507145881653,0,13,0.6979848742485046,0.4871942698955536,-0.11969595402479172,0,14,0.4681032598018646,0.44896888732910156,-0.5070433020591736,0,15,0.7292309403419495,0.7052832245826721,-0.189492329955101,0,16,0.5448687076568604,0.8091332912445068,-0.525282084941864,0,17,0.7622823715209961,0.7288698554039001,-0.21886762976646423,0,18,0.5598161220550537,0.8685188293457031,-0.5981946587562561,0,19,0.7580315470695496,0.7384933829307556,-0.27077943086624146,0,20,0.593990683555603,0.8457421660423279,-0.5793458223342896,0,21,0.7408190965652466,0.7360928058624268,-0.215053528547287,0,22,0.5974075198173523,0.8266189098358154,-0.52203768491745,0,23,0.5001053214073181,0.4549998939037323,0.0916435495018959,0,24,0.41154536604881287,0.41668063402175903,-0.09134235233068466,0,25,0.3644418716430664,0.56075519323349,0.35903576016426086,0,26,0.316224068403244,0.5616130828857422,0.1760336458683014,0,27,0.2870427370071411,0.5718098878860474,0.6854291558265686,0,28,0.23493483662605286,0.570142388343811,0.4971587359905243,0,29,0.2690642476081848,0.550991952419281,0.7164548635482788,0,30,0.22058255970478058,0.5436782240867615,0.5249280333518982,0,31,0.2758511006832123,0.7059492468833923,0.6901182532310486,0,32,0.2355901449918747,0.6724831461906433,0.48465433716773987,0
END PUSHUP
0,0.38311904668807983,0.6650151610374451,0.16438798606395721,0,1,0.3757965862751007,0.6759492754936218,0.18159009516239166,0,2,0.3708946406841278,0.6836026906967163,0.18150806427001953,0,3,0.3593376874923706,0.6798001527786255,0.1812542825937271,0,4,0.39555972814559937,0.6847413778305054,0.19308677315711975,0,5,0.39755138754844666,0.6849270462989807,0.19314424693584442,0,6,0.3994029760360718,0.6855125427246094,0.1927034556865692,0,7,0.3463844358921051,0.6610807180404663,0.27098673582077026,0,8,0.3933638334274292,0.6875579953193665,0.3216397166252136,0,9,0.38152870535850525,0.6358886957168579,0.19776040315628052,0,10,0.39964598417282104,0.6467885375022888,0.21236354112625122,0,11,0.29690927267074585,0.6140369772911072,0.1554403156042099,0,12,0.41909992694854736,0.5829777717590332,0.35105085372924805,0,13,0.3897745907306671,0.5987235903739929,0.025868970900774002,0,14,0.5080292224884033,0.5331823229789734,0.22700442373752594,0,15,0.5295236110687256,0.7491227388381958,0.09995339065790176,0,16,0.5493605136871338,0.6264632940292358,0.05801348388195038,0,17,0.5677292346954346,0.7786262035369873,0.08407625555992126,0,18,0.5631092190742493,0.6470620632171631,0.02365868166089058,0,19,0.5576015114784241,0.7834969162940979,0.11973660439252853,0,20,0.5589148998260498,0.6562657356262207,0.0355563648045063,0,21,0.5468616485595703,0.7624813914299011,0.11646903306245804,0,22,0.5466793775558472,0.6410627961158752,0.05286308377981186,0,23,0.3280264139175415,0.18344978988170624,-0.058083344250917435,0,24,0.4188632071018219,0.1773311346769333,0.05785919725894928,0,25,0.43340811133384705,0.029860002920031548,-0.24728178977966309,0,26,0.5997065305709839,0.05981486290693283,-0.08867967128753662,0,27,0.45279836654663086,-0.14182144403457642,0.09528163820505142,0,28,0.4859216511249542,-0.11259406805038452,0.21441727876663208,0,29,0.4465293288230896,-0.15209856629371643,0.13650354743003845,0,30,0.45685455203056335,-0.11588647961616516,0.2516845464706421,0,31,0.48031771183013916,-0.28129708766937256,0.14923399686813354,0,32,0.4974222481250763,-0.2527022361755371,0.27680835127830505,0
0,0.4019741415977478,0.7072257995605469,0.05724721401929855,0,1,0.39175936579704285,0.7348912954330444,0.06344607472419739,0,2,0.3848167657852173,0.7378028631210327,0.06329061090946198,0,3,0.37721583247184753,0.7401139140129089,0.06286657601594925,0,4,0.40909263491630554,0.72979736328125,0.07182838022708893,0,5,0.41477328538894653,0.7288141846656799,0.07197228074073792,0,6,0.42049258947372437,0.7278371453285217,0.07170235365629196,0,7,0.3610120117664337,0.7430372834205627,0.1356363147497177,0,8,0.42131945490837097,0.7294471263885498,0.17796690762043,0,9,0.38776251673698425,0.6931244134902954,0.09020388126373291,0,10,0.4090076684951782,0.6879972219467163,0.10210345685482025,0,11,0.30319541692733765,0.6812532544136047,0.11873124539852142,0,12,0.4485175907611847,0.6438846588134766,0.21074071526527405,0,13,0.32319363951683044,0.5097299814224243,0.08902757614850998,0,14,0.4823278486728668,0.4536958932876587,0.15431265532970428,0,15,0.35600173473358154,0.535129964351654,0.06726392358541489,0,16,0.4439588189125061,0.5095205903053284,0.0377994067966938,0,17,0.3605336546897888,0.5318199992179871,0.050330109894275665,0,18,0.4314480721950531,0.5127002000808716,0.01994534209370613,0,19,0.36260655522346497,0.5592726469039917,0.06419971585273743,0,20,0.4312038719654083,0.5441830158233643,0.03404334932565689,0,21,0.3658551871776581,0.5584465265274048,0.07492050528526306,0,22,0.4269334077835083,0.5437681674957275,0.04111640527844429,0,23,0.33567965030670166,0.29009872674942017,-0.03903503715991974,0,24,0.4347520172595978,0.2950252890586853,0.038942646235227585,0,25,0.3540787100791931,0.056196000427007675,-0.17220067977905273,0,26,0.5362687706947327,0.11034263670444489,-0.07720068097114563,0,27,0.42108678817749023,-0.0032763578929007053,0.3155568540096283,0,28,0.45496052503585815,-0.00878710113465786,0.30922821164131165,0,29,0.4249320924282074,0.005929082632064819,0.37360480427742004,0,30,0.4332810938358307,-0.007271870505064726,0.3600634038448334,0,31,0.4569616913795471,-0.10128441452980042,0.3946404755115509,0,32,0.46134835481643677,-0.12476392835378647,0.3834789991378784,0
0,0.372842937707901,0.6285115480422974,-0.06774584949016571,0,1,0.3580322563648224,0.6655479073524475,-0.045543450862169266,0,2,0.3487973213195801,0.6743120551109314,-0.04566067457199097,0,3,0.3429923951625824,0.6744771599769592,-0.04593450576066971,0,4,0.382036954164505,0.6693033576011658,-0.0552188977599144,0,5,0.3927680253982544,0.6729309558868408,-0.05521203204989433,0,6,0.4040285646915436,0.6764060854911804,-0.055474232882261276,0,7,0.3316262364387512,0.6581425070762634,0.09102275967597961,0,8,0.415680855512619,0.6800680160522461,0.05029437690973282,0,9,0.35948237776756287,0.595933198928833,-0.010331974364817142,0,10,0.39129531383514404,0.6019688844680786,-0.022754810750484467,0,11,0.30293309688568115,0.5521252751350403,0.09725000709295273,0,12,0.4559198021888733,0.572141706943512,0.07262261211872101,0,13,0.29723304510116577,0.3683108389377594,-0.052870769053697586,0,14,0.46371084451675415,0.3341289162635803,-0.11965759843587875,0,15,0.342040091753006,0.5080932378768921,-0.22930942475795746,0,16,0.380665123462677,0.5147817134857178,-0.26652631163597107,0,17,0.35418957471847534,0.5371562242507935,-0.2573181688785553,0,18,0.35442033410072327,0.548611044883728,-0.29734522104263306,0,19,0.3515814244747162,0.5636640191078186,-0.2228313833475113,0,20,0.36299970746040344,0.5786615014076233,-0.2573366165161133,0,21,0.35529565811157227,0.5468183159828186,-0.21904270350933075,0,22,0.36455237865448,0.5650337338447571,-0.2529546022415161,0,23,0.3433707356452942,0.17888052761554718,-0.018908290192484856,0,24,0.44351938366889954,0.22408005595207214,0.019165005534887314,0,25,0.36296454071998596,0.09873595833778381,-0.19380195438861847,0,26,0.4975561499595642,0.11112701147794724,-0.07862655818462372,0,27,0.41866356134414673,-0.06705261021852493,0.20387984812259674,0,28,0.45458561182022095,-0.0681380033493042,0.15658703446388245,0,29,0.4246940016746521,-0.12369780242443085,0.22824794054031372,0,30,0.4369281232357025,-0.10651766508817673,0.1865111142396927,0,31,0.44804373383522034,-0.14073039591312408,0.157765731215477,0,32,0.46402451395988464,-0.17514550685882568,0.12483090907335281,0
0,0.37666749954223633,0.7535740733146667,-0.06769445538520813,0,1,0.35827207565307617,0.7848309874534607,-0.049489572644233704,0,2,0.34887170791625977,0.781922459602356,-0.04968835785984993,0,3,0.33956649899482727,0.7790178656578064,-0.04993190988898277,0,4,0.3817949891090393,0.7901014685630798,-0.03380286693572998,0,5,0.38995590806007385,0.791865348815918,-0.03387400880455971,0,6,0.3980574905872345,0.7935205101966858,-0.034314677119255066,0,7,0.3222919702529907,0.7483460903167725,0.07125888764858246,0,8,0.40233632922172546,0.7688748836517334,0.1471053808927536,0,9,0.3592384159564972,0.7043116688728333,-0.017552409321069717,0,10,0.39097335934638977,0.7128115892410278,0.0034950771369040012,0,11,0.2691062390804291,0.5399931073188782,0.04609476774930954,0,12,0.4542734920978546,0.594200074672699,0.19438783824443817,0,13,0.30665498971939087,0.31368523836135864,-0.13422711193561554,0,14,0.5078349709510803,0.3534468412399292,-0.044263001531362534,0,15,0.3843476474285126,0.5404626131057739,-0.1944694221019745,0,16,0.46255210041999817,0.49505603313446045,-0.3627466559410095,0,17,0.4098402261734009,0.5874837040901184,-0.21442946791648865,0,18,0.45207664370536804,0.517241895198822,-0.4157545864582062,0,19,0.39915820956230164,0.6234108209609985,-0.17983518540859222,0,20,0.4507630169391632,0.5579203963279724,-0.3890356123447418,0,21,0.39745649695396423,0.6010757684707642,-0.1772136688232422,0,22,0.4465520977973938,0.5378323197364807,-0.36170774698257446,0,23,0.36025434732437134,0.006113559007644653,-0.06159486249089241,0,24,0.4797215163707733,0.06470420956611633,0.06202312931418419,0,25,0.40536972880363464,-0.1189914271235466,-0.22515951097011566,0,26,0.5800309777259827,-0.06970896571874619,-0.1793610155582428,0,27,0.46841660141944885,-0.4976777136325836,0.06758634746074677,0,28,0.5704658627510071,-0.48706620931625366,0.0470268651843071,0,29,0.4710821807384491,-0.5561758279800415,0.09410329908132553,0,30,0.5528919696807861,-0.5395600199699402,0.0707583948969841,0,31,0.511680006980896,-0.6247331500053406,-0.03874384984374046,0,32,0.6144858598709106,-0.6380082368850708,-0.053443215787410736,0
0,0.3746753931045532,0.7261166572570801,-0.15511618554592133,0,1,0.3546844720840454,0.7631340026855469,-0.15174852311611176,0,2,0.3450429141521454,0.7610371708869934,-0.151948019862175,0,3,0.33544206619262695,0.7588643431663513,-0.15221400558948517,0,4,0.3770010769367218,0.7669343948364258,-0.12819930911064148,0,5,0.38462820649147034,0.7686219811439514,-0.1283005028963089,0,6,0.39220255613327026,0.770256757736206,-0.12860839068889618,0,7,0.31496721506118774,0.7310050129890442,-0.07710268348455429,0,8,0.39043954014778137,0.7476261258125305,0.03197067603468895,0,9,0.35578688979148865,0.677861750125885,-0.12182429432868958,0,10,0.3873445689678192,0.6850446462631226,-0.09046249836683273,0,11,0.26385563611984253,0.5245180130004883,-0.13038882613182068,0,12,0.44349223375320435,0.5710054039955139,0.15837374329566956,0,13,0.32820817828178406,0.24823419749736786,-0.21089614927768707,0,14,0.5010640025138855,0.2913743257522583,0.07730164378881454,0,15,0.44736799597740173,0.3334227502346039,-0.23802369832992554,0,16,0.5185577869415283,0.30167657136917114,-0.21175748109817505,0,17,0.48383238911628723,0.3300771117210388,-0.26901060342788696,0,18,0.5321981906890869,0.27972611784935,-0.26409462094306946,0,19,0.4759823679924011,0.38445356488227844,-0.257040411233902,0,20,0.5259281396865845,0.3281547427177429,-0.28019246459007263,0,21,0.46621808409690857,0.38126787543296814,-0.2296667993068695,0,22,0.513744056224823,0.3302955627441406,-0.2282627373933792,0,23,0.3508187532424927,0.005987847223877907,-0.0858602523803711,0,24,0.4551115036010742,0.06046576425433159,0.08617743104696274,0,25,0.4518112242221832,-0.03955606371164322,-0.28655681014060974,0,26,0.5736920237541199,-0.04845874756574631,-0.15475445985794067,0,27,0.4978138506412506,-0.46823200583457947,-0.08623276650905609,0,28,0.5643761157989502,-0.48694780468940735,-0.04207703843712807,0,29,0.4869384467601776,-0.5256226062774658,-0.06555680185556412,0,30,0.5426942110061646,-0.5442262291908264,-0.03418809920549393,0,31,0.5527001023292542,-0.6258148550987244,-0.14392690360546112,0,32,0.6199983358383179,-0.6384656429290771,-0.1516246497631073,0
0,0.37239381670951843,0.680223286151886,0.11874165385961533,0,1,0.35303518176078796,0.7079611420631409,0.1408265233039856,0,2,0.3439161479473114,0.70561283826828,0.14068399369716644,0,3,0.3347713053226471,0.7031801342964172,0.14033746719360352,0,4,0.37386876344680786,0.7113419771194458,0.15471047163009644,0,5,0.38110247254371643,0.7122650146484375,0.15469224750995636,0,6,0.38825756311416626,0.71309894323349,0.15433338284492493,0,7,0.31516632437705994,0.6732349991798401,0.2438102662563324,0,8,0.3878961503505707,0.6899930834770203,0.31077495217323303,0,9,0.355148047208786,0.6348636746406555,0.15566417574882507,0,10,0.3847092390060425,0.6411707401275635,0.17472587525844574,0,11,0.26437312364578247,0.5156039595603943,0.15749558806419373,0,12,0.4405430257320404,0.5387139320373535,0.3448137938976288,0,13,0.324865460395813,0.2968159019947052,0.008675306104123592,0,14,0.5067031383514404,0.30938720703125,0.1688324511051178,0,15,0.4367923140525818,0.4128410518169403,-0.06981663405895233,0,16,0.5218583345413208,0.3662348687648773,-0.1336764693260193,0,17,0.4685317277908325,0.4263593256473541,-0.09733161330223083,0,18,0.5309217572212219,0.37575510144233704,-0.1817818582057953,0,19,0.46355295181274414,0.4631979763507843,-0.07680193334817886,0,20,0.5202606916427612,0.421831876039505,-0.18228071928024292,0,21,0.4570196866989136,0.45065972208976746,-0.06037361919879913,0,22,0.5096104741096497,0.4111522138118744,-0.14284393191337585,0,23,0.34916505217552185,0.025475192815065384,-0.061834197491407394,0,24,0.4592818021774292,0.06048457697033882,0.061773888766765594,0,25,0.3501405715942383,0.1942799985408783,-0.431978702545166,0,26,0.5678167939186096,0.1803794950246811,-0.2361222356557846,0,27,0.48722144961357117,-0.2136109471321106,-0.29913386702537537,0,28,0.5616794228553772,-0.203445702791214,-0.21289609372615814,0,29,0.48509472608566284,-0.2688172459602356,-0.28143227100372314,0,30,0.5401382446289062,-0.2693749666213989,-0.20885922014713287,0,31,0.5505295395851135,-0.38063257932662964,-0.35683485865592957,0,32,0.6203058362007141,-0.3349614441394806,-0.31208229064941406,0
0,0.3553635776042938,0.6820864677429199,0.26335814595222473,0,1,0.3419650197029114,0.7094917893409729,0.30428245663642883,0,2,0.3337734639644623,0.7070547342300415,0.30414044857025146,0,3,0.32558712363243103,0.704561710357666,0.30371934175491333,0,4,0.3624858856201172,0.7139849662780762,0.3047642409801483,0,5,0.37028634548187256,0.7153836488723755,0.30486059188842773,0,6,0.37800493836402893,0.7167091369628906,0.3045094609260559,0,7,0.31299829483032227,0.6790217757225037,0.45751339197158813,0,8,0.38578322529792786,0.6970271468162537,0.4640458822250366,0,9,0.34245893359184265,0.6396963596343994,0.3148902952671051,0,10,0.37039753794670105,0.6463451981544495,0.3155979812145233,0,11,0.26441729068756104,0.5261750817298889,0.37573376297950745,0,12,0.4411476254463196,0.5814016461372375,0.41550102829933167,0,13,0.2800580561161041,0.434432715177536,0.2106475979089737,0,14,0.501907229423523,0.42489925026893616,0.16344794631004333,0,15,0.3307987153530121,0.6232017278671265,0.21254725754261017,0,16,0.4454411566257477,0.5695138573646545,-0.020559161901474,0,17,0.3398932218551636,0.6591049432754517,0.20011185109615326,0,18,0.43181511759757996,0.6005180478096008,-0.05494188517332077,0,19,0.34317460656166077,0.6683060526847839,0.23779378831386566,0,20,0.4258876442909241,0.617883026599884,-0.0205722413957119,0,21,0.3476100564002991,0.6454038023948669,0.22726425528526306,0,22,0.4222877621650696,0.5932013988494873,-0.012728768400847912,0,23,0.34624892473220825,0.07280607521533966,-0.03205408900976181,0,24,0.46115604043006897,0.10543099790811539,0.03189945966005325,0,25,0.3255316913127899,0.18853503465652466,-0.3853287100791931,0,26,0.5751978158950806,0.15625378489494324,-0.2508866488933563,0,27,0.3786371350288391,-0.23128238320350647,-0.2094024270772934,0,28,0.5034948587417603,-0.20296411216259003,-0.14890480041503906,0,29,0.3880448639392853,-0.2899072468280792,-0.18923915922641754,0,30,0.4748897850513458,-0.2543949782848358,-0.13371089100837708,0,31,0.382526695728302,-0.4201018810272217,-0.27565717697143555,0,32,0.5345287322998047,-0.3560517728328705,-0.24137520790100098,0
0,0.4152800738811493,0.8544288873672485,-0.06414566934108734,0,1,0.4221099615097046,0.8843850493431091,-0.05997283011674881,0,2,0.42150750756263733,0.8849615454673767,-0.0601329542696476,0,3,0.4209839403629303,0.8854742050170898,-0.06031658500432968,0,4,0.426398903131485,0.8840371966362,-0.08770103752613068,0,5,0.43010953068733215,0.8842936754226685,-0.08770939707756042,0,6,0.4337228834629059,0.8846086263656616,-0.08791589736938477,0,7,0.4342305362224579,0.8776602149009705,-0.0028838191647082567,0,8,0.45024654269218445,0.8747833371162415,-0.13116411864757538,0,9,0.4156479239463806,0.8307138681411743,-0.03491303697228432,0,10,0.4238857924938202,0.8298496603965759,-0.07174882292747498,0,11,0.4639973044395447,0.7463477849960327,0.10027047991752625,0,12,0.4556703269481659,0.7557718753814697,-0.1978103369474411,0,13,0.4395103454589844,0.5609924793243408,0.2294604629278183,0,14,0.3829115927219391,0.6157490611076355,-0.14862100780010223,0,15,0.4224562644958496,0.6188228726387024,0.32637912034988403,0,16,0.35563623905181885,0.5954293012619019,0.06233496218919754,0,17,0.42581707239151,0.628755509853363,0.3383192718029022,0,18,0.3458258807659149,0.5839506983757019,0.07001496106386185,0,19,0.4151362180709839,0.6572431325912476,0.34047800302505493,0,20,0.3475208878517151,0.606408953666687,0.07361412048339844,0,21,0.41442349553108215,0.6519259810447693,0.3286159634590149,0,22,0.3536106050014496,0.6070044636726379,0.06969005614519119,0,23,0.4490888714790344,0.340739369392395,0.09146983176469803,0,24,0.4335121512413025,0.3503287434577942,-0.09162849932909012,0,25,0.4430617392063141,0.2116515338420868,0.35685819387435913,0,26,0.41370418667793274,0.19512377679347992,0.1443190723657608,0,27,0.4523376524448395,0.07497428357601166,0.6123582124710083,0,28,0.42141053080558777,0.03603677451610565,0.42826375365257263,0,29,0.4603976905345917,0.04997393488883972,0.6404816508293152,0,30,0.4353485405445099,0.007214292883872986,0.4628106355667114,0,31,0.4307747483253479,0.054890453815460205,0.65321946144104,0,32,0.3768554925918579,0.006522536277770996,0.460713654756546,0
END PUSHUP
0,0.429836630821228,0.798981785774231,-0.1311909258365631,0,1,0.4211512506008148,0.8250389099121094,-0.1307941973209381,0,2,0.4173300862312317,0.8240319490432739,-0.13092844188213348,0,3,0.4127333462238312,0.822898805141449,-0.13120709359645844,0,4,0.4285588562488556,0.8296366930007935,-0.12965257465839386,0,5,0.4333411753177643,0.8317554593086243,-0.12963435053825378,0,6,0.4381352663040161,0.833874523639679,-0.1298539787530899,0,7,0.4088096618652344,0.8141471743583679,-0.0634404718875885,0,8,0.4496765732765198,0.829671323299408,-0.07572834938764572,0,9,0.41763755679130554,0.772196352481842,-0.0977066308259964,0,10,0.4343395531177521,0.7778406143188477,-0.09824594110250473,0,11,0.41722553968429565,0.7251569032669067,-0.0576108880341053,0,12,0.4559245705604553,0.7310423254966736,0.023575972765684128,0,13,0.42165157198905945,0.5607351064682007,0.013117424212396145,0,14,0.47168463468551636,0.5712066292762756,0.02054528146982193,0,15,0.44946616888046265,0.6188954710960388,0.1338168978691101,0,16,0.450570285320282,0.5856812000274658,-0.023876147344708443,0,17,0.4617454707622528,0.6289798021316528,0.13983756303787231,0,18,0.4433303773403168,0.5799604058265686,-0.03386527672410011,0,19,0.4570820927619934,0.6553876996040344,0.15153299272060394,0,20,0.44486936926841736,0.6024020314216614,-0.0375976637005806,0,21,0.45504531264305115,0.6475078463554382,0.14468784630298615,0,22,0.4443291127681732,0.6009172201156616,-0.025861868634819984,0,23,0.4301811158657074,0.3376530706882477,-0.029808683320879936,0,24,0.43926775455474854,0.34355586767196655,0.029494712129235268,0,25,0.4338890612125397,0.19776621460914612,0.09726276993751526,0,26,0.4571687579154968,0.20982149243354797,0.2381037324666977,0,27,0.4502872824668884,0.0689767450094223,0.41326192021369934,0,28,0.43873485922813416,0.0634608268737793,0.4755510985851288,0,29,0.44728416204452515,0.04129328951239586,0.44857868552207947,0,30,0.4357795715332031,0.03705424442887306,0.504747748374939,0,31,0.46760836243629456,0.04298878088593483,0.45705661177635193,0,32,0.45207133889198303,0.013545060530304909,0.5029014348983765,0
0,0.40735024213790894,0.8103169202804565,-0.13572266697883606,0,1,0.4031192660331726,0.8387049436569214,-0.12717416882514954,0,2,0.3997301459312439,0.8388328552246094,-0.12728723883628845,0,3,0.39621031284332275,0.8388492465019226,-0.1275118738412857,0,4,0.41254758834838867,0.8397492170333862,-0.1426299512386322,0,5,0.4176432192325592,0.8405712842941284,-0.14263547956943512,0,6,0.42270421981811523,0.8413898348808289,-0.14276885986328125,0,7,0.40309953689575195,0.8319327235221863,-0.049811165779829025,0,8,0.4380999207496643,0.8385363817214966,-0.10638037323951721,0,9,0.41419827938079834,0.7856712937355042,-0.10047879070043564,0,10,0.4281884729862213,0.7870325446128845,-0.12165326625108719,0,11,0.43083637952804565,0.7279866337776184,0.014313027262687683,0,12,0.449605792760849,0.7327420711517334,-0.09375545382499695,0,13,0.42493531107902527,0.5794590711593628,0.109925776720047,0,14,0.4349217414855957,0.5781035423278809,-0.11150070279836655,0,15,0.4485657513141632,0.6610150933265686,0.21348410844802856,0,16,0.41031312942504883,0.6358656883239746,-0.12380356341600418,0,17,0.4556371867656708,0.6797513961791992,0.23054757714271545,0,18,0.40151870250701904,0.6477285027503967,-0.12380529940128326,0,19,0.45114973187446594,0.6961668729782104,0.23956896364688873,0,20,0.4043687582015991,0.6666197180747986,-0.12061440199613571,0,21,0.4543722867965698,0.6842249035835266,0.22106106579303741,0,22,0.40734100341796875,0.6585143208503723,-0.12023557722568512,0,23,0.43260276317596436,0.33619990944862366,0.02340194582939148,0,24,0.4498232901096344,0.3367960453033447,-0.023612430319190025,0,25,0.43701252341270447,0.16703055799007416,0.08722396194934845,0,26,0.4595213532447815,0.1797582060098648,0.09759483486413956,0,27,0.48918017745018005,0.0598515123128891,0.3211382031440735,0,28,0.45662662386894226,0.05604587867856026,0.27837935090065,0,29,0.4947775900363922,0.04102448374032974,0.34532392024993896,0,30,0.45989421010017395,0.033172883093357086,0.29985034465789795,0,31,0.5043638944625854,0.026969606056809425,0.33853083848953247,0,32,0.4414650499820709,-0.000853417906910181,0.27916204929351807,0
0,0.4089975357055664,0.7852482795715332,-0.030761923640966415,0,1,0.40418729186058044,0.8097634315490723,-0.0214874017983675,0,2,0.4006127417087555,0.809544026851654,-0.021609067916870117,0,3,0.3967072367668152,0.8101364374160767,-0.021818416193127632,0,4,0.4163532853126526,0.812210738658905,-0.04041067510843277,0,5,0.41831427812576294,0.8128307461738586,-0.04039199650287628,0,6,0.42718204855918884,0.8159098029136658,-0.04052364081144333,0,7,0.4084843695163727,0.8051645159721375,0.054011113941669464,0,8,0.438425749540329,0.8072972297668457,-0.03019600734114647,0,9,0.4142111837863922,0.7578350305557251,0.004158609081059694,0,10,0.4276861846446991,0.7613768577575684,-0.02036253549158573,0,11,0.4365127384662628,0.7083768844604492,0.14266285300254822,0,12,0.4498693346977234,0.711049497127533,-0.051268283277750015,0,13,0.4223111867904663,0.5783551931381226,0.19669000804424286,0,14,0.42385756969451904,0.5776392817497253,-0.013638773001730442,0,15,0.44687965512275696,0.6551845073699951,0.24696731567382812,0,16,0.39739328622817993,0.6325669288635254,0.14743807911872864,0,17,0.45422351360321045,0.6715673208236694,0.2603388726711273,0,18,0.3881833851337433,0.6438528299331665,0.1664697527885437,0,19,0.4426027238368988,0.6889556646347046,0.26791033148765564,0,20,0.3910680413246155,0.6584902405738831,0.16771073639392853,0,21,0.44347578287124634,0.6785199642181396,0.2526131570339203,0,22,0.39480459690093994,0.6505947709083557,0.15500205755233765,0,23,0.4443835914134979,0.32186442613601685,0.037474438548088074,0,24,0.4594165086746216,0.3288162648677826,-0.037708621472120285,0,25,0.4631179869174957,0.11182563006877899,0.053525157272815704,0,26,0.4497380554676056,0.1569816917181015,-0.03179318085312843,0,27,0.5218894481658936,-0.032519906759262085,0.13889573514461517,0,28,0.46619102358818054,-0.05557604506611824,0.029532963410019875,0,29,0.5346609950065613,-0.05455387756228447,0.14781828224658966,0,30,0.48101702332496643,-0.09176801145076752,0.0385262556374073,0,31,0.5162397623062134,-0.06749536842107773,0.12804347276687622,0,32,0.4300438463687897,-0.11905031651258469,0.008541741408407688,0
0,0.4097106158733368,0.7456540465354919,0.08107566088438034,0,1,0.40468308329582214,0.7584266066551208,0.08968649059534073,0,2,0.40205609798431396,0.7573314905166626,0.08957376331090927,0,3,0.3995307385921478,0.7571285963058472,0.08941604197025299,0,4,0.4156722128391266,0.7634400129318237,0.07249812036752701,0,5,0.41714853048324585,0.7643425464630127,0.07248984277248383,0,6,0.4248311221599579,0.7677558660507202,0.07225833088159561,0,7,0.4021034836769104,0.7633765339851379,0.1530841439962387,0,8,0.4331394135951996,0.7671805620193481,0.07459216564893723,0,9,0.41330450773239136,0.7196233868598938,0.11068571358919144,0,10,0.42634111642837524,0.7322057485580444,0.08766064047813416,0,11,0.43293899297714233,0.6797466278076172,0.1893933117389679,0,12,0.4492008090019226,0.6960506439208984,0.05497577413916588,0,13,0.4174405038356781,0.5540046691894531,0.19722247123718262,0,14,0.42056336998939514,0.5617768168449402,0.07721797376871109,0,15,0.4435923397541046,0.6148360371589661,0.22275301814079285,0,16,0.3921780586242676,0.6080158352851868,0.20290404558181763,0,17,0.4521807134151459,0.624484658241272,0.2305109053850174,0,18,0.38486555218696594,0.6196300983428955,0.22474241256713867,0,19,0.43872833251953125,0.6412450075149536,0.24937225878238678,0,20,0.3865072429180145,0.6273563504219055,0.23109038174152374,0,21,0.4393196403980255,0.6334702372550964,0.2315979152917862,0,22,0.3907584249973297,0.6207219958305359,0.21170705556869507,0,23,0.446594774723053,0.3061694800853729,0.037502024322748184,0,24,0.46554628014564514,0.32162055373191833,-0.037792205810546875,0,25,0.4752722978591919,0.10080743581056595,-0.027664419263601303,0,26,0.4854409098625183,0.13492774963378906,-0.08402618020772934,0,27,0.5208955407142639,-0.04555223882198334,-0.016054192557930946,0,28,0.49280866980552673,-0.06998654454946518,-0.08123203366994858,0,29,0.529883623123169,-0.07315043359994888,-0.01565369963645935,0,30,0.5012990236282349,-0.09892820566892624,-0.07852379232645035,0,31,0.5232194662094116,-0.07309659570455551,-0.0602012537419796,0,32,0.46744051575660706,-0.1415454000234604,-0.12120088934898376,0
0,0.4092787802219391,0.7511285543441772,0.10452190786600113,0,1,0.40294191241264343,0.758113443851471,0.11901827901601791,0,2,0.3960294723510742,0.7637417912483215,0.11893780529499054,0,3,0.3919420540332794,0.7621825933456421,0.11879463493824005,0,4,0.41598495841026306,0.7649990916252136,0.11939005553722382,0,5,0.4174274206161499,0.768267035484314,0.11934465914964676,0,6,0.4256133437156677,0.7697640061378479,0.1190175712108612,0,7,0.39771518111228943,0.739655077457428,0.19658459722995758,0,8,0.42862704396247864,0.7716307044029236,0.1977800875902176,0,9,0.4104783833026886,0.7294135093688965,0.13345366716384888,0,10,0.42624086141586304,0.7418549656867981,0.13303445279598236,0,11,0.3929646909236908,0.6840806007385254,0.1528133600950241,0,12,0.4559384882450104,0.7005371451377869,0.2186616063117981,0,13,0.377153217792511,0.5851258039474487,0.099394291639328,0,14,0.46904709935188293,0.6057907938957214,0.11382530629634857,0,15,0.40744563937187195,0.6295482516288757,0.13375072181224823,0,16,0.42278262972831726,0.6533564329147339,0.07539020478725433,0,17,0.4119185507297516,0.6350867748260498,0.13225458562374115,0,18,0.411251962184906,0.6588528156280518,0.06946302950382233,0,19,0.413045197725296,0.6431317925453186,0.15703393518924713,0,20,0.42093726992607117,0.679903507232666,0.0863242968916893,0,21,0.41520044207572937,0.6357895731925964,0.1463160514831543,0,22,0.4129545986652374,0.6560842990875244,0.07851143926382065,0,23,0.42902877926826477,0.30894985795021057,-0.02902679704129696,0,24,0.46514174342155457,0.32203391194343567,0.028744401410222054,0,25,0.47925084829330444,0.12959446012973785,-0.12319124490022659,0,26,0.5021252036094666,0.20024900138378143,-0.09456593543291092,0,27,0.5819019675254822,-0.013276437297463417,-0.16418662667274475,0,28,0.5565007925033569,-0.05193200334906578,-0.1347898542881012,0,29,0.5880540609359741,-0.04729123413562775,-0.16713681817054749,0,30,0.5584813952445984,-0.0688643753528595,-0.13712754845619202,0,31,0.6377859115600586,-0.038604605942964554,-0.22309374809265137,0,32,0.589777946472168,-0.0943019837141037,-0.19303159415721893,0
0,0.4096966087818146,0.7678385972976685,0.09032092243432999,0,1,0.40452468395233154,0.7789651155471802,0.10719176381826401,0,2,0.3985767066478729,0.7848401665687561,0.10707319527864456,0,3,0.3954988420009613,0.7843337059020996,0.10691069066524506,0,4,0.4166030287742615,0.7835836410522461,0.09630388766527176,0,5,0.4184147119522095,0.7855305075645447,0.09626509249210358,0,6,0.42608579993247986,0.7866061329841614,0.09598813205957413,0,7,0.401982843875885,0.7639715671539307,0.19137009978294373,0,8,0.4302504360675812,0.7853457927703857,0.14152134954929352,0,9,0.4106743633747101,0.7450597286224365,0.12332699447870255,0,10,0.42619287967681885,0.7550568580627441,0.1085536926984787,0,11,0.4069204032421112,0.6928153038024902,0.17995573580265045,0,12,0.47568660974502563,0.7402626872062683,0.1253945678472519,0,13,0.39310184121131897,0.593517005443573,0.13438542187213898,0,14,0.4776757061481476,0.6197202801704407,0.02125546522438526,0,15,0.40908733010292053,0.661006510257721,0.16575752198696136,0,16,0.42556995153427124,0.6738021373748779,-0.05187078192830086,0,17,0.4132181406021118,0.6755965948104858,0.16989733278751373,0,18,0.41233980655670166,0.6846805810928345,-0.05132516846060753,0,19,0.4124186635017395,0.6898797154426575,0.1916625201702118,0,20,0.41471338272094727,0.6970797777175903,-0.03818215802311897,0,21,0.4138694703578949,0.6787010431289673,0.1760791391134262,0,22,0.41482189297676086,0.6841779947280884,-0.045280005782842636,0,23,0.4322320818901062,0.3338366746902466,0.0043795290403068066,0,24,0.4727170765399933,0.3590109348297119,-0.00469430023804307,0,25,0.47326332330703735,0.13813461363315582,-0.07520057260990143,0,26,0.48990926146507263,0.20158326625823975,-0.10768105089664459,0,27,0.5653573870658875,-0.030843056738376617,-0.08750950545072556,0,28,0.5560234189033508,-0.04194588214159012,-0.12686166167259216,0,29,0.5778679251670837,-0.06426636129617691,-0.09093716740608215,0,30,0.5677409768104553,-0.07450897991657257,-0.12804625928401947,0,31,0.5915164351463318,-0.06712693721055984,-0.14878979325294495,0,32,0.5693774819374084,-0.11205466091632843,-0.18613575398921967,0
0,0.4061107337474823,0.7560126185417175,0.08521053940057755,0,1,0.3976143002510071,0.7759563326835632,0.10031703114509583,0,2,0.39251622557640076,0.7758557200431824,0.10019692033529282,0,3,0.3883090019226074,0.7741339206695557,0.09999750554561615,0,4,0.41011419892311096,0.7831735014915466,0.0900411382317543,0,5,0.4141317307949066,0.7865826487541199,0.09001392871141434,0,6,0.4203118681907654,0.7896784543991089,0.08977294713258743,0,7,0.39189112186431885,0.7690947651863098,0.19158205389976501,0,8,0.43016818165779114,0.7925282120704651,0.1436501294374466,0,9,0.4068395793437958,0.7350165843963623,0.12294450402259827,0,10,0.4237343370914459,0.7454087734222412,0.10842899233102798,0,11,0.40094316005706787,0.6926578879356384,0.17826132476329803,0,12,0.47174227237701416,0.7395830154418945,0.16281245648860931,0,13,0.3935531973838806,0.5609699487686157,0.1383233368396759,0,14,0.48413950204849243,0.6052349805831909,0.08447149395942688,0,15,0.41078585386276245,0.6126535534858704,0.15098217129707336,0,16,0.4438425302505493,0.663578450679779,-0.02470356412231922,0,17,0.4187788665294647,0.6176874041557312,0.15097256004810333,0,18,0.4310213029384613,0.6794410347938538,-0.02888428047299385,0,19,0.42016834020614624,0.6386324763298035,0.1724298596382141,0,20,0.43144190311431885,0.6843178272247314,-0.018018465489149094,0,21,0.4207901060581207,0.631317138671875,0.16177065670490265,0,22,0.43231794238090515,0.6739624738693237,-0.01819024793803692,0,23,0.43379735946655273,0.3358396589756012,-0.005624324548989534,0,24,0.4758245050907135,0.3587167263031006,0.005488802678883076,0,25,0.4619278609752655,0.1544148474931717,-0.1245565116405487,0,26,0.5057405233383179,0.21267937123775482,-0.1256774663925171,0,27,0.5462890863418579,-0.014679906889796257,-0.10565178841352463,0,28,0.5423688292503357,-0.0415240041911602,-0.11676792055368423,0,29,0.557198166847229,-0.046025726944208145,-0.10384522378444672,0,30,0.5458603501319885,-0.06594662368297577,-0.1138962134718895,0,31,0.5743156671524048,-0.04822041466832161,-0.14918586611747742,0,32,0.564220130443573,-0.09323214739561081,-0.1613338738679886,0
0,0.42271870374679565,0.8835541009902954,-0.10209406167268753,0,1,0.4227893054485321,0.9155203104019165,-0.07464563101530075,0,2,0.41753292083740234,0.9162613153457642,-0.07482363283634186,0,3,0.4123348891735077,0.9168860912322998,-0.07501614093780518,0,4,0.43897441029548645,0.9135088920593262,-0.10312758386135101,0,5,0.44643449783325195,0.9130414724349976,-0.10321903228759766,0,6,0.453818142414093,0.9125750064849854,-0.10346443951129913,0,7,0.41905078291893005,0.9023202657699585,0.06456024199724197,0,8,0.4738178551197052,0.8952059745788574,-0.058331750333309174,0,9,0.41653215885162354,0.8526173830032349,-0.04610633850097656,0,10,0.43933168053627014,0.8499130010604858,-0.08156507462263107,0,11,0.4149094521999359,0.7481895685195923,0.19009028375148773,0,12,0.5150608420372009,0.7422078847885132,-0.1116914376616478,0,13,0.4171757996082306,0.5004278421401978,0.11498267203569412,0,14,0.5087774991989136,0.4575793743133545,-0.0968211442232132,0,15,0.42767253518104553,0.5353931188583374,-0.15713466703891754,0,16,0.4253275692462921,0.4346853196620941,-0.03557431697845459,0,17,0.4310472905635834,0.5356104969978333,-0.19516123831272125,0,18,0.4039754271507263,0.40494489669799805,-0.04791770875453949,0,19,0.4229024052619934,0.5642869472503662,-0.18315179646015167,0,20,0.3975880444049835,0.4467158913612366,-0.050156477838754654,0,21,0.42815932631492615,0.5620683431625366,-0.16085122525691986,0,22,0.4073420763015747,0.459683895111084,-0.030891261994838715,0,23,0.4514462351799011,0.34826692938804626,0.10177754610776901,0,24,0.5134831070899963,0.34570541977882385,-0.10179147869348526,0,25,0.3310096561908722,0.19037505984306335,-0.06106609106063843,0,26,0.49409520626068115,0.2191322147846222,-0.25149405002593994,0,27,0.46176841855049133,0.16984347999095917,0.24020491540431976,0,28,0.4821235239505768,0.07940787076950073,0.04135545715689659,0,29,0.48264992237091064,0.18679936230182648,0.2769535183906555,0,30,0.49355268478393555,0.07005499303340912,0.07900212705135345,0,31,0.4783796966075897,0.11645492911338806,0.2963247001171112,0,32,0.4308583438396454,0.0005418062210083008,0.07540205121040344,0
0,0.42506903409957886,0.8346390128135681,-0.34851014614105225,0,1,0.42173948884010315,0.8753640651702881,-0.32671159505844116,0,2,0.41620078682899475,0.8754390478134155,-0.3268410861492157,0,3,0.41067540645599365,0.8753565549850464,-0.32700905203819275,0,4,0.43834248185157776,0.8758046627044678,-0.3481443524360657,0,5,0.4458906352519989,0.8765609264373779,-0.34824126958847046,0,6,0.4533677101135254,0.8773130774497986,-0.34850233793258667,0,7,0.4160924553871155,0.8628745675086975,-0.177040234208107,0,8,0.4731852412223816,0.8639850616455078,-0.26856529712677,0,9,0.4185677170753479,0.7980493903160095,-0.28629323840141296,0,10,0.44067034125328064,0.8024429678916931,-0.3126557469367981,0,11,0.40500202775001526,0.7194440364837646,-0.044410087168216705,0,12,0.5154799818992615,0.7296501994132996,-0.24252581596374512,0,13,0.3986765742301941,0.48178184032440186,-0.15558792650699615,0,14,0.5087791085243225,0.4504285454750061,-0.2643641531467438,0,15,0.42761391401290894,0.5835625529289246,-0.41824042797088623,0,16,0.41969364881515503,0.4721534252166748,-0.25974908471107483,0,17,0.4347321689128876,0.6131541132926941,-0.45597437024116516,0,18,0.3941372036933899,0.4624561071395874,-0.2795877456665039,0,19,0.426212340593338,0.6435697078704834,-0.42810162901878357,0,20,0.39378413558006287,0.5054261088371277,-0.2710844576358795,0,21,0.4300480782985687,0.6297327876091003,-0.4132976233959198,0,22,0.40318864583969116,0.5082122087478638,-0.2526271343231201,0,23,0.4511467516422272,0.3275231719017029,0.06793178617954254,0,24,0.5208969712257385,0.33318817615509033,-0.06779725849628448,0,25,0.37068554759025574,0.16810722649097443,-0.12707699835300446,0,26,0.53179532289505,0.2079562246799469,-0.25540947914123535,0,27,0.49376264214515686,0.12192949652671814,0.22406771779060364,0,28,0.5242630243301392,0.05737323313951492,0.041199691593647,0,29,0.5145336389541626,0.13293485343456268,0.261393278837204,0,30,0.5271756052970886,0.05057847872376442,0.07634163647890091,0,31,0.5083562731742859,0.046896640211343765,0.23844213783740997,0,32,0.5081207752227783,-0.04595526307821274,0.02237383835017681,0
