0,0.5007021427154541,0.6305454969406128,-0.47054463624954224,2,1,0.505862295627594,0.6065572500228882,-0.5061383843421936,2,2,0.5114759802818298,0.6016450524330139,-0.5059987306594849,2,3,0.5170561671257019,0.5979011058807373,-0.5059803128242493,2,4,0.48650962114334106,0.6115386486053467,-0.5159338712692261,2,5,0.48037153482437134,0.609898567199707,-0.5161556601524353,2,6,0.47436365485191345,0.6083995699882507,-0.5161556601524353,2,7,0.5241151452064514,0.5494590997695923,-0.5212806463241577,2,8,0.4558992385864258,0.5655235648155212,-0.568231463432312,2,9,0.5082860589027405,0.6088806390762329,-0.4594101011753082,2,10,0.4907638430595398,0.6122456192970276,-0.4718448519706726,2,11,0.5712915658950806,0.41648685932159424,-0.4444669187068939,2,12,0.40211695432662964,0.462297260761261,-0.4522908329963684,2,13,0.6464399099349976,0.4013397693634033,-0.296454519033432,2,14,0.3261706829071045,0.48790791630744934,-0.34667637944221497,2,15,0.6371555924415588,0.585060179233551,-0.3217606842517853,2,16,0.3677685260772705,0.6750456690788269,-0.32328730821609497,2,17,0.6562507748603821,0.6180310249328613,-0.3658220171928406,2,18,0.35938212275505066,0.7207185626029968,-0.36061304807662964,2,19,0.6374536752700806,0.6245430707931519,-0.38013535737991333,2,20,0.38270336389541626,0.7212213277816772,-0.3660123646259308,2,21,0.6261996626853943,0.6121076941490173,-0.32955893874168396,2,22,0.38890960812568665,0.7082167863845825,-0.32374268770217896,2,23,0.5186207294464111,0.32253140211105347,0.006445377133786678,2,24,0.4315219819545746,0.32825329899787903,-0.006370184477418661,2,25,0.4948303699493408,0.2526254951953888,0.3402058780193329,2,26,0.4066065847873688,0.26684334874153137,0.34753793478012085,2,27,0.46840137243270874,0.24099589884281158,0.7420127391815186,2,28,0.37986117601394653,0.24210494756698608,0.7413362264633179,2,29,0.46111732721328735,0.21824251115322113,0.7874594926834106,2,30,0.3815513253211975,0.22000597417354584,0.780340850353241,2,31,0.45481324195861816,0.28918489813804626,0.7850476503372192,2,32,0.3618432581424713,0.2895321249961853,0.7721839547157288,2
0,0.5029371976852417,0.6365477442741394,-0.4206588864326477,2,1,0.508563756942749,0.6112880110740662,-0.4574801027774811,2,2,0.5147607922554016,0.6059502363204956,-0.4573666453361511,2,3,0.5208462476730347,0.6008929014205933,-0.4573490023612976,2,4,0.4876757264137268,0.6168345212936401,-0.4645628035068512,2,5,0.4809400141239166,0.6149434447288513,-0.46476659178733826,2,6,0.47425922751426697,0.6131793856620789,-0.4647504389286041,2,7,0.5290690064430237,0.5487303137779236,-0.48694682121276855,2,8,0.45462697744369507,0.5666903257369995,-0.5167560577392578,2,9,0.5116146802902222,0.6107470989227295,-0.4113512933254242,2,10,0.49219441413879395,0.6157961487770081,-0.42033156752586365,2,11,0.5763565301895142,0.4106293022632599,-0.4177505373954773,2,12,0.40084487199783325,0.45893219113349915,-0.4229051470756531,2,13,0.6512738466262817,0.39869800209999084,-0.24910004436969757,2,14,0.3220376968383789,0.4932943880558014,-0.29888421297073364,2,15,0.6373220682144165,0.5849373936653137,-0.25630983710289,2,16,0.36616966128349304,0.6754006147384644,-0.2800085246562958,2,17,0.6575487852096558,0.6180415749549866,-0.2937360405921936,2,18,0.35892781615257263,0.7232999801635742,-0.3144022822380066,2,19,0.6374655365943909,0.6245315074920654,-0.3067508637905121,2,20,0.38223588466644287,0.7216334939002991,-0.3191414475440979,2,21,0.6262063980102539,0.6120368242263794,-0.26294416189193726,2,22,0.38881805539131165,0.7080477476119995,-0.28067725896835327,2,23,0.5189421772956848,0.3438536822795868,0.005771906115114689,2,24,0.4315606951713562,0.3503073751926422,-0.005669805221259594,2,25,0.4911329746246338,0.2762785255908966,0.34477272629737854,2,26,0.41529107093811035,0.29187074303627014,0.3526585102081299,2,27,0.46805182099342346,0.26099568605422974,0.7655042409896851,2,28,0.39832499623298645,0.2595232129096985,0.7530482411384583,2,29,0.46158871054649353,0.23763294517993927,0.8115407228469849,2,30,0.39863404631614685,0.23713934421539307,0.7933304309844971,2,31,0.4505838453769684,0.3102607727050781,0.8071622848510742,2,32,0.3837012052536011,0.3039552867412567,0.7822071313858032,2
0,0.48411402106285095,0.5777739882469177,-0.479997456073761,2,1,0.4912157654762268,0.5514498353004456,-0.5096973180770874,2,2,0.4976763129234314,0.5462678074836731,-0.509594202041626,2,3,0.5040267109870911,0.5415055155754089,-0.5095876455307007,2,4,0.4687572419643402,0.5575388073921204,-0.5152016878128052,2,5,0.4617389142513275,0.5562423467636108,-0.5153886079788208,2,6,0.4547293186187744,0.5550496578216553,-0.515383243560791,2,7,0.5129109025001526,0.4935912787914276,-0.5080531239509583,2,8,0.4347544312477112,0.514122486114502,-0.5313256978988647,2,9,0.4925413727760315,0.5587977766990662,-0.46079525351524353,2,10,0.47267523407936096,0.5639331340789795,-0.46773871779441833,2,11,0.5621510744094849,0.38135120272636414,-0.42163246870040894,2,12,0.38584479689598083,0.4161829352378845,-0.4281882345676422,2,13,0.6499309539794922,0.3992651700973511,-0.287195086479187,2,14,0.31906646490097046,0.4915529787540436,-0.3425964117050171,2,15,0.6372312903404236,0.5867718458175659,-0.328922301530838,2,16,0.36597776412963867,0.6754389405250549,-0.3659553527832031,2,17,0.6567143201828003,0.6203647255897522,-0.37709102034568787,2,18,0.35892951488494873,0.7232433557510376,-0.40960854291915894,2,19,0.6355926394462585,0.6262407302856445,-0.385994017124176,2,20,0.38222700357437134,0.7208678126335144,-0.4157174229621887,2,21,0.6228229999542236,0.6144632697105408,-0.33332228660583496,2,22,0.3889189660549164,0.707874596118927,-0.3684770166873932,2,23,0.5074318647384644,0.3492562472820282,0.00041623282595537603,2,24,0.4164245128631592,0.36206358671188354,-0.00032544106943532825,2,25,0.47757428884506226,0.2890372574329376,0.3434009552001953,2,26,0.3881499171257019,0.30791154503822327,0.35242336988449097,2,27,0.45493802428245544,0.2747979164123535,0.7410488724708557,2,28,0.35363519191741943,0.28633758425712585,0.7407699823379517,2,29,0.4488052427768707,0.2526397407054901,0.7842440009117126,2,30,0.35150837898254395,0.26847824454307556,0.7797162532806396,2,31,0.44322720170021057,0.3219897449016571,0.7724404335021973,2,32,0.33978837728500366,0.3260535001754761,0.7606407999992371,2
0,0.5011969804763794,0.6686264872550964,-0.46761709451675415,2,1,0.5088793039321899,0.6385412216186523,-0.5071184635162354,2,2,0.5156662464141846,0.6323555111885071,-0.5070145726203918,2,3,0.5224302411079407,0.6263672113418579,-0.5070012211799622,2,4,0.48661741614341736,0.6469729542732239,-0.5115751624107361,2,5,0.4792100489139557,0.6460310816764832,-0.5117784738540649,2,6,0.47197237610816956,0.6452140212059021,-0.5117496848106384,2,7,0.5302755832672119,0.5719460844993591,-0.5099023580551147,2,8,0.45087504386901855,0.601636528968811,-0.5469108819961548,2,9,0.509186327457428,0.6434985399246216,-0.45530471205711365,2,10,0.4884709417819977,0.6511679291725159,-0.46096301078796387,2,11,0.5711430311203003,0.4241282045841217,-0.43990904092788696,2,12,0.38866716623306274,0.4970574676990509,-0.43576186895370483,2,13,0.6565154790878296,0.393982857465744,-0.2746410071849823,2,14,0.31411799788475037,0.49072396755218506,-0.30255451798439026,2,15,0.6381009817123413,0.5865225791931152,-0.26144474744796753,2,16,0.36452916264533997,0.6743528842926025,-0.27536648511886597,2,17,0.6560752391815186,0.6209799647331238,-0.2984665632247925,2,18,0.3586665689945221,0.7228162884712219,-0.30832797288894653,2,19,0.6356264352798462,0.6270657181739807,-0.3047093152999878,2,20,0.38199371099472046,0.7202662229537964,-0.3092110753059387,2,21,0.6232591867446899,0.6146501898765564,-0.2645922303199768,2,22,0.3889217972755432,0.7065422534942627,-0.2739750146865845,2,23,0.5062240362167358,0.3692258298397064,0.001102087670005858,2,24,0.41289225220680237,0.39090466499328613,-0.0010335869155824184,2,25,0.4822808802127838,0.284746915102005,0.34473690390586853,2,26,0.38800719380378723,0.32159191370010376,0.359218567609787,2,27,0.4557502269744873,0.2676504850387573,0.7516115307807922,2,28,0.35109612345695496,0.2844012379646301,0.7510942816734314,2,29,0.4476374089717865,0.24775150418281555,0.7977586388587952,2,30,0.34611621499061584,0.26353147625923157,0.7912308573722839,2,31,0.4467923641204834,0.3162240982055664,0.7932144403457642,2,32,0.34028059244155884,0.32530221343040466,0.7801077961921692,2
0,0.5077081322669983,0.6039859056472778,-0.4984174370765686,2,1,0.5134867429733276,0.5845448970794678,-0.5284262895584106,2,2,0.5175703167915344,0.5749825239181519,-0.5283411145210266,2,3,0.5216009020805359,0.5727216005325317,-0.5283538103103638,2,4,0.49401265382766724,0.5835102796554565,-0.5353694558143616,2,5,0.48585158586502075,0.6239191889762878,-0.5355623364448547,2,6,0.47854700684547424,0.6231785416603088,-0.5355690717697144,2,7,0.5365634560585022,0.5529621839523315,-0.5485252141952515,2,8,0.45636099576950073,0.5828508138656616,-0.5801267623901367,2,9,0.514439582824707,0.5869673490524292,-0.47898468375205994,2,10,0.49388059973716736,0.6323670148849487,-0.48769617080688477,2,11,0.5698976516723633,0.41903412342071533,-0.4685646891593933,2,12,0.38757532835006714,0.4679628014564514,-0.45869073271751404,2,13,0.6575626730918884,0.3924294412136078,-0.28370556235313416,2,14,0.3140092194080353,0.492806077003479,-0.32845088839530945,2,15,0.6388971209526062,0.5863924026489258,-0.28797608613967896,2,16,0.3633749783039093,0.674351692199707,-0.3266691565513611,2,17,0.6560168862342834,0.6233533620834351,-0.325151264667511,2,18,0.35866206884384155,0.7230256199836731,-0.365410178899765,2,19,0.6365124583244324,0.6289525628089905,-0.34948089718818665,2,20,0.3819844126701355,0.7202056050300598,-0.3683539628982544,2,21,0.6245457530021667,0.6160736083984375,-0.30136626958847046,2,22,0.38888728618621826,0.7049086689949036,-0.32648929953575134,2,23,0.4961168169975281,0.37393978238105774,0.0019216332584619522,2,24,0.3984750509262085,0.4000430107116699,-0.0018881254363805056,2,25,0.4836118221282959,0.2832164466381073,0.3638309836387634,2,26,0.3764975666999817,0.3319355547428131,0.38440150022506714,2,27,0.4575046896934509,0.2663426399230957,0.8072989583015442,2,28,0.3430795669555664,0.2951676845550537,0.7955949902534485,2,29,0.4500882029533386,0.24441012740135193,0.8552787899971008,2,30,0.3382437825202942,0.27342483401298523,0.8375881910324097,2,31,0.4524742662906647,0.32381799817085266,0.8438645601272583,2,32,0.3338988125324249,0.34086883068084717,0.8240882754325867,2
0,0.505171537399292,0.6171942949295044,-0.5223879218101501,2,1,0.5138205289840698,0.5899322032928467,-0.5696955323219299,2,2,0.5195555686950684,0.5836672186851501,-0.5695635080337524,2,3,0.5251914262771606,0.5784841775894165,-0.5695586204528809,2,4,0.49119943380355835,0.5963947176933289,-0.5726889371871948,2,5,0.48350954055786133,0.6000367999076843,-0.5729218125343323,2,6,0.476057767868042,0.5985715389251709,-0.5729306936264038,2,7,0.5342581868171692,0.528870701789856,-0.5976587533950806,2,8,0.4524422287940979,0.5553609132766724,-0.6157747507095337,2,9,0.5107797384262085,0.5951665043830872,-0.5119088292121887,2,10,0.49000486731529236,0.6058286428451538,-0.5166037678718567,2,11,0.5627355575561523,0.3985501229763031,-0.5118769407272339,2,12,0.3744035065174103,0.47092676162719727,-0.4910394251346588,2,13,0.655215859413147,0.3917123079299927,-0.3258719742298126,2,14,0.3117123544216156,0.495563805103302,-0.34150731563568115,2,15,0.6390268802642822,0.5857819318771362,-0.3060607314109802,2,16,0.3628593981266022,0.6746937036514282,-0.3490915298461914,2,17,0.6559172868728638,0.6236721277236938,-0.3460838198661804,2,18,0.3586633503437042,0.7230007648468018,-0.3896388113498688,2,19,0.637127161026001,0.6291950941085815,-0.3642663359642029,2,20,0.3819694519042969,0.7190613746643066,-0.3957432210445404,2,21,0.6250398755073547,0.616320013999939,-0.3153201937675476,2,22,0.38887161016464233,0.7030312418937683,-0.35068458318710327,2,23,0.49652934074401855,0.36714762449264526,0.0023411123547703028,2,24,0.3996056914329529,0.4021756052970886,-0.0023256188724189997,2,25,0.48991474509239197,0.2881316542625427,0.3795628547668457,2,26,0.3835550844669342,0.3435755968093872,0.403402179479599,2,27,0.47734421491622925,0.27160802483558655,0.8360587954521179,2,28,0.3649434745311737,0.3055773079395294,0.8354372978210449,2,29,0.46892791986465454,0.24896225333213806,0.8856114149093628,2,30,0.3628271818161011,0.2829716205596924,0.8801192045211792,2,31,0.47957611083984375,0.332601398229599,0.8690825700759888,2,32,0.37025517225265503,0.35130050778388977,0.8635905385017395,2
0,0.4835119843482971,0.4862612783908844,0.16506028175354004,2,1,0.490384966135025,0.4718278646469116,0.18160119652748108,2,2,0.4941653311252594,0.47120413184165955,0.18158873915672302,2,3,0.4978281855583191,0.47036653757095337,0.1812874972820282,2,4,0.47805437445640564,0.4748380482196808,0.17245443165302277,2,5,0.47365880012512207,0.4744689166545868,0.172430157661438,2,6,0.46921220421791077,0.4752122759819031,0.1722104251384735,2,7,0.503708004951477,0.4718218147754669,0.2210462987422943,2,8,0.4566659927368164,0.47940635681152344,0.18305790424346924,2,9,0.48834723234176636,0.48957952857017517,0.17813529074192047,2,10,0.4743552803993225,0.49297043681144714,0.16629932820796967,2,11,0.531729519367218,0.44388386607170105,0.19009563326835632,2,12,0.4002457559108734,0.46569064259529114,0.10900826752185822,2,13,0.5681548714637756,0.4921064078807831,0.2077813595533371,2,14,0.31478816270828247,0.5144541263580322,0.08112846314907074,2,15,0.6285561323165894,0.5856224298477173,0.08786707371473312,2,16,0.36388280987739563,0.6787427067756653,0.026078755035996437,2,17,0.6482545733451843,0.6221716403961182,0.059900444000959396,2,18,0.3600502610206604,0.7252516746520996,0.005092791747301817,2,19,0.6359837055206299,0.627963662147522,0.04393390566110611,2,20,0.3814360499382019,0.719443678855896,0.008073423057794571,2,21,0.6242609024047852,0.6155732274055481,0.07472338527441025,2,22,0.3879449665546417,0.7033950090408325,0.02770245634019375,2,23,0.4994715750217438,0.4715859293937683,0.003601404605433345,2,24,0.4279975891113281,0.47599929571151733,-0.0043927570804953575,2,25,0.5398929119110107,0.3729282021522522,0.21720154583454132,2,26,0.41310176253318787,0.35835447907447815,0.30991435050964355,2,27,0.5358341932296753,0.28154727816581726,0.41816750168800354,2,28,0.40225592255592346,0.3102765381336212,0.4855358600616455,2,29,0.5292695164680481,0.2639119625091553,0.4418935179710388,2,30,0.4033759534358978,0.2987266480922699,0.5067113637924194,2,31,0.5423349738121033,0.31908389925956726,0.4295191168785095,2,32,0.40502047538757324,0.34088942408561707,0.4949544072151184,2
0,0.4728942811489105,0.4752374291419983,-0.02482718788087368,2,1,0.48211151361465454,0.459875226020813,-0.017034579068422318,2,2,0.48667263984680176,0.45869356393814087,-0.017010625451803207,2,3,0.49111858010292053,0.457632839679718,-0.017267178744077682,2,4,0.4689541757106781,0.4634484052658081,-0.01900225505232811,2,5,0.46481138467788696,0.46376416087150574,-0.019052481278777122,2,6,0.46074214577674866,0.46464020013809204,-0.019271932542324066,2,7,0.500867486000061,0.4584237039089203,0.021043196320533752,2,8,0.454393208026886,0.46839433908462524,0.014015791937708855,2,9,0.480121374130249,0.47973379492759705,-0.008515888825058937,2,10,0.46523040533065796,0.4836595356464386,-0.011267519555985928,2,11,0.5338039994239807,0.44247978925704956,0.028833333402872086,2,12,0.40329256653785706,0.47062864899635315,-0.01989888772368431,2,13,0.5674229860305786,0.4914870858192444,0.06537185609340668,2,14,0.31660935282707214,0.5202798247337341,-0.025851285085082054,2,15,0.6234944462776184,0.5865013003349304,-0.06424472481012344,2,16,0.3631066381931305,0.6791194677352905,-0.09395477175712585,2,17,0.644351601600647,0.6196451187133789,-0.10238907486200333,2,18,0.35998889803886414,0.7255644798278809,-0.12261657416820526,2,19,0.6344795227050781,0.6270739436149597,-0.11851505190134048,2,20,0.37906724214553833,0.7202819585800171,-0.12606963515281677,2,21,0.6236063838005066,0.6155650615692139,-0.07690351456403732,2,22,0.38463377952575684,0.7034295797348022,-0.09537875652313232,2,23,0.49987250566482544,0.4694810211658478,0.0031806915067136288,2,24,0.43615803122520447,0.48459091782569885,-0.004108405206352472,2,25,0.5441581010818481,0.3462340533733368,0.27626073360443115,2,26,0.4306603968143463,0.35046669840812683,0.33139365911483765,2,27,0.5505620241165161,0.27987924218177795,0.5452743172645569,2,28,0.4100404679775238,0.3018028438091278,0.6092771291732788,2,29,0.544041633605957,0.25776487588882446,0.5761479735374451,2,30,0.4116264879703522,0.29917848110198975,0.6411005258560181,2,31,0.5629171133041382,0.2967968285083771,0.542643666267395,2,32,0.4208158552646637,0.3366912305355072,0.6184857487678528,2
0,0.5625014901161194,0.7014693021774292,-0.2570076286792755,2,1,0.5696184635162354,0.6963253617286682,-0.2524207830429077,2,2,0.5741630792617798,0.6951844096183777,-0.2526338994503021,2,3,0.5790127515792847,0.6931861639022827,-0.2528739273548126,2,4,0.5583537220954895,0.6938928961753845,-0.2484540492296219,2,5,0.5533787608146667,0.691340446472168,-0.24826118350028992,2,6,0.5477036237716675,0.683097243309021,-0.24803908169269562,2,7,0.5865896940231323,0.6610304117202759,-0.3135494589805603,2,8,0.5184842348098755,0.6854512095451355,-0.37352460622787476,2,9,0.5636812448501587,0.6870795488357544,-0.2347552329301834,2,10,0.5401018857955933,0.7183082699775696,-0.23667578399181366,2,11,0.5961141586303711,0.5169833898544312,-0.2305808812379837,2,12,0.4150335192680359,0.566775918006897,-0.3113284111022949,2,13,0.6266320943832397,0.45288199186325073,-0.06146514415740967,2,14,0.31826311349868774,0.5165477395057678,-0.169915109872818,2,15,0.6254788637161255,0.5837544202804565,-0.045916520059108734,2,16,0.36339816451072693,0.6804238557815552,-0.1774427890777588,2,17,0.6463140845298767,0.6180405020713806,-0.06869127601385117,2,18,0.3600084185600281,0.7261099219322205,-0.1981717050075531,2,19,0.6356405019760132,0.6264063715934753,-0.06782408803701401,2,20,0.37910088896751404,0.7202915549278259,-0.20047953724861145,2,21,0.6253267526626587,0.6143267154693604,-0.04469440132379532,2,22,0.3854694962501526,0.7034710049629211,-0.17475606501102448,2,23,0.5110520720481873,0.42931506037712097,0.0082237021997571,2,24,0.42586153745651245,0.4484514594078064,-0.009069499559700489,2,25,0.5301513671875,0.30325397849082947,0.4075985848903656,2,26,0.4193132817745209,0.3532213568687439,0.40654104948043823,2,27,0.5462898015975952,0.23862241208553314,0.8376705050468445,2,28,0.40472525358200073,0.2978447377681732,0.8068526387214661,2,29,0.5139852166175842,0.21722854673862457,0.8856860399246216,2,30,0.40789955854415894,0.2891799807548523,0.8526002168655396,2,31,0.5426550507545471,0.27530837059020996,0.8955009579658508,2,32,0.405506432056427,0.3342800736427307,0.860852062702179,2
0,0.5649346709251404,0.6892815232276917,-0.28228560090065,2,1,0.5709043741226196,0.6813270449638367,-0.3107640743255615,2,2,0.5749506950378418,0.679533064365387,-0.31072282791137695,2,3,0.5800238847732544,0.6768618822097778,-0.3108231723308563,2,4,0.5579605102539062,0.6806937456130981,-0.31474441289901733,2,5,0.5534976720809937,0.6782971024513245,-0.3147934377193451,2,6,0.5468789935112,0.6754978895187378,-0.3147914409637451,2,7,0.585050642490387,0.6369478702545166,-0.3759129047393799,2,8,0.5167516469955444,0.6760082840919495,-0.4285355508327484,2,9,0.5640913844108582,0.6654064655303955,-0.27487891912460327,2,10,0.5520412921905518,0.6679419279098511,-0.2852972745895386,2,11,0.597337543964386,0.4807308316230774,-0.317055881023407,2,12,0.41325563192367554,0.5476675033569336,-0.36958837509155273,2,13,0.6403640508651733,0.42138081789016724,-0.09208142012357712,2,14,0.316264808177948,0.5137177109718323,-0.17924903333187103,2,15,0.6266499757766724,0.580406129360199,-0.08902443945407867,2,16,0.3633987307548523,0.6803290843963623,-0.21384064853191376,2,17,0.6484453082084656,0.6177531480789185,-0.12341556698083878,2,18,0.36000698804855347,0.7260680198669434,-0.24475662410259247,2,19,0.635711669921875,0.62639319896698,-0.1276933252811432,2,20,0.379098117351532,0.7195639610290527,-0.24890868365764618,2,21,0.6252976655960083,0.6141510605812073,-0.09095197170972824,2,22,0.38553667068481445,0.7021588087081909,-0.21330249309539795,2,23,0.5106027126312256,0.3927803337574005,0.009386391378939152,2,24,0.41514667868614197,0.4427802264690399,-0.010054354555904865,2,25,0.5103305578231812,0.2510075271129608,0.4240489900112152,2,26,0.40664562582969666,0.3417377173900604,0.4187607765197754,2,27,0.503412127494812,0.20387816429138184,0.880639910697937,2,28,0.39884909987449646,0.2813149690628052,0.8540570139884949,2,29,0.48355069756507874,0.17890866100788116,0.9314958453178406,2,30,0.40300074219703674,0.2532948851585388,0.9017816781997681,2,31,0.5088214874267578,0.2538481056690216,0.941830039024353,2,32,0.39564257860183716,0.3295293152332306,0.9098698496818542,2
0,0.5643711090087891,0.7172403335571289,-0.3605085015296936,2,1,0.5704131722450256,0.6760269999504089,-0.40603914856910706,2,2,0.5740470290184021,0.6741929650306702,-0.40583768486976624,2,3,0.5793086290359497,0.6714072227478027,-0.4058004915714264,2,4,0.5584653615951538,0.6747350096702576,-0.41300463676452637,2,5,0.5544235706329346,0.671868622303009,-0.4132458567619324,2,6,0.5452126860618591,0.705663800239563,-0.4133097231388092,2,7,0.591068685054779,0.6491538286209106,-0.46532291173934937,2,8,0.5220986604690552,0.6707819700241089,-0.5003422498703003,2,9,0.5648571252822876,0.6694788336753845,-0.359752357006073,2,10,0.5476034879684448,0.6944500207901001,-0.3704708218574524,2,11,0.5998639464378357,0.4880351126194,-0.39723730087280273,2,12,0.41981029510498047,0.5534435510635376,-0.41974249482154846,2,13,0.643172025680542,0.4184751808643341,-0.14630059897899628,2,14,0.3153255581855774,0.5119061470031738,-0.2656380534172058,2,15,0.6271407008171082,0.5797622203826904,-0.13522663712501526,2,16,0.3634301722049713,0.6803779006004333,-0.27825382351875305,2,17,0.6486204862594604,0.6176558136940002,-0.17116732895374298,2,18,0.36018675565719604,0.7260595560073853,-0.3208845257759094,2,19,0.6359032392501831,0.6263810396194458,-0.18077410757541656,2,20,0.37913617491722107,0.719310998916626,-0.3304618299007416,2,21,0.6255084872245789,0.6140602827072144,-0.13982003927230835,2,22,0.38556021451950073,0.7014767527580261,-0.2812963128089905,2,23,0.5124750733375549,0.37906426191329956,0.009277003817260265,2,24,0.4154341220855713,0.43464159965515137,-0.009914083406329155,2,25,0.5113310217857361,0.24695120751857758,0.4399436414241791,2,26,0.4066382050514221,0.3408697545528412,0.44292789697647095,2,27,0.5007451772689819,0.20790687203407288,0.9213330149650574,2,28,0.3972128629684448,0.28230005502700806,0.9082801938056946,2,29,0.483506441116333,0.18548570573329926,0.97454833984375,2,30,0.3964260220527649,0.25430381298065186,0.9583519697189331,2,31,0.5049376487731934,0.25673264265060425,0.982856273651123,2,32,0.39846083521842957,0.33013588190078735,0.9629724621772766,2
0,0.5680446028709412,0.720035195350647,-0.3547733426094055,2,1,0.5712699294090271,0.6810338497161865,-0.396090567111969,2,2,0.5759581327438354,0.6791108846664429,-0.3958978056907654,2,3,0.5799529552459717,0.672559380531311,-0.39586952328681946,2,4,0.5570667386054993,0.6741126775741577,-0.40360432863235474,2,5,0.5522816181182861,0.6711288094520569,-0.40383976697921753,2,6,0.5454124212265015,0.6736859083175659,-0.4039078652858734,2,7,0.5949064493179321,0.6510840058326721,-0.4474371373653412,2,8,0.5266953706741333,0.6416803002357483,-0.4824739396572113,2,9,0.5654009580612183,0.6680268049240112,-0.3521708846092224,2,10,0.5504711270332336,0.6989651918411255,-0.36306232213974,2,11,0.6027771830558777,0.493888258934021,-0.38269394636154175,2,12,0.4242134690284729,0.5581201314926147,-0.4037112593650818,2,13,0.644818902015686,0.41813355684280396,-0.15263913571834564,2,14,0.31562286615371704,0.5141260623931885,-0.2635268270969391,2,15,0.6281455755233765,0.5798012018203735,-0.14423048496246338,2,16,0.3632654845714569,0.6804351210594177,-0.27260690927505493,2,17,0.6495434045791626,0.6178837418556213,-0.18282721936702728,2,18,0.3603484630584717,0.7261105179786682,-0.3118880093097687,2,19,0.6359527707099915,0.626615047454834,-0.19037458300590515,2,20,0.3791556656360626,0.7192933559417725,-0.3198189437389374,2,21,0.6255185008049011,0.6144928932189941,-0.1479293256998062,2,22,0.385539710521698,0.7013754844665527,-0.2750568389892578,2,23,0.5138874053955078,0.37131115794181824,0.009196215309202671,2,24,0.41618266701698303,0.4304112195968628,-0.00981341116130352,2,25,0.5119050741195679,0.2371922880411148,0.4228958487510681,2,26,0.40686553716659546,0.3372630774974823,0.4282864034175873,2,27,0.5004594326019287,0.20261318981647491,0.8858426809310913,2,28,0.3997951149940491,0.2821221947669983,0.8736104965209961,2,29,0.4824599623680115,0.1811046600341797,0.9370349049568176,2,30,0.39730510115623474,0.2533774971961975,0.9215363264083862,2,31,0.5026136636734009,0.2532083988189697,0.9447886347770691,2,32,0.40343111753463745,0.32914960384368896,0.9248207211494446,2
0,0.5513516664505005,0.6770635843276978,-0.4116039276123047,2,1,0.5645595788955688,0.6510452032089233,-0.4546709656715393,2,2,0.5716276168823242,0.6466675400733948,-0.45451903343200684,2,3,0.5774555206298828,0.6412931084632874,-0.4544603228569031,2,4,0.5393576622009277,0.6553481817245483,-0.46121859550476074,2,5,0.5323807001113892,0.6539405584335327,-0.46144285798072815,2,6,0.5258010625839233,0.6540470719337463,-0.4615147113800049,2,7,0.5763567090034485,0.6187498569488525,-0.5058983564376831,2,8,0.5008953809738159,0.6177984476089478,-0.5379935503005981,2,9,0.5502548217773438,0.6436767578125,-0.41040992736816406,2,10,0.5330601334571838,0.6605254411697388,-0.4204038977622986,2,11,0.5778511762619019,0.43518829345703125,-0.44807443022727966,2,12,0.40386709570884705,0.5338611602783203,-0.45544758439064026,2,13,0.6427417397499084,0.40331918001174927,-0.2902204394340515,2,14,0.31533247232437134,0.5083385109901428,-0.3456283211708069,2,15,0.6290504932403564,0.5727599859237671,-0.31982481479644775,2,16,0.3632476031780243,0.6797266006469727,-0.3488426208496094,2,17,0.6498660445213318,0.6146515011787415,-0.36734768748283386,2,18,0.36032602190971375,0.7251131534576416,-0.3938053846359253,2,19,0.6352214217185974,0.6226406693458557,-0.37928131222724915,2,20,0.3793622851371765,0.7186762690544128,-0.3996813893318176,2,21,0.6237906217575073,0.6083071827888489,-0.32706108689308167,2,22,0.3855818808078766,0.7006798386573792,-0.3514454662799835,2,23,0.49849003553390503,0.3465219736099243,0.011230109259486198,2,24,0.4063343107700348,0.40189218521118164,-0.011445770971477032,2,25,0.49955931305885315,0.2433101087808609,0.4068416655063629,2,26,0.40365511178970337,0.33811596035957336,0.3861105144023895,2,27,0.48897019028663635,0.24281717836856842,0.8347015380859375,2,28,0.3972933888435364,0.30264371633529663,0.8377631306648254,2,29,0.478295236825943,0.2206467241048813,0.8818351626396179,2,30,0.39438140392303467,0.27696797251701355,0.8796696662902832,2,31,0.48556622862815857,0.3127029240131378,0.881671130657196,2,32,0.3993206322193146,0.3567398488521576,0.8409934043884277,2
0,0.5485457181930542,0.6769542098045349,-0.40796709060668945,2,1,0.5589293241500854,0.6536424160003662,-0.45060959458351135,2,2,0.5648275017738342,0.6474117636680603,-0.4504569470882416,2,3,0.5701455473899841,0.6412230730056763,-0.45040592551231384,2,4,0.5373338460922241,0.6634625196456909,-0.45543375611305237,2,5,0.5289804339408875,0.6628530621528625,-0.4556456506252289,2,6,0.5220089554786682,0.662570595741272,-0.4556850492954254,2,7,0.5744556188583374,0.5989829301834106,-0.4996873736381531,2,8,0.49393144249916077,0.6207651495933533,-0.5224294662475586,2,9,0.5482808947563171,0.645628035068512,-0.40583425760269165,2,10,0.5315129160881042,0.6565491557121277,-0.4130774140357971,2,11,0.5771982669830322,0.4185631275177002,-0.4383717179298401,2,12,0.4007011950016022,0.524255096912384,-0.4394739270210266,2,13,0.6437454223632812,0.3929748237133026,-0.2826680541038513,2,14,0.31429654359817505,0.5081959366798401,-0.3433329463005066,2,15,0.6298162937164307,0.5711341500282288,-0.3046875596046448,2,16,0.3632546067237854,0.6788411736488342,-0.3686096668243408,2,17,0.6500622630119324,0.6135022640228271,-0.34780311584472656,2,18,0.360341876745224,0.7246385216712952,-0.4152297377586365,2,19,0.6352375149726868,0.6199652552604675,-0.3569752275943756,2,20,0.379463255405426,0.7173091173171997,-0.4192485809326172,2,21,0.6238501071929932,0.6068633198738098,-0.31021827459335327,2,22,0.38558757305145264,0.6993418335914612,-0.3710190951824188,2,23,0.5003887414932251,0.34465137124061584,0.011048904620110989,2,24,0.4087151885032654,0.39743873476982117,-0.011103713884949684,2,25,0.4939543306827545,0.24721075594425201,0.38337624073028564,2,26,0.40281909704208374,0.3410886228084564,0.3768732249736786,2,27,0.48363009095191956,0.24469402432441711,0.8071895837783813,2,28,0.3959576189517975,0.30609607696533203,0.7960840463638306,2,29,0.47572922706604004,0.2222442477941513,0.8523322343826294,2,30,0.39290672540664673,0.2803071439266205,0.8350701332092285,2,31,0.4813026785850525,0.30925890803337097,0.8455454707145691,2,32,0.397116482257843,0.3613235056400299,0.8122671246528625,2
0,0.5463850498199463,0.6693407297134399,-0.47692328691482544,2,1,0.5555343627929688,0.647070586681366,-0.5192534327507019,2,2,0.5611661672592163,0.6413164138793945,-0.5190679430961609,2,3,0.5665138959884644,0.6357043981552124,-0.5189690589904785,2,4,0.5356185436248779,0.6560618281364441,-0.5260208249092102,2,5,0.5280511975288391,0.655387282371521,-0.5262512564659119,2,6,0.5211559534072876,0.6550267338752747,-0.5263071656227112,2,7,0.5743079781532288,0.5905771255493164,-0.5614161491394043,2,8,0.4931938648223877,0.6175103783607483,-0.5952635407447815,2,9,0.5469896197319031,0.6425099968910217,-0.47176820039749146,2,10,0.529830813407898,0.6508597731590271,-0.48223406076431274,2,11,0.576213002204895,0.42198944091796875,-0.4917457103729248,2,12,0.4011722505092621,0.5233953595161438,-0.4985407888889313,2,13,0.6447426080703735,0.39159923791885376,-0.3267189562320709,2,14,0.3145415782928467,0.5096275806427002,-0.3711521327495575,2,15,0.6314885020256042,0.5716772079467773,-0.3416854739189148,2,16,0.3634350001811981,0.6788297295570374,-0.3667098879814148,2,17,0.6502146124839783,0.6135393977165222,-0.3882703483104706,2,18,0.36034300923347473,0.7245702147483826,-0.4108394980430603,2,19,0.6358797550201416,0.6200717687606812,-0.40122002363204956,2,20,0.3794250786304474,0.7172324061393738,-0.42112231254577637,2,21,0.6253172755241394,0.607150673866272,-0.3487362861633301,2,22,0.38519516587257385,0.6993438005447388,-0.37065768241882324,2,23,0.5015802979469299,0.3500303030014038,0.011092400178313255,2,24,0.4098244309425354,0.40415239334106445,-0.011135710403323174,2,25,0.4950806200504303,0.2494611144065857,0.40597057342529297,2,26,0.3994005620479584,0.3471660315990448,0.3953174948692322,2,27,0.48422369360923767,0.24390731751918793,0.8589030504226685,2,28,0.3947933316230774,0.3162648379802704,0.8403628468513489,2,29,0.47594961524009705,0.22195322811603546,0.9071966409683228,2,30,0.3918212056159973,0.29124853014945984,0.8842633366584778,2,31,0.4890625476837158,0.30680546164512634,0.8920804262161255,2,32,0.3973097503185272,0.37202224135398865,0.8613438606262207,2
0,0.5172131061553955,0.6278475522994995,-0.5528725385665894,2,1,0.52839195728302,0.6009409427642822,-0.5841773152351379,2,2,0.5353785157203674,0.5957099795341492,-0.5840314030647278,2,3,0.522821307182312,0.5672250986099243,-0.5840793251991272,2,4,0.5032260417938232,0.6089666485786438,-0.5854285359382629,2,5,0.49505558609962463,0.6068336963653564,-0.5856046676635742,2,6,0.4871898293495178,0.6043837666511536,-0.5855016708374023,2,7,0.5485014319419861,0.5366520285606384,-0.5757314562797546,2,8,0.46175485849380493,0.5632478594779968,-0.584046483039856,2,9,0.5216771364212036,0.6117172837257385,-0.530718207359314,2,10,0.5006963610649109,0.6134816408157349,-0.5332804322242737,2,11,0.5706297755241394,0.407181978225708,-0.4724840521812439,2,12,0.37813204526901245,0.4874006509780884,-0.46367186307907104,2,13,0.6448779106140137,0.3849029242992401,-0.36874404549598694,2,14,0.31463509798049927,0.5068553686141968,-0.3477657735347748,2,15,0.6331002116203308,0.5746170282363892,-0.41774988174438477,2,16,0.36323174834251404,0.678837776184082,-0.3854522109031677,2,17,0.6512897610664368,0.6136669516563416,-0.46999335289001465,2,18,0.359592467546463,0.7249340415000916,-0.43224602937698364,2,19,0.6366820931434631,0.6206189393997192,-0.4802195131778717,2,20,0.3790997564792633,0.7178938984870911,-0.4399811625480652,2,21,0.6257548928260803,0.6095007658004761,-0.4242803454399109,2,22,0.3847581446170807,0.6997615098953247,-0.3895886540412903,2,23,0.49156898260116577,0.3198294937610626,0.00295652961358428,2,24,0.39739686250686646,0.3681778907775879,-0.0029177486430853605,2,25,0.4690323770046234,0.24473457038402557,0.344907283782959,2,26,0.39402687549591064,0.30995291471481323,0.3690996468067169,2,27,0.4603704512119293,0.22846412658691406,0.7417140007019043,2,28,0.38806048035621643,0.294173926115036,0.7531214952468872,2,29,0.45286041498184204,0.20456847548484802,0.7842320203781128,2,30,0.38462406396865845,0.2703131437301636,0.7911901473999023,2,31,0.4663773477077484,0.2909780442714691,0.7704614400863647,2,32,0.3956946134567261,0.35203516483306885,0.7714357972145081,2
0,0.49548497796058655,0.6100389957427979,-0.52037513256073,2,1,0.5074610114097595,0.5875318050384521,-0.5553551316261292,2,2,0.5145112872123718,0.5829364061355591,-0.5552803874015808,2,3,0.518401563167572,0.5718892812728882,-0.5553771257400513,2,4,0.48330315947532654,0.5935572981834412,-0.5515373349189758,2,5,0.47580021619796753,0.5914036631584167,-0.551694393157959,2,6,0.46844273805618286,0.5891663432121277,-0.5516600012779236,2,7,0.53126060962677,0.5246861577033997,-0.5719388723373413,2,8,0.4479169249534607,0.5501284003257751,-0.5566321611404419,2,9,0.502707839012146,0.5922006368637085,-0.5079933404922485,2,10,0.4822854995727539,0.5941454172134399,-0.5037182569503784,2,11,0.5657926797866821,0.39624541997909546,-0.4670697748661041,2,12,0.37186282873153687,0.4628160297870636,-0.4612704813480377,2,13,0.6441080570220947,0.3865165710449219,-0.3938140273094177,2,14,0.31513530015945435,0.5066209435462952,-0.35617905855178833,2,15,0.6331977248191833,0.5764006972312927,-0.45512157678604126,2,16,0.3631630539894104,0.6775197386741638,-0.39410218596458435,2,17,0.6524631381034851,0.6148090958595276,-0.512438178062439,2,18,0.35932326316833496,0.7240716814994812,-0.44364601373672485,2,19,0.637508749961853,0.6226873397827148,-0.5242140293121338,2,20,0.37837836146354675,0.7175630331039429,-0.4536988139152527,2,21,0.6262537240982056,0.612320601940155,-0.4636789858341217,2,22,0.3842453956604004,0.6995580196380615,-0.3994279205799103,2,23,0.49348145723342896,0.3092377781867981,-0.002825977746397257,2,24,0.39989811182022095,0.35318493843078613,0.00293592712841928,2,25,0.4749425947666168,0.2416287362575531,0.3284939229488373,2,26,0.3902295231819153,0.3039068579673767,0.35674920678138733,2,27,0.4662812650203705,0.21783988177776337,0.7218425869941711,2,28,0.381326287984848,0.2883087992668152,0.7370831966400146,2,29,0.4593043923377991,0.19575707614421844,0.7629275321960449,2,30,0.37871482968330383,0.2662966549396515,0.774486243724823,2,31,0.4721452295780182,0.2684493064880371,0.7407258152961731,2,32,0.3884425461292267,0.3382496237754822,0.7469183206558228,2
0,0.4862682819366455,0.5755895972251892,-0.49816450476646423,2,1,0.4966861605644226,0.5524839162826538,-0.532829999923706,2,2,0.5031949281692505,0.5472123622894287,-0.5327509641647339,2,3,0.5093005895614624,0.5413913130760193,-0.5328372716903687,2,4,0.47347894310951233,0.5604009628295898,-0.5337598919868469,2,5,0.46595773100852966,0.5589057803153992,-0.5339106321334839,2,6,0.4585540294647217,0.5574218034744263,-0.5339142680168152,2,7,0.5153561234474182,0.4841437041759491,-0.5460213422775269,2,8,0.43479251861572266,0.5153639316558838,-0.5505743026733398,2,9,0.4906616806983948,0.5526019334793091,-0.4841006398200989,2,10,0.47112149000167847,0.5569844245910645,-0.4859617352485657,2,11,0.5412966012954712,0.34840691089630127,-0.45377326011657715,2,12,0.3522219657897949,0.4218180775642395,-0.46115240454673767,2,13,0.6405037641525269,0.38325509428977966,-0.3984963893890381,2,14,0.3170962929725647,0.5043330788612366,-0.39096444845199585,2,15,0.6332736015319824,0.5765723586082458,-0.450244665145874,2,16,0.3631705343723297,0.6772940158843994,-0.41900673508644104,2,17,0.6529892086982727,0.6148908734321594,-0.5043795704841614,2,18,0.3592813014984131,0.72407066822052,-0.46914905309677124,2,19,0.6386353969573975,0.622799277305603,-0.5165324211120605,2,20,0.37740570306777954,0.7172867655754089,-0.4798656404018402,2,21,0.6274763941764832,0.6131313443183899,-0.45942163467407227,2,22,0.38356584310531616,0.6995806097984314,-0.42511963844299316,2,23,0.4683305621147156,0.27993813157081604,-0.0030975909903645515,2,24,0.37623801827430725,0.32241734862327576,0.003175206482410431,2,25,0.4613335132598877,0.23675331473350525,0.3263241648674011,2,26,0.3678751587867737,0.30820798873901367,0.3255092203617096,2,27,0.4592413008213043,0.2183498591184616,0.6881877779960632,2,28,0.34582552313804626,0.2961154580116272,0.6987437009811401,2,29,0.45329636335372925,0.1978120356798172,0.7264426946640015,2,30,0.3423433005809784,0.27604421973228455,0.7365565299987793,2,31,0.46783700585365295,0.2698880136013031,0.7089458703994751,2,32,0.34751999378204346,0.34971579909324646,0.7242244482040405,2
END PUSHUP
0,0.5513941049575806,0.5399983525276184,-0.5099718570709229,2,1,0.5580383539199829,0.5266669988632202,-0.5329962372779846,2,2,0.5626155138015747,0.5244969129562378,-0.5328333973884583,2,3,0.5670402646064758,0.5218898057937622,-0.5327243804931641,2,4,0.5441024303436279,0.5298125147819519,-0.5442477464675903,2,5,0.5380135774612427,0.5253629684448242,-0.5444904565811157,2,6,0.5327824354171753,0.5228119492530823,-0.5445414185523987,2,7,0.5723968148231506,0.48990562558174133,-0.5098394155502319,2,8,0.5097042322158813,0.5160447359085083,-0.5620452761650085,2,9,0.5539495944976807,0.5312503576278687,-0.4842361807823181,2,10,0.5389446020126343,0.5330064296722412,-0.4996732175350189,2,11,0.6056991219520569,0.4032467007637024,-0.4156743586063385,2,12,0.4273977279663086,0.4527016878128052,-0.4410415291786194,2,13,0.6444169282913208,0.39704063534736633,-0.23965516686439514,2,14,0.327278733253479,0.49495136737823486,-0.37459710240364075,2,15,0.6393376588821411,0.5772318840026855,-0.23779132962226868,2,16,0.36524662375450134,0.6742976903915405,-0.39957910776138306,2,17,0.6569439172744751,0.6143520474433899,-0.2695261836051941,2,18,0.3599663972854614,0.7200036644935608,-0.4421079158782959,2,19,0.6400731205940247,0.6191282272338867,-0.2788495719432831,2,20,0.3814745247364044,0.7186930179595947,-0.44472575187683105,2,21,0.6302047967910767,0.6091241240501404,-0.24247141182422638,2,22,0.38762345910072327,0.7047401666641235,-0.40096116065979004,2,23,0.5238803029060364,0.3390590250492096,0.011095122434198856,2,24,0.4371561110019684,0.34480202198028564,-0.011263808235526085,2,25,0.47975239157676697,0.2819523215293884,0.33502963185310364,2,26,0.41629570722579956,0.28610336780548096,0.3354155719280243,2,27,0.4593020975589752,0.2680357098579407,0.7288317680358887,2,28,0.37585943937301636,0.2718071937561035,0.7055503129959106,2,29,0.44868817925453186,0.2549348473548889,0.7707118391990662,2,30,0.3697131276130676,0.2541872560977936,0.7419782876968384,2,31,0.45101863145828247,0.3244759142398834,0.7465494871139526,2,32,0.3625325858592987,0.32737496495246887,0.7278775572776794,2
0,0.5501834154129028,0.552190899848938,-0.41532260179519653,2,1,0.5571696162223816,0.5403980612754822,-0.4468892216682434,2,2,0.5616281032562256,0.5385411381721497,-0.44676464796066284,2,3,0.5665148496627808,0.533659040927887,-0.44668594002723694,2,4,0.5430400967597961,0.5413106679916382,-0.45630136132240295,2,5,0.5356932282447815,0.5399145483970642,-0.45650815963745117,2,6,0.5130128860473633,0.579416811466217,-0.4565420150756836,2,7,0.5593148469924927,0.5207018852233887,-0.46666574478149414,2,8,0.4906321167945862,0.5392013788223267,-0.5100499391555786,2,9,0.5537263751029968,0.5416128635406494,-0.4043617248535156,2,10,0.5373908281326294,0.5430875420570374,-0.41731590032577515,2,11,0.5809708833694458,0.3968353271484375,-0.4010506272315979,2,12,0.41535043716430664,0.4509040415287018,-0.42503538727760315,2,13,0.6430712938308716,0.396343857049942,-0.23420485854148865,2,14,0.32339563965797424,0.4970358610153198,-0.35688334703445435,2,15,0.6393226981163025,0.5798507928848267,-0.24666845798492432,2,16,0.3652397096157074,0.6747379899024963,-0.3775881230831146,2,17,0.6570649743080139,0.6171615123748779,-0.2810078561306,2,18,0.35995417833328247,0.7200726866722107,-0.41935840249061584,2,19,0.6403810381889343,0.6211632490158081,-0.2926942706108093,2,20,0.3810642957687378,0.7185133099555969,-0.42280036211013794,2,21,0.6303282976150513,0.6112955808639526,-0.2530632019042969,2,22,0.3868800103664398,0.7046791315078735,-0.37897270917892456,2,23,0.508931040763855,0.3408142030239105,0.009729511104524136,2,24,0.4249040186405182,0.3540535271167755,-0.009865762665867805,2,25,0.47069987654685974,0.2783554792404175,0.3276686370372772,2,26,0.40680208802223206,0.28493040800094604,0.3342997133731842,2,27,0.4357920289039612,0.24754765629768372,0.726046085357666,2,28,0.37301310896873474,0.25833749771118164,0.7064423561096191,2,29,0.44300660490989685,0.22025315463542938,0.7686628103256226,2,30,0.3668636679649353,0.24283137917518616,0.7436758279800415,2,31,0.4458814263343811,0.2946748435497284,0.7522608041763306,2,32,0.36130398511886597,0.30152052640914917,0.7259973883628845,2
0,0.55075603723526,0.5755276083946228,-0.3852316737174988,2,1,0.5565732717514038,0.5505095720291138,-0.42054295539855957,2,2,0.5608072280883789,0.5494493246078491,-0.4204132556915283,2,3,0.565919041633606,0.5484411716461182,-0.42030471563339233,2,4,0.5437470078468323,0.5514184832572937,-0.42956066131591797,2,5,0.5366932153701782,0.5511137247085571,-0.4297782778739929,2,6,0.52801913022995,0.55413419008255,-0.4298775792121887,2,7,0.563113808631897,0.5526613593101501,-0.4564780294895172,2,8,0.49165481328964233,0.5705416202545166,-0.49825578927993774,2,9,0.5525302290916443,0.5537858605384827,-0.37986165285110474,2,10,0.5394902229309082,0.5632436275482178,-0.39248335361480713,2,11,0.584426760673523,0.42215198278427124,-0.4001052975654602,2,12,0.4168161451816559,0.4774267375469208,-0.41993895173072815,2,13,0.6453858613967896,0.3999800384044647,-0.20948930084705353,2,14,0.3229564428329468,0.4987746477127075,-0.34999290108680725,2,15,0.6393237709999084,0.5815408825874329,-0.19533738493919373,2,16,0.3652362823486328,0.6750026345252991,-0.36557483673095703,2,17,0.6569945216178894,0.6184198260307312,-0.220443993806839,2,18,0.3599436283111572,0.7191144227981567,-0.40176162123680115,2,19,0.6414315104484558,0.6224055886268616,-0.22945117950439453,2,20,0.38104647397994995,0.7179760336875916,-0.40692582726478577,2,21,0.6308615207672119,0.612714946269989,-0.19924232363700867,2,22,0.3868583142757416,0.7045477628707886,-0.36713987588882446,2,23,0.5117583274841309,0.36532434821128845,0.009336547926068306,2,24,0.4270029067993164,0.3801271617412567,-0.009485762566328049,2,25,0.484856516122818,0.2761237323284149,0.32275697588920593,2,26,0.4097956717014313,0.29799965023994446,0.3315425217151642,2,27,0.44542616605758667,0.24752846360206604,0.7142723202705383,2,28,0.3774641454219818,0.2583650052547455,0.692806601524353,2,29,0.4362509250640869,0.2212662547826767,0.7564836740493774,2,30,0.3709505498409271,0.2424919307231903,0.7294468879699707,2,31,0.45142635703086853,0.29482507705688477,0.7505345940589905,2,32,0.368637353181839,0.2999253571033478,0.7215757966041565,2
0,0.5387325286865234,0.5893159508705139,-0.38848260045051575,2,1,0.5405046343803406,0.5682881474494934,-0.42479005455970764,2,2,0.5470795035362244,0.5683534145355225,-0.4246753752231598,2,3,0.5485360622406006,0.5666311979293823,-0.42461666464805603,2,4,0.5104316473007202,0.6221376061439514,-0.4356801509857178,2,5,0.5042842626571655,0.6212608814239502,-0.4358759820461273,2,6,0.497994601726532,0.6205416321754456,-0.4358976483345032,2,7,0.5406812429428101,0.5646443963050842,-0.4662714898586273,2,8,0.47364407777786255,0.5863991379737854,-0.5130938291549683,2,9,0.5259109735488892,0.6144216656684875,-0.3846335709095001,2,10,0.5092648863792419,0.6196242570877075,-0.39892882108688354,2,11,0.562240481376648,0.43119731545448303,-0.40433305501937866,2,12,0.4046778082847595,0.49432405829429626,-0.42723947763442993,2,13,0.6457958221435547,0.399710476398468,-0.22873342037200928,2,14,0.3196662366390228,0.5062268972396851,-0.3208123743534088,2,15,0.6380735039710999,0.5816746354103088,-0.22680166363716125,2,16,0.36514270305633545,0.676112711429596,-0.30071115493774414,2,17,0.6567405462265015,0.6182833909988403,-0.25894954800605774,2,18,0.35986584424972534,0.7196865677833557,-0.33257535099983215,2,19,0.6394572854042053,0.6225614547729492,-0.2700819671154022,2,20,0.3807545304298401,0.7181798219680786,-0.3403652012348175,2,21,0.6267194747924805,0.6122748851776123,-0.23271644115447998,2,22,0.3865121901035309,0.704716682434082,-0.3019813299179077,2,23,0.4998001456260681,0.3654763102531433,0.008467651903629303,2,24,0.4188278317451477,0.3875209391117096,-0.00855699460953474,2,25,0.4869880676269531,0.2745909094810486,0.31588518619537354,2,26,0.4030786454677582,0.313729465007782,0.3296944499015808,2,27,0.4507092535495758,0.24729156494140625,0.7012484073638916,2,28,0.3771611452102661,0.256804883480072,0.687923789024353,2,29,0.44122013449668884,0.22193968296051025,0.74281245470047,2,30,0.37274879217147827,0.23596185445785522,0.7244005799293518,2,31,0.45074114203453064,0.2933436930179596,0.735771119594574,2,32,0.3710730969905853,0.297439306974411,0.7162028551101685,2
0,0.5379124879837036,0.585586428642273,-0.35801035165786743,2,1,0.540953516960144,0.574067234992981,-0.3931580185890198,2,2,0.5439612865447998,0.5728533267974854,-0.39305585622787476,2,3,0.5377392768859863,0.608447790145874,-0.3930097222328186,2,4,0.5068553686141968,0.6273706555366516,-0.4033241868019104,2,5,0.5007593631744385,0.6264047622680664,-0.4035160541534424,2,6,0.4946745038032532,0.6255238652229309,-0.4035417437553406,2,7,0.5385807752609253,0.5658296942710876,-0.4325743317604065,2,8,0.47269946336746216,0.5883414149284363,-0.4777315557003021,2,9,0.5223531126976013,0.6206356287002563,-0.3534756302833557,2,10,0.505354642868042,0.6257113814353943,-0.367027223110199,2,11,0.5583209991455078,0.4331427812576294,-0.37516480684280396,2,12,0.4037417769432068,0.4984737038612366,-0.4003880023956299,2,13,0.645479142665863,0.4002464711666107,-0.20050132274627686,2,14,0.3177482783794403,0.5060552358627319,-0.2886458933353424,2,15,0.6369825601577759,0.5812969207763672,-0.19341640174388885,2,16,0.36525124311447144,0.6765820384025574,-0.2607271075248718,2,17,0.6546319127082825,0.617717981338501,-0.22271326184272766,2,18,0.36016082763671875,0.7201796770095825,-0.2898394763469696,2,19,0.6360459327697754,0.6225131154060364,-0.23228085041046143,2,20,0.3808624744415283,0.7185606360435486,-0.2931550443172455,2,21,0.6225773096084595,0.6110807657241821,-0.19802911579608917,2,22,0.38677164912223816,0.7047304511070251,-0.2597430646419525,2,23,0.498399019241333,0.37958869338035583,0.00813834834843874,2,24,0.41887179017066956,0.4056568145751953,-0.008196357637643814,2,25,0.4880577623844147,0.2851954698562622,0.3120429217815399,2,26,0.4015916883945465,0.3272031545639038,0.3212491571903229,2,27,0.4532968997955322,0.25579938292503357,0.684736967086792,2,28,0.37894007563591003,0.27605655789375305,0.6669538021087646,2,29,0.4435644745826721,0.23395800590515137,0.7255558371543884,2,30,0.3744692802429199,0.26115918159484863,0.703220009803772,2,31,0.4516303539276123,0.29780474305152893,0.7214878797531128,2,32,0.37268632650375366,0.2989581525325775,0.6937488913536072,2
0,0.5151435136795044,0.6104113459587097,-0.37370482087135315,2,1,0.5296082496643066,0.564480721950531,-0.40585756301879883,2,2,0.5362119674682617,0.5651082992553711,-0.40579596161842346,2,3,0.5290595293045044,0.5828801393508911,-0.40578484535217285,2,4,0.4989106059074402,0.599529504776001,-0.41400378942489624,2,5,0.4927915036678314,0.5989285111427307,-0.4141809940338135,2,6,0.4867383539676666,0.5985392928123474,-0.41419124603271484,2,7,0.532314658164978,0.5422532558441162,-0.4308550953865051,2,8,0.4665758013725281,0.5659043788909912,-0.466672420501709,2,9,0.5174592137336731,0.5976934432983398,-0.36442750692367554,2,10,0.5000507831573486,0.6032090187072754,-0.3751399517059326,2,11,0.5575425624847412,0.42468369007110596,-0.3674779236316681,2,12,0.40577611327171326,0.4902696907520294,-0.38616105914115906,2,13,0.6455552577972412,0.40043187141418457,-0.22485025227069855,2,14,0.3204507529735565,0.5125475525856018,-0.2662889361381531,2,15,0.6368498206138611,0.5816593170166016,-0.23490257561206818,2,16,0.3651677966117859,0.6762072443962097,-0.2372608184814453,2,17,0.6534386873245239,0.6176639795303345,-0.2674650549888611,2,18,0.36043256521224976,0.7198745012283325,-0.26444393396377563,2,19,0.6356290578842163,0.6229100227355957,-0.2797510325908661,2,20,0.3808523714542389,0.7177259922027588,-0.27052542567253113,2,21,0.6223344802856445,0.6111387610435486,-0.2410656213760376,2,22,0.38670724630355835,0.7045094966888428,-0.23752117156982422,2,23,0.502032458782196,0.38457971811294556,0.007978174835443497,2,24,0.41925081610679626,0.4135589897632599,-0.007996145635843277,2,25,0.49128586053848267,0.2927822172641754,0.3147490322589874,2,26,0.40260401368141174,0.33925995230674744,0.31555241346359253,2,27,0.458441823720932,0.2614176571369171,0.6736902594566345,2,28,0.38205063343048096,0.2916816771030426,0.657696008682251,2,29,0.44917160272598267,0.24102848768234253,0.7138493061065674,2,30,0.3791964650154114,0.2740876376628876,0.6940206289291382,2,31,0.4569517970085144,0.30193260312080383,0.7101881504058838,2,32,0.381281316280365,0.3176174759864807,0.6816534996032715,2
0,0.46860355138778687,0.5173091292381287,-0.5290961861610413,2,1,0.4768752455711365,0.495151549577713,-0.5522850155830383,2,2,0.4815559387207031,0.49459677934646606,-0.5522042512893677,2,3,0.48543494939804077,0.4935905337333679,-0.552367091178894,2,4,0.46105021238327026,0.4928780496120453,-0.5493704080581665,2,5,0.4565686583518982,0.4920808970928192,-0.5494160652160645,2,6,0.45215433835983276,0.49012887477874756,-0.5494723320007324,2,7,0.4934272766113281,0.47295159101486206,-0.5335205793380737,2,8,0.4416678845882416,0.4757812023162842,-0.5035766959190369,2,9,0.4756987988948822,0.5163562893867493,-0.5061894655227661,2,10,0.4614637792110443,0.5148664116859436,-0.5015468001365662,2,11,0.524925947189331,0.4228536784648895,-0.404355525970459,2,12,0.39898747205734253,0.4647728502750397,-0.3852095603942871,2,13,0.587911069393158,0.44991305470466614,-0.2758210599422455,2,14,0.330259770154953,0.5218919515609741,-0.2655697464942932,2,15,0.5921745300292969,0.6055344343185425,-0.2434878647327423,2,16,0.3651522696018219,0.6773481369018555,-0.24759480357170105,2,17,0.6048429012298584,0.6344497203826904,-0.27239203453063965,2,18,0.36107638478279114,0.7198873162269592,-0.25428181886672974,2,19,0.5864118337631226,0.6440353393554688,-0.29012852907180786,2,20,0.3804737627506256,0.7171608805656433,-0.28436338901519775,2,21,0.5773749351501465,0.6382719874382019,-0.2521396279335022,2,22,0.38563939929008484,0.7044320702552795,-0.25494223833084106,2,23,0.5015458464622498,0.4662478566169739,-0.003075802233070135,2,24,0.4221348762512207,0.4784712791442871,0.0026312125846743584,2,25,0.6030641794204712,0.37934935092926025,-0.02474970370531082,2,26,0.3463020622730255,0.3540932834148407,0.35764583945274353,2,27,0.6146942377090454,0.5644310712814331,0.06737245619297028,2,28,0.4069092273712158,0.3061302900314331,0.5365077257156372,2,29,0.5987428426742554,0.5910597443580627,0.08204962313175201,2,30,0.42738041281700134,0.31308895349502563,0.5600757002830505,2,31,0.6447744965553284,0.6300530433654785,0.01797153800725937,2,32,0.3987247943878174,0.30026280879974365,0.5649596452713013,2
0,0.49317097663879395,0.562235951423645,-0.47391024231910706,2,1,0.5012370347976685,0.5482925772666931,-0.5041974186897278,2,2,0.5056901574134827,0.5461839437484741,-0.5041212439537048,2,3,0.5092350244522095,0.5433682203292847,-0.5044428110122681,2,4,0.48430871963500977,0.5471347570419312,-0.5104769468307495,2,5,0.47910040616989136,0.5456197261810303,-0.510550320148468,2,6,0.47375059127807617,0.5434335470199585,-0.5107718706130981,2,7,0.514373242855072,0.5095040798187256,-0.5102187395095825,2,8,0.4576360285282135,0.5151509046554565,-0.5101583003997803,2,9,0.49601173400878906,0.5495724678039551,-0.4552745819091797,2,10,0.48201650381088257,0.5486289858818054,-0.462432861328125,2,11,0.5392507314682007,0.43111228942871094,-0.4004846215248108,2,12,0.397958368062973,0.4673509895801544,-0.3933715224266052,2,13,0.6080201268196106,0.44241684675216675,-0.29100626707077026,2,14,0.33082741498947144,0.52011638879776,-0.29763200879096985,2,15,0.6071105599403381,0.5889896154403687,-0.3067101240158081,2,16,0.36504796147346497,0.6780992746353149,-0.27505797147750854,2,17,0.6218641400337219,0.6210619807243347,-0.33395713567733765,2,18,0.3610718846321106,0.7205739617347717,-0.2921079993247986,2,19,0.5933104753494263,0.6408343315124512,-0.3413785696029663,2,20,0.38004299998283386,0.7170844078063965,-0.31258082389831543,2,21,0.587052047252655,0.633260190486908,-0.30965369939804077,2,22,0.38492053747177124,0.7043303847312927,-0.27981340885162354,2,23,0.5014306306838989,0.4423730671405792,0.002745442558079958,2,24,0.4209594130516052,0.4601707458496094,-0.003112109610810876,2,25,0.592341423034668,0.3684319853782654,0.19589821994304657,2,26,0.3480812907218933,0.36513641476631165,0.4203560948371887,2,27,0.5594479441642761,0.5066664218902588,0.4833090305328369,2,28,0.40337124466896057,0.32523614168167114,0.7324258089065552,2,29,0.5398563146591187,0.5230177044868469,0.5170999765396118,2,30,0.41732844710350037,0.3346250057220459,0.7726609110832214,2,31,0.5798323750495911,0.5677146315574646,0.4916306436061859,2,32,0.4054892957210541,0.30430328845977783,0.7809348106384277,2
0,0.5023462176322937,0.6055471897125244,-0.47697773575782776,2,1,0.5093453526496887,0.5880365371704102,-0.5203782320022583,2,2,0.5140058994293213,0.5837068557739258,-0.5203043818473816,2,3,0.5176923274993896,0.579291820526123,-0.5204410552978516,2,4,0.49102073907852173,0.5928394198417664,-0.5285053253173828,2,5,0.4855843186378479,0.5915654301643372,-0.5286669731140137,2,6,0.4800891876220703,0.5902270078659058,-0.5286828279495239,2,7,0.5215235948562622,0.5373845100402832,-0.5689149498939514,2,8,0.4619216024875641,0.5576587915420532,-0.5987867116928101,2,9,0.5049614906311035,0.5870628952980042,-0.4691275656223297,2,10,0.49015289545059204,0.5901002883911133,-0.4787676930427551,2,11,0.5460544228553772,0.42212262749671936,-0.4844180643558502,2,12,0.3999202251434326,0.48829010128974915,-0.5094642639160156,2,13,0.6142306923866272,0.4398433268070221,-0.2903881072998047,2,14,0.32946035265922546,0.5184848308563232,-0.34815481305122375,2,15,0.6130658388137817,0.5876969695091248,-0.2981974184513092,2,16,0.36507487297058105,0.6811560988426208,-0.30233243107795715,2,17,0.625480592250824,0.617500364780426,-0.32285019755363464,2,18,0.3610876202583313,0.721464991569519,-0.3419114649295807,2,19,0.5999915599822998,0.6403284072875977,-0.34077444672584534,2,20,0.3796493411064148,0.7171614766120911,-0.36229729652404785,2,21,0.5896000266075134,0.629658579826355,-0.3059728741645813,2,22,0.3845643997192383,0.7045756578445435,-0.30638569593429565,2,23,0.5018524527549744,0.42003825306892395,0.002907805610448122,2,24,0.4197573661804199,0.44432851672172546,-0.0034246284049004316,2,25,0.5554376840591431,0.31883394718170166,0.4727533757686615,2,26,0.3666530251502991,0.36085206270217896,0.5177265405654907,2,27,0.4844718873500824,0.26226210594177246,0.9505988359451294,2,28,0.3858061730861664,0.322963684797287,0.9616816639900208,2,29,0.46647730469703674,0.2446776032447815,1.0095125436782837,2,30,0.3880743682384491,0.3270682096481323,1.0155813694000244,2,31,0.4900151193141937,0.29681605100631714,1.0447423458099365,2,32,0.4038088917732239,0.2872464656829834,1.0366480350494385,2
0,0.55805504322052,0.672336995601654,-0.27151572704315186,2,1,0.5630972385406494,0.6644102334976196,-0.30611130595207214,2,2,0.5683159828186035,0.6605183482170105,-0.3060205280780792,2,3,0.5629540085792542,0.6694600582122803,-0.3060969114303589,2,4,0.5487592816352844,0.6656674146652222,-0.3138239085674286,2,5,0.5460885763168335,0.6635423302650452,-0.3140052258968353,2,6,0.5183688998222351,0.6870328783988953,-0.31412091851234436,2,7,0.5666457414627075,0.6226485967636108,-0.34311631321907043,2,8,0.49588364362716675,0.652140736579895,-0.3752784729003906,2,9,0.5485132336616516,0.6757692694664001,-0.26527243852615356,2,10,0.5303741693496704,0.6823558807373047,-0.2754057049751282,2,11,0.5856159925460815,0.47694817185401917,-0.28493010997772217,2,12,0.41346868872642517,0.5260496735572815,-0.32431909441947937,2,13,0.6391083002090454,0.4335058331489563,-0.1104450598359108,2,14,0.3295446038246155,0.5227009654045105,-0.18888404965400696,2,15,0.6278187036514282,0.5873107314109802,-0.11996562778949738,2,16,0.36543697118759155,0.6814893484115601,-0.1544417291879654,2,17,0.64488685131073,0.6183417439460754,-0.144967183470726,2,18,0.3611433506011963,0.7217952013015747,-0.17488926649093628,2,19,0.6250518560409546,0.6385963559150696,-0.14604930579662323,2,20,0.3796968162059784,0.7171822190284729,-0.18005353212356567,2,21,0.6122034788131714,0.6278107166290283,-0.12036685645580292,2,22,0.38457009196281433,0.7045623660087585,-0.1527692973613739,2,23,0.5102359652519226,0.42327427864074707,0.005070840008556843,2,24,0.42047151923179626,0.4499179422855377,-0.005492024589329958,2,25,0.5230764150619507,0.3203306496143341,0.3778684735298157,2,26,0.4067718982696533,0.3705471456050873,0.45030951499938965,2,27,0.4862508177757263,0.28585121035575867,0.7797581553459167,2,28,0.4149625301361084,0.32741498947143555,0.7804560661315918,2,29,0.47821107506752014,0.26738032698631287,0.8250761032104492,2,30,0.4150576591491699,0.30877813696861267,0.8218406438827515,2,31,0.4929234981536865,0.33250686526298523,0.827039897441864,2,32,0.4266869127750397,0.3692227303981781,0.8160042762756348,2
0,0.5664371252059937,0.6773524880409241,-0.2541730999946594,2,1,0.5698405504226685,0.6701083183288574,-0.2877875864505768,2,2,0.5675528049468994,0.6838708519935608,-0.28768467903137207,2,3,0.5714753866195679,0.6802457571029663,-0.2877538502216339,2,4,0.5552513003349304,0.670204222202301,-0.2979077398777008,2,5,0.537126898765564,0.6952197551727295,-0.29809606075286865,2,6,0.5268912315368652,0.6965948343276978,-0.2981876730918884,2,7,0.5741081237792969,0.634428858757019,-0.3248872756958008,2,8,0.5031782984733582,0.6624730229377747,-0.36728543043136597,2,9,0.555532693862915,0.6872454881668091,-0.24853911995887756,2,10,0.5372841954231262,0.6932693719863892,-0.2616899013519287,2,11,0.5909994840621948,0.4891790747642517,-0.2713943123817444,2,12,0.41968345642089844,0.5584841370582581,-0.3174770176410675,2,13,0.6456512808799744,0.429460734128952,-0.0952128916978836,2,14,0.3297436535358429,0.5297464728355408,-0.18097205460071564,2,15,0.6344324350357056,0.5871602296829224,-0.10821712017059326,2,16,0.36578404903411865,0.6818466782569885,-0.14035697281360626,2,17,0.6521215438842773,0.6186919808387756,-0.1344035565853119,2,18,0.36123278737068176,0.7221769690513611,-0.1591518372297287,2,19,0.6337586045265198,0.6365307569503784,-0.13533374667167664,2,20,0.3797394633293152,0.7172433733940125,-0.1631486415863037,2,21,0.6205915212631226,0.6267628073692322,-0.10867819935083389,2,22,0.38458460569381714,0.7045751214027405,-0.13772080838680267,2,23,0.5119726061820984,0.4280785322189331,0.00695018470287323,2,24,0.421428382396698,0.45423048734664917,-0.007296742405742407,2,25,0.507879376411438,0.31908708810806274,0.36927950382232666,2,26,0.40854620933532715,0.36581820249557495,0.4159434735774994,2,27,0.49003762006759644,0.28095462918281555,0.7693876028060913,2,28,0.4145946502685547,0.3189086616039276,0.7547143697738647,2,29,0.479981005191803,0.26120713353157043,0.8142886161804199,2,30,0.41480451822280884,0.3004884421825409,0.7957066297531128,2,31,0.4957699775695801,0.3272143602371216,0.8167163729667664,2,32,0.42196351289749146,0.36331906914711,0.7900152802467346,2
0,0.5521592497825623,0.6775273084640503,-0.1927521675825119,2,1,0.5577846169471741,0.660079300403595,-0.2266462743282318,2,2,0.5601141452789307,0.6568475365638733,-0.22657647728919983,2,3,0.564285159111023,0.6522032618522644,-0.22665750980377197,2,4,0.5407389402389526,0.6689649820327759,-0.23870091140270233,2,5,0.5306159257888794,0.6721307635307312,-0.23891928791999817,2,6,0.5233386754989624,0.6729812026023865,-0.23909933865070343,2,7,0.5665687322616577,0.608080267906189,-0.2750553488731384,2,8,0.5006038546562195,0.6413701772689819,-0.3255307078361511,2,9,0.5491242408752441,0.6595381498336792,-0.19248776137828827,2,10,0.5326008796691895,0.66739821434021,-0.2080487459897995,2,11,0.584797739982605,0.4683324098587036,-0.2299865037202835,2,12,0.4179264008998871,0.5427118539810181,-0.305787593126297,2,13,0.6466373205184937,0.42885899543762207,-0.057532113045454025,2,14,0.32975664734840393,0.5274065732955933,-0.20038938522338867,2,15,0.634635865688324,0.5808373689651489,-0.07783570140600204,2,16,0.3658217787742615,0.6817483901977539,-0.1721900850534439,2,17,0.6517840027809143,0.6134316921234131,-0.09960004687309265,2,18,0.3612392842769623,0.722186267375946,-0.19227486848831177,2,19,0.6334375143051147,0.6251763105392456,-0.10001111030578613,2,20,0.379676878452301,0.7172083258628845,-0.1970812976360321,2,21,0.6217381954193115,0.6159125566482544,-0.07816311717033386,2,22,0.38450586795806885,0.7044403553009033,-0.17030373215675354,2,23,0.5118532776832581,0.43422776460647583,0.012239249423146248,2,24,0.42124104499816895,0.46190422773361206,-0.012628522701561451,2,25,0.5060113668441772,0.32185184955596924,0.3715956509113312,2,26,0.4073455333709717,0.37251800298690796,0.3771272897720337,2,27,0.4902365803718567,0.2887120842933655,0.7560464143753052,2,28,0.41611751914024353,0.3305566608905792,0.7436979413032532,2,29,0.48354196548461914,0.2714426517486572,0.7986263632774353,2,30,0.41684165596961975,0.3075653910636902,0.7822234034538269,2,31,0.497916042804718,0.3345545530319214,0.7990317344665527,2,32,0.42333292961120605,0.37702932953834534,0.7731242179870605,2
0,0.5597434639930725,0.7164804339408875,-0.303395539522171,2,1,0.572895884513855,0.6766347885131836,-0.33536967635154724,2,2,0.5782397985458374,0.6732423305511475,-0.3352435827255249,2,3,0.5831155776977539,0.6694028377532959,-0.3352544903755188,2,4,0.5572722554206848,0.6795342564582825,-0.3450075089931488,2,5,0.5502413511276245,0.6783995032310486,-0.34519514441490173,2,6,0.5335544943809509,0.7023448348045349,-0.3452806770801544,2,7,0.581957221031189,0.6385244727134705,-0.3576970100402832,2,8,0.5103707909584045,0.6669542789459229,-0.399982213973999,2,9,0.5614861249923706,0.6950650811195374,-0.2921552062034607,2,10,0.5429156422615051,0.7013801336288452,-0.305027574300766,2,11,0.5958470106124878,0.5029053688049316,-0.2882400453090668,2,12,0.4279402792453766,0.5518674850463867,-0.3215752840042114,2,13,0.6517201066017151,0.4202481508255005,-0.09060285240411758,2,14,0.3309628367424011,0.5279746651649475,-0.1709447205066681,2,15,0.6364045739173889,0.5837849974632263,-0.06185610219836235,2,16,0.36649376153945923,0.6829483509063721,-0.11236245930194855,2,17,0.6533284187316895,0.6165715456008911,-0.08044891059398651,2,18,0.361503005027771,0.7222369909286499,-0.12568026781082153,2,19,0.6359413862228394,0.6254377961158752,-0.08026532828807831,2,20,0.3797900378704071,0.7175071835517883,-0.12772241234779358,2,21,0.6246790289878845,0.6164918541908264,-0.060448043048381805,2,22,0.3848467767238617,0.7053111791610718,-0.10925307124853134,2,23,0.5176494121551514,0.42941588163375854,0.011936871334910393,2,24,0.42614978551864624,0.4573424160480499,-0.012301133945584297,2,25,0.5099674463272095,0.3212527334690094,0.35437458753585815,2,26,0.4153943657875061,0.3798976540565491,0.3580532968044281,2,27,0.4966583251953125,0.29007115960121155,0.738368034362793,2,28,0.41411900520324707,0.32225069403648376,0.7206884622573853,2,29,0.4899153709411621,0.26899436116218567,0.7816339731216431,2,30,0.41332530975341797,0.30651456117630005,0.7593112587928772,2,31,0.49939781427383423,0.339712530374527,0.7883551120758057,2,32,0.4171033799648285,0.37621748447418213,0.7631173133850098,2
0,0.5620536208152771,0.7159751653671265,-0.30492809414863586,2,1,0.5751431584358215,0.6786562204360962,-0.3357922434806824,2,2,0.5806509256362915,0.6735759377479553,-0.33563846349716187,2,3,0.5856711268424988,0.6696447730064392,-0.3356166481971741,2,4,0.5589556694030762,0.6800857782363892,-0.3456348180770874,2,5,0.5525346994400024,0.6782397627830505,-0.3458203673362732,2,6,0.5364808440208435,0.7001000642776489,-0.3458966016769409,2,7,0.5904644727706909,0.629987895488739,-0.35432785749435425,2,8,0.5134606957435608,0.6649643182754517,-0.39796966314315796,2,9,0.5641633868217468,0.6959823369979858,-0.2924479842185974,2,10,0.5451415777206421,0.7015432715415955,-0.3057240843772888,2,11,0.6004170179367065,0.5099536180496216,-0.2849957346916199,2,12,0.4279894232749939,0.553387463092804,-0.3144422471523285,2,13,0.6535972356796265,0.4150407016277313,-0.08548864722251892,2,14,0.33138030767440796,0.5277454853057861,-0.16495177149772644,2,15,0.6359469890594482,0.5854892134666443,-0.06135864183306694,2,16,0.3668458163738251,0.6834717392921448,-0.11282353103160858,2,17,0.6536320447921753,0.61805659532547,-0.08142359554767609,2,18,0.36145099997520447,0.7223443984985352,-0.12736651301383972,2,19,0.6357424855232239,0.6260837316513062,-0.07972389459609985,2,20,0.3797922134399414,0.7175791263580322,-0.12954482436180115,2,21,0.6244067549705505,0.617961049079895,-0.05976737663149834,2,22,0.38505178689956665,0.7056511044502258,-0.11001159250736237,2,23,0.5181663632392883,0.4242292046546936,0.0117341885343194,2,24,0.4262749254703522,0.45052045583724976,-0.012077892199158669,2,25,0.5110851526260376,0.3141440749168396,0.3521612882614136,2,26,0.4155671000480652,0.3750624358654022,0.35605478286743164,2,27,0.4969821572303772,0.28140076994895935,0.7378606796264648,2,28,0.4130774438381195,0.3182556927204132,0.7171332836151123,2,29,0.48988157510757446,0.2587636411190033,0.7809869050979614,2,30,0.4119473397731781,0.30272960662841797,0.7560326457023621,2,31,0.4998682141304016,0.33538177609443665,0.785936176776886,2,32,0.4155029356479645,0.36993175745010376,0.7608041763305664,2
0,0.5606875419616699,0.7137085795402527,-0.3011869192123413,2,1,0.5740789175033569,0.6768898963928223,-0.33252379298210144,2,2,0.5783792734146118,0.6713472604751587,-0.3323758542537689,2,3,0.5837691426277161,0.6671817302703857,-0.33236297965049744,2,4,0.5588949918746948,0.6787136793136597,-0.3422045111656189,2,5,0.544715404510498,0.6956760883331299,-0.34238114953041077,2,6,0.5349735617637634,0.6979414820671082,-0.3424564003944397,2,7,0.5896053910255432,0.6283750534057617,-0.3539676070213318,2,8,0.5118894577026367,0.6624416708946228,-0.39682328701019287,2,9,0.5628272294998169,0.6933339238166809,-0.28968557715415955,2,10,0.5438091158866882,0.6987162828445435,-0.302795946598053,2,11,0.5980491042137146,0.5095243453979492,-0.2851983308792114,2,12,0.4270218312740326,0.5480383038520813,-0.3175447881221771,2,13,0.653099000453949,0.41477251052856445,-0.08737768232822418,2,14,0.33177489042282104,0.5275131464004517,-0.1734740436077118,2,15,0.6356825232505798,0.5869700908660889,-0.06544272601604462,2,16,0.36708885431289673,0.6847376227378845,-0.1255747377872467,2,17,0.6538411378860474,0.6192671656608582,-0.08584409207105637,2,18,0.3614484667778015,0.7227717638015747,-0.14129824936389923,2,19,0.6355286836624146,0.6263971924781799,-0.08512795716524124,2,20,0.37980562448501587,0.7178322672843933,-0.14424531161785126,2,21,0.6241267919540405,0.6188791990280151,-0.06436175107955933,2,22,0.3851971924304962,0.7061969041824341,-0.12317623943090439,2,23,0.5183554291725159,0.4214431643486023,0.011570625007152557,2,24,0.42629608511924744,0.44704949855804443,-0.011894946917891502,2,25,0.5120068192481995,0.3075561821460724,0.36122754216194153,2,26,0.41440391540527344,0.3709677755832672,0.3576456308364868,2,27,0.4989786148071289,0.2739305794239044,0.756958544254303,2,28,0.41117411851882935,0.3178706169128418,0.7300938963890076,2,29,0.49128279089927673,0.25152796506881714,0.8010762333869934,2,30,0.40494775772094727,0.2909223139286041,0.7701694965362549,2,31,0.5013781189918518,0.3277878165245056,0.8043597936630249,2,32,0.41297951340675354,0.3649511933326721,0.7691537737846375,2
0,0.5574168562889099,0.6998226642608643,-0.35548633337020874,2,1,0.5720022916793823,0.6712666749954224,-0.3950338363647461,2,2,0.5774808526039124,0.6687376499176025,-0.3948895335197449,2,3,0.5810228586196899,0.6630573868751526,-0.39489060640335083,2,4,0.5568222999572754,0.6724201440811157,-0.4060937464237213,2,5,0.5512629151344299,0.6756551861763,-0.40626606345176697,2,6,0.5313998460769653,0.6890354752540588,-0.4062862992286682,2,7,0.5818931460380554,0.6268253922462463,-0.4207305312156677,2,8,0.5085707306861877,0.6570075750350952,-0.4677359461784363,2,9,0.5596596002578735,0.6800760626792908,-0.33942919969558716,2,10,0.5407438278198242,0.6864423155784607,-0.3545248210430145,2,11,0.5947832465171814,0.49447140097618103,-0.3351464867591858,2,12,0.42549219727516174,0.5605190992355347,-0.38835301995277405,2,13,0.6532140374183655,0.41022199392318726,-0.11150773614645004,2,14,0.3326836824417114,0.5304118394851685,-0.2256132811307907,2,15,0.637184739112854,0.5869479775428772,-0.10133005678653717,2,16,0.3671038746833801,0.6861375570297241,-0.17968814074993134,2,17,0.6551262140274048,0.6193245649337769,-0.1282682716846466,2,18,0.361388623714447,0.7230170369148254,-0.21959862112998962,2,19,0.6374911069869995,0.626299262046814,-0.13147714734077454,2,20,0.37974435091018677,0.7187066078186035,-0.22571130096912384,2,21,0.6267663240432739,0.6188757419586182,-0.1024322360754013,2,22,0.38519030809402466,0.7078482508659363,-0.18042148649692535,2,23,0.5177609324455261,0.42323964834213257,0.01230659894645214,2,24,0.42463070154190063,0.4523240923881531,-0.012676644138991833,2,25,0.5124444365501404,0.3074289560317993,0.476919949054718,2,26,0.4083075523376465,0.37401533126831055,0.47821205854415894,2,27,0.5020436644554138,0.26499485969543457,0.9747467041015625,2,28,0.39643988013267517,0.30877068638801575,0.9506719708442688,2,29,0.4943653643131256,0.24021250009536743,1.032960295677185,2,30,0.3909052014350891,0.2852875292301178,1.0044221878051758,2,31,0.505932629108429,0.3195628821849823,1.0602943897247314,2,32,0.39575621485710144,0.363767147064209,1.0219929218292236,2
0,0.5567492842674255,0.6996116042137146,-0.35126641392707825,2,1,0.5718702077865601,0.6691255569458008,-0.3934466242790222,2,2,0.5777259469032288,0.6674132943153381,-0.3933192789554596,2,3,0.5812731981277466,0.6645828485488892,-0.39329612255096436,2,4,0.5565590262413025,0.6699832677841187,-0.401914119720459,2,5,0.5528510808944702,0.6702542901039124,-0.40209388732910156,2,6,0.5307363867759705,0.6894500851631165,-0.40214982628822327,2,7,0.579391598701477,0.627396285533905,-0.4128666818141937,2,8,0.507473886013031,0.6569969654083252,-0.45753365755081177,2,9,0.5591073036193848,0.6788188815116882,-0.3360940217971802,2,10,0.5403090715408325,0.6854187250137329,-0.3524555563926697,2,11,0.5939720869064331,0.48924317955970764,-0.33246850967407227,2,12,0.42457422614097595,0.5615652203559875,-0.38279253244400024,2,13,0.6531884074211121,0.40820038318634033,-0.11404435336589813,2,14,0.3326965570449829,0.5296789407730103,-0.2336769849061966,2,15,0.6378116011619568,0.5866867303848267,-0.11229350417852402,2,16,0.3671436905860901,0.6862989664077759,-0.1953730583190918,2,17,0.6558215618133545,0.6193251609802246,-0.13984623551368713,2,18,0.36138421297073364,0.7231877446174622,-0.23103132843971252,2,19,0.6382517218589783,0.6261780261993408,-0.14352107048034668,2,20,0.37971338629722595,0.719262421131134,-0.23629502952098846,2,21,0.6276610493659973,0.6188402771949768,-0.11346830427646637,2,22,0.3851909041404724,0.7085520029067993,-0.19524195790290833,2,23,0.5173631906509399,0.423764169216156,0.01308389287441969,2,24,0.42311733961105347,0.4531794786453247,-0.013455472886562347,2,25,0.5120333433151245,0.3083457946777344,0.45711764693260193,2,26,0.4046299457550049,0.37454953789711,0.4597715437412262,2,27,0.5030462741851807,0.2673373520374298,0.92973792552948,2,28,0.3954029679298401,0.3050966262817383,0.9068439602851868,2,29,0.4953450560569763,0.24386350810527802,0.9845720529556274,2,30,0.3922359347343445,0.28386515378952026,0.9571965336799622,2,31,0.5066413283348083,0.3193915784358978,1.0041205883026123,2,32,0.3959084153175354,0.36340200901031494,0.9678009152412415,2
0,0.5593858361244202,0.7080803513526917,-0.3369375169277191,2,1,0.5754731297492981,0.6734185218811035,-0.3743319809436798,2,2,0.5796898603439331,0.6694620847702026,-0.374197781085968,2,3,0.5851349234580994,0.6669849157333374,-0.3741990923881531,2,4,0.5604949593544006,0.6745283603668213,-0.38535863161087036,2,5,0.5540776252746582,0.6708431839942932,-0.3855411410331726,2,6,0.5334576368331909,0.6964035630226135,-0.38562387228012085,2,7,0.5807816982269287,0.6337694525718689,-0.401054322719574,2,8,0.5093212723731995,0.6626965999603271,-0.4573136866092682,2,9,0.5614734292030334,0.6865096688270569,-0.3247823417186737,2,10,0.5428822636604309,0.6929022073745728,-0.34095361828804016,2,11,0.5928670167922974,0.49840226769447327,-0.32760658860206604,2,12,0.424600213766098,0.5515245795249939,-0.37626394629478455,2,13,0.6546695232391357,0.40463265776634216,-0.11459984630346298,2,14,0.33267754316329956,0.5291651487350464,-0.23014798760414124,2,15,0.638442873954773,0.5862637162208557,-0.10745279490947723,2,16,0.367183655500412,0.6862034201622009,-0.18326380848884583,2,17,0.6564359068870544,0.6193256974220276,-0.13237923383712769,2,18,0.36137256026268005,0.7232009172439575,-0.2097664624452591,2,19,0.6384443640708923,0.6260471940040588,-0.13457664847373962,2,20,0.37967449426651,0.7195030450820923,-0.2146753966808319,2,21,0.6278463006019592,0.6187790632247925,-0.10766937583684921,2,22,0.3851929008960724,0.7087701559066772,-0.1825489103794098,2,23,0.5171331167221069,0.4230619966983795,0.013709974475204945,2,24,0.42303651571273804,0.4527243375778198,-0.014028879813849926,2,25,0.5123957991600037,0.31052085757255554,0.4194104075431824,2,26,0.40523552894592285,0.3778863549232483,0.42626386880874634,2,27,0.5033594965934753,0.2727387249469757,0.8551201820373535,2,28,0.3959499001502991,0.30740463733673096,0.8333330154418945,2,29,0.49538692831993103,0.25062522292137146,0.9048693776130676,2,30,0.39532268047332764,0.2871604561805725,0.8787103891372681,2,31,0.5066262483596802,0.32435429096221924,0.915324866771698,2,32,0.3990044593811035,0.36247724294662476,0.8810194134712219,2
0,0.5596970319747925,0.6957760453224182,-0.30091917514801025,2,1,0.5737853646278381,0.6666871309280396,-0.3327047526836395,2,2,0.5782790780067444,0.6618785262107849,-0.3325517773628235,2,3,0.583891749382019,0.659220278263092,-0.3325304388999939,2,4,0.5592576265335083,0.6743173003196716,-0.34464266896247864,2,5,0.5513537526130676,0.6733251214027405,-0.34485453367233276,2,6,0.5346183180809021,0.6852200031280518,-0.3449628949165344,2,7,0.5797346830368042,0.6257583498954773,-0.3612652122974396,2,8,0.5103603005409241,0.6521260738372803,-0.415071964263916,2,9,0.561164140701294,0.6774383187294006,-0.29244157671928406,2,10,0.5433048009872437,0.6832743883132935,-0.30845096707344055,2,11,0.5920954942703247,0.48923641443252563,-0.301745742559433,2,12,0.4251290261745453,0.5557679533958435,-0.34783992171287537,2,13,0.6545900702476501,0.40488845109939575,-0.10663308203220367,2,14,0.3324124217033386,0.5294656157493591,-0.2265792191028595,2,15,0.6380665898323059,0.5834939479827881,-0.10809729993343353,2,16,0.36718037724494934,0.6860837340354919,-0.19528822600841522,2,17,0.6560615301132202,0.6172681450843811,-0.1330355703830719,2,18,0.36124351620674133,0.7233065962791443,-0.21992547810077667,2,19,0.6382386684417725,0.6249042749404907,-0.13589781522750854,2,20,0.3796723484992981,0.7195061445236206,-0.22351796925067902,2,21,0.6273341178894043,0.6153045296669006,-0.10911984741687775,2,22,0.3851865530014038,0.7087548971176147,-0.1941387951374054,2,23,0.5169509649276733,0.4222698211669922,0.013558094389736652,2,24,0.42665204405784607,0.45413288474082947,-0.013866123743355274,2,25,0.5112836360931396,0.31501537561416626,0.3648657202720642,2,26,0.4143119752407074,0.37704458832740784,0.3512113094329834,2,27,0.4989749491214752,0.29019737243652344,0.7504220604896545,2,28,0.41171708703041077,0.33150771260261536,0.7147580981254578,2,29,0.4908437132835388,0.26793399453163147,0.7926666140556335,2,30,0.40977969765663147,0.305997371673584,0.7536183595657349,2,31,0.5004236102104187,0.34877634048461914,0.7877540588378906,2,32,0.4125577509403229,0.3839167356491089,0.743895947933197,2
0,0.5612597465515137,0.692858099937439,-0.2950703501701355,2,1,0.5735365152359009,0.6610366702079773,-0.32684049010276794,2,2,0.578235924243927,0.6568405628204346,-0.3266887962818146,2,3,0.5837738513946533,0.6544370651245117,-0.32667163014411926,2,4,0.5588778257369995,0.6712169051170349,-0.33843159675598145,2,5,0.5486335158348083,0.6774408221244812,-0.33864808082580566,2,6,0.5361407995223999,0.681970477104187,-0.3387645483016968,2,7,0.5804601907730103,0.6200891733169556,-0.35439246892929077,2,8,0.5116902589797974,0.6482795476913452,-0.4057210087776184,2,9,0.5626071691513062,0.6732016801834106,-0.286217600107193,2,10,0.5450012683868408,0.6798154711723328,-0.30168578028678894,2,11,0.5932091474533081,0.483218252658844,-0.2924996018409729,2,12,0.4262857437133789,0.5582015514373779,-0.3375052213668823,2,13,0.653468132019043,0.40530285239219666,-0.09562535583972931,2,14,0.3324061632156372,0.5297279953956604,-0.2148607075214386,2,15,0.6378897428512573,0.5820147395133972,-0.09274784475564957,2,16,0.36722078919410706,0.6858595013618469,-0.18661066889762878,2,17,0.6559345126152039,0.6159244775772095,-0.11565734446048737,2,18,0.36120232939720154,0.72339928150177,-0.20890367031097412,2,19,0.6382259726524353,0.6241005063056946,-0.11836129426956177,2,20,0.3796714246273041,0.7195209264755249,-0.21259526908397675,2,21,0.6271286010742188,0.6135815382003784,-0.0935465544462204,2,22,0.385187566280365,0.7087389826774597,-0.185334712266922,2,23,0.5177323222160339,0.4217330813407898,0.013486666604876518,2,24,0.4291742742061615,0.4544573128223419,-0.01377936638891697,2,25,0.5109630227088928,0.32032662630081177,0.3555751442909241,2,26,0.4174770712852478,0.37864547967910767,0.34231308102607727,2,27,0.4981308579444885,0.3003576993942261,0.7404487729072571,2,28,0.41623592376708984,0.339033842086792,0.7058775424957275,2,29,0.49013757705688477,0.2785528004169464,0.7829561829566956,2,30,0.4145318567752838,0.31272318959236145,0.7449187636375427,2,31,0.4986669421195984,0.358611524105072,0.7801700830459595,2,32,0.41681355237960815,0.39031246304512024,0.7368022799491882,2
0,0.5631082057952881,0.6604620218276978,-0.2827081084251404,2,1,0.5731517672538757,0.6585260629653931,-0.31613388657569885,2,2,0.5783789753913879,0.6542268991470337,-0.3159882426261902,2,3,0.5831079483032227,0.6518433690071106,-0.31599098443984985,2,4,0.5575515031814575,0.6622233986854553,-0.32796111702919006,2,5,0.5472690463066101,0.677581250667572,-0.3281703293323517,2,6,0.5349079370498657,0.6799485683441162,-0.328286737203598,2,7,0.5795895457267761,0.617087185382843,-0.3494264781475067,2,8,0.5106393098831177,0.6458829045295715,-0.4008897840976715,2,9,0.5613499879837036,0.6706761121749878,-0.27549731731414795,2,10,0.5437994003295898,0.6773553490638733,-0.2911567986011505,2,11,0.5928822755813599,0.4750553071498871,-0.2905215620994568,2,12,0.4260367453098297,0.5555930137634277,-0.3382447361946106,2,13,0.652840793132782,0.40417397022247314,-0.09522438049316406,2,14,0.3317195177078247,0.5273265242576599,-0.21334782242774963,2,15,0.6377139091491699,0.5800923109054565,-0.09579304605722427,2,16,0.36724820733070374,0.6853588819503784,-0.1864742934703827,2,17,0.655928909778595,0.613730251789093,-0.12005134671926498,2,18,0.3611953854560852,0.7231752872467041,-0.20927438139915466,2,19,0.638059675693512,0.6229527592658997,-0.12282371520996094,2,20,0.3796883225440979,0.7193095684051514,-0.213578462600708,2,21,0.6268866658210754,0.6122722029685974,-0.09670700132846832,2,22,0.385192334651947,0.708351194858551,-0.18531516194343567,2,23,0.5176172852516174,0.4196363091468811,0.013416638597846031,2,24,0.4291830062866211,0.4535957872867584,-0.013700639829039574,2,25,0.5101394653320312,0.31985732913017273,0.36110320687294006,2,26,0.4168204665184021,0.37750402092933655,0.35023176670074463,2,27,0.49641022086143494,0.2998559772968292,0.7550252676010132,2,28,0.41585174202919006,0.3351063132286072,0.7234658002853394,2,29,0.48835229873657227,0.27828580141067505,0.7989972829818726,2,30,0.41426753997802734,0.30950820446014404,0.7640244364738464,2,31,0.4965617060661316,0.35733985900878906,0.7986682057380676,2,32,0.4170892834663391,0.3846338987350464,0.758001446723938,2
0,0.5505129098892212,0.6618402004241943,-0.30616170167922974,2,1,0.56317538022995,0.6393914818763733,-0.3529817759990692,2,2,0.5683951377868652,0.6361274719238281,-0.35291236639022827,2,3,0.566811203956604,0.6432512998580933,-0.3528894782066345,2,4,0.5461393594741821,0.6364258527755737,-0.3636280596256256,2,5,0.5316534042358398,0.6656186580657959,-0.3638093173503876,2,6,0.5251609086990356,0.6626062393188477,-0.36380237340927124,2,7,0.5670017004013062,0.5946088433265686,-0.4134323000907898,2,8,0.5008915662765503,0.6257285475730896,-0.4579811990261078,2,9,0.5516775846481323,0.6487841010093689,-0.3112640976905823,2,10,0.535098135471344,0.6553512811660767,-0.324798583984375,2,11,0.5810821652412415,0.43801701068878174,-0.35565894842147827,2,12,0.4211922287940979,0.5281252264976501,-0.3909279704093933,2,13,0.6524366140365601,0.39513444900512695,-0.1635867804288864,2,14,0.32879817485809326,0.5238780379295349,-0.24863262474536896,2,15,0.6376729011535645,0.5761086344718933,-0.14335010945796967,2,16,0.3671836256980896,0.6829041242599487,-0.20271316170692444,2,17,0.655830979347229,0.6100785732269287,-0.17148175835609436,2,18,0.3611900210380554,0.7228440046310425,-0.229822039604187,2,19,0.637883186340332,0.6184077858924866,-0.17584368586540222,2,20,0.37954550981521606,0.7188612818717957,-0.23828952014446259,2,21,0.6268985271453857,0.606675922870636,-0.14546889066696167,2,22,0.38516101241111755,0.7071579098701477,-0.20417916774749756,2,23,0.5088545083999634,0.38740891218185425,0.01327518094331026,2,24,0.42692142724990845,0.43586257100105286,-0.013497374951839447,2,25,0.5079349875450134,0.30400222539901733,0.36169523000717163,2,26,0.41626447439193726,0.3767770230770111,0.3571832776069641,2,27,0.48904138803482056,0.2829573154449463,0.761786937713623,2,28,0.41161322593688965,0.3184897005558014,0.7380774617195129,2,29,0.48135480284690857,0.2608955502510071,0.8074580430984497,2,30,0.4127764105796814,0.3046639859676361,0.7793418169021606,2,31,0.48984360694885254,0.3408219516277313,0.8181757926940918,2,32,0.4162828028202057,0.3643852770328522,0.7748790383338928,2
0,0.5417259931564331,0.6630305051803589,-0.29598256945610046,2,1,0.5570343732833862,0.6277254819869995,-0.33897164463996887,2,2,0.5636510252952576,0.6247767210006714,-0.3389282524585724,2,3,0.5582631230354309,0.6422057747840881,-0.3389773964881897,2,4,0.5446971654891968,0.6314603090286255,-0.348987877368927,2,5,0.5233036875724792,0.6637203693389893,-0.3491661548614502,2,6,0.5178274512290955,0.6599798202514648,-0.3492116332054138,2,7,0.560555100440979,0.5907468795776367,-0.40230733156204224,2,8,0.4945780336856842,0.6227489709854126,-0.4543190896511078,2,9,0.5441148281097412,0.6437069177627563,-0.2976648211479187,2,10,0.5277344584465027,0.6504669785499573,-0.3102792203426361,2,11,0.5768921375274658,0.4285915493965149,-0.34030765295028687,2,12,0.4170134961605072,0.516231894493103,-0.3866824507713318,2,13,0.6509723663330078,0.39664849638938904,-0.15937583148479462,2,14,0.3287016749382019,0.5218796730041504,-0.2659150958061218,2,15,0.6375623345375061,0.5739840865135193,-0.15671373903751373,2,16,0.3671845495700836,0.6810815930366516,-0.23659861087799072,2,17,0.6557993292808533,0.6079538464546204,-0.184577077627182,2,18,0.3614334464073181,0.7225052714347839,-0.26631060242652893,2,19,0.6377465128898621,0.6153174042701721,-0.1893123835325241,2,20,0.3795449137687683,0.7182932496070862,-0.2742554247379303,2,21,0.6267717480659485,0.6028090715408325,-0.1589844524860382,2,22,0.3851619362831116,0.7057252526283264,-0.23756515979766846,2,23,0.5079512000083923,0.38700979948043823,0.013237157836556435,2,24,0.4256412982940674,0.4340956509113312,-0.013456402346491814,2,25,0.5083619356155396,0.30187419056892395,0.38701876997947693,2,26,0.4158863425254822,0.37635311484336853,0.3689127266407013,2,27,0.4896126389503479,0.2720136344432831,0.7897148728370667,2,28,0.4125669002532959,0.3180806040763855,0.7631937265396118,2,29,0.48137587308883667,0.2525160014629364,0.8353253602981567,2,30,0.41260457038879395,0.30225831270217896,0.8059219121932983,2,31,0.4913862347602844,0.32254448533058167,0.8404468297958374,2,32,0.4174255430698395,0.35202667117118835,0.8002090454101562,2
0,0.522469162940979,0.6212332844734192,-0.3228960335254669,2,1,0.5295560956001282,0.6026532053947449,-0.36423882842063904,2,2,0.5343004465103149,0.5974667072296143,-0.3642740249633789,2,3,0.5376424789428711,0.5954117774963379,-0.3643876612186432,2,4,0.5127463936805725,0.6108752489089966,-0.37377461791038513,2,5,0.5059780478477478,0.6145810484886169,-0.3739563822746277,2,6,0.5012138485908508,0.6131799817085266,-0.3741249442100525,2,7,0.5411376357078552,0.5477526783943176,-0.415134996175766,2,8,0.4806908071041107,0.5791990756988525,-0.4575470983982086,2,9,0.5253633260726929,0.5991405248641968,-0.32100269198417664,2,10,0.5113549828529358,0.6056075096130371,-0.3332332372665405,2,11,0.564485490322113,0.40341636538505554,-0.34893548488616943,2,12,0.41011351346969604,0.48842698335647583,-0.4102399945259094,2,13,0.6393011808395386,0.3961900472640991,-0.1921459138393402,2,14,0.3283635377883911,0.5195594429969788,-0.2967022955417633,2,15,0.6364113688468933,0.5715194344520569,-0.19948221743106842,2,16,0.3671266436576843,0.6801337599754333,-0.25391918420791626,2,17,0.6550697684288025,0.6070182919502258,-0.22490322589874268,2,18,0.361595094203949,0.7223464846611023,-0.2807123064994812,2,19,0.6376540064811707,0.6145114898681641,-0.23277166485786438,2,20,0.37948864698410034,0.7176814675331116,-0.29322564601898193,2,21,0.6268036365509033,0.6025246977806091,-0.20269832015037537,2,22,0.38496527075767517,0.7047938704490662,-0.2557498812675476,2,23,0.5104921460151672,0.39696425199508667,0.014896044507622719,2,24,0.42682385444641113,0.45259127020835876,-0.015109722502529621,2,25,0.5441101789474487,0.3248335123062134,0.42341747879981995,2,26,0.40745872259140015,0.39356184005737305,0.40855368971824646,2,27,0.49837398529052734,0.2804497182369232,0.8424496650695801,2,28,0.40265899896621704,0.3528751730918884,0.8130878210067749,2,29,0.48460865020751953,0.2625194787979126,0.8918092846870422,2,30,0.40363579988479614,0.34064510464668274,0.8591600656509399,2,31,0.49903756380081177,0.3267776370048523,0.9093796610832214,2,32,0.41199547052383423,0.36950552463531494,0.8605952262878418,2
0,0.5301182270050049,0.6298908591270447,-0.42232197523117065,2,1,0.5410313010215759,0.5957480669021606,-0.46868816018104553,2,2,0.5419619679450989,0.6045941710472107,-0.4685905873775482,2,3,0.5462130308151245,0.60081547498703,-0.4685575067996979,2,4,0.5246894955635071,0.5962480902671814,-0.4769645631313324,2,5,0.5117849111557007,0.6203500628471375,-0.4771438539028168,2,6,0.5058046579360962,0.6201025247573853,-0.47710567712783813,2,7,0.5481907725334167,0.5512057542800903,-0.5183542370796204,2,8,0.48381319642066956,0.5835868120193481,-0.5525819063186646,2,9,0.5327092409133911,0.6057349443435669,-0.41610902547836304,2,10,0.5170511603355408,0.612718939781189,-0.4267438054084778,2,11,0.5696665048599243,0.40158069133758545,-0.4357019066810608,2,12,0.4097538888454437,0.4916049838066101,-0.4758073687553406,2,13,0.6424869298934937,0.38651004433631897,-0.2512316107749939,2,14,0.3253074288368225,0.5136950612068176,-0.3272135257720947,2,15,0.636385977268219,0.5717133283615112,-0.26721829175949097,2,16,0.36728793382644653,0.6804840564727783,-0.29969900846481323,2,17,0.656542956829071,0.6075119376182556,-0.30728620290756226,2,18,0.3615502119064331,0.7223426699638367,-0.34079670906066895,2,19,0.637628972530365,0.6157652735710144,-0.31844666600227356,2,20,0.3794863224029541,0.7176764607429504,-0.3552968502044678,2,21,0.6267305612564087,0.6044778823852539,-0.27346813678741455,2,22,0.38506007194519043,0.7048081755638123,-0.3046070635318756,2,23,0.505905270576477,0.3643883168697357,0.013786730356514454,2,24,0.42410415410995483,0.4136754870414734,-0.01388810109347105,2,25,0.5023473501205444,0.2985380291938782,0.4292702078819275,2,26,0.40769538283348083,0.3697185814380646,0.41062530875205994,2,27,0.47250422835350037,0.27022314071655273,0.8780080080032349,2,28,0.40241479873657227,0.32271063327789307,0.855484664440155,2,29,0.46325722336769104,0.2472916543483734,0.9291781187057495,2,30,0.4002479016780853,0.2963954210281372,0.9038817286491394,2,31,0.47430309653282166,0.32448700070381165,0.9332236051559448,2,32,0.4095921516418457,0.3526044189929962,0.8989740610122681,2
0,0.5263503193855286,0.6373874545097351,-0.38230153918266296,2,1,0.5388019680976868,0.5971721410751343,-0.42611855268478394,2,2,0.5374946594238281,0.6103678941726685,-0.42604178190231323,2,3,0.5425840616226196,0.6077637672424316,-0.4260530471801758,2,4,0.5230958461761475,0.597169041633606,-0.43439072370529175,2,5,0.5062367916107178,0.6270566582679749,-0.4345620274543762,2,6,0.5000990629196167,0.6273267269134521,-0.4345608353614807,2,7,0.5446220636367798,0.5564826726913452,-0.4774055480957031,2,8,0.47638243436813354,0.5880990028381348,-0.511620044708252,2,9,0.5292549133300781,0.6126179695129395,-0.3783458173274994,2,10,0.5126982927322388,0.61931973695755,-0.38905078172683716,2,11,0.5665399432182312,0.39958059787750244,-0.40982431173324585,2,12,0.4022039771080017,0.48330333828926086,-0.4449770450592041,2,13,0.6427384614944458,0.38878488540649414,-0.2527129352092743,2,14,0.32288727164268494,0.5101928114891052,-0.3140513300895691,2,15,0.6360913515090942,0.5723939538002014,-0.2776763141155243,2,16,0.36727413535118103,0.6805147528648376,-0.29288315773010254,2,17,0.6574317216873169,0.6081497669219971,-0.31625935435295105,2,18,0.36145490407943726,0.7223432660102844,-0.3304760158061981,2,19,0.6376187801361084,0.61773282289505,-0.3263374865055084,2,20,0.3794727921485901,0.717677116394043,-0.3405030071735382,2,21,0.6266775727272034,0.6066946387290955,-0.2836807370185852,2,22,0.38506123423576355,0.7048094272613525,-0.29590898752212524,2,23,0.49936968088150024,0.3474707007408142,0.012363779358565807,2,24,0.4169618487358093,0.3939332664012909,-0.012330310419201851,2,25,0.4907589554786682,0.28242313861846924,0.4224708676338196,2,26,0.4075084626674652,0.35519567131996155,0.3844347298145294,2,27,0.4666176736354828,0.25751036405563354,0.8598150014877319,2,28,0.40253740549087524,0.30519965291023254,0.8518270254135132,2,29,0.4583352506160736,0.23396970331668854,0.9059238433837891,2,30,0.3997325599193573,0.27724218368530273,0.8990364074707031,2,31,0.4668186604976654,0.3153426945209503,0.8790532946586609,2,32,0.40920472145080566,0.3423610329627991,0.8524308204650879,2
0,0.5308695435523987,0.6412590742111206,-0.36523228883743286,2,1,0.5416649580001831,0.5977043509483337,-0.40934666991233826,2,2,0.5436000227928162,0.6130537390708923,-0.4092477858066559,2,3,0.5479297041893005,0.611503005027771,-0.4092303216457367,2,4,0.5273334980010986,0.5974066853523254,-0.4170730710029602,2,5,0.5117182731628418,0.630803108215332,-0.41725367307662964,2,6,0.5048333406448364,0.631420373916626,-0.4172617793083191,2,7,0.5491439700126648,0.5611172914505005,-0.4705141484737396,2,8,0.4813092350959778,0.5930958986282349,-0.5001199841499329,2,9,0.5330991744995117,0.6174169182777405,-0.3631582260131836,2,10,0.5164949297904968,0.6240503191947937,-0.37324780225753784,2,11,0.5693963766098022,0.40624356269836426,-0.40461620688438416,2,12,0.40462231636047363,0.49276840686798096,-0.43082451820373535,2,13,0.6427987813949585,0.39014333486557007,-0.21378648281097412,2,14,0.3216225206851959,0.5102572441101074,-0.29359543323516846,2,15,0.6355441808700562,0.5727225542068481,-0.21806304156780243,2,16,0.36722204089164734,0.6808185577392578,-0.27620863914489746,2,17,0.6571672558784485,0.6092851161956787,-0.2496902495622635,2,18,0.3611423373222351,0.7224203944206238,-0.31340107321739197,2,19,0.637071430683136,0.6179007887840271,-0.2569103538990021,2,20,0.3795658051967621,0.7176629900932312,-0.3229212760925293,2,21,0.6252535581588745,0.6068916916847229,-0.22161614894866943,2,22,0.3851781189441681,0.7046929597854614,-0.2788622975349426,2,23,0.5015051960945129,0.35347744822502136,0.010504341684281826,2,24,0.418058305978775,0.4015008807182312,-0.010489159263670444,2,25,0.4915927052497864,0.2739740312099457,0.3958486020565033,2,26,0.40680843591690063,0.3546929955482483,0.3795446455478668,2,27,0.46766671538352966,0.24399103224277496,0.8434497714042664,2,28,0.3960963785648346,0.29809248447418213,0.8224475979804993,2,29,0.4589866101741791,0.2200091928243637,0.8929850459098816,2,30,0.39043182134628296,0.26967674493789673,0.8664841651916504,2,31,0.4706493318080902,0.29793867468833923,0.8770257830619812,2,32,0.4000714421272278,0.33430859446525574,0.8403282165527344,2
0,0.494407594203949,0.5232201218605042,-0.5942748785018921,2,1,0.5013037323951721,0.4886144995689392,-0.6256664991378784,2,2,0.507265031337738,0.48271411657333374,-0.6255849599838257,2,3,0.5133792757987976,0.4762958586215973,-0.6256260871887207,2,4,0.4797976613044739,0.49876120686531067,-0.6205298900604248,2,5,0.47294822335243225,0.49965429306030273,-0.6207172274589539,2,6,0.4664742946624756,0.4994789958000183,-0.6207468509674072,2,7,0.5242422223091125,0.42632603645324707,-0.6087552309036255,2,8,0.4509795308113098,0.46345818042755127,-0.5868530869483948,2,9,0.5055941939353943,0.5071234107017517,-0.5699920058250427,2,10,0.48703378438949585,0.5170789361000061,-0.5636729001998901,2,11,0.5708605051040649,0.34298205375671387,-0.48859819769859314,2,12,0.39885279536247253,0.4267301857471466,-0.46861928701400757,2,13,0.6461453437805176,0.3788471519947052,-0.3489629626274109,2,14,0.3225497901439667,0.4995631277561188,-0.3515847325325012,2,15,0.6367400288581848,0.5740817785263062,-0.319224089384079,2,16,0.36708295345306396,0.6795302629470825,-0.3397737741470337,2,17,0.6578074097633362,0.6122771501541138,-0.3445144295692444,2,18,0.3600431978702545,0.7220596075057983,-0.36859720945358276,2,19,0.6374660730361938,0.6219577789306641,-0.3573917746543884,2,20,0.3791714310646057,0.7169151902198792,-0.38159728050231934,2,21,0.625254213809967,0.6076279878616333,-0.32224443554878235,2,22,0.3851264417171478,0.7039108276367188,-0.3441564440727234,2,23,0.5267723798751831,0.36186468601226807,0.0024921614676713943,2,24,0.4395720362663269,0.4001480042934418,-0.0024167888332158327,2,25,0.4950587749481201,0.3562990427017212,0.3808215856552124,2,26,0.4266684055328369,0.36597323417663574,0.3831895589828491,2,27,0.4687774181365967,0.3570711016654968,0.8036168813705444,2,28,0.42810338735580444,0.35788384079933167,0.8088890314102173,2,29,0.46871060132980347,0.3372281789779663,0.8470877408981323,2,30,0.42795953154563904,0.33624088764190674,0.8522911071777344,2,31,0.4753653407096863,0.41928830742836,0.8024029731750488,2,32,0.43626952171325684,0.41618046164512634,0.8205310106277466,2
0,0.4682869017124176,0.5012178421020508,-0.582718014717102,2,1,0.4771755635738373,0.47026965022087097,-0.6089648008346558,2,2,0.48330754041671753,0.46514442563056946,-0.6089061498641968,2,3,0.4894043505191803,0.4602491557598114,-0.6090173721313477,2,4,0.4564483165740967,0.4776352643966675,-0.6019459962844849,2,5,0.4505111277103424,0.4767262041568756,-0.6020980477333069,2,6,0.4444412291049957,0.4760819375514984,-0.6021531820297241,2,7,0.5025179982185364,0.41746237874031067,-0.5863035917282104,2,8,0.43266600370407104,0.4443191885948181,-0.5562648177146912,2,9,0.4797138273715973,0.4893456697463989,-0.5586603879928589,2,10,0.4615756571292877,0.4964544177055359,-0.5498150587081909,2,11,0.5570799708366394,0.3492577373981476,-0.4717579483985901,2,12,0.39190417528152466,0.4143165051937103,-0.45094022154808044,2,13,0.6424199342727661,0.3793674111366272,-0.36657217144966125,2,14,0.32301199436187744,0.5011522769927979,-0.373930960893631,2,15,0.636593222618103,0.5742614269256592,-0.33908548951148987,2,16,0.3667929768562317,0.6789445877075195,-0.4001823365688324,2,17,0.656248927116394,0.6139752864837646,-0.3678228259086609,2,18,0.3593001961708069,0.7222170233726501,-0.43935084342956543,2,19,0.6352708339691162,0.6219484806060791,-0.38177257776260376,2,20,0.37828871607780457,0.7169002294540405,-0.4512764513492584,2,21,0.6217911839485168,0.6074081063270569,-0.343515545129776,2,22,0.38466936349868774,0.7037847638130188,-0.40640926361083984,2,23,0.5227878093719482,0.3576511740684509,-0.002363261766731739,2,24,0.43741267919540405,0.38886433839797974,0.002390927169471979,2,25,0.49709028005599976,0.3502683937549591,0.35157981514930725,2,26,0.4325600266456604,0.36545324325561523,0.37410634756088257,2,27,0.47259020805358887,0.35507845878601074,0.7470499277114868,2,28,0.4341452121734619,0.3561950623989105,0.7642895579338074,2,29,0.4695727229118347,0.33660241961479187,0.7885324358940125,2,30,0.43413132429122925,0.33857429027557373,0.803889274597168,2,31,0.47763705253601074,0.4149458706378937,0.7504887580871582,2,32,0.4402075409889221,0.40544000267982483,0.7659202218055725,2
0,0.49189457297325134,0.5509049892425537,-0.5577598214149475,2,1,0.5036014318466187,0.5197407007217407,-0.594443678855896,2,2,0.507246732711792,0.5164292454719543,-0.594328761100769,2,3,0.5108999013900757,0.5113788843154907,-0.5943424105644226,2,4,0.48583000898361206,0.5268468260765076,-0.5933968424797058,2,5,0.4754473567008972,0.5312952399253845,-0.5935860872268677,2,6,0.4683782160282135,0.5312162041664124,-0.5936376452445984,2,7,0.5172962546348572,0.46217066049575806,-0.6019687652587891,2,8,0.45189499855041504,0.49500706791877747,-0.5986334681510925,2,9,0.497807115316391,0.5328102111816406,-0.5409151315689087,2,10,0.4816877841949463,0.5403198003768921,-0.5405322313308716,2,11,0.560979962348938,0.35449957847595215,-0.5036565065383911,2,12,0.39607226848602295,0.4282759428024292,-0.49380987882614136,2,13,0.6428592801094055,0.3775976300239563,-0.35816460847854614,2,14,0.3232487142086029,0.501034140586853,-0.41866955161094666,2,15,0.6365839242935181,0.5754932761192322,-0.3436710238456726,2,16,0.3662899136543274,0.67891526222229,-0.44831371307373047,2,17,0.6562093496322632,0.6175561547279358,-0.37871572375297546,2,18,0.3563825786113739,0.7226952314376831,-0.4939751625061035,2,19,0.6355364918708801,0.6230762004852295,-0.39165550470352173,2,20,0.3782863914966583,0.7168861627578735,-0.5068904757499695,2,21,0.6219435930252075,0.6076602339744568,-0.34879934787750244,2,22,0.3847504258155823,0.7037006616592407,-0.4551350176334381,2,23,0.5178729295730591,0.32914575934410095,-0.0003952575789298862,2,24,0.4319862723350525,0.3687896430492401,0.0003842008300125599,2,25,0.48304739594459534,0.32469290494918823,0.3820958733558655,2,26,0.4212425649166107,0.3441110849380493,0.3942156434059143,2,27,0.46156054735183716,0.3457101583480835,0.8190075159072876,2,28,0.41906777024269104,0.3407101035118103,0.824070155620575,2,29,0.45527464151382446,0.32386314868927,0.8653166890144348,2,30,0.4180184304714203,0.3229406476020813,0.8680311441421509,2,31,0.46344175934791565,0.39096885919570923,0.8143583536148071,2,32,0.4256019592285156,0.39750784635543823,0.8239615559577942,2
0,0.5331681370735168,0.5183295011520386,-0.5199617743492126,2,1,0.5481263995170593,0.5198918581008911,-0.5583215951919556,2,2,0.5537532567977905,0.5149083137512207,-0.5582085847854614,2,3,0.5592705011367798,0.5097357034683228,-0.5581777095794678,2,4,0.5247635245323181,0.5075112581253052,-0.559173047542572,2,5,0.5157634019851685,0.5000836253166199,-0.5593701004981995,2,6,0.5141140222549438,0.4971267282962799,-0.5594682097434998,2,7,0.5632476210594177,0.4570888876914978,-0.5804542899131775,2,8,0.49135786294937134,0.48608458042144775,-0.5860941410064697,2,9,0.5422348380088806,0.5224359631538391,-0.5082247853279114,2,10,0.5247364640235901,0.5277401804924011,-0.5103915929794312,2,11,0.5885496139526367,0.336245059967041,-0.49147287011146545,2,12,0.41302046179771423,0.4031786322593689,-0.49654918909072876,2,13,0.6427076458930969,0.3783248960971832,-0.33521783351898193,2,14,0.3270273804664612,0.4969806373119354,-0.4399312436580658,2,15,0.6372799277305603,0.5752565860748291,-0.3119763731956482,2,16,0.3660375475883484,0.6775146722793579,-0.47798293828964233,2,17,0.6573780179023743,0.6181435585021973,-0.3485284149646759,2,18,0.3559672236442566,0.7226949334144592,-0.5293185710906982,2,19,0.6386276483535767,0.6235117316246033,-0.36070516705513,2,20,0.3782971501350403,0.7168399095535278,-0.5471857786178589,2,21,0.6255688667297363,0.6087985038757324,-0.3174213767051697,2,22,0.38498345017433167,0.70183926820755,-0.4878005087375641,2,23,0.518812894821167,0.2791678309440613,0.0002966795291285962,2,24,0.43174663186073303,0.3217739164829254,-0.0003585442900657654,2,25,0.4881143569946289,0.2512965202331543,0.38902318477630615,2,26,0.4207151532173157,0.311302125453949,0.38634681701660156,2,27,0.4625265598297119,0.26755082607269287,0.8212502598762512,2,28,0.3995402455329895,0.29443708062171936,0.8191933631896973,2,29,0.4532971978187561,0.25008946657180786,0.8671196699142456,2,30,0.39544495940208435,0.27403324842453003,0.8636513948440552,2,31,0.4650548994541168,0.33294299244880676,0.8291332125663757,2,32,0.4004051089286804,0.349994957447052,0.8271827697753906,2
0,0.5419172048568726,0.5087059736251831,-0.4947654604911804,2,1,0.5486897826194763,0.5043453574180603,-0.5318804383277893,2,2,0.5578804016113281,0.5221884250640869,-0.5317724943161011,2,3,0.5636012554168701,0.5169103741645813,-0.5317548513412476,2,4,0.5336270928382874,0.5026713609695435,-0.5332297086715698,2,5,0.5268861055374146,0.5010720491409302,-0.5334400534629822,2,6,0.5179566144943237,0.5265225768089294,-0.5335206985473633,2,7,0.5680518746376038,0.4668959677219391,-0.5561550259590149,2,8,0.4959205985069275,0.4977494180202484,-0.563231885433197,2,9,0.5487669706344604,0.5322574377059937,-0.48444241285324097,2,10,0.5295305252075195,0.4954041838645935,-0.4870038628578186,2,11,0.5964950919151306,0.35239675641059875,-0.4754299521446228,2,12,0.4146331250667572,0.4048338532447815,-0.4711548388004303,2,13,0.6430075168609619,0.3792419731616974,-0.3125517964363098,2,14,0.3298695683479309,0.4934888184070587,-0.38296815752983093,2,15,0.6372452974319458,0.5753026604652405,-0.2979714274406433,2,16,0.36605188250541687,0.6771532297134399,-0.4025634229183197,2,17,0.6574065089225769,0.6179013848304749,-0.33515679836273193,2,18,0.35631394386291504,0.7233906388282776,-0.4479202330112457,2,19,0.6407467126846313,0.6245660781860352,-0.34630468487739563,2,20,0.3790408968925476,0.7168370485305786,-0.4606371521949768,2,21,0.6282669305801392,0.6105988621711731,-0.3029131591320038,2,22,0.3859234154224396,0.7018254399299622,-0.4088485836982727,2,23,0.5197345614433289,0.3052428364753723,0.0011195961851626635,2,24,0.43148675560951233,0.3416833281517029,-0.0011867182329297066,2,25,0.4899652600288391,0.26833105087280273,0.3658161759376526,2,26,0.41234302520751953,0.3232768774032593,0.3751545548439026,2,27,0.47194990515708923,0.2743656039237976,0.8022431135177612,2,28,0.3927747309207916,0.3005518317222595,0.8014218211174011,2,29,0.46711617708206177,0.255863755941391,0.8492574691772461,2,30,0.38944149017333984,0.27849748730659485,0.8448640704154968,2,31,0.4703786373138428,0.337446928024292,0.8136013746261597,2,32,0.3929266035556793,0.352771133184433,0.8042473793029785,2
0,0.5422614216804504,0.5170560479164124,-0.4637342095375061,2,1,0.5474451780319214,0.5087452530860901,-0.5038712024688721,2,2,0.5539006590843201,0.5108991265296936,-0.503804087638855,2,3,0.5607265830039978,0.5238853693008423,-0.5037789940834045,2,4,0.5341109037399292,0.5096085667610168,-0.5024267435073853,2,5,0.5295425653457642,0.5037580728530884,-0.5026334524154663,2,6,0.5154536962509155,0.5378283858299255,-0.5027333498001099,2,7,0.5652257204055786,0.47327667474746704,-0.5442958474159241,2,8,0.49349695444107056,0.5043360590934753,-0.5467751026153564,2,9,0.5466762185096741,0.5372331142425537,-0.4636154770851135,2,10,0.5297838449478149,0.5036839246749878,-0.46168842911720276,2,11,0.5961508750915527,0.35593798756599426,-0.46258434653282166,2,12,0.41480177640914917,0.421816885471344,-0.4610835015773773,2,13,0.6432217359542847,0.37976834177970886,-0.31290000677108765,2,14,0.3310956358909607,0.4911753833293915,-0.3813515603542328,2,15,0.637218177318573,0.5753962397575378,-0.31239911913871765,2,16,0.36609548330307007,0.6769951581954956,-0.38454675674438477,2,17,0.6573961973190308,0.6178538203239441,-0.3540676236152649,2,18,0.35686415433883667,0.7238867878913879,-0.43002524971961975,2,19,0.6419171094894409,0.6257917881011963,-0.36442187428474426,2,20,0.3798324465751648,0.716862678527832,-0.4424062669277191,2,21,0.62956702709198,0.6118490695953369,-0.31790950894355774,2,22,0.38674670457839966,0.7018389701843262,-0.3907034993171692,2,23,0.52107834815979,0.31266480684280396,0.0015426055761054158,2,24,0.4313560426235199,0.34953558444976807,-0.001558854361064732,2,25,0.4914330542087555,0.2711350619792938,0.3557303547859192,2,26,0.4118236005306244,0.3302467465400696,0.36537641286849976,2,27,0.4752822518348694,0.2771856188774109,0.7794814109802246,2,28,0.39539265632629395,0.3028097152709961,0.7789862155914307,2,29,0.4710715711116791,0.2579631805419922,0.8249677419662476,2,30,0.3924848735332489,0.28114625811576843,0.8208826780319214,2,31,0.47364383935928345,0.3398779630661011,0.7947094440460205,2,32,0.3976125121116638,0.3591611981391907,0.7837554216384888,2
0,0.4709816873073578,0.4504075050354004,-0.5486983060836792,2,1,0.477705180644989,0.438918799161911,-0.5795169472694397,2,2,0.47907766699790955,0.43011587858200073,-0.5794677734375,2,3,0.48808759450912476,0.4289792776107788,-0.5795480012893677,2,4,0.45744436979293823,0.43503668904304504,-0.5680891871452332,2,5,0.4552576541900635,0.4347696900367737,-0.5682166218757629,2,6,0.4488397240638733,0.4377143085002899,-0.5682333707809448,2,7,0.5059195756912231,0.4031257629394531,-0.5906187295913696,2,8,0.44272381067276,0.4288373291492462,-0.5445960164070129,2,9,0.4783393442630768,0.4336741268634796,-0.5378542542457581,2,10,0.46451669931411743,0.4361945390701294,-0.5226953029632568,2,11,0.5744780898094177,0.3161481022834778,-0.47500866651535034,2,12,0.40822410583496094,0.3758816123008728,-0.45676660537719727,2,13,0.6393052339553833,0.3804911673069,-0.39426666498184204,2,14,0.33935463428497314,0.48660731315612793,-0.36726537346839905,2,15,0.6370702385902405,0.5765719413757324,-0.4212661683559418,2,16,0.36624276638031006,0.6769471764564514,-0.40459853410720825,2,17,0.6563716530799866,0.6169888973236084,-0.46884435415267944,2,18,0.356942355632782,0.7238849997520447,-0.4480748772621155,2,19,0.64186030626297,0.6259825229644775,-0.48294320702552795,2,20,0.3799723982810974,0.7168704271316528,-0.46486663818359375,2,21,0.6294003129005432,0.6128402352333069,-0.4290182590484619,2,22,0.38676780462265015,0.7019373178482056,-0.41279226541519165,2,23,0.5220695734024048,0.28533515334129333,-0.008353074081242085,2,24,0.4379296898841858,0.31487753987312317,0.00830165483057499,2,25,0.49231094121932983,0.2678471803665161,0.3418223261833191,2,26,0.41896480321884155,0.296152263879776,0.3661823868751526,2,27,0.47726601362228394,0.26612588763237,0.7337375283241272,2,28,0.40164512395858765,0.2915414273738861,0.771425187587738,2,29,0.4737096428871155,0.24973568320274353,0.7732540369033813,2,30,0.4009861350059509,0.2735816240310669,0.8111385107040405,2,31,0.4783773422241211,0.3136989176273346,0.7285829782485962,2,32,0.4036600589752197,0.34404486417770386,0.7645958662033081,2
END PUSHUP
0,0.451219379901886,0.5473918318748474,-0.5099044442176819,2,1,0.45889705419540405,0.5364455580711365,-0.5475317239761353,2,2,0.46533703804016113,0.5246559381484985,-0.5474527478218079,2,3,0.4713954031467438,0.5231190919876099,-0.5475893020629883,2,4,0.4389815926551819,0.5335096120834351,-0.5532387495040894,2,5,0.43246275186538696,0.5329713821411133,-0.553440272808075,2,6,0.4257686138153076,0.5335599780082703,-0.5534477233886719,2,7,0.4823745787143707,0.4927818179130554,-0.5862098932266235,2,8,0.4102061688899994,0.5004022121429443,-0.5726814866065979,2,9,0.4610607624053955,0.5244882106781006,-0.5036725401878357,2,10,0.4414198398590088,0.5275709629058838,-0.5094846487045288,2,11,0.5343457460403442,0.39860275387763977,-0.48909544944763184,2,12,0.34787076711654663,0.45406171679496765,-0.48851871490478516,2,13,0.6308386921882629,0.37764739990234375,-0.37264418601989746,2,14,0.3162769079208374,0.48135697841644287,-0.35634055733680725,2,15,0.6338160634040833,0.5727158784866333,-0.38119223713874817,2,16,0.3617934584617615,0.6724981665611267,-0.33296066522598267,2,17,0.6535230875015259,0.613621175289154,-0.4289487898349762,2,18,0.35700899362564087,0.7225424647331238,-0.37219756841659546,2,19,0.6374965906143188,0.6235849857330322,-0.43813151121139526,2,20,0.3785058856010437,0.7179259657859802,-0.37983399629592896,2,21,0.6235305666923523,0.6103940606117249,-0.3880186378955841,2,22,0.3851128816604614,0.7013834714889526,-0.3350563645362854,2,23,0.4692284166812897,0.27750924229621887,-0.007456745021045208,2,24,0.37823909521102905,0.30911436676979065,0.007466738577932119,2,25,0.4688960015773773,0.23850621283054352,0.33446598052978516,2,26,0.3678905665874481,0.29512298107147217,0.36192888021469116,2,27,0.4774816632270813,0.19154080748558044,0.7315035462379456,2,28,0.3503701090812683,0.27570632100105286,0.7630032300949097,2,29,0.47644758224487305,0.17182034254074097,0.7784532904624939,2,30,0.3492179214954376,0.25665977597236633,0.8034447431564331,2,31,0.486144483089447,0.22938987612724304,0.7732373476028442,2,32,0.34774741530418396,0.3278212249279022,0.7759970426559448,2
0,0.46386241912841797,0.5903012156486511,-0.5400440692901611,2,1,0.4695362150669098,0.5439836382865906,-0.5586973428726196,2,2,0.4754308760166168,0.531029224395752,-0.5588830709457397,2,3,0.49137765169143677,0.5594108700752258,-0.5591455698013306,2,4,0.4509425759315491,0.5730465650558472,-0.5546743273735046,2,5,0.44227734208106995,0.5720927119255066,-0.5545530915260315,2,6,0.4344019889831543,0.571367621421814,-0.5548099875450134,2,7,0.5002812743186951,0.517672061920166,-0.6006888747215271,2,8,0.4145064949989319,0.5401578545570374,-0.6145710945129395,2,9,0.47065863013267517,0.5730587244033813,-0.5182541012763977,2,10,0.4442075788974762,0.5776042342185974,-0.514776885509491,2,11,0.5402499437332153,0.4099120795726776,-0.49170956015586853,2,12,0.3547894358634949,0.4688659608364105,-0.5071537494659424,2,13,0.6364386081695557,0.37770703434944153,-0.36098963022232056,2,14,0.3161526322364807,0.48813968896865845,-0.34439659118652344,2,15,0.6338454484939575,0.5739953517913818,-0.3674978017807007,2,16,0.3618736267089844,0.6733260154724121,-0.2931383550167084,2,17,0.6535855531692505,0.6148208379745483,-0.41266804933547974,2,18,0.3570978343486786,0.7228477597236633,-0.3268570303916931,2,19,0.6375135779380798,0.6257314085960388,-0.42562437057495117,2,20,0.3785094916820526,0.7178125977516174,-0.3336588740348816,2,21,0.6233205199241638,0.6123960018157959,-0.3754430115222931,2,22,0.38555607199668884,0.7012772560119629,-0.29346033930778503,2,23,0.4741251468658447,0.29244163632392883,-0.004628401715308428,2,24,0.38303256034851074,0.3281542956829071,0.004529789090156555,2,25,0.47068628668785095,0.2454129159450531,0.3414134979248047,2,26,0.36609938740730286,0.30292338132858276,0.36386552453041077,2,27,0.48853111267089844,0.1965351104736328,0.7414101362228394,2,28,0.34925729036331177,0.2847709059715271,0.7670219540596008,2,29,0.4881470799446106,0.17667320370674133,0.791700541973114,2,30,0.34816834330558777,0.26591452956199646,0.8080007433891296,2,31,0.4960728585720062,0.23473262786865234,0.7915512919425964,2,32,0.34686508774757385,0.3371899425983429,0.7763327360153198,2
0,0.5166831016540527,0.6664649248123169,-0.38165050745010376,2,1,0.5218151211738586,0.6470609307289124,-0.4294455647468567,2,2,0.5263071060180664,0.641342282295227,-0.42929568886756897,2,3,0.5316888093948364,0.6380728483200073,-0.42927128076553345,2,4,0.5053018927574158,0.6568925380706787,-0.4375833570957184,2,5,0.49930864572525024,0.656611442565918,-0.43777555227279663,2,6,0.493537575006485,0.6564120650291443,-0.43785110116004944,2,7,0.5315089225769043,0.5914990305900574,-0.516684889793396,2,8,0.46928924322128296,0.6244431138038635,-0.5541819930076599,2,9,0.5170649290084839,0.6411793828010559,-0.39108169078826904,2,10,0.5013405084609985,0.6475114822387695,-0.40222877264022827,2,11,0.5429623126983643,0.44452425837516785,-0.46679624915122986,2,12,0.3855209946632385,0.528871476650238,-0.4793797433376312,2,13,0.6296460628509521,0.4084770083427429,-0.31612056493759155,2,14,0.31839802861213684,0.506156861782074,-0.3286531865596771,2,15,0.6306828856468201,0.5717706680297852,-0.3244682848453522,2,16,0.3622409701347351,0.6743173599243164,-0.28592485189437866,2,17,0.651972770690918,0.6112815737724304,-0.3702998459339142,2,18,0.3574961721897125,0.7229617834091187,-0.3210148215293884,2,19,0.6370812654495239,0.6234568357467651,-0.380134642124176,2,20,0.3784750699996948,0.7177779078483582,-0.327314168214798,2,21,0.623439371585846,0.6107423305511475,-0.33189696073532104,2,22,0.3854953944683075,0.7013512253761292,-0.2869850993156433,2,23,0.4773498475551605,0.3513890504837036,-0.0045576016418635845,2,24,0.39393576979637146,0.3970583975315094,0.004348010756075382,2,25,0.489868700504303,0.2796650230884552,0.36377665400505066,2,26,0.3695240318775177,0.3406650722026825,0.38379666209220886,2,27,0.5038973689079285,0.213114932179451,0.808334469795227,2,28,0.3554966449737549,0.28813838958740234,0.8057209849357605,2,29,0.501274585723877,0.19273588061332703,0.8558210134506226,2,30,0.35467416048049927,0.26744112372398376,0.8480459451675415,2,31,0.5116821527481079,0.24397648870944977,0.8384355306625366,2,32,0.3514708876609802,0.3354099988937378,0.8269944190979004,2
0,0.5133593082427979,0.6497246623039246,-0.31724458932876587,2,1,0.5183472037315369,0.605640709400177,-0.3468063473701477,2,2,0.5218945741653442,0.5888606309890747,-0.3467332720756531,2,3,0.5260462760925293,0.6215264797210693,-0.3467945456504822,2,4,0.5046937465667725,0.6068329215049744,-0.3588005304336548,2,5,0.5000072717666626,0.5990803837776184,-0.3589949607849121,2,6,0.49543991684913635,0.5929496884346008,-0.3593011498451233,2,7,0.5271403789520264,0.5382141470909119,-0.3841384947299957,2,8,0.47561684250831604,0.5392388701438904,-0.43647831678390503,2,9,0.5135605335235596,0.6068272590637207,-0.31408777832984924,2,10,0.5009763240814209,0.5989976525306702,-0.32972851395606995,2,11,0.5410974621772766,0.39896801114082336,-0.3410570025444031,2,12,0.3961111009120941,0.4669618308544159,-0.37900397181510925,2,13,0.5991332530975342,0.42162853479385376,-0.2683427035808563,2,14,0.3187227249145508,0.5049593448638916,-0.3477734327316284,2,15,0.6274232864379883,0.570996880531311,-0.3590800166130066,2,16,0.36189430952072144,0.6717216968536377,-0.3649161458015442,2,17,0.6494742631912231,0.6103824973106384,-0.4056010842323303,2,18,0.35776418447494507,0.7212775349617004,-0.4003685414791107,2,19,0.6359825730323792,0.6222237348556519,-0.41981106996536255,2,20,0.37847477197647095,0.7154968976974487,-0.40839773416519165,2,21,0.6225804090499878,0.6104463934898376,-0.36944717168807983,2,22,0.38432177901268005,0.6966635584831238,-0.36725467443466187,2,23,0.49490469694137573,0.40899527072906494,0.0011921313125640154,2,24,0.4147569537162781,0.4382539391517639,-0.001679652719758451,2,25,0.5662857890129089,0.4160321056842804,0.3329208493232727,2,26,0.36896422505378723,0.35378584265708923,0.45266324281692505,2,27,0.5757262706756592,0.42298591136932373,0.7343786954879761,2,28,0.3780788779258728,0.28601348400115967,0.8001599311828613,2,29,0.5650966167449951,0.4209069013595581,0.7797027826309204,2,30,0.38852232694625854,0.2707580029964447,0.8415972590446472,2,31,0.6010740995407104,0.46169233322143555,0.7718862295150757,2,32,0.373568058013916,0.3038565218448639,0.8407827615737915,2
0,0.5164514183998108,0.5999021530151367,-0.3236749470233917,2,1,0.5241132974624634,0.5782294869422913,-0.3544978201389313,2,2,0.5284038782119751,0.5720058679580688,-0.35442325472831726,2,3,0.5326269865036011,0.5727265477180481,-0.35448724031448364,2,4,0.5073255896568298,0.5855015516281128,-0.3649628460407257,2,5,0.5018984079360962,0.584022045135498,-0.36514127254486084,2,6,0.4965614676475525,0.5827992558479309,-0.3653517961502075,2,7,0.5328220129013062,0.5268720984458923,-0.39375215768814087,2,8,0.47457408905029297,0.5536222457885742,-0.4410715699195862,2,9,0.516548752784729,0.5803391933441162,-0.321627676486969,2,10,0.5020602941513062,0.5837221741676331,-0.3359648883342743,2,11,0.5432072281837463,0.42320573329925537,-0.35165104269981384,2,12,0.39255329966545105,0.4928005635738373,-0.37814557552337646,2,13,0.5964730381965637,0.4516533315181732,-0.2571025490760803,2,14,0.32162415981292725,0.5158777236938477,-0.2945186495780945,2,15,0.6277298927307129,0.5751655697822571,-0.31778261065483093,2,16,0.36395832896232605,0.6717827916145325,-0.28855055570602417,2,17,0.6503492593765259,0.6125826835632324,-0.36224037408828735,2,18,0.35905611515045166,0.7209233641624451,-0.31460535526275635,2,19,0.6377907991409302,0.6243482828140259,-0.3747289478778839,2,20,0.3785743713378906,0.7149273157119751,-0.32724565267562866,2,21,0.6243765950202942,0.6123877167701721,-0.32698872685432434,2,22,0.3844147026538849,0.6967312097549438,-0.2913959324359894,2,23,0.49809756875038147,0.42004817724227905,0.010371427983045578,2,24,0.4138466715812683,0.454679399728775,-0.010914777405560017,2,25,0.5672762989997864,0.3840455412864685,0.3438270092010498,2,26,0.3692198395729065,0.3612343668937683,0.42142215371131897,2,27,0.5591583847999573,0.3317645490169525,0.7397607564926147,2,28,0.3857443332672119,0.2951335906982422,0.7387126684188843,2,29,0.5488511919975281,0.3186926543712616,0.7833867073059082,2,30,0.39326030015945435,0.28110581636428833,0.776214599609375,2,31,0.5745595097541809,0.37024930119514465,0.7749799489974976,2,32,0.38689762353897095,0.306636780500412,0.7711895704269409,2
0,0.5559142827987671,0.7199366092681885,-0.2161714732646942,2,1,0.5667749643325806,0.7251901626586914,-0.24612493813037872,2,2,0.5711943507194519,0.7205879092216492,-0.24620775878429413,2,3,0.5759784579277039,0.7155587673187256,-0.24635560810565948,2,4,0.5541274547576904,0.7327110171318054,-0.2588428556919098,2,5,0.5492234230041504,0.7344544529914856,-0.2588748633861542,2,6,0.5438939929008484,0.7356452345848083,-0.25890982151031494,2,7,0.5824105739593506,0.6782107949256897,-0.291104793548584,2,8,0.5318557620048523,0.7128959894180298,-0.34520798921585083,2,9,0.5537817478179932,0.695886492729187,-0.21843156218528748,2,10,0.5403152108192444,0.7018271684646606,-0.23381264507770538,2,11,0.5828293561935425,0.5261197686195374,-0.266191303730011,2,12,0.4447746276855469,0.603447437286377,-0.33234044909477234,2,13,0.6477442383766174,0.3933086395263672,-0.12038757652044296,2,14,0.344108909368515,0.5158212184906006,-0.2200663834810257,2,15,0.6355429291725159,0.5826343297958374,-0.04033864662051201,2,16,0.364744633436203,0.6739134788513184,-0.13708993792533875,2,17,0.6532779932022095,0.6129676103591919,-0.05435608699917793,2,18,0.3586770296096802,0.7236887812614441,-0.1530005782842636,2,19,0.6407962441444397,0.6295915246009827,-0.07703309506177902,2,20,0.3775938153266907,0.7232760190963745,-0.16392818093299866,2,21,0.6294034719467163,0.6194753646850586,-0.04624885320663452,2,22,0.38410189747810364,0.7058003544807434,-0.13831406831741333,2,23,0.4603986144065857,0.3736688792705536,0.033390406519174576,2,24,0.4091362953186035,0.4121575355529785,-0.03316481038928032,2,25,0.43048566579818726,0.3130730986595154,0.3294311761856079,2,26,0.40044599771499634,0.34956270456314087,0.29865461587905884,2,27,0.39784517884254456,0.2184053361415863,0.6381094455718994,2,28,0.37372368574142456,0.24992194771766663,0.607658326625824,2,29,0.3931453227996826,0.19449177384376526,0.6764724254608154,2,30,0.3682514429092407,0.22143790125846863,0.6453496813774109,2,31,0.4133504033088684,0.2760130763053894,0.713077187538147,2,32,0.39435330033302307,0.3108944296836853,0.674957811832428,2
0,0.5562353730201721,0.7515355348587036,-0.18600483238697052,2,1,0.5671496987342834,0.7605478763580322,-0.21527238190174103,2,2,0.571207582950592,0.7561711072921753,-0.215358704328537,2,3,0.5757922530174255,0.7512040138244629,-0.21548119187355042,2,4,0.5563129186630249,0.7707814574241638,-0.22552208602428436,2,5,0.5522111654281616,0.7744576930999756,-0.2255355417728424,2,6,0.5475473999977112,0.7787666320800781,-0.22557520866394043,2,7,0.5824231505393982,0.7097288966178894,-0.2604343295097351,2,8,0.5338862538337708,0.731357991695404,-0.3035028576850891,2,9,0.5538126826286316,0.7229791283607483,-0.18875861167907715,2,10,0.5422199964523315,0.7332972288131714,-0.20106141269207,2,11,0.5907406806945801,0.5593661069869995,-0.24179740250110626,2,12,0.4465741515159607,0.6283562779426575,-0.28623512387275696,2,13,0.6477441787719727,0.4001876711845398,-0.10822631418704987,2,14,0.35321974754333496,0.5851219296455383,-0.17256712913513184,2,15,0.6350691318511963,0.5822268128395081,-0.02574058808386326,2,16,0.3667990267276764,0.6712021827697754,-0.08920617401599884,2,17,0.651171088218689,0.6128038167953491,-0.03974036127328873,2,18,0.3589244484901428,0.7227780818939209,-0.10083238035440445,2,19,0.6402812004089355,0.6292826533317566,-0.056207530200481415,2,20,0.3805866241455078,0.7232142686843872,-0.10993890464305878,2,21,0.6293976306915283,0.619282603263855,-0.029306313022971153,2,22,0.3874526619911194,0.7047344446182251,-0.08913477510213852,2,23,0.4629952907562256,0.38123029470443726,0.02159390226006508,2,24,0.4148666262626648,0.42164644598960876,-0.021408136934041977,2,25,0.4295392632484436,0.31322717666625977,0.31037139892578125,2,26,0.40039676427841187,0.34895989298820496,0.3148866593837738,2,27,0.3979126513004303,0.22748737037181854,0.601908802986145,2,28,0.3718356192111969,0.24990490078926086,0.6154723167419434,2,29,0.39140504598617554,0.2029356211423874,0.6380530595779419,2,30,0.36689823865890503,0.2224736362695694,0.6525338888168335,2,31,0.41305428743362427,0.2813946306705475,0.6795147061347961,2,32,0.3918040990829468,0.3120594322681427,0.6931112408638,2
0,0.5573610067367554,0.7563295364379883,-0.16561397910118103,2,1,0.5681504607200623,0.7646705508232117,-0.19628259539604187,2,2,0.5717905759811401,0.7599841356277466,-0.19636985659599304,2,3,0.576116144657135,0.7543244361877441,-0.19649729132652283,2,4,0.5577923655509949,0.7753010988235474,-0.20563511550426483,2,5,0.5535889863967896,0.779380202293396,-0.20564918220043182,2,6,0.549202561378479,0.7831567525863647,-0.20569074153900146,2,7,0.5823370814323425,0.720424473285675,-0.24789753556251526,2,8,0.5360130667686462,0.7388120293617249,-0.2875734269618988,2,9,0.5547934770584106,0.7275701761245728,-0.17077113687992096,2,10,0.5439894199371338,0.7385342717170715,-0.18202415108680725,2,11,0.592421293258667,0.567074179649353,-0.23085740208625793,2,12,0.4503025412559509,0.6331720948219299,-0.27690762281417847,2,13,0.6480950713157654,0.4024598002433777,-0.0955125018954277,2,14,0.3551023006439209,0.5927104353904724,-0.1683020293712616,2,15,0.6344255208969116,0.5822235941886902,-0.003634565742686391,2,16,0.3676784634590149,0.668185293674469,-0.09009239077568054,2,17,0.6501002311706543,0.6131514310836792,-0.014919305220246315,2,18,0.35893553495407104,0.721777081489563,-0.10287459194660187,2,19,0.6397908926010132,0.6306058764457703,-0.030391771346330643,2,20,0.3813135027885437,0.7232127785682678,-0.11031289398670197,2,21,0.6292705535888672,0.6206604242324829,-0.006278312765061855,2,22,0.38801175355911255,0.7043684124946594,-0.08969902247190475,2,23,0.46559563279151917,0.3838907778263092,0.02122514322400093,2,24,0.4177517890930176,0.4225230813026428,-0.0210491344332695,2,25,0.42900094389915466,0.3114544451236725,0.30893072485923767,2,26,0.40098562836647034,0.34362730383872986,0.3145584464073181,2,27,0.39810794591903687,0.22711795568466187,0.598664402961731,2,28,0.3718857765197754,0.24665716290473938,0.6149908304214478,2,29,0.39089539647102356,0.20189858973026276,0.6348060369491577,2,30,0.36652326583862305,0.21757473051548004,0.652178168296814,2,31,0.41063761711120605,0.2700961232185364,0.6810058355331421,2,32,0.3887206017971039,0.30768805742263794,0.6931374669075012,2
0,0.5604139566421509,0.7504808902740479,-0.1951272040605545,2,1,0.5703393220901489,0.7579397559165955,-0.23150697350502014,2,2,0.5742067694664001,0.753110945224762,-0.23155272006988525,2,3,0.5788455009460449,0.7473867535591125,-0.23167558014392853,2,4,0.5598267316818237,0.7684106826782227,-0.2394038736820221,2,5,0.5555456876754761,0.7717170715332031,-0.23943094909191132,2,6,0.5512997508049011,0.7751348614692688,-0.23942378163337708,2,7,0.5861326456069946,0.7128007411956787,-0.2844809591770172,2,8,0.5387620329856873,0.7471944093704224,-0.3186768591403961,2,9,0.5570382475852966,0.722149670124054,-0.19802427291870117,2,10,0.5464383959770203,0.7313947081565857,-0.20648162066936493,2,11,0.593716025352478,0.5617296695709229,-0.2609597146511078,2,12,0.45149365067481995,0.6378322839736938,-0.28720149397850037,2,13,0.6483863592147827,0.39885810017585754,-0.12469644844532013,2,14,0.35076266527175903,0.5469079613685608,-0.17624059319496155,2,15,0.6338609457015991,0.5806031823158264,-0.0324869379401207,2,16,0.367584228515625,0.6682523488998413,-0.09104342013597488,2,17,0.6499878168106079,0.6140572428703308,-0.04508845880627632,2,18,0.35848018527030945,0.7217265367507935,-0.10944561660289764,2,19,0.6386200785636902,0.6326353549957275,-0.05789964273571968,2,20,0.3811841607093811,0.7232091426849365,-0.12450417131185532,2,21,0.6265860199928284,0.6207962036132812,-0.03396741300821304,2,22,0.38790997862815857,0.7041352391242981,-0.09709154814481735,2,23,0.4684532582759857,0.3819814920425415,0.020311951637268066,2,24,0.4181188941001892,0.4218127727508545,-0.020096737891435623,2,25,0.4328681528568268,0.2984827160835266,0.3302220404148102,2,26,0.4003525376319885,0.3343752324581146,0.33257460594177246,2,27,0.39945781230926514,0.2050306499004364,0.6515913009643555,2,28,0.36873990297317505,0.2230241745710373,0.6493287086486816,2,29,0.39092496037483215,0.1821298748254776,0.6919756531715393,2,30,0.36475884914398193,0.19812047481536865,0.688987135887146,2,31,0.4186761975288391,0.2470097690820694,0.7424567937850952,2,32,0.3893371522426605,0.303775817155838,0.7293564081192017,2
0,0.56218421459198,0.7496039271354675,-0.197444885969162,2,1,0.5725098252296448,0.7540572881698608,-0.23306941986083984,2,2,0.5762898921966553,0.7492952346801758,-0.2330867350101471,2,3,0.5809958577156067,0.743739128112793,-0.2332077920436859,2,4,0.5628319978713989,0.7637855410575867,-0.24047835171222687,2,5,0.5589259266853333,0.7672631740570068,-0.24049219489097595,2,6,0.55488121509552,0.7712307572364807,-0.24049890041351318,2,7,0.5867250561714172,0.7085233330726624,-0.29279574751853943,2,8,0.5397342443466187,0.744580864906311,-0.32076796889305115,2,9,0.5575012564659119,0.7137481570243835,-0.19837084412574768,2,10,0.5483111143112183,0.7199329137802124,-0.21081820130348206,2,11,0.5934101343154907,0.558128833770752,-0.2718084454536438,2,12,0.45294657349586487,0.6357236504554749,-0.29194939136505127,2,13,0.6484188437461853,0.3946477174758911,-0.14087338745594025,2,14,0.34784337878227234,0.5309595465660095,-0.19411207735538483,2,15,0.6329528093338013,0.5766367316246033,-0.058401115238666534,2,16,0.3673100173473358,0.6682924628257751,-0.13110211491584778,2,17,0.6500451564788818,0.6140421032905579,-0.07114477455615997,2,18,0.3576362133026123,0.72160404920578,-0.14593949913978577,2,19,0.637549877166748,0.6326830983161926,-0.08627977967262268,2,20,0.3809899091720581,0.7234284281730652,-0.15134064853191376,2,21,0.6254347562789917,0.6201102137565613,-0.06090698763728142,2,22,0.38762587308883667,0.7042468786239624,-0.13063178956508636,2,23,0.4678524136543274,0.3803994953632355,0.018735747784376144,2,24,0.41858944296836853,0.4187260866165161,-0.01859251782298088,2,25,0.43377918004989624,0.29703062772750854,0.3353113532066345,2,26,0.40055012702941895,0.3341163396835327,0.3395264744758606,2,27,0.40265780687332153,0.2065146118402481,0.6524477005004883,2,28,0.3689790964126587,0.22639599442481995,0.6537766456604004,2,29,0.39235395193099976,0.1837424784898758,0.6918452382087708,2,30,0.36485883593559265,0.2007245123386383,0.6930593252182007,2,31,0.4181383550167084,0.27579760551452637,0.7411611080169678,2,32,0.39323803782463074,0.30694103240966797,0.7383436560630798,2
0,0.5627830624580383,0.735782265663147,-0.20513677597045898,2,1,0.5733039379119873,0.7390769720077515,-0.2419660985469818,2,2,0.5769307017326355,0.7356785535812378,-0.24204528331756592,2,3,0.5818761587142944,0.7305335402488708,-0.24220819771289825,2,4,0.5633848309516907,0.7454869747161865,-0.2499891221523285,2,5,0.5595069527626038,0.7461220622062683,-0.2500656247138977,2,6,0.5550743937492371,0.7458088994026184,-0.2501206398010254,2,7,0.5872576832771301,0.6966930627822876,-0.297016978263855,2,8,0.5386598110198975,0.7112948894500732,-0.3305475115776062,2,9,0.5596848726272583,0.7036052942276001,-0.20710515975952148,2,10,0.5492572784423828,0.7052353620529175,-0.21768519282341003,2,11,0.5929970741271973,0.5293789505958557,-0.2735064923763275,2,12,0.44855180382728577,0.6067606806755066,-0.30385950207710266,2,13,0.647889256477356,0.3869743049144745,-0.13514208793640137,2,14,0.33187681436538696,0.5022344589233398,-0.20472189784049988,2,15,0.6329659819602966,0.5778059959411621,-0.06039704754948616,2,16,0.3672889471054077,0.6676955223083496,-0.15331187844276428,2,17,0.6500797867774963,0.6153014898300171,-0.07447174936532974,2,18,0.35728389024734497,0.7215965390205383,-0.1750573068857193,2,19,0.6378198266029358,0.6343554854393005,-0.0951618105173111,2,20,0.38095802068710327,0.7231531739234924,-0.17947424948215485,2,21,0.6263391971588135,0.6223083734512329,-0.0652756541967392,2,22,0.38807442784309387,0.7026830911636353,-0.1530648171901703,2,23,0.47188863158226013,0.3615185618400574,0.019888948649168015,2,24,0.41809552907943726,0.39702749252319336,-0.019730834290385246,2,25,0.4399116635322571,0.2954031527042389,0.34964555501937866,2,26,0.40130752325057983,0.33392730355262756,0.3374248743057251,2,27,0.406754732131958,0.22277836501598358,0.6887999773025513,2,28,0.37106508016586304,0.22910523414611816,0.6682134866714478,2,29,0.39581871032714844,0.19934028387069702,0.7311486005783081,2,30,0.36570093035697937,0.20200137794017792,0.7089496850967407,2,31,0.42260780930519104,0.2903842628002167,0.7797144651412964,2,32,0.4006960988044739,0.30942967534065247,0.7505179047584534,2
0,0.5625054836273193,0.7271478176116943,-0.2365342676639557,2,1,0.5730435848236084,0.7318711280822754,-0.2702619433403015,2,2,0.5767154097557068,0.728202760219574,-0.27034226059913635,2,3,0.581645131111145,0.7235677242279053,-0.27049514651298523,2,4,0.5629122853279114,0.7370679378509521,-0.2798869013786316,2,5,0.5589616298675537,0.7373751997947693,-0.27997544407844543,2,6,0.5544278621673584,0.7363681197166443,-0.2800252437591553,2,7,0.5872215032577515,0.6897403001785278,-0.31104108691215515,2,8,0.5364388227462769,0.6994105577468872,-0.35161611437797546,2,9,0.5598037242889404,0.6979193687438965,-0.23450414836406708,2,10,0.5488899946212769,0.6998956799507141,-0.24613575637340546,2,11,0.592839777469635,0.5203730463981628,-0.27572721242904663,2,12,0.4387417733669281,0.5876754522323608,-0.3260241746902466,2,13,0.6475405693054199,0.3852942883968353,-0.1323968917131424,2,14,0.3285302519798279,0.49511295557022095,-0.21722891926765442,2,15,0.6329860687255859,0.5785129070281982,-0.05916646867990494,2,16,0.3672630190849304,0.6672101616859436,-0.15763938426971436,2,17,0.6504125595092773,0.6161002516746521,-0.07211202383041382,2,18,0.3572930693626404,0.7215832471847534,-0.17803147435188293,2,19,0.6379901766777039,0.6353066563606262,-0.09373251348733902,2,20,0.381009966135025,0.7226235866546631,-0.1834414303302765,2,21,0.6268190145492554,0.6236289143562317,-0.0642094835639,2,22,0.3884451985359192,0.7014694213867188,-0.1571507304906845,2,23,0.4720030725002289,0.3526539206504822,0.02341422811150551,2,24,0.4177676737308502,0.39193832874298096,-0.02321797050535679,2,25,0.4389217793941498,0.29015734791755676,0.35677963495254517,2,26,0.40011677145957947,0.3320159614086151,0.3315834701061249,2,27,0.40607327222824097,0.22291037440299988,0.6942178010940552,2,28,0.36675289273262024,0.2300586849451065,0.654357373714447,2,29,0.3932029604911804,0.1913612335920334,0.736492931842804,2,30,0.3619738221168518,0.20233798027038574,0.6942691206932068,2,31,0.42062506079673767,0.2936907708644867,0.7861131429672241,2,32,0.3981055021286011,0.30986717343330383,0.7334631681442261,2
0,0.5623430609703064,0.7234811782836914,-0.22833287715911865,2,1,0.5728768110275269,0.7295395135879517,-0.26217710971832275,2,2,0.5765621066093445,0.726153552532196,-0.26226192712783813,2,3,0.5814480185508728,0.7216087579727173,-0.2624152600765228,2,4,0.5625932216644287,0.7345222234725952,-0.2723610997200012,2,5,0.558623731136322,0.7348104119300842,-0.2724383473396301,2,6,0.5541290640830994,0.7345075607299805,-0.2724873721599579,2,7,0.5873130559921265,0.6865070462226868,-0.3075830042362213,2,8,0.5351665019989014,0.6976630687713623,-0.35094937682151794,2,9,0.5596224069595337,0.6948989629745483,-0.22850462794303894,2,10,0.5486502647399902,0.6990684866905212,-0.24074330925941467,2,11,0.5925625562667847,0.5162498354911804,-0.27530309557914734,2,12,0.4395337998867035,0.5919645428657532,-0.33061733841896057,2,13,0.6466575860977173,0.38165703415870667,-0.13105647265911102,2,14,0.327991783618927,0.4937262535095215,-0.22084400057792664,2,15,0.6329936981201172,0.5785796046257019,-0.05909314006567001,2,16,0.3672303557395935,0.6669358611106873,-0.15916943550109863,2,17,0.6504323482513428,0.6165624260902405,-0.07219992578029633,2,18,0.3574448227882385,0.7211548686027527,-0.17984868586063385,2,19,0.6381388902664185,0.6355829238891602,-0.09363066405057907,2,20,0.3810064196586609,0.721776008605957,-0.18467795848846436,2,21,0.6273496747016907,0.6240482330322266,-0.06408895552158356,2,22,0.3885928690433502,0.7005758881568909,-0.15851746499538422,2,23,0.4726334512233734,0.3473357856273651,0.024486849084496498,2,24,0.4174477159976959,0.38901588320732117,-0.02427668496966362,2,25,0.4387240409851074,0.2873329520225525,0.36207979917526245,2,26,0.39991500973701477,0.33058732748031616,0.3388625979423523,2,27,0.4055756628513336,0.22493402659893036,0.7058415412902832,2,28,0.36657243967056274,0.23110564053058624,0.6733105778694153,2,29,0.3926457166671753,0.18740670382976532,0.7489001154899597,2,30,0.3609808087348938,0.20279709994792938,0.7143118977546692,2,31,0.4203546643257141,0.29794859886169434,0.8002273440361023,2,32,0.3979395925998688,0.3113827705383301,0.7554570436477661,2
0,0.5625239014625549,0.6623255610466003,-0.2508034110069275,2,1,0.5735787749290466,0.6612991094589233,-0.2897898554801941,2,2,0.5772258043289185,0.6576506495475769,-0.28992584347724915,2,3,0.5821149945259094,0.6521167159080505,-0.2901340425014496,2,4,0.5627761483192444,0.6702667474746704,-0.2958795726299286,2,5,0.5585328340530396,0.6706869006156921,-0.2959827482700348,2,6,0.5540941953659058,0.670829713344574,-0.29607802629470825,2,7,0.5870733261108398,0.6238637566566467,-0.3430941700935364,2,8,0.5354776978492737,0.6547781229019165,-0.3694584369659424,2,9,0.5609406232833862,0.6371471881866455,-0.25303027033805847,2,10,0.5484528541564941,0.6462646126747131,-0.2604150176048279,2,11,0.5924566388130188,0.44540855288505554,-0.3049258589744568,2,12,0.43493738770484924,0.5538103580474854,-0.34148430824279785,2,13,0.6467397212982178,0.3663485646247864,-0.1508074849843979,2,14,0.32813629508018494,0.4912521243095398,-0.22724580764770508,2,15,0.6333051323890686,0.5765969753265381,-0.07290685176849365,2,16,0.36749565601348877,0.6678056716918945,-0.1852836161851883,2,17,0.6505568027496338,0.6164125800132751,-0.08933055400848389,2,18,0.3573836088180542,0.7217287421226501,-0.21389535069465637,2,19,0.6381757855415344,0.633014440536499,-0.11254741251468658,2,20,0.3808231055736542,0.721813976764679,-0.21817705035209656,2,21,0.6271713972091675,0.6179638504981995,-0.07879434525966644,2,22,0.38860470056533813,0.7006060481071472,-0.18601322174072266,2,23,0.4726594388484955,0.28238770365715027,0.021410610526800156,2,24,0.4137461185455322,0.3549993336200714,-0.02125856839120388,2,25,0.43940091133117676,0.27107807993888855,0.3811224699020386,2,26,0.40006065368652344,0.31991657614707947,0.3706457018852234,2,27,0.406787246465683,0.226607084274292,0.7614930272102356,2,28,0.3689311146736145,0.24581214785575867,0.7405505180358887,2,29,0.39366328716278076,0.19906479120254517,0.8081568479537964,2,30,0.36132222414016724,0.20482362806797028,0.7844774127006531,2,31,0.42851415276527405,0.2953144609928131,0.8591657876968384,2,32,0.40034228563308716,0.3123916983604431,0.8265699148178101,2
0,0.5625613927841187,0.6459373235702515,-0.26825687289237976,2,1,0.5734826326370239,0.6490615010261536,-0.3046592175960541,2,2,0.577117919921875,0.6457356214523315,-0.30478909611701965,2,3,0.5820452570915222,0.6415064334869385,-0.3049936294555664,2,4,0.5629233121871948,0.6568193435668945,-0.311270534992218,2,5,0.5587326288223267,0.6572607159614563,-0.3113466501235962,2,6,0.5543922781944275,0.6582187414169312,-0.31142234802246094,2,7,0.5845995545387268,0.6143603324890137,-0.34763795137405396,2,8,0.5368756055831909,0.6444396376609802,-0.376310259103775,2,9,0.5610014200210571,0.6243243217468262,-0.2668256461620331,2,10,0.5483477115631104,0.6303452849388123,-0.2746710479259491,2,11,0.5921263694763184,0.44455939531326294,-0.30844932794570923,2,12,0.4334653317928314,0.5506108999252319,-0.344172865152359,2,13,0.6466422080993652,0.3676303029060364,-0.15643635392189026,2,14,0.32745474576950073,0.48954010009765625,-0.23677794635295868,2,15,0.6341608762741089,0.5758667588233948,-0.08104851841926575,2,16,0.36800020933151245,0.6678722500801086,-0.20701158046722412,2,17,0.6511176824569702,0.6155253648757935,-0.09772595018148422,2,18,0.35748302936553955,0.7217336893081665,-0.23582735657691956,2,19,0.6390460133552551,0.6304114460945129,-0.12131626904010773,2,20,0.38078969717025757,0.7202177047729492,-0.24106931686401367,2,21,0.6283272504806519,0.616273820400238,-0.0870506688952446,2,22,0.3885613977909088,0.6992544531822205,-0.2081083059310913,2,23,0.47537264227867126,0.2873483896255493,0.017216676846146584,2,24,0.4119671881198883,0.3581639230251312,-0.017136020585894585,2,25,0.4390160143375397,0.263142853975296,0.3787339925765991,2,26,0.4001160264015198,0.3187236785888672,0.3720555007457733,2,27,0.4068405032157898,0.22180038690567017,0.7486717700958252,2,28,0.3691405653953552,0.2453993856906891,0.733165442943573,2,29,0.39289912581443787,0.1888989806175232,0.7941036820411682,2,30,0.3598436117172241,0.2051958292722702,0.7768110632896423,2,31,0.42799001932144165,0.29184842109680176,0.8458525538444519,2,32,0.40119343996047974,0.3117276728153229,0.8216236233711243,2
0,0.5625085830688477,0.6501474976539612,-0.2839738428592682,2,1,0.5739358067512512,0.6538758873939514,-0.31969040632247925,2,2,0.577736496925354,0.6499294638633728,-0.31981348991394043,2,3,0.5824918746948242,0.6453886032104492,-0.3200140595436096,2,4,0.5631677508354187,0.6621204614639282,-0.32678624987602234,2,5,0.5590031743049622,0.6637070775032043,-0.3268694579601288,2,6,0.5546351671218872,0.6652132868766785,-0.3269363045692444,2,7,0.5846441388130188,0.6180896162986755,-0.36012002825737,2,8,0.5372807383537292,0.649641752243042,-0.3902842402458191,2,9,0.5610765814781189,0.6277796030044556,-0.2816464304924011,2,10,0.5482527613639832,0.6373061537742615,-0.28997802734375,2,11,0.5918284058570862,0.4474530816078186,-0.3179019093513489,2,12,0.4336492419242859,0.5489135980606079,-0.35327836871147156,2,13,0.6475777626037598,0.36910849809646606,-0.15932336449623108,2,14,0.3279772400856018,0.4877490997314453,-0.24309042096138,2,15,0.6352361440658569,0.574425995349884,-0.07711336016654968,2,16,0.36797595024108887,0.6688528060913086,-0.20386961102485657,2,17,0.6514959931373596,0.6130866408348083,-0.09324924647808075,2,18,0.3575281798839569,0.7217913269996643,-0.23083338141441345,2,19,0.6392371654510498,0.6254907250404358,-0.11680497974157333,2,20,0.3806912899017334,0.7187907695770264,-0.23622052371501923,2,21,0.6284996271133423,0.6117380857467651,-0.08299209922552109,2,22,0.3885279595851898,0.6964064836502075,-0.20465311408042908,2,23,0.4763115346431732,0.285481333732605,0.0160259660333395,2,24,0.41075223684310913,0.3542880415916443,-0.015980098396539688,2,25,0.43890824913978577,0.2614362835884094,0.3808841109275818,2,26,0.4001305103302002,0.3158923089504242,0.3797852396965027,2,27,0.407154381275177,0.21783889830112457,0.7607928514480591,2,28,0.3691827654838562,0.24430926144123077,0.7465938329696655,2,29,0.3931207060813904,0.18386420607566833,0.8073013424873352,2,30,0.35945767164230347,0.2042863816022873,0.7907758355140686,2,31,0.4282938539981842,0.28745758533477783,0.8591581583023071,2,32,0.40158820152282715,0.3098528981208801,0.8355131149291992,2
0,0.5574135780334473,0.6137380599975586,-0.3742102086544037,2,1,0.567350447177887,0.605800986289978,-0.4056306779384613,2,2,0.5717411041259766,0.6008298397064209,-0.40577560663223267,2,3,0.5758280754089355,0.596187949180603,-0.40598350763320923,2,4,0.5567303895950317,0.6135527491569519,-0.4100743234157562,2,5,0.5525885820388794,0.615183413028717,-0.4101927876472473,2,6,0.5488857626914978,0.6151506304740906,-0.4103023111820221,2,7,0.578382134437561,0.5351730585098267,-0.41713371872901917,2,8,0.528660774230957,0.5915859937667847,-0.4364914000034332,2,9,0.5563939809799194,0.5918415188789368,-0.36135005950927734,2,10,0.5422056913375854,0.5994543433189392,-0.3665212392807007,2,11,0.5873594880104065,0.4009554982185364,-0.3424804210662842,2,12,0.42338165640830994,0.5026713609695435,-0.3721165359020233,2,13,0.6474831104278564,0.3706061542034149,-0.17980512976646423,2,14,0.32632505893707275,0.48017555475234985,-0.2534424364566803,2,15,0.6359643936157227,0.5747807621955872,-0.10407443344593048,2,16,0.3668563663959503,0.6704910397529602,-0.2270718514919281,2,17,0.6529425382614136,0.612499475479126,-0.12502393126487732,2,18,0.35753363370895386,0.7217798829078674,-0.25913292169570923,2,19,0.6394850015640259,0.6243343353271484,-0.1465403139591217,2,20,0.38008707761764526,0.7182117104530334,-0.26749148964881897,2,21,0.6285030245780945,0.6111201643943787,-0.10955639183521271,2,22,0.3881310820579529,0.6960760354995728,-0.2299194037914276,2,23,0.47238054871559143,0.27880173921585083,0.014417579397559166,2,24,0.40649956464767456,0.34321725368499756,-0.01437570434063673,2,25,0.44241756200790405,0.2615404427051544,0.377971887588501,2,26,0.38969188928604126,0.31249481439590454,0.37731340527534485,2,27,0.4113282263278961,0.21955032646656036,0.7767705321311951,2,28,0.37463024258613586,0.24884478747844696,0.7600866556167603,2,29,0.3951512277126312,0.18941158056259155,0.8251239657402039,2,30,0.36275550723075867,0.21569238603115082,0.8055484890937805,2,31,0.4285956919193268,0.2870759069919586,0.8653972744941711,2,32,0.4013434052467346,0.31186142563819885,0.8369207382202148,2
0,0.5544649958610535,0.530196487903595,-0.4716702401638031,2,1,0.563811182975769,0.5056940913200378,-0.496258020401001,2,2,0.5696406364440918,0.4996640384197235,-0.4963591992855072,2,3,0.5750044584274292,0.4935256540775299,-0.4965941309928894,2,4,0.5455887317657471,0.5173775553703308,-0.4987259805202484,2,5,0.5388923287391663,0.5189489722251892,-0.49880677461624146,2,6,0.5321783423423767,0.5204113721847534,-0.49887847900390625,2,7,0.5783908367156982,0.4453379213809967,-0.4784788191318512,2,8,0.5104967355728149,0.4904731810092926,-0.488884836435318,2,9,0.5559459328651428,0.5093717575073242,-0.4498547911643982,2,10,0.5364603996276855,0.5112696886062622,-0.45293301343917847,2,11,0.5984557867050171,0.3378038704395294,-0.3853470981121063,2,12,0.4215525686740875,0.440276175737381,-0.4032423496246338,2,13,0.6473709344863892,0.37143969535827637,-0.23630377650260925,2,14,0.3273319900035858,0.4829082190990448,-0.3287484645843506,2,15,0.635948896408081,0.5729535222053528,-0.1722749024629593,2,16,0.36597898602485657,0.6706492304801941,-0.36911872029304504,2,17,0.6525095701217651,0.6121081113815308,-0.1924305409193039,2,18,0.35764285922050476,0.7216295599937439,-0.4169101119041443,2,19,0.6359395980834961,0.6190977692604065,-0.21926946938037872,2,20,0.37838584184646606,0.7183853387832642,-0.4230438768863678,2,21,0.6241434812545776,0.6026903986930847,-0.1800481379032135,2,22,0.3853307068347931,0.696159303188324,-0.3743758797645569,2,23,0.4901893734931946,0.2525946795940399,0.009774206206202507,2,24,0.41939496994018555,0.29123908281326294,-0.009787475690245628,2,25,0.507992148399353,0.24874591827392578,0.32680195569992065,2,26,0.4207814335823059,0.3141869008541107,0.32779163122177124,2,27,0.4294247627258301,0.21206018328666687,0.6966029405593872,2,28,0.38507983088493347,0.24926649034023285,0.6837229132652283,2,29,0.4105697274208069,0.1892886757850647,0.7420279383659363,2,30,0.37584763765335083,0.2161029875278473,0.7251942157745361,2,31,0.430319607257843,0.27429625391960144,0.7844691872596741,2,32,0.39729467034339905,0.300840824842453,0.7575911283493042,2
0,0.5392410159111023,0.5117021799087524,-0.6060567498207092,2,1,0.5498844981193542,0.48493704199790955,-0.62533038854599,2,2,0.5560586452484131,0.4793179929256439,-0.6254161596298218,2,3,0.5620114207267761,0.47355684638023376,-0.6256306767463684,2,4,0.5310976505279541,0.4955703020095825,-0.6299871802330017,2,5,0.5245629549026489,0.4970080554485321,-0.6300839781761169,2,6,0.5179392099380493,0.49844077229499817,-0.6301287412643433,2,7,0.5667011737823486,0.42896971106529236,-0.5666021108627319,2,8,0.4981875419616699,0.46974602341651917,-0.5849329829216003,2,9,0.5407220125198364,0.492651104927063,-0.5677110552787781,2,10,0.5289512276649475,0.4955560863018036,-0.5730653405189514,2,11,0.5895826816558838,0.33631372451782227,-0.4260748028755188,2,12,0.4060550332069397,0.4339655041694641,-0.465249627828598,2,13,0.6449331045150757,0.3780512809753418,-0.2685139775276184,2,14,0.3280029594898224,0.48367446660995483,-0.3601401448249817,2,15,0.6355863809585571,0.5692089796066284,-0.22853168845176697,2,16,0.36571812629699707,0.6706154346466064,-0.3714052736759186,2,17,0.6499196887016296,0.61168372631073,-0.2584431767463684,2,18,0.35853689908981323,0.7213391065597534,-0.41806110739707947,2,19,0.6353164315223694,0.616929292678833,-0.2828870117664337,2,20,0.3780967593193054,0.7183685898780823,-0.4266358017921448,2,21,0.623991072177887,0.5985175967216492,-0.23678457736968994,2,22,0.38494378328323364,0.6956778764724731,-0.37585216760635376,2,23,0.489523321390152,0.2640872895717621,0.008938589133322239,2,24,0.41891056299209595,0.31810489296913147,-0.00884115882217884,2,25,0.4975288510322571,0.25447526574134827,0.34312841296195984,2,26,0.413161039352417,0.31250014901161194,0.3394289016723633,2,27,0.4268537163734436,0.21255478262901306,0.7603113055229187,2,28,0.38609758019447327,0.2491256147623062,0.730629563331604,2,29,0.4080446660518646,0.19257327914237976,0.8083708882331848,2,30,0.37701377272605896,0.21706582605838776,0.7763687372207642,2,31,0.4269883632659912,0.2744161784648895,0.8288187980651855,2,32,0.3983289301395416,0.30004459619522095,0.7880409955978394,2
0,0.5198898911476135,0.42512398958206177,-0.6491245031356812,2,1,0.5278652906417847,0.40147513151168823,-0.66353440284729,2,2,0.5334452986717224,0.3966183066368103,-0.6636107563972473,2,3,0.5389186143875122,0.3916771411895752,-0.6638282537460327,2,4,0.5117074251174927,0.41122063994407654,-0.6687244176864624,2,5,0.5061789155006409,0.4133562743663788,-0.6688197255134583,2,6,0.500579297542572,0.41557109355926514,-0.6689088940620422,2,7,0.5455254316329956,0.3636188209056854,-0.5825730562210083,2,8,0.4866710603237152,0.4019472897052765,-0.6042435169219971,2,9,0.5242308974266052,0.41603291034698486,-0.6024878621101379,2,10,0.507983922958374,0.42659997940063477,-0.6092133522033691,2,11,0.5757242441177368,0.30897125601768494,-0.41387850046157837,2,12,0.4124477803707123,0.4169786274433136,-0.4631543755531311,2,13,0.619999885559082,0.3878946602344513,-0.28234103322029114,2,14,0.3393233120441437,0.4935399293899536,-0.3673229515552521,2,15,0.6346737146377563,0.5707643032073975,-0.298540860414505,2,16,0.3656877279281616,0.6731079816818237,-0.4128982126712799,2,17,0.6469777226448059,0.6120286583900452,-0.3368799090385437,2,18,0.36038514971733093,0.7220659852027893,-0.4687589704990387,2,19,0.6356131434440613,0.6173803806304932,-0.36567315459251404,2,20,0.377342164516449,0.7191327214241028,-0.4747241139411926,2,21,0.626616895198822,0.600293755531311,-0.3103974759578705,2,22,0.3814670145511627,0.6975489854812622,-0.41724246740341187,2,23,0.48536163568496704,0.2300535887479782,0.003054967150092125,2,24,0.42039546370506287,0.29406458139419556,-0.0030295911710709333,2,25,0.48123544454574585,0.23378407955169678,0.3180159628391266,2,26,0.41464105248451233,0.30949825048446655,0.32929736375808716,2,27,0.4276103079319,0.20176559686660767,0.7302843332290649,2,28,0.39161208271980286,0.2488364279270172,0.7130057215690613,2,29,0.41246742010116577,0.19007328152656555,0.7762407660484314,2,30,0.38220489025115967,0.2219841182231903,0.7552631497383118,2,31,0.43622297048568726,0.24713923037052155,0.7610200643539429,2,32,0.39799460768699646,0.2804116904735565,0.7362572550773621,2
0,0.48811769485473633,0.37605103850364685,-0.7788892388343811,2,1,0.4945243299007416,0.3540424704551697,-0.7900675535202026,2,2,0.4997713565826416,0.35000064969062805,-0.7901214361190796,2,3,0.5049436688423157,0.3459208309650421,-0.7903120517730713,2,4,0.4797183573246002,0.36338695883750916,-0.7947805523872375,2,5,0.47469979524612427,0.36606258153915405,-0.7948985695838928,2,6,0.4696553349494934,0.36883407831192017,-0.794990062713623,2,7,0.5129695534706116,0.32731202244758606,-0.6779618263244629,2,8,0.45972108840942383,0.3635212779045105,-0.698605477809906,2,9,0.4946981966495514,0.3717971742153168,-0.7193648815155029,2,10,0.4783499836921692,0.3830420672893524,-0.7258825302124023,2,11,0.5521501898765564,0.2996505796909332,-0.46715307235717773,2,12,0.4069533944129944,0.4015780985355377,-0.5107742547988892,2,13,0.6098762154579163,0.3875550925731659,-0.3512391746044159,2,14,0.34197545051574707,0.4972057342529297,-0.41290992498397827,2,15,0.6342849731445312,0.571927011013031,-0.4260396361351013,2,16,0.3653150200843811,0.6739091277122498,-0.48080769181251526,2,17,0.6466132402420044,0.6121037602424622,-0.47587260603904724,2,18,0.360603392124176,0.7230477929115295,-0.5386587977409363,2,19,0.6358345150947571,0.6177418231964111,-0.5024622082710266,2,20,0.37657198309898376,0.7200819253921509,-0.5513991117477417,2,21,0.6271548867225647,0.6011543869972229,-0.43913716077804565,2,22,0.38042089343070984,0.6998061537742615,-0.4882040023803711,2,23,0.47717589139938354,0.22357366979122162,-0.0006520285387523472,2,24,0.41313156485557556,0.29684576392173767,0.0006402003346011043,2,25,0.4730260372161865,0.230509951710701,0.3106229901313782,2,26,0.4123096466064453,0.3168843984603882,0.3263528347015381,2,27,0.42425185441970825,0.20236071944236755,0.7357727885246277,2,28,0.3903021216392517,0.248654305934906,0.7172186374664307,2,29,0.4093373417854309,0.19024056196212769,0.7817551493644714,2,30,0.3820571303367615,0.22279775142669678,0.7601014971733093,2,31,0.4342239499092102,0.2428780198097229,0.7632409930229187,2,32,0.39904463291168213,0.2848668694496155,0.7371787428855896,2
0,0.4900358319282532,0.42885497212409973,-0.5943593978881836,2,1,0.5007060170173645,0.4081215262413025,-0.6098297834396362,2,2,0.5086769461631775,0.4036329388618469,-0.6099069118499756,2,3,0.5154721736907959,0.39905330538749695,-0.6101189851760864,2,4,0.489062637090683,0.4174056947231293,-0.6154112219810486,2,5,0.48800167441368103,0.4192981421947479,-0.615519642829895,2,6,0.485914409160614,0.42130231857299805,-0.6156102418899536,2,7,0.5213342308998108,0.3703071177005768,-0.5490890741348267,2,8,0.47759634256362915,0.4073181450366974,-0.5728200078010559,2,9,0.5016158223152161,0.41896218061447144,-0.5561368465423584,2,10,0.4943788945674896,0.42846810817718506,-0.5632439851760864,2,11,0.5617855191230774,0.31185978651046753,-0.408968985080719,2,12,0.4095829427242279,0.4169359803199768,-0.454561710357666,2,13,0.6140250563621521,0.3919435739517212,-0.2845163941383362,2,14,0.34221819043159485,0.5010234117507935,-0.3705415725708008,2,15,0.6342326402664185,0.5738952159881592,-0.30920788645744324,2,16,0.3652275502681732,0.6739287376403809,-0.41947048902511597,2,17,0.646032452583313,0.6127595901489258,-0.3456284701824188,2,18,0.36071059107780457,0.7224342226982117,-0.4762078821659088,2,19,0.6359939575195312,0.6180847883224487,-0.37503761053085327,2,20,0.37581413984298706,0.7200385332107544,-0.4793013632297516,2,21,0.6286036372184753,0.6017366051673889,-0.32143551111221313,2,22,0.3868449628353119,0.7009177207946777,-0.42331045866012573,2,23,0.47871237993240356,0.21803821623325348,0.0018647616961970925,2,24,0.4125151038169861,0.2988230288028717,-0.0018838213291019201,2,25,0.4789706766605377,0.23558732867240906,0.2910659611225128,2,26,0.4136107861995697,0.3170553743839264,0.29554063081741333,2,27,0.4242311418056488,0.20392437279224396,0.6481183171272278,2,28,0.3916141390800476,0.24778616428375244,0.6343787312507629,2,29,0.4124549329280853,0.1902492344379425,0.688493013381958,2,30,0.38231542706489563,0.2227257341146469,0.6730288863182068,2,31,0.4410158693790436,0.2349940687417984,0.6950317025184631,2,32,0.39916497468948364,0.2807910740375519,0.6827382445335388,2
0,0.5062984824180603,0.4261774718761444,-0.7593024373054504,2,1,0.5156691670417786,0.3900914490222931,-0.7730693221092224,2,2,0.5210660099983215,0.3881138265132904,-0.7730781435966492,2,3,0.5257611274719238,0.3942437469959259,-0.7732158899307251,2,4,0.5016536116600037,0.3959621787071228,-0.7796177268028259,2,5,0.4957060217857361,0.3937169015407562,-0.7797435522079468,2,6,0.49159950017929077,0.3959342837333679,-0.779818594455719,2,7,0.530638575553894,0.362743079662323,-0.6746074557304382,2,8,0.47614794969558716,0.3869084119796753,-0.7053601741790771,2,9,0.510105311870575,0.4139538109302521,-0.7056016325950623,2,10,0.4959791302680969,0.4239863455295563,-0.7146700620651245,2,11,0.564010500907898,0.30361208319664,-0.4882267415523529,2,12,0.4085671007633209,0.38911545276641846,-0.5431233048439026,2,13,0.6180472373962402,0.40228772163391113,-0.3678538501262665,2,14,0.347330778837204,0.501215398311615,-0.46613064408302307,2,15,0.6336933970451355,0.5739214420318604,-0.4190301299095154,2,16,0.3652765154838562,0.6739951372146606,-0.5363010764122009,2,17,0.6459087133407593,0.6129220128059387,-0.4677632749080658,2,18,0.36061277985572815,0.7217535972595215,-0.5987155437469482,2,19,0.6360772848129272,0.6183515191078186,-0.49293819069862366,2,20,0.37472954392433167,0.7201985716819763,-0.6106864213943481,2,21,0.6284064650535583,0.6022657752037048,-0.4311341643333435,2,22,0.388326495885849,0.6985448598861694,-0.5446785688400269,2,23,0.47027215361595154,0.2207450419664383,0.011969867162406445,2,24,0.4081851840019226,0.28464964032173157,-0.011938756331801414,2,25,0.464763343334198,0.23841053247451782,0.37296566367149353,2,26,0.4035051465034485,0.3006213307380676,0.3341585099697113,2,27,0.4228658080101013,0.20416420698165894,0.812519907951355,2,28,0.38491666316986084,0.24738383293151855,0.7476797699928284,2,29,0.41224899888038635,0.19613490998744965,0.8611572980880737,2,30,0.3807305693626404,0.2240724116563797,0.7924847602844238,2,31,0.4309234619140625,0.24296694993972778,0.8455536961555481,2,32,0.38964778184890747,0.2829280495643616,0.7532949447631836,2
END PUSHUP
0,0.5457244515419006,0.4498524069786072,-0.7521790862083435,2,1,0.5513412952423096,0.40324634313583374,-0.7680079340934753,2,2,0.5555661916732788,0.3997895121574402,-0.7680750489234924,2,3,0.5617109537124634,0.394384503364563,-0.7682541608810425,2,4,0.5395164489746094,0.41121751070022583,-0.7761250138282776,2,5,0.5360767245292664,0.41266971826553345,-0.7762293815612793,2,6,0.5316530466079712,0.4113597571849823,-0.7762797474861145,2,7,0.5714691877365112,0.368391752243042,-0.6760655045509338,2,8,0.5218620300292969,0.4077385663986206,-0.7189880609512329,2,9,0.5479093790054321,0.41566094756126404,-0.7017315626144409,2,10,0.5357273817062378,0.423724502325058,-0.7118995785713196,2,11,0.5971638560295105,0.32147544622421265,-0.48919516801834106,2,12,0.4350726008415222,0.4165102541446686,-0.5698415040969849,2,13,0.6410454511642456,0.42346084117889404,-0.3354433476924896,2,14,0.3350253105163574,0.48921987414360046,-0.44512519240379333,2,15,0.6354801058769226,0.579679548740387,-0.346549928188324,2,16,0.3682209253311157,0.6742261052131653,-0.52043217420578,2,17,0.6506369709968567,0.6187306046485901,-0.38682571053504944,2,18,0.3604310154914856,0.7220327854156494,-0.5827233791351318,2,19,0.6413922309875488,0.6233845353126526,-0.4228312373161316,2,20,0.3748699724674225,0.720249354839325,-0.598638653755188,2,21,0.6323615908622742,0.6076266169548035,-0.3608219027519226,2,22,0.38317662477493286,0.6973271369934082,-0.5291610956192017,2,23,0.4835381507873535,0.24518807232379913,0.02698388695716858,2,24,0.41687139868736267,0.2995361089706421,-0.02673097513616085,2,25,0.44387751817703247,0.24323993921279907,0.3918519616127014,2,26,0.3938358426094055,0.30859073996543884,0.3523518443107605,2,27,0.399614155292511,0.21290674805641174,0.8414036631584167,2,28,0.3696485161781311,0.24655182659626007,0.7644256353378296,2,29,0.3895290493965149,0.19275860488414764,0.8935096859931946,2,30,0.3584398627281189,0.21269766986370087,0.8116042017936707,2,31,0.4126364588737488,0.2524468004703522,0.8993631601333618,2,32,0.3810228109359741,0.3130095899105072,0.8068543672561646,2
0,0.5548677444458008,0.4373031556606293,-0.6809496879577637,2,1,0.5610953569412231,0.4142433702945709,-0.7022348642349243,2,2,0.5651593804359436,0.41059058904647827,-0.7022846937179565,2,3,0.5726600885391235,0.4181405305862427,-0.7024475336074829,2,4,0.5487996339797974,0.4217768907546997,-0.7110254168510437,2,5,0.5462857484817505,0.42244306206703186,-0.7111564874649048,2,6,0.5437254905700684,0.4231793284416199,-0.7112053632736206,2,7,0.5763129591941833,0.3805605173110962,-0.6435031294822693,2,8,0.5325590968132019,0.4143369793891907,-0.6809777021408081,2,9,0.5539480447769165,0.4233025908470154,-0.640153169631958,2,10,0.5421016812324524,0.4330143332481384,-0.6507554054260254,2,11,0.5978298783302307,0.31038764119148254,-0.4657011032104492,2,12,0.4389784336090088,0.4230895936489105,-0.5549212694168091,2,13,0.6401094794273376,0.42438197135925293,-0.2812108099460602,2,14,0.3342284560203552,0.48925089836120605,-0.4338889718055725,2,15,0.6360782384872437,0.5826619267463684,-0.2515217661857605,2,16,0.3679186701774597,0.672787606716156,-0.47382012009620667,2,17,0.6508352756500244,0.6205440163612366,-0.2850373089313507,2,18,0.3599437475204468,0.7220245599746704,-0.5318039655685425,2,19,0.6419368982315063,0.624332070350647,-0.3225959837436676,2,20,0.3749048113822937,0.7194157838821411,-0.549965500831604,2,21,0.6328400373458862,0.6084989905357361,-0.2653670907020569,2,22,0.3830852806568146,0.6962562799453735,-0.4826388955116272,2,23,0.48360681533813477,0.2501012682914734,0.027366917580366135,2,24,0.41944998502731323,0.31202423572540283,-0.02719729207456112,2,25,0.4448327124118805,0.24455533921718597,0.38679373264312744,2,26,0.39955857396125793,0.3093361258506775,0.3518936038017273,2,27,0.40181174874305725,0.21298332512378693,0.8318251371383667,2,28,0.37255021929740906,0.24672041833400726,0.7639614343643188,2,29,0.3907824158668518,0.18842676281929016,0.8831364512443542,2,30,0.36015957593917847,0.2135789841413498,0.8101661801338196,2,31,0.41753894090652466,0.2567150294780731,0.8907917141914368,2,32,0.38377752900123596,0.31143659353256226,0.8046150207519531,2
0,0.5672524571418762,0.5591759085655212,-0.3665688633918762,2,1,0.576476514339447,0.5396391153335571,-0.39269202947616577,2,2,0.5805062055587769,0.5369165539741516,-0.39277034997940063,2,3,0.5875440835952759,0.5362994074821472,-0.39296597242355347,2,4,0.5640530586242676,0.5431894659996033,-0.40306729078292847,2,5,0.5604391694068909,0.5440895557403564,-0.4031677842140198,2,6,0.5561325550079346,0.5412126183509827,-0.4032236635684967,2,7,0.5864084959030151,0.49088114500045776,-0.40533360838890076,2,8,0.5418843030929565,0.5176405310630798,-0.44769102334976196,2,9,0.5659958124160767,0.5497010350227356,-0.35541361570358276,2,10,0.5531095266342163,0.5520052313804626,-0.36736345291137695,2,11,0.5953891277313232,0.38150835037231445,-0.32995396852493286,2,12,0.4442622661590576,0.4701160788536072,-0.3854880928993225,2,13,0.6380122900009155,0.40030696988105774,-0.15696318447589874,2,14,0.3326667845249176,0.4897380769252777,-0.2799256443977356,2,15,0.6355206370353699,0.5822686553001404,-0.0872611254453659,2,16,0.36793404817581177,0.6727936267852783,-0.28190088272094727,2,17,0.6503223180770874,0.6201844811439514,-0.1100040078163147,2,18,0.35937076807022095,0.7223348617553711,-0.324053019285202,2,19,0.6408252120018005,0.6235665678977966,-0.14142322540283203,2,20,0.3765386939048767,0.7187045812606812,-0.33977454900741577,2,21,0.6307390332221985,0.6081423163414001,-0.0971909612417221,2,22,0.38461893796920776,0.695257306098938,-0.2894412875175476,2,23,0.47035151720046997,0.30558663606643677,0.02808353677392006,2,24,0.40140193700790405,0.34433647990226746,-0.0280496533960104,2,25,0.42921656370162964,0.2881806790828705,0.3610115945339203,2,26,0.38420096039772034,0.34918493032455444,0.3363545536994934,2,27,0.40715375542640686,0.23383402824401855,0.7472479939460754,2,28,0.3703019320964813,0.26833099126815796,0.6976836919784546,2,29,0.39910680055618286,0.207131028175354,0.7939814329147339,2,30,0.36149126291275024,0.2368176132440567,0.7397105693817139,2,31,0.41658100485801697,0.28808650374412537,0.8276629447937012,2,32,0.38451895117759705,0.32519182562828064,0.7614007592201233,2
0,0.5762326121330261,0.5452300310134888,-0.4292272627353668,2,1,0.5830796957015991,0.5245033502578735,-0.45474332571029663,2,2,0.5869942903518677,0.518351137638092,-0.45486918091773987,2,3,0.5913174748420715,0.5122984051704407,-0.45507463812828064,2,4,0.5688286423683167,0.5315977931022644,-0.4614745080471039,2,5,0.5656739473342896,0.5329415202140808,-0.46154850721359253,2,6,0.5598435997962952,0.5346142649650574,-0.4615990221500397,2,7,0.5880717039108276,0.46648314595222473,-0.4563075006008148,2,8,0.54642254114151,0.5161721706390381,-0.4842678904533386,2,9,0.5727859139442444,0.5225525498390198,-0.41419434547424316,2,10,0.5576590895652771,0.5319104194641113,-0.42195749282836914,2,11,0.5945016741752625,0.3591703176498413,-0.35729971528053284,2,12,0.4507679343223572,0.4635522663593292,-0.4167117476463318,2,13,0.6333378553390503,0.38979774713516235,-0.18321730196475983,2,14,0.33686473965644836,0.49385541677474976,-0.30587154626846313,2,15,0.6352683305740356,0.5811647772789001,-0.11953987926244736,2,16,0.3687485456466675,0.6740124225616455,-0.32621246576309204,2,17,0.6496849060058594,0.6199777722358704,-0.14771009981632233,2,18,0.3590646982192993,0.7225863933563232,-0.3783615529537201,2,19,0.6406913995742798,0.6232684850692749,-0.18103812634944916,2,20,0.37612444162368774,0.720091700553894,-0.39656418561935425,2,21,0.6307657361030579,0.6080377697944641,-0.13090622425079346,2,22,0.3843978941440582,0.6969210505485535,-0.3357999622821808,2,23,0.4613519608974457,0.2870084047317505,0.027210470288991928,2,24,0.40518051385879517,0.33501407504081726,-0.02710016444325447,2,25,0.42797189950942993,0.28307318687438965,0.37748023867607117,2,26,0.3875824511051178,0.35561197996139526,0.35818085074424744,2,27,0.40377193689346313,0.2539558708667755,0.7898616790771484,2,28,0.37091872096061707,0.2879147529602051,0.7312644720077515,2,29,0.3949548304080963,0.2348722666501999,0.8389665484428406,2,30,0.36257046461105347,0.26086902618408203,0.7742714285850525,2,31,0.41183167695999146,0.3123420178890228,0.8579537272453308,2,32,0.38350212574005127,0.34182819724082947,0.8202545046806335,2
0,0.5712310075759888,0.5262166261672974,-0.42784515023231506,2,1,0.5794845819473267,0.509162962436676,-0.4560920298099518,2,2,0.5831740498542786,0.5038427114486694,-0.4561898708343506,2,3,0.586993396282196,0.4984686076641083,-0.45638221502304077,2,4,0.5666431188583374,0.5090197920799255,-0.4611714780330658,2,5,0.5627061724662781,0.5175200700759888,-0.46126872301101685,2,6,0.5598340034484863,0.5199386477470398,-0.46133536100387573,2,7,0.5837147235870361,0.4596615135669708,-0.46852779388427734,2,8,0.5401233434677124,0.500373363494873,-0.4890097975730896,2,9,0.566403329372406,0.5061541795730591,-0.4165107309818268,2,10,0.5557427406311035,0.5075716376304626,-0.42213472723960876,2,11,0.579027533531189,0.36184823513031006,-0.36921876668930054,2,12,0.44806450605392456,0.46944767236709595,-0.42251044511795044,2,13,0.5997025966644287,0.38592618703842163,-0.20205655694007874,2,14,0.33778518438339233,0.49566650390625,-0.29625561833381653,2,15,0.6343246102333069,0.5800976157188416,-0.13365046679973602,2,16,0.3690318465232849,0.6740982532501221,-0.3015134930610657,2,17,0.6470829844474792,0.6182197332382202,-0.163374662399292,2,18,0.35874325037002563,0.7224342226982117,-0.35249099135398865,2,19,0.6402581334114075,0.6223215460777283,-0.19658499956130981,2,20,0.375885933637619,0.7201534509658813,-0.36913520097732544,2,21,0.6293687224388123,0.607391893863678,-0.14540553092956543,2,22,0.3842732310295105,0.6972153782844543,-0.31016576290130615,2,23,0.44202691316604614,0.29299548268318176,0.025965016335248947,2,24,0.39391642808914185,0.3392154276371002,-0.025956224650144577,2,25,0.4172156751155853,0.2918238639831543,0.3895359933376312,2,26,0.3812588155269623,0.35177066922187805,0.3690090775489807,2,27,0.402681827545166,0.25854480266571045,0.8002431988716125,2,28,0.36826491355895996,0.28554508090019226,0.7627253532409668,2,29,0.3910571038722992,0.24123065173625946,0.8504651188850403,2,30,0.3604922890663147,0.2593269944190979,0.8074029684066772,2,31,0.4079991281032562,0.31457847356796265,0.8818789720535278,2,32,0.3805669844150543,0.33667734265327454,0.8336607217788696,2
0,0.5662404298782349,0.6291819214820862,-0.35261261463165283,2,1,0.5749958753585815,0.6151028275489807,-0.3853752017021179,2,2,0.5787338018417358,0.6101242899894714,-0.3854600191116333,2,3,0.5831001996994019,0.6005276441574097,-0.3856349587440491,2,4,0.5622417330741882,0.6230980157852173,-0.39592504501342773,2,5,0.5554722547531128,0.6109702587127686,-0.39601731300354004,2,6,0.5502340793609619,0.610713005065918,-0.3960878252983093,2,7,0.5762466788291931,0.5454975962638855,-0.42344993352890015,2,8,0.5288522839546204,0.5767491459846497,-0.4666481912136078,2,9,0.563994288444519,0.608603835105896,-0.3501221835613251,2,10,0.5514780282974243,0.6146918535232544,-0.3622437119483948,2,11,0.5687791109085083,0.4364784359931946,-0.35650280117988586,2,12,0.4403485357761383,0.5045375227928162,-0.4121228754520416,2,13,0.621461033821106,0.3969527781009674,-0.18356266617774963,2,14,0.33240020275115967,0.4975348114967346,-0.28974610567092896,2,15,0.634346604347229,0.5784435272216797,-0.11155378818511963,2,16,0.3683111369609833,0.6759045720100403,-0.2680598795413971,2,17,0.648788332939148,0.6169535517692566,-0.14075462520122528,2,18,0.35882583260536194,0.7224122881889343,-0.3053937256336212,2,19,0.6408867239952087,0.6214842200279236,-0.16803757846355438,2,20,0.3764019310474396,0.7201076149940491,-0.3289158344268799,2,21,0.6295766234397888,0.6067758202552795,-0.12078012526035309,2,22,0.3841695189476013,0.6978802680969238,-0.27742546796798706,2,23,0.43616795539855957,0.33705344796180725,0.02643406018614769,2,24,0.3880222737789154,0.37416601181030273,-0.026359785348176956,2,25,0.42459622025489807,0.3000676929950714,0.3867063522338867,2,26,0.37727418541908264,0.3511051535606384,0.3633543848991394,2,27,0.3964518904685974,0.2545550763607025,0.789120614528656,2,28,0.3686734437942505,0.27581170201301575,0.7420635223388672,2,29,0.384260892868042,0.2356746643781662,0.8372133374214172,2,30,0.36133795976638794,0.24683895707130432,0.7849602103233337,2,31,0.4116215109825134,0.30884283781051636,0.8620938062667847,2,32,0.3818690776824951,0.31791234016418457,0.7915818691253662,2
0,0.5596591830253601,0.6446806192398071,-0.24028408527374268,2,1,0.5713368654251099,0.6477310657501221,-0.27116888761520386,2,2,0.574449896812439,0.6435772180557251,-0.27128762006759644,2,3,0.5793778300285339,0.6431565284729004,-0.271463543176651,2,4,0.5598444938659668,0.650000810623169,-0.2830790579319,2,5,0.5524322986602783,0.6494213938713074,-0.2831597924232483,2,6,0.5474787354469299,0.646586000919342,-0.2832655608654022,2,7,0.5779457688331604,0.6175923347473145,-0.32440635561943054,2,8,0.5315269231796265,0.6239508986473083,-0.3743189871311188,2,9,0.560134768486023,0.6305052638053894,-0.2457842379808426,2,10,0.5512655973434448,0.6341511011123657,-0.2597859799861908,2,11,0.5708502531051636,0.47788628935813904,-0.2807460427284241,2,12,0.4448774755001068,0.5230138897895813,-0.3483465313911438,2,13,0.628436267375946,0.4100291430950165,-0.10363851487636566,2,14,0.33425384759902954,0.5045607089996338,-0.24349215626716614,2,15,0.6348692178726196,0.5779179930686951,-0.007791123352944851,2,16,0.36810940504074097,0.6740372180938721,-0.22407391667366028,2,17,0.6482630968093872,0.6151977777481079,-0.023918140679597855,2,18,0.3588540852069855,0.7229870557785034,-0.2588879466056824,2,19,0.640739381313324,0.6219077110290527,-0.04901406541466713,2,20,0.37722212076187134,0.7206360101699829,-0.27599912881851196,2,21,0.6300937533378601,0.6083138585090637,-0.014561301097273827,2,22,0.3844407796859741,0.6981411576271057,-0.23165401816368103,2,23,0.4489947259426117,0.3607020080089569,0.03451159968972206,2,24,0.3862752616405487,0.3942403197288513,-0.03426441550254822,2,25,0.4295840859413147,0.3340612053871155,0.34851396083831787,2,26,0.37731340527534485,0.3472929298877716,0.29671603441238403,2,27,0.40437573194503784,0.2522261440753937,0.6949054598808289,2,28,0.36994990706443787,0.2461966574192047,0.6272779107093811,2,29,0.39450201392173767,0.23319873213768005,0.7362360954284668,2,30,0.36761221289634705,0.214909166097641,0.6660414934158325,2,31,0.4091748595237732,0.29827767610549927,0.7634183168411255,2,32,0.3821485638618469,0.27640482783317566,0.6777890920639038,2
0,0.5591879487037659,0.6562845706939697,-0.2683011293411255,2,1,0.5698568224906921,0.6542916893959045,-0.2945255935192108,2,2,0.5734394788742065,0.6497042775154114,-0.2946421205997467,2,3,0.5784980058670044,0.6499578952789307,-0.2948080897331238,2,4,0.5586223602294922,0.6569108963012695,-0.3089023232460022,2,5,0.5542792081832886,0.6566389799118042,-0.3089722692966461,2,6,0.5495892763137817,0.6539122462272644,-0.309052973985672,2,7,0.582059919834137,0.6270789504051208,-0.3302910327911377,2,8,0.5315278172492981,0.6176809072494507,-0.3917016386985779,2,9,0.5592737197875977,0.6415294408798218,-0.26829296350479126,2,10,0.5491898655891418,0.6447986364364624,-0.2857329249382019,2,11,0.589631199836731,0.48643165826797485,-0.27979934215545654,2,12,0.45760804414749146,0.515731930732727,-0.35940808057785034,2,13,0.6339982151985168,0.4255160093307495,-0.10029324144124985,2,14,0.3344500660896301,0.5117645859718323,-0.2698289752006531,2,15,0.6348375082015991,0.5779629349708557,-0.01598500646650791,2,16,0.3678690493106842,0.6740567684173584,-0.2555898129940033,2,17,0.6478660702705383,0.6152539849281311,-0.03418293222784996,2,18,0.3588719964027405,0.7230977416038513,-0.2924026548862457,2,19,0.6407901048660278,0.6220937967300415,-0.05942702293395996,2,20,0.37659746408462524,0.7229222655296326,-0.3075518310070038,2,21,0.6318488121032715,0.608583390712738,-0.023259984329342842,2,22,0.3835267722606659,0.7006019353866577,-0.26251140236854553,2,23,0.4496901035308838,0.3596247434616089,0.03943582624197006,2,24,0.39208921790122986,0.38751742243766785,-0.03918896242976189,2,25,0.4340609014034271,0.3330669403076172,0.338201105594635,2,26,0.38069042563438416,0.34463852643966675,0.2942357361316681,2,27,0.4077296257019043,0.25155627727508545,0.6844404935836792,2,28,0.37472662329673767,0.24045658111572266,0.6277756094932556,2,29,0.39856112003326416,0.23127755522727966,0.7248343229293823,2,30,0.37599653005599976,0.20936992764472961,0.6659387350082397,2,31,0.4028056263923645,0.291615754365921,0.7408351302146912,2,32,0.38056355714797974,0.270537793636322,0.668268620967865,2
0,0.558894157409668,0.7298176884651184,-0.21566545963287354,2,1,0.569618821144104,0.7287361025810242,-0.25018125772476196,2,2,0.5733180642127991,0.7212090492248535,-0.2503342628479004,2,3,0.5774104595184326,0.7142304182052612,-0.25047457218170166,2,4,0.5575805306434631,0.7404673099517822,-0.2578999400138855,2,5,0.552596926689148,0.7410896420478821,-0.2579348683357239,2,6,0.547881007194519,0.7419668436050415,-0.25801610946655273,2,7,0.5809928178787231,0.6783447861671448,-0.31339046359062195,2,8,0.5259779095649719,0.6945340633392334,-0.34487801790237427,2,9,0.5587831139564514,0.7004229426383972,-0.22405870258808136,2,10,0.5489237904548645,0.7121559381484985,-0.23272784054279327,2,11,0.5894065499305725,0.5191410779953003,-0.28442317247390747,2,12,0.4541260600090027,0.584287703037262,-0.31316250562667847,2,13,0.6444634199142456,0.41398701071739197,-0.12212389707565308,2,14,0.3319939970970154,0.5121837258338928,-0.16245925426483154,2,15,0.6362302899360657,0.5827096104621887,-0.04060160741209984,2,16,0.3657347559928894,0.6740183234214783,-0.06524653732776642,2,17,0.6495057344436646,0.6166180372238159,-0.06037402153015137,2,18,0.35783854126930237,0.7229558229446411,-0.07569099962711334,2,19,0.6430721879005432,0.6280227899551392,-0.08025453984737396,2,20,0.374573290348053,0.7241158485412598,-0.0947837382555008,2,21,0.6353459358215332,0.6184912919998169,-0.04565289989113808,2,22,0.38028454780578613,0.7033678889274597,-0.0694379061460495,2,23,0.4510837495326996,0.3802874982357025,0.030206460505723953,2,24,0.38373735547065735,0.4156757891178131,-0.029489312320947647,2,25,0.4222012162208557,0.33300071954727173,0.3376447260379791,2,26,0.36832261085510254,0.3637743592262268,0.31261730194091797,2,27,0.39722123742103577,0.25036266446113586,0.6869980096817017,2,28,0.37037116289138794,0.2440023571252823,0.6662896275520325,2,29,0.38564860820770264,0.22502373158931732,0.728977382183075,2,30,0.3706236481666565,0.21310415863990784,0.7070032358169556,2,31,0.4001486301422119,0.29021942615509033,0.7520363926887512,2,32,0.37654775381088257,0.28063610196113586,0.7182011008262634,2
0,0.5560411214828491,0.7218812704086304,-0.188705176115036,2,1,0.5674335360527039,0.726828932762146,-0.22337062656879425,2,2,0.5704259276390076,0.7232220768928528,-0.22350402176380157,2,3,0.5735664963722229,0.7189759016036987,-0.22366206347942352,2,4,0.5568981170654297,0.7321759462356567,-0.23312409222126007,2,5,0.5517531633377075,0.7329145073890686,-0.233158141374588,2,6,0.5470797419548035,0.7322216629981995,-0.2332308292388916,2,7,0.5784464478492737,0.6913712024688721,-0.2881546914577484,2,8,0.5246421098709106,0.6963337659835815,-0.3281721770763397,2,9,0.5557317137718201,0.6951504945755005,-0.1982145607471466,2,10,0.5460213422775269,0.7004014253616333,-0.20939584076404572,2,11,0.587380051612854,0.5331185460090637,-0.2623884677886963,2,12,0.45168644189834595,0.5788689255714417,-0.3079582154750824,2,13,0.6499297022819519,0.412373811006546,-0.11538614332675934,2,14,0.3316895365715027,0.5108985304832458,-0.16858983039855957,2,15,0.6362450122833252,0.5934639573097229,-0.04334690421819687,2,16,0.36581993103027344,0.6771569848060608,-0.07528159022331238,2,17,0.6511999368667603,0.6248854994773865,-0.06325194984674454,2,18,0.35785847902297974,0.7239919900894165,-0.08984881639480591,2,19,0.643619179725647,0.6364213228225708,-0.08275647461414337,2,20,0.37541618943214417,0.7258992791175842,-0.1034143939614296,2,21,0.6344979405403137,0.628764808177948,-0.04854779690504074,2,22,0.3815249800682068,0.7060950398445129,-0.07745711505413055,2,23,0.45312637090682983,0.37895533442497253,0.028970424085855484,2,24,0.3867415189743042,0.4047912657260895,-0.02814646065235138,2,25,0.41337060928344727,0.3219580054283142,0.3194205164909363,2,26,0.3702700734138489,0.35957083106040955,0.28631213307380676,2,27,0.40051156282424927,0.2516493797302246,0.6291826963424683,2,28,0.3760339617729187,0.24463266134262085,0.6087532639503479,2,29,0.39178889989852905,0.23122861981391907,0.6669454574584961,2,30,0.3770098090171814,0.21599870920181274,0.6470068693161011,2,31,0.40605369210243225,0.28987881541252136,0.6885749101638794,2,32,0.38735488057136536,0.27496638894081116,0.6626781225204468,2
0,0.5555537939071655,0.7311853766441345,-0.19824029505252838,2,1,0.566992998123169,0.7348098158836365,-0.2319239377975464,2,2,0.5698046088218689,0.7315830588340759,-0.23203758895397186,2,3,0.5731343030929565,0.7288872003555298,-0.23220296204090118,2,4,0.5563384294509888,0.740718424320221,-0.24221432209014893,2,5,0.5509406924247742,0.7418832778930664,-0.24224159121513367,2,6,0.5464550852775574,0.7424543499946594,-0.24228250980377197,2,7,0.5784004926681519,0.6977251768112183,-0.29032090306282043,2,8,0.5336264371871948,0.7188061475753784,-0.33303892612457275,2,9,0.555231511592865,0.7063060998916626,-0.2049282044172287,2,10,0.5458374619483948,0.7113812565803528,-0.2168503701686859,2,11,0.5884832143783569,0.5345770716667175,-0.2661052644252777,2,12,0.4506766200065613,0.5915045142173767,-0.3213406503200531,2,13,0.6521459221839905,0.40725699067115784,-0.11712326854467392,2,14,0.3324059545993805,0.5104310512542725,-0.189453586935997,2,15,0.6368556022644043,0.5964624881744385,-0.05300502851605415,2,16,0.36595311760902405,0.6756410598754883,-0.09586010128259659,2,17,0.6514450311660767,0.6265023946762085,-0.07153372466564178,2,18,0.3579603433609009,0.7240699529647827,-0.11198834329843521,2,19,0.6434330344200134,0.6382521986961365,-0.09479902684688568,2,20,0.37749359011650085,0.7258518934249878,-0.12479207664728165,2,21,0.6344434022903442,0.6305105686187744,-0.05953708291053772,2,22,0.3832531273365021,0.7058979868888855,-0.09793998301029205,2,23,0.4548551142215729,0.38004422187805176,0.030442511662840843,2,24,0.3945815861225128,0.4058604836463928,-0.029818475246429443,2,25,0.42085689306259155,0.3166674077510834,0.3353661894798279,2,26,0.37424665689468384,0.3453095555305481,0.29928886890411377,2,27,0.4022584557533264,0.25111693143844604,0.6594403982162476,2,28,0.37733858823776245,0.24329571425914764,0.6269789338111877,2,29,0.3900150656700134,0.23108378052711487,0.6987150311470032,2,30,0.37622204422950745,0.2167740911245346,0.6668310761451721,2,31,0.40849629044532776,0.2922099232673645,0.7300158739089966,2,32,0.39011716842651367,0.27971407771110535,0.6904860734939575,2
0,0.5564894676208496,0.7357912659645081,-0.15894261002540588,2,1,0.5676652193069458,0.7449007034301758,-0.1899326741695404,2,2,0.5706592798233032,0.7418596744537354,-0.19004309177398682,2,3,0.5737720727920532,0.7374305129051208,-0.19021296501159668,2,4,0.5584768056869507,0.7549171447753906,-0.2017229050397873,2,5,0.5542463660240173,0.7579559087753296,-0.20173379778862,2,6,0.5502969026565552,0.7610437870025635,-0.20177581906318665,2,7,0.5793148279190063,0.7092496752738953,-0.24515452980995178,2,8,0.5374256372451782,0.7244971394538879,-0.2952614426612854,2,9,0.555578351020813,0.708620011806488,-0.1654350757598877,2,10,0.5468294024467468,0.7199894189834595,-0.1796616166830063,2,11,0.5945972800254822,0.561310887336731,-0.2319459170103073,2,12,0.45695629715919495,0.6222916841506958,-0.2854900360107422,2,13,0.6522611379623413,0.4071178436279297,-0.09678404033184052,2,14,0.34018200635910034,0.5257155299186707,-0.18109765648841858,2,15,0.6357576251029968,0.5908066630363464,-0.025358494371175766,2,16,0.36608996987342834,0.6747040748596191,-0.10577615350484848,2,17,0.6504061222076416,0.6262465119361877,-0.040908414870500565,2,18,0.35798463225364685,0.7239722609519958,-0.12024194002151489,2,19,0.6420685052871704,0.6381365656852722,-0.059322405606508255,2,20,0.37808579206466675,0.7258709669113159,-0.1313309371471405,2,21,0.6331111192703247,0.6294519901275635,-0.030196508392691612,2,22,0.383425772190094,0.70611971616745,-0.10748398303985596,2,23,0.4560015797615051,0.3748425841331482,0.029281333088874817,2,24,0.4072948098182678,0.41786524653434753,-0.0287906676530838,2,25,0.4242698550224304,0.3166462779045105,0.3226245641708374,2,26,0.39403006434440613,0.34631258249282837,0.30700579285621643,2,27,0.4035781919956207,0.2511604130268097,0.6161441802978516,2,28,0.3795236349105835,0.2549607455730438,0.6247080564498901,2,29,0.3910587728023529,0.23066294193267822,0.6524854898452759,2,30,0.37674978375434875,0.22740469872951508,0.6634541153907776,2,31,0.40745025873184204,0.2869362235069275,0.6855956315994263,2,32,0.3938955068588257,0.2851355969905853,0.699247419834137,2
0,0.5570203065872192,0.7294877171516418,-0.1879688799381256,2,1,0.5687416791915894,0.7378804683685303,-0.2210369110107422,2,2,0.5717701315879822,0.7341703772544861,-0.2211146354675293,2,3,0.5749925971031189,0.7299190163612366,-0.22127632796764374,2,4,0.5591539144515991,0.7472035884857178,-0.23252804577350616,2,5,0.5550228953361511,0.7502198219299316,-0.23255319893360138,2,6,0.5508375763893127,0.7526964545249939,-0.23258142173290253,2,7,0.5812204480171204,0.6988471746444702,-0.2763838469982147,2,8,0.5415188074111938,0.7292615175247192,-0.32469913363456726,2,9,0.5555459260940552,0.7018544673919678,-0.19327092170715332,2,10,0.5463905930519104,0.7111085653305054,-0.20693036913871765,2,11,0.5940995216369629,0.5434428453445435,-0.2535898983478546,2,12,0.4555053114891052,0.6060278415679932,-0.3124379515647888,2,13,0.6523605585098267,0.40063777565956116,-0.10675662755966187,2,14,0.3403332829475403,0.5219099521636963,-0.19576521217823029,2,15,0.6356046199798584,0.5901855826377869,-0.02678677812218666,2,16,0.36615002155303955,0.6745082139968872,-0.10278884321451187,2,17,0.6506565809249878,0.6243868470191956,-0.04164810851216316,2,18,0.35786718130111694,0.7240942120552063,-0.11717619746923447,2,19,0.6401275396347046,0.6369618773460388,-0.06272761523723602,2,20,0.3785545229911804,0.7258083820343018,-0.12627354264259338,2,21,0.6294623613357544,0.6276487708091736,-0.03233543783426285,2,22,0.3844168782234192,0.7060153484344482,-0.10310621559619904,2,23,0.45675572752952576,0.3653873801231384,0.02973337098956108,2,24,0.4098272919654846,0.4065181016921997,-0.02933443710207939,2,25,0.4261836111545563,0.31084510684013367,0.3302648365497589,2,26,0.39757680892944336,0.34234726428985596,0.31900686025619507,2,27,0.4043594300746918,0.24024811387062073,0.665725827217102,2,28,0.3821604549884796,0.25145256519317627,0.6493330597877502,2,29,0.39029744267463684,0.20707149803638458,0.7060098052024841,2,30,0.3719964623451233,0.21557697653770447,0.6898173093795776,2,31,0.4085386395454407,0.286323606967926,0.7349725961685181,2,32,0.3983880579471588,0.28666025400161743,0.7262324094772339,2
0,0.5578596591949463,0.7354515790939331,-0.17778053879737854,2,1,0.5703690648078918,0.7425062656402588,-0.20980975031852722,2,2,0.5736768245697021,0.7383074164390564,-0.2098982334136963,2,3,0.5770801305770874,0.7337481379508972,-0.21005401015281677,2,4,0.5602805614471436,0.7510620951652527,-0.22124719619750977,2,5,0.556125819683075,0.7535008192062378,-0.22127053141593933,2,6,0.5518168210983276,0.7557326555252075,-0.2213011085987091,2,7,0.5838756561279297,0.6981272101402283,-0.26462867856025696,2,8,0.5430188775062561,0.731128454208374,-0.31250494718551636,2,9,0.5555729269981384,0.7075642347335815,-0.18335631489753723,2,10,0.5460968017578125,0.715831995010376,-0.19688281416893005,2,11,0.5949862599372864,0.5381112098693848,-0.24382953345775604,2,12,0.45410147309303284,0.6049171090126038,-0.30549532175064087,2,13,0.6530904173851013,0.39888811111450195,-0.09672857820987701,2,14,0.33986803889274597,0.5197542309761047,-0.19648489356040955,2,15,0.635628879070282,0.5882004499435425,-0.013468511402606964,2,16,0.3661651015281677,0.6741482615470886,-0.1107703223824501,2,17,0.6509261727333069,0.6200408935546875,-0.026141736656427383,2,18,0.35717862844467163,0.7243724465370178,-0.1274995356798172,2,19,0.6397303342819214,0.636103630065918,-0.04712706059217453,2,20,0.37860172986984253,0.72575443983078,-0.13534709811210632,2,21,0.6290878057479858,0.6267818808555603,-0.018603991717100143,2,22,0.38513055443763733,0.7059721350669861,-0.11117613315582275,2,23,0.4584106504917145,0.3603215515613556,0.03020155429840088,2,24,0.41171130537986755,0.4030648469924927,-0.0298614464700222,2,25,0.42750149965286255,0.30476364493370056,0.3333660662174225,2,26,0.39908596873283386,0.3384401202201843,0.32543718814849854,2,27,0.40492957830429077,0.23641961812973022,0.6693294048309326,2,28,0.3766869902610779,0.24544629454612732,0.6536893248558044,2,29,0.39056217670440674,0.20030473172664642,0.7095953822135925,2,30,0.3694676458835602,0.2115839570760727,0.6941295266151428,2,31,0.4112752377986908,0.2890559732913971,0.7480936646461487,2,32,0.3988714814186096,0.291958749294281,0.7318028807640076,2
0,0.5581446886062622,0.7389530539512634,-0.1753873974084854,2,1,0.570818305015564,0.7452842593193054,-0.20682649314403534,2,2,0.574256181716919,0.7412627935409546,-0.2069178819656372,2,3,0.5777337551116943,0.7369276881217957,-0.20707197487354279,2,4,0.5603029131889343,0.7530561089515686,-0.2195425033569336,2,5,0.5560163855552673,0.755178689956665,-0.21956439316272736,2,6,0.551598846912384,0.7571159601211548,-0.2195950299501419,2,7,0.5846964120864868,0.7000942230224609,-0.26013073325157166,2,8,0.5425918698310852,0.7315744161605835,-0.3137027621269226,2,9,0.5555619597434998,0.7114213109016418,-0.1804613322019577,2,10,0.5460270047187805,0.7184534668922424,-0.19569382071495056,2,11,0.5962029695510864,0.537029504776001,-0.2395893633365631,2,12,0.4539652466773987,0.601455807685852,-0.3071002960205078,2,13,0.6533178091049194,0.3978554606437683,-0.09408792853355408,2,14,0.3392403721809387,0.5184633135795593,-0.20308689773082733,2,15,0.6356253623962402,0.5879977345466614,-0.018492359668016434,2,16,0.3661160171031952,0.6735528707504272,-0.12443117052316666,2,17,0.6511697769165039,0.6182302832603455,-0.03217393159866333,2,18,0.3563808500766754,0.7245743870735168,-0.14283153414726257,2,19,0.6396681070327759,0.635823667049408,-0.0535275824368,2,20,0.37857356667518616,0.7257384657859802,-0.15047895908355713,2,21,0.629097044467926,0.6258863806724548,-0.02401578612625599,2,22,0.385209858417511,0.7059172987937927,-0.1250179260969162,2,23,0.45996585488319397,0.35769981145858765,0.031181279569864273,2,24,0.41309285163879395,0.4002256691455841,-0.030888471752405167,2,25,0.43069419264793396,0.304113507270813,0.33717069029808044,2,26,0.40063562989234924,0.33824682235717773,0.325686514377594,2,27,0.40607237815856934,0.23622965812683105,0.6671430468559265,2,28,0.3765631914138794,0.2449590414762497,0.6509631276130676,2,29,0.39245474338531494,0.20264405012130737,0.7070654630661011,2,30,0.3695763051509857,0.211354598402977,0.6910592317581177,2,31,0.4140433371067047,0.29158541560173035,0.7480231523513794,2,32,0.40031370520591736,0.2967047095298767,0.7312361001968384,2
0,0.5589807033538818,0.7126632928848267,-0.2126142680644989,2,1,0.5713387131690979,0.715771496295929,-0.2476828545331955,2,2,0.5751845240592957,0.7118088603019714,-0.24778449535369873,2,3,0.5789099931716919,0.7076590657234192,-0.2479616403579712,2,4,0.5610159039497375,0.7228039503097534,-0.2584078311920166,2,5,0.5569161772727966,0.7243277430534363,-0.2584700286388397,2,6,0.5524266958236694,0.725738525390625,-0.25851860642433167,2,7,0.5850001573562622,0.6725937128067017,-0.29933595657348633,2,8,0.5416059494018555,0.6999179124832153,-0.3461485505104065,2,9,0.5560957789421082,0.6874959468841553,-0.2176525890827179,2,10,0.5459545254707336,0.694523811340332,-0.23045635223388672,2,11,0.5943521857261658,0.5226713418960571,-0.2559133470058441,2,12,0.450103223323822,0.5955464243888855,-0.31286656856536865,2,13,0.6535756587982178,0.39272987842559814,-0.11242367327213287,2,14,0.3354245722293854,0.5119652152061462,-0.20633907616138458,2,15,0.6361572742462158,0.5849717259407043,-0.041972480714321136,2,16,0.36591804027557373,0.6732813715934753,-0.14939095079898834,2,17,0.6526715755462646,0.6173465251922607,-0.05901448056101799,2,18,0.3565831780433655,0.7246402502059937,-0.1725165694952011,2,19,0.6403375864028931,0.6350890398025513,-0.0831320509314537,2,20,0.3793577551841736,0.7257108688354492,-0.18273486196994781,2,21,0.6292304396629333,0.6254198551177979,-0.04875410348176956,2,22,0.3861570656299591,0.7056971192359924,-0.15150989592075348,2,23,0.46482962369918823,0.3218936622142792,0.030981451272964478,2,24,0.41211456060409546,0.38009512424468994,-0.030708733946084976,2,25,0.4360686242580414,0.2919272780418396,0.371223509311676,2,26,0.40027785301208496,0.32845038175582886,0.3546505272388458,2,27,0.4060594141483307,0.23148441314697266,0.7285276651382446,2,28,0.3783953785896301,0.24526762962341309,0.708065927028656,2,29,0.39302191138267517,0.19729655981063843,0.7728311419487,2,30,0.3697415590286255,0.20821397006511688,0.7507542967796326,2,31,0.41617852449417114,0.2915419340133667,0.8185049295425415,2,32,0.3991870582103729,0.30545657873153687,0.7897909879684448,2
0,0.5596550703048706,0.7043076157569885,-0.2015175074338913,2,1,0.5718058347702026,0.7082312107086182,-0.23889270424842834,2,2,0.5755739808082581,0.7043377161026001,-0.23899385333061218,2,3,0.5796834826469421,0.6996050477027893,-0.2391713410615921,2,4,0.5613690614700317,0.7148856520652771,-0.24905411899089813,2,5,0.5572160482406616,0.7162094116210938,-0.24912075698375702,2,6,0.5528095960617065,0.7172600626945496,-0.2491750419139862,2,7,0.5853703022003174,0.6640669703483582,-0.3015482723712921,2,8,0.5413106679916382,0.6916118860244751,-0.345077782869339,2,9,0.5566135048866272,0.6788798570632935,-0.20905308425426483,2,10,0.5459762811660767,0.6849562525749207,-0.22119739651679993,2,11,0.5932458639144897,0.5180151462554932,-0.2665838897228241,2,12,0.4448883533477783,0.5885855555534363,-0.3260408937931061,2,13,0.6529819369316101,0.3903776705265045,-0.11899496614933014,2,14,0.3337659239768982,0.5093793869018555,-0.21587243676185608,2,15,0.6365235447883606,0.5834735631942749,-0.049133408814668655,2,16,0.3658805191516876,0.6731622219085693,-0.15542753040790558,2,17,0.6534310579299927,0.6161642670631409,-0.06695276498794556,2,18,0.35661643743515015,0.7246917486190796,-0.18028362095355988,2,19,0.6407384276390076,0.6344401240348816,-0.09182831645011902,2,20,0.379611074924469,0.7256357669830322,-0.18930155038833618,2,21,0.629542350769043,0.6249929666519165,-0.056305207312107086,2,22,0.3864942193031311,0.7054591178894043,-0.1571817547082901,2,23,0.4652596414089203,0.3120964467525482,0.030107837170362473,2,24,0.411590576171875,0.3716479539871216,-0.02990039624273777,2,25,0.43852105736732483,0.2829727530479431,0.373018354177475,2,26,0.39735788106918335,0.3245497941970825,0.35882803797721863,2,27,0.40599966049194336,0.22565560042858124,0.725431501865387,2,28,0.37804633378982544,0.23662713170051575,0.7106367945671082,2,29,0.392733633518219,0.1932176798582077,0.7690553069114685,2,30,0.3698367178440094,0.20662808418273926,0.7528373599052429,2,31,0.41931572556495667,0.29053807258605957,0.8137456774711609,2,32,0.39895904064178467,0.30756300687789917,0.7918067574501038,2
0,0.559614360332489,0.668301522731781,-0.22208750247955322,2,1,0.5715681910514832,0.673632025718689,-0.2558791935443878,2,2,0.5753418207168579,0.6700140833854675,-0.25594979524612427,2,3,0.5794750452041626,0.6662918925285339,-0.2560977339744568,2,4,0.5612291693687439,0.6778847575187683,-0.26730650663375854,2,5,0.5569756031036377,0.6786339282989502,-0.26735860109329224,2,6,0.5526182651519775,0.6782983541488647,-0.26740506291389465,2,7,0.5850591659545898,0.6355311274528503,-0.3314749002456665,2,8,0.5411783456802368,0.6611447930335999,-0.3584005534648895,2,9,0.5568541288375854,0.6456521153450012,-0.22610285878181458,2,10,0.5458843111991882,0.6533063054084778,-0.238806813955307,2,11,0.593146562576294,0.4691806435585022,-0.30526232719421387,2,12,0.44486919045448303,0.5572100281715393,-0.3472486138343811,2,13,0.6558231115341187,0.38448745012283325,-0.13255062699317932,2,14,0.3287055790424347,0.4996064007282257,-0.23198840022087097,2,15,0.6371521353721619,0.5834497213363647,-0.05176173895597458,2,16,0.365845650434494,0.6729023456573486,-0.19854363799095154,2,17,0.6535879969596863,0.6156847476959229,-0.07442314922809601,2,18,0.3565703332424164,0.7236257791519165,-0.2331959456205368,2,19,0.6407710313796997,0.6331998109817505,-0.10550687462091446,2,20,0.37904101610183716,0.7256157994270325,-0.24562852084636688,2,21,0.6297129392623901,0.6248102784156799,-0.06146292760968208,2,22,0.3862229287624359,0.7054547071456909,-0.20326797664165497,2,23,0.4672487676143646,0.28576385974884033,0.025575464591383934,2,24,0.4114738404750824,0.34462088346481323,-0.02543867751955986,2,25,0.44513100385665894,0.2769860029220581,0.3827555775642395,2,26,0.40300410985946655,0.3152989149093628,0.3798888325691223,2,27,0.40681058168411255,0.22462357580661774,0.7631162405014038,2,28,0.3781784176826477,0.2376343160867691,0.7520728707313538,2,29,0.39333999156951904,0.1958654671907425,0.8092708587646484,2,30,0.36967921257019043,0.2180570363998413,0.7956722974777222,2,31,0.4218742251396179,0.28813666105270386,0.8514407873153687,2,32,0.39899471402168274,0.30855807662010193,0.8298373222351074,2
0,0.5598354339599609,0.6580294370651245,-0.26796257495880127,2,1,0.5716601610183716,0.6594715714454651,-0.3039512634277344,2,2,0.5755881071090698,0.6556510925292969,-0.304074227809906,2,3,0.5797726511955261,0.6516441106796265,-0.30428120493888855,2,4,0.5610206127166748,0.6641464829444885,-0.31108394265174866,2,5,0.5567549467086792,0.6645875573158264,-0.31116801500320435,2,6,0.552413284778595,0.6645939946174622,-0.311227023601532,2,7,0.5849059820175171,0.6223623752593994,-0.3526950478553772,2,8,0.5406708717346191,0.6484987735748291,-0.37939733266830444,2,9,0.5578648447990417,0.6361117959022522,-0.2676481604576111,2,10,0.5460250973701477,0.6418285965919495,-0.27587923407554626,2,11,0.5930129289627075,0.46119576692581177,-0.3116675913333893,2,12,0.4420408308506012,0.5478640198707581,-0.3543798327445984,2,13,0.6566741466522217,0.38150838017463684,-0.14721617102622986,2,14,0.32653123140335083,0.4942406415939331,-0.24940058588981628,2,15,0.637414813041687,0.5833222270011902,-0.07926193624734879,2,16,0.36604875326156616,0.6724393963813782,-0.22952063381671906,2,17,0.6536628007888794,0.6153231859207153,-0.10079314559698105,2,18,0.35661351680755615,0.7233685851097107,-0.2644677758216858,2,19,0.640819787979126,0.6321797966957092,-0.1302502155303955,2,20,0.3790312111377716,0.7253596186637878,-0.27473941445350647,2,21,0.6297867894172668,0.6242126226425171,-0.0879134014248848,2,22,0.38619059324264526,0.7054270505905151,-0.23335087299346924,2,23,0.47476038336753845,0.2824200987815857,0.024278556928038597,2,24,0.4134872555732727,0.34904953837394714,-0.024203434586524963,2,25,0.4446779787540436,0.2702780067920685,0.38309359550476074,2,26,0.4022960662841797,0.3126859962940216,0.37656861543655396,2,27,0.40638041496276855,0.21943585574626923,0.7614799737930298,2,28,0.37627679109573364,0.23854872584342957,0.7448617219924927,2,29,0.393359899520874,0.19376368820667267,0.8076902627944946,2,30,0.36701634526252747,0.21843838691711426,0.7886908650398254,2,31,0.42187029123306274,0.28616535663604736,0.851031482219696,2,32,0.39877980947494507,0.30845555663108826,0.825261116027832,2
0,0.5611496567726135,0.6510270833969116,-0.24889500439167023,2,1,0.572748601436615,0.6530367136001587,-0.29220637679100037,2,2,0.5767768621444702,0.6490105986595154,-0.2923815846443176,2,3,0.5809720754623413,0.6446360349655151,-0.29264017939567566,2,4,0.5619896650314331,0.6592742204666138,-0.2951393723487854,2,5,0.5576876401901245,0.6594564318656921,-0.29523032903671265,2,6,0.5534670352935791,0.6597766280174255,-0.2953074276447296,2,7,0.5852066278457642,0.6153386235237122,-0.34667497873306274,2,8,0.5410641431808472,0.6425994038581848,-0.3729734718799591,2,9,0.5603257417678833,0.626930832862854,-0.2559700012207031,2,10,0.547531247138977,0.6330008506774902,-0.26027804613113403,2,11,0.5929653644561768,0.4537574350833893,-0.310983270406723,2,12,0.44208869338035583,0.5429872274398804,-0.3493463397026062,2,13,0.6558499932289124,0.37658077478408813,-0.14678186178207397,2,14,0.3242068290710449,0.49019190669059753,-0.24548742175102234,2,15,0.6375585794448853,0.5811891555786133,-0.07707536965608597,2,16,0.36606910824775696,0.6717007756233215,-0.21765954792499542,2,17,0.653617262840271,0.6142723560333252,-0.09837894141674042,2,18,0.3566349148750305,0.7233452796936035,-0.2517761290073395,2,19,0.6407672166824341,0.6291776895523071,-0.12524737417697906,2,20,0.3785562217235565,0.725273072719574,-0.2621021866798401,2,21,0.6298108100891113,0.6205927729606628,-0.08515018969774246,2,22,0.3859409987926483,0.7053675055503845,-0.22167733311653137,2,23,0.4759640097618103,0.27131980657577515,0.01813417300581932,2,24,0.4132192134857178,0.3404286801815033,-0.01809472218155861,2,25,0.4490460753440857,0.2693992555141449,0.37880849838256836,2,26,0.403988778591156,0.312399685382843,0.382149875164032,2,27,0.40647926926612854,0.21681338548660278,0.7544896006584167,2,28,0.37690189480781555,0.23908481001853943,0.7477770447731018,2,29,0.39331182837486267,0.19229812920093536,0.8002229928970337,2,30,0.3671981692314148,0.21920260787010193,0.7912017107009888,2,31,0.422185480594635,0.28235721588134766,0.8463969230651855,2,32,0.40063175559043884,0.30733051896095276,0.8327253460884094,2
0,0.561648428440094,0.6174915432929993,-0.3067134618759155,2,1,0.5731824636459351,0.6089861392974854,-0.34253591299057007,2,2,0.5772727131843567,0.6057119369506836,-0.34270960092544556,2,3,0.5818653702735901,0.6000543236732483,-0.3429485857486725,2,4,0.5618201494216919,0.6117487549781799,-0.34660759568214417,2,5,0.5575865507125854,0.6102217435836792,-0.34672120213508606,2,6,0.5533589124679565,0.6082294583320618,-0.3468477129936218,2,7,0.5850440263748169,0.5649818778038025,-0.3775520324707031,2,8,0.5378623008728027,0.5821911096572876,-0.3956362009048462,2,9,0.5613641142845154,0.5971896052360535,-0.3032780587673187,2,10,0.5474044680595398,0.6003154516220093,-0.3077601194381714,2,11,0.5975483655929565,0.39857614040374756,-0.3211974501609802,2,12,0.42857784032821655,0.482266902923584,-0.35141676664352417,2,13,0.6584664583206177,0.3763338327407837,-0.14662912487983704,2,14,0.3213670253753662,0.4817221760749817,-0.24415016174316406,2,15,0.6374911069869995,0.5813167691230774,-0.06456959992647171,2,16,0.36511674523353577,0.6694719791412354,-0.2242979109287262,2,17,0.6536318063735962,0.6142871379852295,-0.08210857212543488,2,18,0.3566037714481354,0.720961332321167,-0.2605802118778229,2,19,0.6408318281173706,0.6286893486976624,-0.10937356948852539,2,20,0.3766559362411499,0.7227534651756287,-0.27178043127059937,2,21,0.6298186779022217,0.6191169023513794,-0.0716509073972702,2,22,0.38359880447387695,0.7026444673538208,-0.22936265170574188,2,23,0.47472065687179565,0.2433626353740692,0.01546844094991684,2,24,0.41307729482650757,0.3149653673171997,-0.015351218171417713,2,25,0.46143847703933716,0.2577950656414032,0.36953502893447876,2,26,0.4033840596675873,0.3004465401172638,0.37232154607772827,2,27,0.42472219467163086,0.21852637827396393,0.7548893094062805,2,28,0.38878315687179565,0.24397975206375122,0.7431753873825073,2,29,0.40581798553466797,0.1878625452518463,0.8025625944137573,2,30,0.379180371761322,0.2149287611246109,0.7874634265899658,2,31,0.4317716062068939,0.2720251679420471,0.8496996760368347,2,32,0.40274327993392944,0.3037680387496948,0.8254173398017883,2
0,0.5689500570297241,0.5571764707565308,-0.41384831070899963,2,1,0.5805124640464783,0.5341885089874268,-0.4453269839286804,2,2,0.586360514163971,0.528753936290741,-0.4454229772090912,2,3,0.5922943949699402,0.5230223536491394,-0.44565707445144653,2,4,0.5669351816177368,0.5295959115028381,-0.4454104006290436,2,5,0.5624867677688599,0.5322701930999756,-0.44552668929100037,2,6,0.5584163665771484,0.5326741933822632,-0.4456043839454651,2,7,0.5906551480293274,0.4701738655567169,-0.44746822118759155,2,8,0.5393648743629456,0.5122814774513245,-0.44693928956985474,2,9,0.5684342384338379,0.5283087491989136,-0.39842307567596436,2,10,0.5537930130958557,0.5428414940834045,-0.39789852499961853,2,11,0.6085835695266724,0.370843768119812,-0.34414151310920715,2,12,0.42772236466407776,0.4625643491744995,-0.36822447180747986,2,13,0.6559355854988098,0.3944508731365204,-0.1589793711900711,2,14,0.3222181499004364,0.4736117124557495,-0.2614545524120331,2,15,0.6364961862564087,0.5812658667564392,-0.06263179332017899,2,16,0.36475276947021484,0.6698910593986511,-0.26292335987091064,2,17,0.6491533517837524,0.6155751347541809,-0.07743480801582336,2,18,0.3566121459007263,0.7210900187492371,-0.30496731400489807,2,19,0.6358816027641296,0.6264834403991699,-0.10610473155975342,2,20,0.37591344118118286,0.722370982170105,-0.316946417093277,2,21,0.6260473728179932,0.6141769886016846,-0.06956375390291214,2,22,0.38305532932281494,0.7010380029678345,-0.26941627264022827,2,23,0.4780663847923279,0.25245919823646545,0.011482814326882362,2,24,0.4123970568180084,0.3055814206600189,-0.011532561853528023,2,25,0.4770526885986328,0.25689634680747986,0.3507145941257477,2,26,0.40576496720314026,0.2827283442020416,0.3656924366950989,2,27,0.4268924295902252,0.21654078364372253,0.7344204187393188,2,28,0.38531631231307983,0.23622089624404907,0.7293904423713684,2,29,0.40945273637771606,0.18842405080795288,0.7822858095169067,2,30,0.37542909383773804,0.21031902730464935,0.7750751972198486,2,31,0.4303475022315979,0.2655697464942932,0.8217549324035645,2,32,0.40082138776779175,0.2909371852874756,0.8126015663146973,2
0,0.5705118179321289,0.5593222975730896,-0.46359801292419434,2,1,0.5815721750259399,0.5313671827316284,-0.49269017577171326,2,2,0.5878793001174927,0.5249707102775574,-0.4928051829338074,2,3,0.5941798090934753,0.5183987021446228,-0.49304407835006714,2,4,0.5668150186538696,0.530638575553894,-0.49623894691467285,2,5,0.5623586177825928,0.5331392288208008,-0.49633780121803284,2,6,0.5542081594467163,0.5431151390075684,-0.49638766050338745,2,7,0.5957873463630676,0.46595725417137146,-0.48263615369796753,2,8,0.5307203531265259,0.5093528032302856,-0.49661630392074585,2,9,0.5685829520225525,0.5287981629371643,-0.44331541657447815,2,10,0.5540915727615356,0.5422096848487854,-0.4470342993736267,2,11,0.613903284072876,0.35808271169662476,-0.37093693017959595,2,12,0.4253043532371521,0.4486088752746582,-0.4121192991733551,2,13,0.6529606580734253,0.4051850736141205,-0.17763277888298035,2,14,0.3223157525062561,0.4716942310333252,-0.31085699796676636,2,15,0.636236310005188,0.5823352336883545,-0.08852519094944,2,16,0.3643939793109894,0.6703329086303711,-0.3180043399333954,2,17,0.6468816995620728,0.6192909479141235,-0.10769747197628021,2,18,0.3566693663597107,0.7208945155143738,-0.36249858140945435,2,19,0.6340383887290955,0.6262756586074829,-0.13495753705501556,2,20,0.37480980157852173,0.7222484350204468,-0.3748690187931061,2,21,0.6251311302185059,0.6125093102455139,-0.09572760760784149,2,22,0.3819919228553772,0.7008179426193237,-0.32455378770828247,2,23,0.48188358545303345,0.25275713205337524,0.012838928028941154,2,24,0.41224318742752075,0.30558156967163086,-0.012833066284656525,2,25,0.4704325199127197,0.2545732855796814,0.3577544093132019,2,26,0.40591517090797424,0.28460681438446045,0.3673780560493469,2,27,0.42396655678749084,0.205537810921669,0.7684573531150818,2,28,0.3819357454776764,0.23292119801044464,0.7467203736305237,2,29,0.40818262100219727,0.1788189560174942,0.8179222345352173,2,30,0.3736380934715271,0.20760281383991241,0.7928646802902222,2,31,0.42952409386634827,0.2664773166179657,0.850420355796814,2,32,0.39756911993026733,0.2869574725627899,0.8176288604736328,2
0,0.5695756077766418,0.5445107221603394,-0.4702499806880951,2,1,0.5813148021697998,0.5272744297981262,-0.4989320635795593,2,2,0.5863841772079468,0.5235115885734558,-0.4990396499633789,2,3,0.5928248167037964,0.5162656903266907,-0.4992542266845703,2,4,0.5662886500358582,0.5333359837532043,-0.5027519464492798,2,5,0.5617891550064087,0.5343186855316162,-0.5028344392776489,2,6,0.5548611283302307,0.5368863940238953,-0.5028581023216248,2,7,0.5938541889190674,0.47762566804885864,-0.48835939168930054,2,8,0.5325688719749451,0.5155642628669739,-0.5037282705307007,2,9,0.5677325129508972,0.5257708430290222,-0.4496917724609375,2,10,0.5534197092056274,0.533092737197876,-0.4536215364933014,2,11,0.6109011769294739,0.3567647635936737,-0.3712884485721588,2,12,0.4249999523162842,0.4472067654132843,-0.42266058921813965,2,13,0.6520501971244812,0.409333199262619,-0.17564743757247925,2,14,0.32276657223701477,0.4702313244342804,-0.31583350896835327,2,15,0.6360936760902405,0.5821903944015503,-0.09260603040456772,2,16,0.36440062522888184,0.6718107461929321,-0.3179108798503876,2,17,0.6466186046600342,0.6195356845855713,-0.11509545147418976,2,18,0.35763221979141235,0.7208629846572876,-0.36307400465011597,2,19,0.6341625452041626,0.6247153282165527,-0.14287519454956055,2,20,0.3748512268066406,0.72198885679245,-0.37804022431373596,2,21,0.6252956390380859,0.6095545291900635,-0.10060936212539673,2,22,0.38206571340560913,0.700374960899353,-0.32523220777511597,2,23,0.48047900199890137,0.253643661737442,0.013737289234995842,2,24,0.41146320104599,0.31068819761276245,-0.013720221817493439,2,25,0.4701235890388489,0.252521812915802,0.38183560967445374,2,26,0.40288862586021423,0.2788703441619873,0.3754901885986328,2,27,0.42143240571022034,0.20757749676704407,0.8030717968940735,2,28,0.37503761053085327,0.23127077519893646,0.7712165713310242,2,29,0.40447935461997986,0.18141326308250427,0.8531680107116699,2,30,0.3648720681667328,0.2046479731798172,0.8185179829597473,2,31,0.42807674407958984,0.2645871341228485,0.8817917108535767,2,32,0.39536768198013306,0.2855181097984314,0.8369563817977905,2
0,0.5663646459579468,0.498599112033844,-0.6624716520309448,2,1,0.5755184888839722,0.47067421674728394,-0.6828211545944214,2,2,0.5818257927894592,0.4651544690132141,-0.6828696727752686,2,3,0.5887250304222107,0.45926433801651,-0.683039665222168,2,4,0.5630590915679932,0.4617983400821686,-0.6875050067901611,2,5,0.5587935447692871,0.46151313185691833,-0.6876205205917358,2,6,0.5517553687095642,0.4585000276565552,-0.6876524686813354,2,7,0.5931581854820251,0.4149576425552368,-0.6169745326042175,2,8,0.531823456287384,0.4441439211368561,-0.6370567679405212,2,9,0.5673741102218628,0.48056408762931824,-0.6207822561264038,2,10,0.5516667366027832,0.47319331765174866,-0.6265400648117065,2,11,0.6120571494102478,0.3347098231315613,-0.430001437664032,2,12,0.42672199010849,0.4228443503379822,-0.5062685608863831,2,13,0.6472627520561218,0.43253016471862793,-0.23906607925891876,2,14,0.33342689275741577,0.4728792905807495,-0.40036672353744507,2,15,0.636023223400116,0.582469642162323,-0.2146414965391159,2,16,0.365084707736969,0.6722897291183472,-0.43258699774742126,2,17,0.6468731164932251,0.6199975609779358,-0.24865469336509705,2,18,0.3590138852596283,0.7203102707862854,-0.48993438482284546,2,19,0.6342368125915527,0.6245659589767456,-0.2787816524505615,2,20,0.374919056892395,0.7214552760124207,-0.5063477158546448,2,21,0.6264339089393616,0.6091338992118835,-0.22545838356018066,2,22,0.3821033835411072,0.7003569006919861,-0.4409956932067871,2,23,0.48538631200790405,0.24374781548976898,0.015271385200321674,2,24,0.42364150285720825,0.2894250750541687,-0.015277661383152008,2,25,0.4665391445159912,0.2431032657623291,0.39399629831314087,2,26,0.40680378675460815,0.2671349048614502,0.3786124587059021,2,27,0.4240249693393707,0.20919133722782135,0.845179557800293,2,28,0.3783315122127533,0.2273636907339096,0.804746150970459,2,29,0.41086477041244507,0.18464408814907074,0.8966869115829468,2,30,0.36957284808158875,0.20414763689041138,0.8537248373031616,2,31,0.42797523736953735,0.2638462781906128,0.8928095698356628,2,32,0.3954073488712311,0.28247329592704773,0.8388851881027222,2
0,0.5544203519821167,0.47983890771865845,-0.6692628860473633,2,1,0.5626565217971802,0.45080894231796265,-0.6859607696533203,2,2,0.5691573023796082,0.44506195187568665,-0.6860287189483643,2,3,0.5756970047950745,0.43917033076286316,-0.6862496137619019,2,4,0.5445911884307861,0.4592919945716858,-0.6903290748596191,2,5,0.538253903388977,0.4604426920413971,-0.6904491782188416,2,6,0.5315267443656921,0.4613831043243408,-0.6904884576797485,2,7,0.5817602872848511,0.3965248167514801,-0.6149119138717651,2,8,0.5183244943618774,0.4287572503089905,-0.6314336061477661,2,9,0.5582417249679565,0.46394461393356323,-0.6269553899765015,2,10,0.538794755935669,0.4726507067680359,-0.6318714022636414,2,11,0.606952428817749,0.3206731379032135,-0.4316348433494568,2,12,0.42519235610961914,0.4188224673271179,-0.5015527606010437,2,13,0.6426297426223755,0.42619988322257996,-0.25789710879325867,2,14,0.33963316679000854,0.4741491675376892,-0.3923370838165283,2,15,0.6353631615638733,0.582070529460907,-0.22132089734077454,2,16,0.3656405806541443,0.6723991632461548,-0.41260066628456116,2,17,0.6467345356941223,0.6194580793380737,-0.25175029039382935,2,18,0.35963231325149536,0.720293402671814,-0.4662307798862457,2,19,0.634548544883728,0.6231110095977783,-0.2824086546897888,2,20,0.37492385506629944,0.721272349357605,-0.4766111373901367,2,21,0.6265338659286499,0.6066761612892151,-0.23214054107666016,2,22,0.38158291578292847,0.7001559734344482,-0.41815614700317383,2,23,0.48415955901145935,0.2377590537071228,0.014836546964943409,2,24,0.4233153760433197,0.28809022903442383,-0.014797190204262733,2,25,0.4681197702884674,0.23426717519760132,0.36478522419929504,2,26,0.406670480966568,0.2741409242153168,0.35202914476394653,2,27,0.42572396993637085,0.2010108381509781,0.8422514200210571,2,28,0.37925195693969727,0.22617219388484955,0.7544369101524353,2,29,0.4097386300563812,0.18520480394363403,0.8926655054092407,2,30,0.37114280462265015,0.2033575028181076,0.800731360912323,2,31,0.4276258051395416,0.25669416785240173,0.8340798616409302,2,32,0.39442986249923706,0.2741326093673706,0.7810118794441223,2
0,0.5512741804122925,0.42846983671188354,-0.6313480734825134,2,1,0.5575629472732544,0.41493067145347595,-0.6504632830619812,2,2,0.5615875124931335,0.41202524304389954,-0.6505329608917236,2,3,0.5661906003952026,0.40821748971939087,-0.6507446765899658,2,4,0.5440419912338257,0.41804957389831543,-0.6537156105041504,2,5,0.53912353515625,0.4201025366783142,-0.6538066267967224,2,6,0.534422755241394,0.4213612377643585,-0.6538658142089844,2,7,0.5693984627723694,0.38729575276374817,-0.5874055624008179,2,8,0.5199263095855713,0.41194796562194824,-0.6008757948875427,2,9,0.5536053776741028,0.4247128367424011,-0.5914990901947021,2,10,0.5385457873344421,0.4305461049079895,-0.5955754518508911,2,11,0.5896810293197632,0.327632874250412,-0.41599589586257935,2,12,0.42449265718460083,0.41925859451293945,-0.4825202524662018,2,13,0.6310001611709595,0.422990620136261,-0.26261061429977417,2,14,0.3466385304927826,0.4756063222885132,-0.39215779304504395,2,15,0.6351042985916138,0.5811015367507935,-0.2607265114784241,2,16,0.36569368839263916,0.6728081107139587,-0.4511035978794098,2,17,0.6467316746711731,0.6178873777389526,-0.3000887930393219,2,18,0.3597320020198822,0.7203029990196228,-0.5141390562057495,2,19,0.6361990571022034,0.6228594183921814,-0.33338919281959534,2,20,0.3740679919719696,0.7214508652687073,-0.5259537696838379,2,21,0.628472626209259,0.6068130135536194,-0.27395257353782654,2,22,0.3791757822036743,0.7006105780601501,-0.45872989296913147,2,23,0.48106807470321655,0.23335091769695282,0.014617119915783405,2,24,0.4215814471244812,0.2801847755908966,-0.014599723741412163,2,25,0.46611085534095764,0.23861369490623474,0.365203857421875,2,26,0.4064953327178955,0.27780699729919434,0.352177232503891,2,27,0.42998021841049194,0.1989949345588684,0.8124996423721313,2,28,0.3841854929924011,0.2244108021259308,0.750317394733429,2,29,0.41861090064048767,0.18200626969337463,0.8636957406997681,2,30,0.378030002117157,0.2037585973739624,0.7957385778427124,2,31,0.4387158751487732,0.25587257742881775,0.8212531805038452,2,32,0.3898164927959442,0.2721756398677826,0.7760147452354431,2
0,0.5395466685295105,0.42193153500556946,-0.6531102061271667,2,1,0.5442835688591003,0.4095478057861328,-0.6735403537750244,2,2,0.5478976964950562,0.40593093633651733,-0.6735895872116089,2,3,0.5523253679275513,0.4012722074985504,-0.6737462878227234,2,4,0.5299398899078369,0.41510021686553955,-0.6777125000953674,2,5,0.5252803564071655,0.4165416657924652,-0.6778178215026855,2,6,0.5211796760559082,0.4181275963783264,-0.6778972148895264,2,7,0.5542451739311218,0.38316598534584045,-0.6079150438308716,2,8,0.5026508569717407,0.40579554438591003,-0.6261767148971558,2,9,0.5427308678627014,0.4164719581604004,-0.6113438606262207,2,10,0.5286584496498108,0.42371076345443726,-0.6167444586753845,2,11,0.580160915851593,0.3199796676635742,-0.43038415908813477,2,12,0.4178139269351959,0.41564059257507324,-0.4952695965766907,2,13,0.6296055912971497,0.42102399468421936,-0.3058731257915497,2,14,0.34783458709716797,0.48161375522613525,-0.40508946776390076,2,15,0.635104775428772,0.5769739151000977,-0.3452175259590149,2,16,0.3661254048347473,0.6755362749099731,-0.46128058433532715,2,17,0.6470748782157898,0.6143096685409546,-0.39213261008262634,2,18,0.360348105430603,0.7211396098136902,-0.5236029624938965,2,19,0.6378470063209534,0.620140552520752,-0.4219021797180176,2,20,0.3740859627723694,0.7222533226013184,-0.536146342754364,2,21,0.6292616724967957,0.6039924025535583,-0.3584315776824951,2,22,0.37899234890937805,0.7023626565933228,-0.46930208802223206,2,23,0.471863329410553,0.2205030471086502,0.015794316306710243,2,24,0.41526103019714355,0.27320659160614014,-0.01583360880613327,2,25,0.46081414818763733,0.23200874030590057,0.3855540454387665,2,26,0.4027721881866455,0.27883073687553406,0.3547036051750183,2,27,0.4283706545829773,0.20099708437919617,0.8231799006462097,2,28,0.3849416971206665,0.2249014526605606,0.768162190914154,2,29,0.415985643863678,0.1825781911611557,0.87278813123703,2,30,0.37773066759109497,0.20389676094055176,0.8145473599433899,2,31,0.43651556968688965,0.2564978301525116,0.8619071245193481,2,32,0.3903430104255676,0.273877888917923,0.7864459753036499,2
0,0.5365220904350281,0.4175964295864105,-0.7125423550605774,2,1,0.5407909750938416,0.4016101062297821,-0.7289977073669434,2,2,0.5442683100700378,0.39806756377220154,-0.7289993762969971,2,3,0.5484312772750854,0.3936954438686371,-0.7291582822799683,2,4,0.5272719860076904,0.406849205493927,-0.7319549322128296,2,5,0.522720456123352,0.40793532133102417,-0.732077956199646,2,6,0.5181934833526611,0.41037753224372864,-0.732121467590332,2,7,0.5489217638969421,0.3791564106941223,-0.6481909155845642,2,8,0.5010807514190674,0.39970728754997253,-0.6606678366661072,2,9,0.5403722524642944,0.41315075755119324,-0.6662952899932861,2,10,0.5262477397918701,0.4216058850288391,-0.6700581312179565,2,11,0.5760657787322998,0.32455992698669434,-0.4559904634952545,2,12,0.4130403399467468,0.4200667440891266,-0.5199980139732361,2,13,0.6260750889778137,0.4188186228275299,-0.32652488350868225,2,14,0.3478263020515442,0.4946952760219574,-0.42006421089172363,2,15,0.6349596381187439,0.5716493725776672,-0.35161319375038147,2,16,0.36630186438560486,0.6776901483535767,-0.45573434233665466,2,17,0.6471508741378784,0.6093662977218628,-0.3951157033443451,2,18,0.3604178726673126,0.7223705649375916,-0.5135040879249573,2,19,0.6383554339408875,0.6170172691345215,-0.42405229806900024,2,20,0.37381649017333984,0.7232366800308228,-0.5244106650352478,2,21,0.629925012588501,0.6019079685211182,-0.3639751076698303,2,22,0.3786149322986603,0.7044321894645691,-0.4620884358882904,2,23,0.46881499886512756,0.22606739401817322,0.015474701300263405,2,24,0.4130539000034332,0.27543771266937256,-0.015537114813923836,2,25,0.46067214012145996,0.2268194854259491,0.38333725929260254,2,26,0.4031240940093994,0.27856332063674927,0.3552054762840271,2,27,0.4277064800262451,0.18724370002746582,0.8084888458251953,2,28,0.38472944498062134,0.21900828182697296,0.763656735420227,2,29,0.4135798513889313,0.176999032497406,0.8566954731941223,2,30,0.37739109992980957,0.19997943937778473,0.8094618916511536,2,31,0.4358093738555908,0.24340856075286865,0.8551141619682312,2,32,0.3906785547733307,0.25896918773651123,0.7892215847969055,2
0,0.5363320112228394,0.35648003220558167,-0.809018611907959,2,1,0.539717972278595,0.33743661642074585,-0.8137632608413696,2,2,0.5433965921401978,0.33475497364997864,-0.8137964010238647,2,3,0.548519492149353,0.33015453815460205,-0.8140097856521606,2,4,0.5264877676963806,0.33936312794685364,-0.8189162015914917,2,5,0.5213892459869385,0.3408127427101135,-0.8189491033554077,2,6,0.5156001448631287,0.3373904824256897,-0.8189336061477661,2,7,0.5546582937240601,0.3177037835121155,-0.6893218159675598,2,8,0.501039445400238,0.33002978563308716,-0.7125745415687561,2,9,0.5401026010513306,0.35783836245536804,-0.7472931742668152,2,10,0.5259222388267517,0.36449795961380005,-0.754675030708313,2,11,0.5806286931037903,0.3068241477012634,-0.4741290509700775,2,12,0.42973798513412476,0.36945411562919617,-0.5400348901748657,2,13,0.6185956001281738,0.4184558093547821,-0.39515435695648193,2,14,0.3685941696166992,0.49419084191322327,-0.4981599748134613,2,15,0.6341025829315186,0.5718293190002441,-0.49223193526268005,2,16,0.3665866255760193,0.6753122806549072,-0.6201279759407043,2,17,0.6468880772590637,0.6100015640258789,-0.5547927618026733,2,18,0.36040055751800537,0.720511794090271,-0.7007955312728882,2,19,0.6400587558746338,0.6183723211288452,-0.5875495672225952,2,20,0.3735376298427582,0.7231638431549072,-0.7123834490776062,2,21,0.6320779323577881,0.6019989848136902,-0.5093406438827515,2,22,0.378103107213974,0.7047896385192871,-0.6312276721000671,2,23,0.4932386875152588,0.20384396612644196,0.0107709476724267,2,24,0.4258786141872406,0.24731315672397614,-0.010788185521960258,2,25,0.5067422389984131,0.27383363246917725,0.32174786925315857,2,26,0.41420847177505493,0.317717969417572,0.3143545091152191,2,27,0.4941534399986267,0.24096766114234924,0.764855682849884,2,28,0.38498762249946594,0.2629837095737457,0.7182736992835999,2,29,0.4908589720726013,0.23070687055587769,0.8110060691833496,2,30,0.3803179860115051,0.248195081949234,0.7612117528915405,2,31,0.4994262754917145,0.2875635325908661,0.7770527601242065,2,32,0.3835604786872864,0.27845054864883423,0.7191817760467529,2