0,0.504468560218811,0.506060779094696,0.23127926886081696,2,1,0.49543678760528564,0.5272997617721558,0.2170598804950714,2,2,0.49179092049598694,0.5293405652046204,0.21698686480522156,2,3,0.4880698621273041,0.5312350392341614,0.21670451760292053,2,4,0.5005625486373901,0.5230598449707031,0.2515881359577179,2,5,0.5014537572860718,0.5223385095596313,0.2516864836215973,2,6,0.5023327469825745,0.521712064743042,0.2515019178390503,2,7,0.47135427594184875,0.5322568416595459,0.17872439324855804,2,8,0.490184485912323,0.5202746987342834,0.3372788727283478,2,9,0.4943169057369232,0.49449294805526733,0.21850958466529846,2,10,0.5020379424095154,0.4905908703804016,0.26417139172554016,2,11,0.43445709347724915,0.5050966739654541,0.06834360957145691,2,12,0.4835551679134369,0.4355310797691345,0.38960662484169006,2,13,0.448361337184906,0.5508683323860168,0.02844538912177086,2,14,0.5089244842529297,0.33341318368911743,0.4415699541568756,2,15,0.4569568336009979,0.5440006852149963,0.16652391850948334,2,16,0.4987127184867859,0.3568607568740845,0.40767428278923035,2,17,0.4545322060585022,0.5451021194458008,0.15966306626796722,2,18,0.49724483489990234,0.3580726981163025,0.4110681116580963,2,19,0.4535664916038513,0.5343388319015503,0.1643480807542801,2,20,0.4921082854270935,0.36778509616851807,0.41095679998397827,2,21,0.455568790435791,0.5310200452804565,0.1704198718070984,2,22,0.4901290237903595,0.37013939023017883,0.4041258990764618,2,23,0.45461171865463257,0.18000194430351257,-0.10404767841100693,2,24,0.48878076672554016,0.160496324300766,0.103798508644104,2,25,0.5776796936988831,0.0345948189496994,-0.18717071413993835,2,26,0.5822616815567017,0.03810371458530426,0.09239984303712845,2,27,0.5649811625480652,-0.011252716183662415,0.164565771818161,2,28,0.585802435874939,-0.002381950616836548,0.24190984666347504,2,29,0.5552318692207336,-0.011496394872665405,0.2081477791070938,2,30,0.5797519087791443,-0.005753353238105774,0.2622363269329071,2,31,0.5850040912628174,-0.05149871110916138,0.28102657198905945,2,32,0.6078141331672668,-0.031791508197784424,0.2974727749824524,2
0,0.40858346223831177,0.7164746522903442,0.08464524149894714,2,1,0.4130406677722931,0.7338663935661316,0.08044323325157166,2,2,0.41423922777175903,0.7333393096923828,0.0802636444568634,2,3,0.4154575765132904,0.7327222228050232,0.08004682511091232,2,4,0.41192346811294556,0.7353858351707458,0.06637106835842133,2,5,0.4131716191768646,0.7360005378723145,0.0662987008690834,2,6,0.4143405556678772,0.7366130352020264,0.06608878076076508,2,7,0.42843249440193176,0.7200582027435303,0.07752863317728043,2,8,0.42573776841163635,0.7237052917480469,0.009612229652702808,2,9,0.4145269989967346,0.6955451965332031,0.08839751034975052,2,10,0.4160056412220001,0.6978917121887207,0.0685940608382225,2,11,0.4513057470321655,0.6102242469787598,0.061037007719278336,2,12,0.43694618344306946,0.6357329487800598,0.005954272113740444,2,13,0.46677887439727783,0.5141414403915405,0.11699039489030838,2,14,0.44495880603790283,0.5420963764190674,0.059902820736169815,2,15,0.4591599404811859,0.4670555889606476,0.1938154697418213,2,16,0.44852498173713684,0.4566704034805298,0.1870092898607254,2,17,0.45792776346206665,0.45106032490730286,0.19019275903701782,2,18,0.4503136873245239,0.42585045099258423,0.2027580738067627,2,19,0.454671710729599,0.46263375878334045,0.19347545504570007,2,20,0.4468803405761719,0.4295232892036438,0.19746899604797363,2,21,0.45592498779296875,0.46733781695365906,0.19489867985248566,2,22,0.44814327359199524,0.4396446645259857,0.18927882611751556,2,23,0.4587382376194,0.2515304386615753,-0.016411397606134415,2,24,0.4760793149471283,0.2799926698207855,0.01630493998527527,2,25,0.47738513350486755,0.07669699937105179,0.03599747642874718,2,26,0.5060582160949707,0.0731213390827179,0.09978286921977997,2,27,0.4990592896938324,-0.013954203575849533,0.45991790294647217,2,28,0.5200107097625732,-0.012336686253547668,0.4618104100227356,2,29,0.5028577446937561,-0.016791731119155884,0.5059711337089539,2,30,0.5195276737213135,-0.019066719338297844,0.5039123892784119,2,31,0.5046968460083008,-0.06863009184598923,0.5247666835784912,2,32,0.5212597250938416,-0.0741797685623169,0.49714747071266174,2
END PUSHUP
0,0.6783818006515503,0.46025288105010986,-0.8173512816429138,2,1,0.7078929543495178,0.408772736787796,-0.8236258029937744,2,2,0.7172180414199829,0.4042837619781494,-0.8236636519432068,2,3,0.7269995212554932,0.39802390336990356,-0.8238407373428345,2,4,0.6833565831184387,0.3938312530517578,-0.8616971373558044,2,5,0.6731594204902649,0.3795013427734375,-0.8621580600738525,2,6,0.6628357768058777,0.3635476231575012,-0.8622365593910217,2,7,0.7279901504516602,0.32609692215919495,-0.6732962131500244,2,8,0.6321195363998413,0.2639499008655548,-0.8521586060523987,2,9,0.663942277431488,0.4757573902606964,-0.7372821569442749,2,10,0.6385564208030701,0.4500453472137451,-0.7925316095352173,2,11,0.6983173489570618,0.38788411021232605,-0.5262000560760498,2,12,0.4252704083919525,0.22276969254016876,-0.62369304895401,2,13,0.7012221813201904,0.5694544315338135,-0.08849477767944336,2,14,0.1702892929315567,0.45272281765937805,-0.4649716913700104,2,15,0.6786762475967407,0.8050052523612976,0.07348064333200455,2,16,0.28712034225463867,0.8623188734054565,-0.4144236445426941,2,17,0.7134582996368408,0.847489058971405,0.0684945210814476,2,18,0.30584415793418884,0.9440927505493164,-0.4524897634983063,2,19,0.6936356425285339,0.8409202098846436,0.032825738191604614,2,20,0.35879379510879517,0.9108615517616272,-0.4229755103588104,2,21,0.6719223260879517,0.8203612565994263,0.06552980840206146,2,22,0.35838887095451355,0.872283399105072,-0.39674678444862366,2,23,0.4294130504131317,0.7171117663383484,0.04793862998485565,2,24,0.30194681882858276,0.6141014099121094,-0.04758729413151741,2,25,0.30084940791130066,0.7100428342819214,0.5311749577522278,2,26,0.18621142208576202,0.6136717796325684,0.4385251998901367,2,27,0.2712234854698181,0.691284716129303,1.055471658706665,2,28,0.1648852378129959,0.594687283039093,0.9291350245475769,2,29,0.2730299234390259,0.6663578152656555,1.121086835861206,2,30,0.1744900792837143,0.5485603213310242,0.9874899983406067,2,31,0.23995304107666016,0.7945083379745483,1.1261175870895386,2,32,0.16025565564632416,0.7378621101379395,0.974605917930603,2
0,0.6808913350105286,0.49665334820747375,-0.6999105215072632,2,1,0.709973156452179,0.4434332549571991,-0.7051994204521179,2,2,0.7188101410865784,0.4408320188522339,-0.705376386642456,2,3,0.7288388013839722,0.4368448853492737,-0.7056615352630615,2,4,0.6846970915794373,0.4250543713569641,-0.740244448184967,2,5,0.6743773818016052,0.4092995524406433,-0.7406723499298096,2,6,0.6637075543403625,0.39146989583969116,-0.7406823635101318,2,7,0.7308589816093445,0.3606726825237274,-0.5761158466339111,2,8,0.6319015026092529,0.2915877103805542,-0.7307286858558655,2,9,0.6677711009979248,0.5131674408912659,-0.6297463774681091,2,10,0.6390275955200195,0.487949013710022,-0.6742891073226929,2,11,0.7067796587944031,0.4360281229019165,-0.4433544874191284,2,12,0.42187100648880005,0.2489699423313141,-0.5315777063369751,2,13,0.7131874561309814,0.5641538500785828,-0.00431548897176981,2,14,0.16342595219612122,0.46278300881385803,-0.3398694396018982,2,15,0.6911360621452332,0.8043936491012573,0.20814722776412964,2,16,0.28475579619407654,0.8679752349853516,-0.23927468061447144,2,17,0.7213205099105835,0.8381668925285339,0.21623696386814117,2,18,0.3018920123577118,0.9519006609916687,-0.2585390508174896,2,19,0.6997562646865845,0.8388786315917969,0.1955311894416809,2,20,0.35696330666542053,0.9118266105651855,-0.23204798996448517,2,21,0.680869996547699,0.8188340663909912,0.20673654973506927,2,22,0.3559596836566925,0.874897837638855,-0.22312237322330475,2,23,0.4310232400894165,0.7244029641151428,0.05053393915295601,2,24,0.2995327413082123,0.638488233089447,-0.04992922767996788,2,25,0.3148534893989563,0.7694424390792847,0.4550635516643524,2,26,0.17316678166389465,0.6629940271377563,0.3472871482372284,2,27,0.2826560139656067,0.7792395949363708,0.9289190173149109,2,28,0.15571193397045135,0.6395344138145447,0.7654389142990112,2,29,0.2838136851787567,0.7468463182449341,0.983568549156189,2,30,0.15904836356639862,0.5889911651611328,0.8155443072319031,2,31,0.24708284437656403,0.8926942944526672,1.008908987045288,2,32,0.15090347826480865,0.7931755781173706,0.7951239943504333,2
0,0.6957710981369019,0.5261662602424622,-0.6725304126739502,2,1,0.7311923503875732,0.4712749719619751,-0.6800909042358398,2,2,0.7411853075027466,0.4685077369213104,-0.6802888512611389,2,3,0.7538968324661255,0.4603237509727478,-0.6805237531661987,2,4,0.7021030187606812,0.4491550028324127,-0.718732476234436,2,5,0.6913049817085266,0.4313719868659973,-0.7191964983940125,2,6,0.6809112429618835,0.4124389588832855,-0.71916663646698,2,7,0.7526413202285767,0.3826790750026703,-0.5701472163200378,2,8,0.647643506526947,0.3004416823387146,-0.7387332916259766,2,9,0.6815678477287292,0.5421932935714722,-0.6092163324356079,2,10,0.6486451029777527,0.511754035949707,-0.6584894061088562,2,11,0.7156810760498047,0.4544777572154999,-0.4301570951938629,2,12,0.4247336685657501,0.27581918239593506,-0.5467941164970398,2,13,0.7123596668243408,0.6148701906204224,0.039173759520053864,2,14,0.15325647592544556,0.47249454259872437,-0.3251568377017975,2,15,0.6896476149559021,0.8130255341529846,0.28847235441207886,2,16,0.2820887565612793,0.8753812313079834,-0.1755494475364685,2,17,0.7203516364097595,0.8414152264595032,0.3088715672492981,2,18,0.3015345633029938,0.9553713202476501,-0.17912258207798004,2,19,0.7015871405601501,0.8392355442047119,0.29085391759872437,2,20,0.35694947838783264,0.9129323363304138,-0.15260626375675201,2,21,0.6847283244132996,0.8195000290870667,0.2898281514644623,2,22,0.3557598292827606,0.8790262341499329,-0.15708889067173004,2,23,0.4334929585456848,0.7622880339622498,0.05925257131457329,2,24,0.29277414083480835,0.6883286237716675,-0.05835413932800293,2,25,0.32578763365745544,0.9264503717422485,0.4133034348487854,2,26,0.1442393660545349,0.7667693495750427,0.29155439138412476,2,27,0.27226099371910095,1.0309064388275146,0.902895987033844,2,28,0.07476595044136047,0.8095301985740662,0.6984323859214783,2,29,0.2648244798183441,1.0038256645202637,0.9526956677436829,2,30,0.06627075374126434,0.7664080262184143,0.7427228093147278,2,31,0.22535935044288635,1.1835964918136597,0.9344918727874756,2,32,0.05813109129667282,0.9989972114562988,0.6716480255126953,2
0,0.6865301728248596,0.6074627637863159,-0.6674932837486267,2,1,0.7345606684684753,0.564146101474762,-0.6763259768486023,2,2,0.7487329840660095,0.566183865070343,-0.6764776110649109,2,3,0.7635962963104248,0.5680313110351562,-0.676670253276825,2,4,0.6908764243125916,0.5201153755187988,-0.7112924456596375,2,5,0.6785614490509033,0.5071481466293335,-0.7117462158203125,2,6,0.6687315702438354,0.5024726986885071,-0.7116639018058777,2,7,0.7538060545921326,0.44287189841270447,-0.5626722574234009,2,8,0.6384161710739136,0.3661060631275177,-0.7173629999160767,2,9,0.6755733489990234,0.6172216534614563,-0.601571798324585,2,10,0.6415397524833679,0.5947098731994629,-0.6462489366531372,2,11,0.7178201675415039,0.48899659514427185,-0.4148295819759369,2,12,0.42317742109298706,0.30423030257225037,-0.5262610912322998,2,13,0.7068902850151062,0.6109561920166016,0.0719185546040535,2,14,0.14528822898864746,0.4722161889076233,-0.2894391715526581,2,15,0.6850839853286743,0.8172757625579834,0.28705495595932007,2,16,0.27528107166290283,0.8723324537277222,-0.13246361911296844,2,17,0.7136476039886475,0.8453785181045532,0.3036617934703827,2,18,0.2965945601463318,0.9524592757225037,-0.14414329826831818,2,19,0.7013046145439148,0.8403617143630981,0.27965959906578064,2,20,0.351663202047348,0.9132305979728699,-0.1106678768992424,2,21,0.6834418773651123,0.8212631344795227,0.2854732573032379,2,22,0.35130515694618225,0.8795275688171387,-0.11272763460874557,2,23,0.4338250458240509,0.7760686874389648,0.07490847259759903,2,24,0.2910095453262329,0.7041804194450378,-0.07389305531978607,2,25,0.354488730430603,0.836353600025177,0.4458509087562561,2,26,0.15499518811702728,0.765801727771759,0.3144457936286926,2,27,0.27359166741371155,0.8799185156822205,0.9463614821434021,2,28,0.10353662073612213,0.7931702136993408,0.7339783906936646,2,29,0.26812270283699036,0.9642370343208313,0.9980404376983643,2,30,0.09661134332418442,0.7461657524108887,0.7805874943733215,2,31,0.23410329222679138,1.010646939277649,1.0193408727645874,2,32,0.09533967822790146,0.9758468270301819,0.7444489598274231,2
0,0.683912992477417,0.6488500237464905,-0.8478981852531433,2,1,0.7394443154335022,0.5918371677398682,-0.8560182452201843,2,2,0.7550579309463501,0.5956085324287415,-0.8560258746147156,2,3,0.7708390951156616,0.5995757579803467,-0.8561614751815796,2,4,0.693594753742218,0.5588765740394592,-0.8894689679145813,2,5,0.676561713218689,0.5395088195800781,-0.8899873495101929,2,6,0.6660240292549133,0.5247306823730469,-0.889868974685669,2,7,0.7534619569778442,0.47680312395095825,-0.7080393433570862,2,8,0.6441264748573303,0.39860469102859497,-0.8592824935913086,2,9,0.6754214763641357,0.6587954163551331,-0.7657316327095032,2,10,0.6411856412887573,0.6315101385116577,-0.8100351691246033,2,11,0.717507004737854,0.5190218091011047,-0.5226083993911743,2,12,0.42373043298721313,0.33110469579696655,-0.6030399203300476,2,13,0.7016677260398865,0.6260262131690979,-0.02350420318543911,2,14,0.14063456654548645,0.4721371829509735,-0.39227333664894104,2,15,0.6802709698677063,0.8245055079460144,0.20163577795028687,2,16,0.27517396211624146,0.8715357780456543,-0.23048299551010132,2,17,0.7077796459197998,0.8524895310401917,0.21376951038837433,2,18,0.29672715067863464,0.9512988924980164,-0.24731135368347168,2,19,0.7005966305732727,0.8408717513084412,0.18446959555149078,2,20,0.34974440932273865,0.9133722186088562,-0.21771587431430817,2,21,0.682574987411499,0.8215828537940979,0.19866915047168732,2,22,0.3490454852581024,0.879863977432251,-0.21219997107982635,2,23,0.43326494097709656,0.7814616560935974,0.08237369358539581,2,24,0.2848595380783081,0.7037534713745117,-0.08143686503171921,2,25,0.4011556804180145,0.798133134841919,0.5543709397315979,2,26,0.16441453993320465,0.7228859663009644,0.40096187591552734,2,27,0.30997028946876526,0.8037290573120117,1.1401684284210205,2,28,0.11168282479047775,0.7451484799385071,0.8890962600708008,2,29,0.29546353220939636,0.8050966262817383,1.2070740461349487,2,30,0.11720381677150726,0.7379432320594788,0.9487985968589783,2,31,0.2621455788612366,0.9850621223449707,1.2735944986343384,2,32,0.12484783679246902,0.9004537463188171,0.95469731092453,2
0,0.6928678750991821,0.6563681960105896,-0.8867146968841553,2,1,0.7485613226890564,0.6008448004722595,-0.8914177417755127,2,2,0.763741672039032,0.6054769158363342,-0.8914108872413635,2,3,0.7789114713668823,0.6103259325027466,-0.891549289226532,2,4,0.7012504935264587,0.564292848110199,-0.9253346920013428,2,5,0.6901804804801941,0.545215368270874,-0.9258676171302795,2,6,0.6815122961997986,0.5250231623649597,-0.9257723689079285,2,7,0.7580411434173584,0.4969591498374939,-0.7358685731887817,2,8,0.6578291654586792,0.41419094800949097,-0.8902934193611145,2,9,0.6818383932113647,0.6704719662666321,-0.8037158250808716,2,10,0.6510715484619141,0.6400850415229797,-0.8486475348472595,2,11,0.7158346176147461,0.5332528352737427,-0.5490440130233765,2,12,0.42508837580680847,0.36033865809440613,-0.6421297788619995,2,13,0.699619472026825,0.6331844329833984,-0.03465627133846283,2,14,0.14031608402729034,0.4707966148853302,-0.4002700746059418,2,15,0.6799105405807495,0.8294586539268494,0.21017734706401825,2,16,0.27612972259521484,0.8711661696434021,-0.21164867281913757,2,17,0.7077648639678955,0.8610633611679077,0.22377897799015045,2,18,0.3031774163246155,0.9491513967514038,-0.22134344279766083,2,19,0.700624406337738,0.846045970916748,0.19557932019233704,2,20,0.349827378988266,0.9128917455673218,-0.19322378933429718,2,21,0.683607816696167,0.8276205658912659,0.2078910917043686,2,22,0.3494286835193634,0.8804019689559937,-0.19311319291591644,2,23,0.43835553526878357,0.7850450277328491,0.08276796340942383,2,24,0.2855852246284485,0.7065446376800537,-0.0819394513964653,2,25,0.4212396740913391,0.7799824476242065,0.5801246762275696,2,26,0.1701139509677887,0.708794116973877,0.4355284571647644,2,27,0.33687523007392883,0.799086332321167,1.169479489326477,2,28,0.14317061007022858,0.7218570709228516,0.9439446330070496,2,29,0.3242216110229492,0.7768388986587524,1.2371158599853516,2,30,0.15719389915466309,0.6927317380905151,1.0053092241287231,2,31,0.2829812169075012,0.9451173543930054,1.3000905513763428,2,32,0.14480598270893097,0.9003374576568604,1.007373332977295,2
0,0.6987914443016052,0.6868728995323181,-0.8798511028289795,2,1,0.7401934862136841,0.6207389831542969,-0.871260404586792,2,2,0.7609826326370239,0.636805534362793,-0.8713403344154358,2,3,0.7758115530014038,0.6381391882896423,-0.8714733719825745,2,4,0.702042281627655,0.6041968464851379,-0.9047172665596008,2,5,0.6905052065849304,0.5866413116455078,-0.9051230549812317,2,6,0.6802432537078857,0.5680508613586426,-0.9051130414009094,2,7,0.7626903057098389,0.5178534984588623,-0.7202481031417847,2,8,0.653577983379364,0.46479538083076477,-0.8684630990028381,2,9,0.6889527440071106,0.6951897144317627,-0.7996429800987244,2,10,0.6574326753616333,0.6769007444381714,-0.8455600738525391,2,11,0.7238775491714478,0.5590949654579163,-0.543049693107605,2,12,0.4241815209388733,0.39050862193107605,-0.6325321793556213,2,13,0.7173044085502625,0.6499961018562317,0.00733777042478323,2,14,0.13900843262672424,0.4706383943557739,-0.34183892607688904,2,15,0.6821226477622986,0.8405182361602783,0.3167230486869812,2,16,0.276542991399765,0.8690251111984253,-0.116855189204216,2,17,0.7090360522270203,0.864908754825592,0.34296828508377075,2,18,0.3089885115623474,0.9462172985076904,-0.11335056275129318,2,19,0.701776385307312,0.8539330363273621,0.32167091965675354,2,20,0.35054582357406616,0.9108020067214966,-0.08637479692697525,2,21,0.6857883930206299,0.840817391872406,0.3194427788257599,2,22,0.34951063990592957,0.8799136877059937,-0.09756723046302795,2,23,0.45703989267349243,0.8009790182113647,0.08487506210803986,2,24,0.2953086793422699,0.7327736020088196,-0.08403696119785309,2,25,0.43439844250679016,0.8233823180198669,0.5685036778450012,2,26,0.17337892949581146,0.7903441786766052,0.4312853515148163,2,27,0.34215259552001953,0.8666936755180359,1.1187994480133057,2,28,0.1487395018339157,0.8842861652374268,0.9213959574699402,2,29,0.33155548572540283,0.829051673412323,1.1833151578903198,2,30,0.16398754715919495,0.8404884338378906,0.99632328748703,2,31,0.28530293703079224,1.018741250038147,1.2299978733062744,2,32,0.14541257917881012,1.0937035083770752,0.9615125060081482,2
0,0.7045031785964966,0.7342532873153687,-0.7711532711982727,2,1,0.7388246059417725,0.678890585899353,-0.7914380431175232,2,2,0.7539279460906982,0.6771150827407837,-0.7913834452629089,2,3,0.7671501636505127,0.6725088357925415,-0.7914096713066101,2,4,0.7060279250144958,0.6643112897872925,-0.8350982666015625,2,5,0.6937412619590759,0.6500356793403625,-0.8356268405914307,2,6,0.6817079186439514,0.6362053751945496,-0.8355486392974854,2,7,0.7632592916488647,0.5940491557121277,-0.7197129726409912,2,8,0.6510487794876099,0.5376191735267639,-0.8759976029396057,2,9,0.694187343120575,0.7459325194358826,-0.7119213938713074,2,10,0.6624205708503723,0.7288354635238647,-0.7699117660522461,2,11,0.7273548245429993,0.6029427647590637,-0.5376638174057007,2,12,0.4233042597770691,0.42724528908729553,-0.6171470284461975,2,13,0.736693263053894,0.6857682466506958,0.08072496205568314,2,14,0.13995687663555145,0.4713180661201477,-0.2741290330886841,2,15,0.6816967725753784,0.8522101640701294,0.35771405696868896,2,16,0.2782663106918335,0.8694772720336914,-0.029652489349246025,2,17,0.7094114422798157,0.8771570920944214,0.3864911198616028,2,18,0.3142915368080139,0.946341872215271,-0.009007712826132774,2,19,0.7017815113067627,0.8651933670043945,0.3540981411933899,2,20,0.3543276786804199,0.9108555912971497,0.005261997692286968,2,21,0.6863951086997986,0.8514260053634644,0.3579779267311096,2,22,0.3535658121109009,0.8801411986351013,-0.011208406649529934,2,23,0.4702199697494507,0.8393933176994324,0.08797144144773483,2,24,0.2706868052482605,0.7516317367553711,-0.08702222257852554,2,25,0.33825165033340454,1.07138991355896,0.43834033608436584,2,26,0.15277759730815887,0.974662721157074,0.2670937180519104,2,27,0.21971455216407776,1.233989953994751,0.9979623556137085,2,28,0.03461012616753578,1.1778466701507568,0.6912487745285034,2,29,0.20170150697231293,1.2147725820541382,1.054421305656433,2,30,0.01886669360101223,1.1589595079421997,0.7341859340667725,2,31,0.16805364191532135,1.4066200256347656,1.0209904909133911,2,32,0.020473506301641464,1.402735948562622,0.6255797743797302,2
0,0.7157356142997742,0.7542033195495605,-0.8274202942848206,2,1,0.7429234385490417,0.694067120552063,-0.8388738632202148,2,2,0.7541983127593994,0.6906220316886902,-0.8387906551361084,2,3,0.7661035060882568,0.6841592192649841,-0.8390336632728577,2,4,0.7151127457618713,0.678986668586731,-0.8749428391456604,2,5,0.7034202218055725,0.6649577021598816,-0.8753932118415833,2,6,0.6917898058891296,0.6512595415115356,-0.8753876090049744,2,7,0.7639091610908508,0.6036569476127625,-0.7205072641372681,2,8,0.6513612866401672,0.5645858645439148,-0.8693602681159973,2,9,0.7053945064544678,0.769314706325531,-0.7559913396835327,2,10,0.6728392243385315,0.7474014163017273,-0.8020517826080322,2,11,0.7387389540672302,0.6226738691329956,-0.5473053455352783,2,12,0.4221521317958832,0.45647814869880676,-0.620534360408783,2,13,0.7517917156219482,0.6905909180641174,0.012055894359946251,2,14,0.14290206134319305,0.4712206721305847,-0.32055777311325073,2,15,0.6830285787582397,0.8499931693077087,0.2727956771850586,2,16,0.27929654717445374,0.8666969537734985,-0.19315777719020844,2,17,0.7091202139854431,0.8755338191986084,0.2902505099773407,2,18,0.3215619921684265,0.9453244805335999,-0.20466618239879608,2,19,0.7020326256752014,0.8674806356430054,0.2695234715938568,2,20,0.35571005940437317,0.9058706164360046,-0.18465743958950043,2,21,0.6879947185516357,0.8535199165344238,0.27336177229881287,2,22,0.354451984167099,0.8778772950172424,-0.17860578000545502,2,23,0.4850987195968628,0.8238928914070129,0.09263753145933151,2,24,0.28325995802879333,0.7372862100601196,-0.09208711981773376,2,25,0.47388380765914917,1.0577507019042969,0.5204511284828186,2,26,0.25794535875320435,0.9289392828941345,0.4046948552131653,2,27,0.47437694668769836,1.060949444770813,1.0779991149902344,2,28,0.3213115632534027,0.9918540716171265,0.8838338255882263,2,29,0.4722438454627991,1.056177020072937,1.1450982093811035,2,30,0.33164432644844055,0.913142740726471,0.9443835020065308,2,31,0.46140024065971375,1.174060344696045,1.206061601638794,2,32,0.34544485807418823,1.2082463502883911,0.9673844575881958,2
0,0.7230340838432312,0.8571041822433472,-0.8646813035011292,2,1,0.7479659914970398,0.8132439255714417,-0.8779934048652649,2,2,0.757290244102478,0.8063481450080872,-0.8778651356697083,2,3,0.7676430940628052,0.7973540425300598,-0.8780505061149597,2,4,0.723716676235199,0.8076328039169312,-0.9147743582725525,2,5,0.7129892110824585,0.795473039150238,-0.9152936339378357,2,6,0.6870030164718628,0.8022302389144897,-0.9154262542724609,2,7,0.7730684876441956,0.7040180563926697,-0.7624934911727905,2,8,0.6538097262382507,0.6665524244308472,-0.9237521886825562,2,9,0.7120205760002136,0.8699068427085876,-0.7970934510231018,2,10,0.680383563041687,0.8535348176956177,-0.8442765474319458,2,11,0.7841054201126099,0.6970977783203125,-0.5939320921897888,2,12,0.42170068621635437,0.5128089785575867,-0.6646373867988586,2,13,0.8003361821174622,0.6980777382850647,-0.0573088675737381,2,14,0.14414414763450623,0.4626893103122711,-0.4013098180294037,2,15,0.7349585294723511,0.8503472805023193,0.24519409239292145,2,16,0.2797624170780182,0.8622506260871887,-0.23116250336170197,2,17,0.7575049996376038,0.8688124418258667,0.26331907510757446,2,18,0.32081568241119385,0.941799521446228,-0.2535017430782318,2,19,0.722743570804596,0.8515020608901978,0.2577359080314636,2,20,0.3552652895450592,0.9017521142959595,-0.2271859049797058,2,21,0.7092069387435913,0.8308923840522766,0.2490588277578354,2,22,0.35295456647872925,0.8725838661193848,-0.22072814404964447,2,23,0.49247312545776367,0.8451982736587524,0.09645029157400131,2,24,0.30848804116249084,0.7448166608810425,-0.09599651396274567,2,25,0.46975523233413696,0.9352405071258545,0.5397464036941528,2,26,0.2760883867740631,0.8445147275924683,0.41714149713516235,2,27,0.46989744901657104,0.9883719086647034,1.1176249980926514,2,28,0.3093443214893341,0.8974329829216003,0.9103053212165833,2,29,0.4708630442619324,0.9761605858802795,1.1861670017242432,2,30,0.3160317540168762,0.8426552414894104,0.9699318408966064,2,31,0.4487933814525604,1.1223251819610596,1.2424505949020386,2,32,0.3702445328235626,1.119619607925415,0.9711259603500366,2
0,0.725415050983429,0.876404345035553,-0.7821819186210632,2,1,0.7513488531112671,0.8401128649711609,-0.7969187498092651,2,2,0.7590149641036987,0.8359999656677246,-0.7968408465385437,2,3,0.7682428359985352,0.8293435573577881,-0.7970870733261108,2,4,0.7304275631904602,0.8306170105934143,-0.8439613580703735,2,5,0.7210099101066589,0.8183010816574097,-0.8445213437080383,2,6,0.7066009640693665,0.8048288226127625,-0.8446849584579468,2,7,0.7687339782714844,0.733528196811676,-0.7294661402702332,2,8,0.6581937670707703,0.6936149597167969,-0.9055039882659912,2,9,0.7113900780677795,0.8907435536384583,-0.7307889461517334,2,10,0.6832625269889832,0.8720799684524536,-0.7924322485923767,2,11,0.76576167345047,0.7127195000648499,-0.5824531316757202,2,12,0.42685577273368835,0.5373774766921997,-0.6879494190216064,2,13,0.7655711770057678,0.6981651782989502,-0.0482037290930748,2,14,0.14960403740406036,0.4637894928455353,-0.4441339373588562,2,15,0.7343527674674988,0.8383579254150391,0.2687438726425171,2,16,0.2781357765197754,0.8649706244468689,-0.21797658503055573,2,17,0.7566669583320618,0.8332527279853821,0.29368340969085693,2,18,0.3200460374355316,0.9420759677886963,-0.21672533452510834,2,19,0.7176230549812317,0.8084667921066284,0.3013865649700165,2,20,0.3543422818183899,0.9015576839447021,-0.17484323680400848,2,21,0.7074453830718994,0.8186353445053101,0.2768678665161133,2,22,0.3509250581264496,0.8730419874191284,-0.19462095201015472,2,23,0.4911744296550751,0.8448007702827454,0.11057227104902267,2,24,0.3049618899822235,0.7609538435935974,-0.10992240905761719,2,25,0.4518132507801056,0.9230411648750305,0.5358086228370667,2,26,0.24488183856010437,0.8641276359558105,0.36120015382766724,2,27,0.45331427454948425,0.9440008997917175,1.1016000509262085,2,28,0.2489745169878006,0.9451422095298767,0.8246055841445923,2,29,0.4510643780231476,0.9144799709320068,1.165828824043274,2,30,0.24661917984485626,0.8916496634483337,0.8776876330375671,2,31,0.44328436255455017,1.0749319791793823,1.2122933864593506,2,32,0.2625504732131958,1.1729531288146973,0.8503089547157288,2
0,0.7264075875282288,0.8939890265464783,-0.7776282429695129,2,1,0.7541569471359253,0.8577566146850586,-0.7908819317817688,2,2,0.7620745897293091,0.8530057668685913,-0.7908094525337219,2,3,0.7721459269523621,0.8446859121322632,-0.7910606861114502,2,4,0.7322174906730652,0.851226270198822,-0.8357360363006592,2,5,0.7228238582611084,0.8404618501663208,-0.8362817764282227,2,6,0.7107726335525513,0.8268265128135681,-0.8364421129226685,2,7,0.7694587111473083,0.7466599941253662,-0.7279309630393982,2,8,0.6577702164649963,0.7194887399673462,-0.9003663659095764,2,9,0.7116236090660095,0.9067554473876953,-0.7257253527641296,2,10,0.6843578815460205,0.8911082148551941,-0.7850267887115479,2,11,0.7573843002319336,0.681438684463501,-0.5686258673667908,2,12,0.42898136377334595,0.5475612282752991,-0.6928566098213196,2,13,0.758132815361023,0.6912973523139954,-0.06884083896875381,2,14,0.15042191743850708,0.4638354182243347,-0.48385459184646606,2,15,0.7288492321968079,0.8122602105140686,0.2523162066936493,2,16,0.2785198986530304,0.8652663826942444,-0.2632656395435333,2,17,0.7621590495109558,0.8000643253326416,0.27301153540611267,2,18,0.31928035616874695,0.9411866664886475,-0.2560817003250122,2,19,0.7391678094863892,0.7988139390945435,0.27543559670448303,2,20,0.3541123569011688,0.8980954885482788,-0.2028484344482422,2,21,0.7176953554153442,0.8039317727088928,0.2578849196434021,2,22,0.3509167432785034,0.8693920373916626,-0.23820744454860687,2,23,0.47465217113494873,0.8657798767089844,0.11134649068117142,2,24,0.30485817790031433,0.7941022515296936,-0.11074434965848923,2,25,0.4421042799949646,0.9194740056991577,0.5405269265174866,2,26,0.23686830699443817,0.8686991930007935,0.3626747727394104,2,27,0.4459608197212219,0.9257392883300781,1.1234906911849976,2,28,0.23031072318553925,0.9434993267059326,0.8524577021598816,2,29,0.4435615539550781,0.892184853553772,1.1891716718673706,2,30,0.22925227880477905,0.8926421999931335,0.9105829000473022,2,31,0.44142821431159973,1.0531930923461914,1.252297282218933,2,32,0.24153657257556915,1.1583393812179565,0.9030879139900208,2
0,0.7268544435501099,0.8983932137489319,-0.8716033697128296,2,1,0.7528434991836548,0.8587177395820618,-0.889191210269928,2,2,0.7612841725349426,0.8509012460708618,-0.8890547156333923,2,3,0.7712268829345703,0.8409932255744934,-0.8892630934715271,2,4,0.7303085327148438,0.8545975089073181,-0.9299761652946472,2,5,0.7202103137969971,0.844996452331543,-0.9305398464202881,2,6,0.7078086733818054,0.8307538032531738,-0.9307050108909607,2,7,0.7682768106460571,0.7467367649078369,-0.8030308485031128,2,8,0.6560116410255432,0.7266266345977783,-0.9818210601806641,2,9,0.7131311893463135,0.9116054177284241,-0.8145943284034729,2,10,0.6861040592193604,0.8990048170089722,-0.8678174614906311,2,11,0.7630187273025513,0.6902351975440979,-0.6150694489479065,2,12,0.43352431058883667,0.562538206577301,-0.7602055072784424,2,13,0.7632802128791809,0.6900613903999329,-0.11732847988605499,2,14,0.15044644474983215,0.4664909839630127,-0.5489798188209534,2,15,0.723689079284668,0.8016429543495178,0.24834886193275452,2,16,0.27666714787483215,0.8724423050880432,-0.35378795862197876,2,17,0.773794949054718,0.8092992305755615,0.26669710874557495,2,18,0.3171590268611908,0.9430356025695801,-0.36523279547691345,2,19,0.7543318271636963,0.7990912199020386,0.24773389101028442,2,20,0.3526676297187805,0.8990248441696167,-0.33202308416366577,2,21,0.731596052646637,0.8099932670593262,0.24914363026618958,2,22,0.3493396043777466,0.8711745738983154,-0.3334719240665436,2,23,0.4683793783187866,0.8596675395965576,0.10767975449562073,2,24,0.30458882451057434,0.7796158194541931,-0.10708732903003693,2,25,0.4374377131462097,0.907226026058197,0.5787312388420105,2,26,0.23134927451610565,0.8475708365440369,0.40307530760765076,2,27,0.462895929813385,0.8955773711204529,1.1812596321105957,2,28,0.22424162924289703,0.910717785358429,0.9302800297737122,2,29,0.4639562666416168,0.8677363395690918,1.248568058013916,2,30,0.22127720713615417,0.8625687956809998,0.9901281595230103,2,31,0.46187257766723633,1.005466341972351,1.3062164783477783,2,32,0.2128092646598816,1.1104131937026978,0.9673906564712524,2
0,0.7249282598495483,0.9051924347877502,-0.8664844632148743,2,1,0.7526914477348328,0.8668534755706787,-0.8726263046264648,2,2,0.7622261047363281,0.8597838878631592,-0.8726123571395874,2,3,0.7726726531982422,0.8517261743545532,-0.872871458530426,2,4,0.728192925453186,0.8593306541442871,-0.9133740663528442,2,5,0.7172221541404724,0.8477416038513184,-0.9139128923416138,2,6,0.7043571472167969,0.8315045833587646,-0.9139288067817688,2,7,0.7696818113327026,0.7605571150779724,-0.7766181230545044,2,8,0.6548897624015808,0.7248067855834961,-0.9475538730621338,2,9,0.7126333713531494,0.9179977178573608,-0.796213686466217,2,10,0.6835826635360718,0.9000031352043152,-0.8481653928756714,2,11,0.7736203670501709,0.7190743684768677,-0.6020576357841492,2,12,0.4335903525352478,0.5676204562187195,-0.7284601330757141,2,13,0.7766084671020508,0.6943484544754028,-0.12704670429229736,2,14,0.1498783975839615,0.4679090678691864,-0.5296890139579773,2,15,0.759149968624115,0.8196566104888916,0.1901402473449707,2,16,0.2768673896789551,0.8753277063369751,-0.37873682379722595,2,17,0.8002140522003174,0.8222891688346863,0.19460272789001465,2,18,0.31730562448501587,0.9431644082069397,-0.398537278175354,2,19,0.7817674279212952,0.8308695554733276,0.18568040430545807,2,20,0.35269445180892944,0.8988738656044006,-0.36727720499038696,2,21,0.7563133835792542,0.8273553848266602,0.18895643949508667,2,22,0.34942543506622314,0.8715415596961975,-0.359719842672348,2,23,0.47058847546577454,0.8632752299308777,0.1039206013083458,2,24,0.3062976896762848,0.766574501991272,-0.10350271314382553,2,25,0.4346318542957306,0.886239230632782,0.5773038864135742,2,26,0.22950001060962677,0.7637072801589966,0.42810267210006714,2,27,0.45865440368652344,0.8442813158035278,1.1689811944961548,2,28,0.23819224536418915,0.7257401943206787,0.9502105712890625,2,29,0.46112021803855896,0.8147667646408081,1.2364624738693237,2,30,0.24511726200580597,0.6685187816619873,1.010360836982727,2,31,0.45802175998687744,0.9438480138778687,1.2914129495620728,2,32,0.2303149402141571,0.906192421913147,0.9973547458648682,2
0,0.7251471877098083,0.9080840945243835,-0.8873984217643738,2,1,0.7547119855880737,0.8671290874481201,-0.9076166749000549,2,2,0.765447735786438,0.8591896891593933,-0.9074955582618713,2,3,0.7761955857276917,0.8523962497711182,-0.9076835513114929,2,4,0.7285035848617554,0.8596746325492859,-0.9447843432426453,2,5,0.716458261013031,0.8484084606170654,-0.9453123211860657,2,6,0.703315019607544,0.8324916958808899,-0.9454522728919983,2,7,0.7716591954231262,0.7711762189865112,-0.8319292664527893,2,8,0.6543501615524292,0.7283916473388672,-0.997420608997345,2,9,0.7145052552223206,0.9192334413528442,-0.8311132192611694,2,10,0.6833458542823792,0.902990996837616,-0.8794066905975342,2,11,0.7772384881973267,0.7264201045036316,-0.6376362442970276,2,12,0.43627652525901794,0.5685054659843445,-0.7695128321647644,2,13,0.7873066663742065,0.7475472092628479,-0.16176730394363403,2,14,0.1499321311712265,0.47061359882354736,-0.5376203060150146,2,15,0.7853213548660278,0.8757553696632385,0.13803933560848236,2,16,0.2829562723636627,0.8769157528877258,-0.359861820936203,2,17,0.8253451585769653,0.8778472542762756,0.14276646077632904,2,18,0.3176056444644928,0.9432424306869507,-0.37448373436927795,2,19,0.806860089302063,0.887356698513031,0.13963767886161804,2,20,0.3531551957130432,0.8990828990936279,-0.349056601524353,2,21,0.7799386382102966,0.8774405717849731,0.13918040692806244,2,22,0.3513502776622772,0.8718215823173523,-0.3420121967792511,2,23,0.47160041332244873,0.8683038949966431,0.10293449461460114,2,24,0.3092808425426483,0.7628746628761292,-0.10250125825405121,2,25,0.4342745542526245,0.8985226154327393,0.5847027897834778,2,26,0.2269880771636963,0.7884501218795776,0.42567360401153564,2,27,0.44903263449668884,0.888957142829895,1.1843994855880737,2,28,0.23135830461978912,0.7457432150840759,0.9444295763969421,2,29,0.45047441124916077,0.8641759753227234,1.2517735958099365,2,30,0.2356148511171341,0.6969579458236694,1.0034775733947754,2,31,0.4445890784263611,0.9972798824310303,1.2980581521987915,2,32,0.2214614897966385,0.9079181551933289,0.9745945334434509,2
0,0.7247231602668762,0.9129638075828552,-0.870658814907074,2,1,0.7536431550979614,0.8754316568374634,-0.8877004981040955,2,2,0.764803946018219,0.8707776665687561,-0.8875923156738281,2,3,0.7752310633659363,0.8623170852661133,-0.8877741098403931,2,4,0.7272337079048157,0.8665412068367004,-0.9262492656707764,2,5,0.7151306867599487,0.8537476062774658,-0.9267622828483582,2,6,0.7017691135406494,0.8378427624702454,-0.9269362092018127,2,7,0.7713805437088013,0.780563473701477,-0.803892970085144,2,8,0.6545475125312805,0.7331368327140808,-0.9815199971199036,2,9,0.7124541401863098,0.9271082878112793,-0.8139370679855347,2,10,0.682346522808075,0.906370997428894,-0.8646124005317688,2,11,0.7749614119529724,0.738129198551178,-0.6216222643852234,2,12,0.4369918704032898,0.5635539293289185,-0.7633276581764221,2,13,0.7708612084388733,0.768721878528595,-0.18221551179885864,2,14,0.14951056241989136,0.47265663743019104,-0.5703286528587341,2,15,0.7626950740814209,0.8702017068862915,0.08660176396369934,2,16,0.2839687764644623,0.875528872013092,-0.42972123622894287,2,17,0.8007420301437378,0.8731378316879272,0.09314151108264923,2,18,0.31741344928741455,0.943267822265625,-0.44689950346946716,2,19,0.7840736508369446,0.8788134455680847,0.09809815883636475,2,20,0.35339459776878357,0.8975871801376343,-0.4176656901836395,2,21,0.7597856521606445,0.8710380792617798,0.09047924727201462,2,22,0.35273662209510803,0.8701685667037964,-0.4110201895236969,2,23,0.46374431252479553,0.8923857808113098,0.10195817798376083,2,24,0.3088473677635193,0.7828646898269653,-0.10150212794542313,2,25,0.41818860173225403,0.9281196594238281,0.5878256559371948,2,26,0.22778190672397614,0.8484942317008972,0.4194278120994568,2,27,0.4396419823169708,0.9154992699623108,1.1831165552139282,2,28,0.22935505211353302,0.8841856122016907,0.9378752112388611,2,29,0.4388430416584015,0.8885551691055298,1.2489479780197144,2,30,0.23320788145065308,0.8383194804191589,0.9968178868293762,2,31,0.42965734004974365,1.0304489135742188,1.2984529733657837,2,32,0.2198309451341629,1.0907807350158691,0.9680318236351013,2
0,0.7225927114486694,0.9134127497673035,-0.8070110082626343,2,1,0.7505573630332947,0.8766511082649231,-0.8282883167266846,2,2,0.7600535154342651,0.8712049722671509,-0.8281621932983398,2,3,0.7695645689964294,0.8618435859680176,-0.8282795548439026,2,4,0.7245528101921082,0.8686509132385254,-0.8656240105628967,2,5,0.7122637629508972,0.8557243347167969,-0.8661325573921204,2,6,0.6989614963531494,0.8390048742294312,-0.8661355376243591,2,7,0.7618476748466492,0.7754406332969666,-0.7762518525123596,2,8,0.6530521512031555,0.7417826056480408,-0.945091962814331,2,9,0.7091196775436401,0.9268507361412048,-0.7611934542655945,2,10,0.6785355806350708,0.9068223237991333,-0.8095608949661255,2,11,0.7563115358352661,0.7138547897338867,-0.5912036299705505,2,12,0.43726080656051636,0.5687840580940247,-0.7567518353462219,2,13,0.7394742369651794,0.7454285025596619,-0.09668431431055069,2,14,0.1496915966272354,0.4745527505874634,-0.4810337424278259,2,15,0.7089196443557739,0.8138997554779053,0.19916653633117676,2,16,0.28394877910614014,0.8736827373504639,-0.25943854451179504,2,17,0.744680643081665,0.8342573046684265,0.20511561632156372,2,18,0.31728845834732056,0.9430457353591919,-0.2743341326713562,2,19,0.7450827956199646,0.8364982604980469,0.20296764373779297,2,20,0.35440534353256226,0.8954813480377197,-0.25056779384613037,2,21,0.7168709635734558,0.8337083458900452,0.20019327104091644,2,22,0.35281848907470703,0.8698918223381042,-0.24332275986671448,2,23,0.4375266432762146,0.8792343139648438,0.110159732401371,2,24,0.2896096110343933,0.7797074913978577,-0.10949911177158356,2,25,0.41498154401779175,0.9198125600814819,0.5670961141586304,2,26,0.1729094237089157,0.8743558526039124,0.3390718102455139,2,27,0.4274233877658844,0.9413555860519409,1.1116273403167725,2,28,0.11307510733604431,0.9336057901382446,0.779772162437439,2,29,0.4192790687084198,0.9148337244987488,1.1683236360549927,2,30,0.10708030313253403,0.8902981877326965,0.8275262117385864,2,31,0.4260105788707733,1.0658732652664185,1.2087113857269287,2,32,0.09847904741764069,1.139483094215393,0.7642335891723633,2
0,0.7219692468643188,0.9178413152694702,-0.8082165122032166,2,1,0.7496634721755981,0.8795437216758728,-0.8337036371231079,2,2,0.7591115832328796,0.8714976906776428,-0.8336107730865479,2,3,0.7679561972618103,0.8617048263549805,-0.8338128328323364,2,4,0.723261833190918,0.875542163848877,-0.8715270161628723,2,5,0.7110626101493835,0.8655301928520203,-0.8720563054084778,2,6,0.6984548568725586,0.8509112000465393,-0.8720788955688477,2,7,0.7579507827758789,0.7773436903953552,-0.7857969403266907,2,8,0.6528835892677307,0.7537727355957031,-0.9545171856880188,2,9,0.7084249258041382,0.924831211566925,-0.7691867351531982,2,10,0.6779230833053589,0.9097137451171875,-0.8176469206809998,2,11,0.7555500268936157,0.7024991512298584,-0.6018403768539429,2,12,0.43535834550857544,0.5657962560653687,-0.7574953436851501,2,13,0.7482369542121887,0.7323799133300781,-0.10352800786495209,2,14,0.14915631711483002,0.4753589630126953,-0.49363306164741516,2,15,0.7299686670303345,0.832203209400177,0.21316364407539368,2,16,0.2832860052585602,0.873853862285614,-0.28073790669441223,2,17,0.7649911642074585,0.8330899477005005,0.22407415509223938,2,18,0.3169466555118561,0.9445789456367493,-0.2953423261642456,2,19,0.7506507039070129,0.8375229835510254,0.22498466074466705,2,20,0.35400331020355225,0.8965165019035339,-0.26722419261932373,2,21,0.7255160808563232,0.8450259566307068,0.21604284644126892,2,22,0.3513653874397278,0.8710883855819702,-0.2628176510334015,2,23,0.4383786916732788,0.8773486018180847,0.11160636693239212,2,24,0.2873312532901764,0.7748870849609375,-0.11090265959501266,2,25,0.4227059483528137,0.9279210567474365,0.5502967238426208,2,26,0.1811356246471405,0.8739262819290161,0.3488577604293823,2,27,0.4318554699420929,0.9442927241325378,1.111987590789795,2,28,0.14036673307418823,0.9276667237281799,0.8191317915916443,2,29,0.4255736172199249,0.9143568873405457,1.1713958978652954,2,30,0.1400609016418457,0.8813946843147278,0.8722029328346252,2,31,0.4321208894252777,1.0686396360397339,1.2122894525527954,2,32,0.12252306193113327,1.1345077753067017,0.831059992313385,2
0,0.7214266657829285,0.9188360571861267,-0.8571438193321228,2,1,0.7474700808525085,0.8850165009498596,-0.8830675482749939,2,2,0.7568244338035583,0.8781522512435913,-0.8829212784767151,2,3,0.7653144598007202,0.8703665733337402,-0.8831075429916382,2,4,0.7224161028862,0.8793854713439941,-0.9205525517463684,2,5,0.7104854583740234,0.8699010014533997,-0.921157956123352,2,6,0.6979748606681824,0.8566464781761169,-0.9213376641273499,2,7,0.7573350071907043,0.790043294429779,-0.8261162042617798,2,8,0.6534520983695984,0.7636986970901489,-0.993960440158844,2,9,0.7079340815544128,0.9233716726303101,-0.8116757869720459,2,10,0.6779661178588867,0.908844530582428,-0.8602129817008972,2,11,0.7587336301803589,0.710939347743988,-0.6390445828437805,2,12,0.4350469708442688,0.5644078850746155,-0.77454674243927,2,13,0.7624651789665222,0.7248120307922363,-0.14862336218357086,2,14,0.15055957436561584,0.476552277803421,-0.5342499017715454,2,15,0.7379838824272156,0.8331348299980164,0.18984118103981018,2,16,0.28366416692733765,0.8738474249839783,-0.33673903346061707,2,17,0.7648472189903259,0.8227522373199463,0.20089925825595856,2,18,0.3171226382255554,0.9455165266990662,-0.3456999361515045,2,19,0.7522798180580139,0.841200590133667,0.21283912658691406,2,20,0.3540100157260895,0.8993172645568848,-0.3204244375228882,2,21,0.7274419069290161,0.8449950218200684,0.19729948043823242,2,22,0.3517160415649414,0.8714984059333801,-0.31749486923217773,2,23,0.43998849391937256,0.8700660467147827,0.11051011830568314,2,24,0.2960907518863678,0.7728984951972961,-0.10989787429571152,2,25,0.3840813934803009,0.9306150078773499,0.5596376657485962,2,26,0.19662661850452423,0.8677781820297241,0.37933120131492615,2,27,0.3838162124156952,0.9662356972694397,1.1405243873596191,2,28,0.18768830597400665,0.9177537560462952,0.8829386830329895,2,29,0.3810841143131256,0.9407336115837097,1.203805923461914,2,30,0.1894412487745285,0.8702189326286316,0.9412155151367188,2,31,0.378629595041275,1.089206337928772,1.2260676622390747,2,32,0.1842009276151657,1.1255203485488892,0.8891125917434692,2
0,0.7212094068527222,0.9162744283676147,-0.8550976514816284,2,1,0.7474039196968079,0.8820012807846069,-0.8770884871482849,2,2,0.756709635257721,0.8730621337890625,-0.8769586682319641,2,3,0.7651001214981079,0.8643374443054199,-0.8771412372589111,2,4,0.7218543291091919,0.8791168332099915,-0.9147248864173889,2,5,0.7099987268447876,0.871436595916748,-0.9152947664260864,2,6,0.6977697610855103,0.8599003553390503,-0.9154807925224304,2,7,0.7569206953048706,0.7834174633026123,-0.8112428188323975,2,8,0.654158353805542,0.7697668075561523,-0.979126513004303,2,9,0.7100843191146851,0.9189764261245728,-0.80741286277771,2,10,0.6813443899154663,0.9069865345954895,-0.8557489514350891,2,11,0.7622482776641846,0.7251469492912292,-0.6313766837120056,2,12,0.43303146958351135,0.5716108679771423,-0.7652872204780579,2,13,0.7821399569511414,0.7169438600540161,-0.17317622900009155,2,14,0.1494494378566742,0.47965550422668457,-0.5510464906692505,2,15,0.7698597311973572,0.830524206161499,0.13387753069400787,2,16,0.28410929441452026,0.874082088470459,-0.38980501890182495,2,17,0.8053892850875854,0.8241837620735168,0.13543672859668732,2,18,0.31814244389533997,0.9468949437141418,-0.40676894783973694,2,19,0.7849283218383789,0.8414203524589539,0.13755793869495392,2,20,0.3547312021255493,0.9014819860458374,-0.3839384913444519,2,21,0.7591953277587891,0.8436108231544495,0.13561607897281647,2,22,0.3534000813961029,0.8722891211509705,-0.372955322265625,2,23,0.4465487599372864,0.8659795522689819,0.1090206652879715,2,24,0.30577269196510315,0.7714996933937073,-0.10854364186525345,2,25,0.3897903859615326,0.9221109747886658,0.5612784028053284,2,26,0.24916847050189972,0.8194169998168945,0.4011780023574829,2,27,0.3952964246273041,0.9474976658821106,1.1436760425567627,2,28,0.27834007143974304,0.8587222695350647,0.9187886714935303,2,29,0.3975973427295685,0.9276949167251587,1.208006739616394,2,30,0.28853899240493774,0.8134121298789978,0.9784291982650757,2,31,0.39548441767692566,1.0505664348602295,1.2355682849884033,2,32,0.2798772156238556,1.0535134077072144,0.9484828114509583,2
0,0.7206737399101257,0.9145820736885071,-0.776319146156311,2,1,0.7472219467163086,0.8754579424858093,-0.7917419075965881,2,2,0.7565358281135559,0.8671350479125977,-0.7916877865791321,2,3,0.7647466063499451,0.8584386706352234,-0.7918951511383057,2,4,0.721268892288208,0.8731237649917603,-0.8315776586532593,2,5,0.7093968987464905,0.8638890385627747,-0.832153856754303,2,6,0.6972779631614685,0.8511735796928406,-0.8322703838348389,2,7,0.7550632953643799,0.7806006073951721,-0.7286931872367859,2,8,0.6539806723594666,0.7620067000389099,-0.9048154950141907,2,9,0.7100380659103394,0.9194034934043884,-0.7310937643051147,2,10,0.6808099150657654,0.9057851433753967,-0.781644880771637,2,11,0.7533979415893555,0.7172925472259521,-0.5591034293174744,2,12,0.43113136291503906,0.5680312514305115,-0.7167851328849792,2,13,0.7463263273239136,0.7146104574203491,-0.11240029335021973,2,14,0.14983268082141876,0.4852125942707062,-0.4897844195365906,2,15,0.7452207207679749,0.8354102969169617,0.15118561685085297,2,16,0.2846974730491638,0.8747572898864746,-0.29755285382270813,2,17,0.7853885293006897,0.8342391848564148,0.15438660979270935,2,18,0.31840625405311584,0.9475247263908386,-0.30451443791389465,2,19,0.7683819532394409,0.8474421501159668,0.16302767395973206,2,20,0.35541394352912903,0.9013590812683105,-0.27781227231025696,2,21,0.740516722202301,0.8446428775787354,0.15403181314468384,2,22,0.3543452024459839,0.8720225691795349,-0.27933311462402344,2,23,0.4281480014324188,0.8653466105461121,0.11170077323913574,2,24,0.2904447615146637,0.7739025950431824,-0.11121546477079391,2,25,0.3613652288913727,0.928924024105072,0.5243961811065674,2,26,0.19313770532608032,0.8577719330787659,0.3241139352321625,2,27,0.3509594202041626,0.9630297422409058,1.0617661476135254,2,28,0.144924595952034,0.9247710704803467,0.7732519507408142,2,29,0.3469313681125641,0.9382756948471069,1.1184383630752563,2,30,0.14238221943378448,0.8795729875564575,0.8228738307952881,2,31,0.3471318483352661,1.079966425895691,1.141263484954834,2,32,0.1313353180885315,1.1305969953536987,0.7607109546661377,2
0,0.7286938428878784,0.9138162136077881,-0.8622044324874878,2,1,0.7539182305335999,0.8714292049407959,-0.8713977932929993,2,2,0.7628182172775269,0.8626836538314819,-0.8713236451148987,2,3,0.7700480818748474,0.8536826372146606,-0.8716641664505005,2,4,0.7287989854812622,0.867878258228302,-0.9111551642417908,2,5,0.7163912653923035,0.8584461212158203,-0.9117021560668945,2,6,0.7033146619796753,0.8452841639518738,-0.9118725657463074,2,7,0.7556701898574829,0.7738135457038879,-0.7893174886703491,2,8,0.6568269729614258,0.7556464076042175,-0.9628982543945312,2,9,0.7173585891723633,0.9199906587600708,-0.8113999962806702,2,10,0.6872219443321228,0.9094864726066589,-0.8614193797111511,2,11,0.7527421116828918,0.7305216789245605,-0.6129201054573059,2,12,0.43148377537727356,0.5679964423179626,-0.7693851590156555,2,13,0.7605423331260681,0.7355117201805115,-0.1526605486869812,2,14,0.14972974359989166,0.4851849675178528,-0.565082311630249,2,15,0.7631471753120422,0.838969886302948,0.1372767984867096,2,16,0.2839660048484802,0.8747483491897583,-0.39212754368782043,2,17,0.8054811358451843,0.8684600591659546,0.13851173222064972,2,18,0.3183443248271942,0.9484621286392212,-0.41136133670806885,2,19,0.7678850293159485,0.8477181792259216,0.13564810156822205,2,20,0.35551750659942627,0.9036843180656433,-0.39090216159820557,2,21,0.7448186278343201,0.8494670987129211,0.13732467591762543,2,22,0.3541784882545471,0.877752423286438,-0.3772500157356262,2,23,0.4380698800086975,0.8646950721740723,0.1112576574087143,2,24,0.29706281423568726,0.7725576162338257,-0.11083637177944183,2,25,0.4256318211555481,0.9386187791824341,0.5278390645980835,2,26,0.24224036931991577,0.8523821830749512,0.3635839819908142,2,27,0.4163995087146759,0.9797468185424805,1.0796595811843872,2,28,0.26121747493743896,0.9183829426765442,0.8567498326301575,2,29,0.41352349519729614,0.9553573131561279,1.1466957330703735,2,30,0.26910021901130676,0.8748325109481812,0.9148708581924438,2,31,0.4146789312362671,1.1105149984359741,1.198601245880127,2,32,0.26421409845352173,1.122941255569458,0.8901228308677673,2
0,0.7276116013526917,0.9095919728279114,-0.8569009304046631,2,1,0.7536094188690186,0.8667234778404236,-0.870532214641571,2,2,0.7624066472053528,0.8584359288215637,-0.8704811334609985,2,3,0.7700036764144897,0.8496438264846802,-0.8708030581474304,2,4,0.7278344035148621,0.8624157309532166,-0.9082812666893005,2,5,0.7155946493148804,0.852613627910614,-0.9088307619094849,2,6,0.7025598883628845,0.8393147587776184,-0.9089953303337097,2,7,0.7563035488128662,0.7703585624694824,-0.79700767993927,2,8,0.6587474942207336,0.7480370402336121,-0.9603726267814636,2,9,0.7163498997688293,0.916660487651825,-0.8068137764930725,2,10,0.6863683462142944,0.9047186374664307,-0.8546854257583618,2,11,0.7533791661262512,0.7385894656181335,-0.62027508020401,2,12,0.4318056106567383,0.5649611353874207,-0.7643716931343079,2,13,0.7555192708969116,0.7693239450454712,-0.14319786429405212,2,14,0.14975091814994812,0.48367732763290405,-0.5074405074119568,2,15,0.7412458062171936,0.8557759523391724,0.19866088032722473,2,16,0.28325679898262024,0.8736368417739868,-0.30181118845939636,2,17,0.7584731578826904,0.8947199583053589,0.21348270773887634,2,18,0.31809914112091064,0.9484422206878662,-0.30439358949661255,2,19,0.7356790900230408,0.8548004031181335,0.22029872238636017,2,20,0.3555293083190918,0.9036499261856079,-0.283811092376709,2,21,0.7091188430786133,0.8515304923057556,0.20641809701919556,2,22,0.3536650836467743,0.8777220845222473,-0.2851194143295288,2,23,0.43927767872810364,0.8656837344169617,0.10524705052375793,2,24,0.29683202505111694,0.7666335105895996,-0.10472422093153,2,25,0.42278242111206055,0.9644175171852112,0.5098827481269836,2,26,0.23292018473148346,0.8505147695541382,0.36488574743270874,2,27,0.4098784029483795,1.019666075706482,1.0820190906524658,2,28,0.2407420128583908,0.9236009120941162,0.8566421270370483,2,29,0.40800848603248596,0.9958441853523254,1.1470712423324585,2,30,0.2567235827445984,0.8809028267860413,0.9143161773681641,2,31,0.4035172760486603,1.1610493659973145,1.1847014427185059,2,32,0.22006376087665558,1.141912579536438,0.8769130110740662,2
0,0.7237155437469482,0.9064542651176453,-0.7876309156417847,2,1,0.7498937249183655,0.863832950592041,-0.7966833710670471,2,2,0.7589030861854553,0.8558695316314697,-0.7966789603233337,2,3,0.7664353847503662,0.8472335338592529,-0.7969738245010376,2,4,0.7232131361961365,0.8593278527259827,-0.8374471664428711,2,5,0.7105990052223206,0.8494606614112854,-0.8380061984062195,2,6,0.6985710263252258,0.8360760807991028,-0.8381174802780151,2,7,0.7520248889923096,0.7682860493659973,-0.7214058041572571,2,8,0.6581646203994751,0.7436324954032898,-0.8996469974517822,2,9,0.7107536792755127,0.9138839840888977,-0.7396382689476013,2,10,0.6799183487892151,0.901637613773346,-0.7911863923072815,2,11,0.7373266220092773,0.7335288524627686,-0.5615055561065674,2,12,0.42825427651405334,0.5627347826957703,-0.7253702878952026,2,13,0.7112396955490112,0.7589520215988159,-0.08791188150644302,2,14,0.14977242052555084,0.48422563076019287,-0.48511257767677307,2,15,0.6976237893104553,0.8419007658958435,0.20891529321670532,2,16,0.28332260251045227,0.8769349455833435,-0.27698856592178345,2,17,0.7197050452232361,0.8799677491188049,0.22252114117145538,2,18,0.3180447220802307,0.9502624273300171,-0.28461822867393494,2,19,0.7173851132392883,0.8518720865249634,0.22310136258602142,2,20,0.3559252619743347,0.9036892652511597,-0.2558571696281433,2,21,0.6910250782966614,0.8456850647926331,0.21336041390895844,2,22,0.3544858992099762,0.8776445388793945,-0.2579321265220642,2,23,0.42134708166122437,0.864776611328125,0.10704688727855682,2,24,0.2808138132095337,0.7676037549972534,-0.1064751073718071,2,25,0.3854634165763855,0.95772784948349,0.5117202401161194,2,26,0.20878829061985016,0.863862931728363,0.33000242710113525,2,27,0.3841482996940613,1.0046558380126953,1.053775668144226,2,28,0.19696679711341858,0.9482436776161194,0.788944661617279,2,29,0.3836307227611542,0.979280948638916,1.113650918006897,2,30,0.2042265385389328,0.904651403427124,0.8424080014228821,2,31,0.37792548537254333,1.1423875093460083,1.1561390161514282,2,32,0.18278378248214722,1.161824345588684,0.8044862151145935,2
0,0.7246230840682983,0.8981031775474548,-0.7927019596099854,2,1,0.7513070702552795,0.8477324843406677,-0.805827260017395,2,2,0.7605084180831909,0.8374958038330078,-0.8056865930557251,2,3,0.7681667804718018,0.827765166759491,-0.8058236837387085,2,4,0.7259863615036011,0.8417002558708191,-0.8429641127586365,2,5,0.7135003805160522,0.8314406871795654,-0.8436175584793091,2,6,0.7013394236564636,0.8179007768630981,-0.8437586426734924,2,7,0.7526175379753113,0.7516048550605774,-0.7246971726417542,2,8,0.6594793796539307,0.7309580445289612,-0.937367856502533,2,9,0.7107247710227966,0.9116652607917786,-0.7416701912879944,2,10,0.6801652312278748,0.8996039032936096,-0.8040563464164734,2,11,0.7383657693862915,0.7302654981613159,-0.5687180161476135,2,12,0.4269258379936218,0.5612401962280273,-0.7709524631500244,2,13,0.7171649932861328,0.7800984382629395,-0.09038913249969482,2,14,0.14979395270347595,0.48445701599121094,-0.5139505863189697,2,15,0.6932172775268555,0.8682924509048462,0.1991378515958786,2,16,0.2836429476737976,0.878189206123352,-0.28175777196884155,2,17,0.7118057012557983,0.879303514957428,0.21592995524406433,2,18,0.31797197461128235,0.952847957611084,-0.2880142033100128,2,19,0.7097219228744507,0.8610772490501404,0.22164009511470795,2,20,0.3559289574623108,0.9076049327850342,-0.2641707956790924,2,21,0.6832374334335327,0.8503488898277283,0.20548267662525177,2,22,0.3545709550380707,0.8818578124046326,-0.2638273537158966,2,23,0.41754791140556335,0.8713666200637817,0.11222090572118759,2,24,0.27108049392700195,0.7812029719352722,-0.11145678907632828,2,25,0.38765662908554077,1.0334042310714722,0.4865175783634186,2,26,0.17298513650894165,0.9272597432136536,0.281670480966568,2,27,0.3549416661262512,1.091963529586792,1.0331207513809204,2,28,0.11433369666337967,1.040892481803894,0.7262910008430481,2,29,0.34580710530281067,1.0645451545715332,1.0902067422866821,2,30,0.10830295085906982,1.0030014514923096,0.7757982611656189,2,31,0.3448530435562134,1.2456377744674683,1.1066220998764038,2,32,0.103730209171772,1.2692803144454956,0.695487380027771,2
0,0.7222220301628113,0.8794578313827515,-0.8947318196296692,2,1,0.7512425184249878,0.8247112035751343,-0.909324049949646,2,2,0.7603332996368408,0.8161332607269287,-0.9092920422554016,2,3,0.768291711807251,0.8034146428108215,-0.9096137285232544,2,4,0.7257749438285828,0.8220197558403015,-0.9510575532913208,2,5,0.7132419347763062,0.8116271495819092,-0.9516062140464783,2,6,0.701155960559845,0.7990290522575378,-0.9516862630844116,2,7,0.7581112384796143,0.7359322905540466,-0.8115941286087036,2,8,0.6600214242935181,0.707111120223999,-1.000246286392212,2,9,0.7068980932235718,0.8911498785018921,-0.8324570059776306,2,10,0.6736528873443604,0.8787042498588562,-0.8871884942054749,2,11,0.7391377687454224,0.7083333134651184,-0.6218916773796082,2,12,0.42702215909957886,0.5589861869812012,-0.7955630421638489,2,13,0.719964861869812,0.7741218209266663,-0.10472262650728226,2,14,0.15363353490829468,0.48330292105674744,-0.517063319683075,2,15,0.6763399243354797,0.8836415410041809,0.20873890817165375,2,16,0.2836427390575409,0.8740898966789246,-0.274345725774765,2,17,0.6983462572097778,0.89633709192276,0.22787274420261383,2,18,0.3177586793899536,0.9489858150482178,-0.28442472219467163,2,19,0.681992769241333,0.8660181164741516,0.22140049934387207,2,20,0.35616034269332886,0.9048401713371277,-0.262501984834671,2,21,0.6662871837615967,0.8503614068031311,0.21158385276794434,2,22,0.35456791520118713,0.8810417652130127,-0.25854140520095825,2,23,0.41866928339004517,0.8610824942588806,0.11226048320531845,2,24,0.27357688546180725,0.7778503894805908,-0.11149485409259796,2,25,0.4324203133583069,0.9952793717384338,0.5368016958236694,2,26,0.21222074329853058,0.8729217648506165,0.3448702394962311,2,27,0.422950804233551,0.9779268503189087,1.1217894554138184,2,28,0.22439000010490417,0.9498708248138428,0.8445136547088623,2,29,0.4170805513858795,0.9445810317993164,1.1881715059280396,2,30,0.23208589851856232,0.9152730703353882,0.9050720930099487,2,31,0.416371613740921,1.1071773767471313,1.2574725151062012,2,32,0.22358761727809906,1.1666510105133057,0.9003888964653015,2
0,0.7144616842269897,0.853731632232666,-0.9585294127464294,2,1,0.7471433281898499,0.7963879704475403,-0.9726209044456482,2,2,0.7556320428848267,0.7884067296981812,-0.9726179242134094,2,3,0.765142023563385,0.7752480506896973,-0.9729917049407959,2,4,0.7206143736839294,0.7907021641731262,-1.0150377750396729,2,5,0.7081946730613708,0.7785660028457642,-1.01560640335083,2,6,0.6960790753364563,0.765358030796051,-1.0156832933425903,2,7,0.7572001218795776,0.7130776643753052,-0.8626445531845093,2,8,0.6581077575683594,0.6619340777397156,-1.0477901697158813,2,9,0.698259711265564,0.8662230372428894,-0.8910121917724609,2,10,0.6594599485397339,0.8505884408950806,-0.9448893070220947,2,11,0.745517909526825,0.7115024924278259,-0.6410503387451172,2,12,0.4204816222190857,0.5471972227096558,-0.8313034176826477,2,13,0.7233989834785461,0.8329983949661255,-0.1059352308511734,2,14,0.1505928635597229,0.48328760266304016,-0.525471031665802,2,15,0.6766345500946045,0.9710072875022888,0.22808553278446198,2,16,0.2840360999107361,0.8740969896316528,-0.2664056420326233,2,17,0.6957486867904663,0.9830750823020935,0.25135838985443115,2,18,0.31873252987861633,0.9486444592475891,-0.2725927233695984,2,19,0.6783473491668701,0.9268750548362732,0.24358440935611725,2,20,0.35748550295829773,0.9048087000846863,-0.25321146845817566,2,21,0.6621115207672119,0.8940938115119934,0.23162056505680084,2,22,0.3548703193664551,0.8809822201728821,-0.24997015297412872,2,23,0.4110057055950165,0.8611680865287781,0.10945909470319748,2,24,0.26457175612449646,0.7711292505264282,-0.1086457222700119,2,25,0.3855905830860138,0.9823302030563354,0.5601284503936768,2,26,0.16569305956363678,0.8709362745285034,0.38012295961380005,2,27,0.3625790476799011,0.9932302832603455,1.1857144832611084,2,28,0.12574003636837006,0.9568217992782593,0.9118369221687317,2,29,0.35934004187583923,0.9659371972084045,1.2552121877670288,2,30,0.12827889621257782,0.9226943254470825,0.9730031490325928,2,31,0.3447975218296051,1.1265361309051514,1.2883085012435913,2,32,0.10261854529380798,1.1726346015930176,0.9147813320159912,2
0,0.7139779925346375,0.8382958769798279,-1.0029630661010742,2,1,0.7471998333930969,0.7754431962966919,-1.0143687725067139,2,2,0.7560288310050964,0.7659701704978943,-1.0143918991088867,2,3,0.7659557461738586,0.7533803582191467,-1.0148124694824219,2,4,0.7204529643058777,0.7709501385688782,-1.0590636730194092,2,5,0.708116888999939,0.7582559585571289,-1.059579849243164,2,6,0.6959606409072876,0.7428443431854248,-1.0596128702163696,2,7,0.7614467144012451,0.6860247850418091,-0.900982141494751,2,8,0.6577208042144775,0.6296817064285278,-1.0971436500549316,2,9,0.6980623602867126,0.8533715009689331,-0.9358860850334167,2,10,0.6598781943321228,0.8352184891700745,-0.99290931224823,2,11,0.7594236731529236,0.7118055820465088,-0.680213987827301,2,12,0.42082729935646057,0.5269042253494263,-0.885357677936554,2,13,0.785186231136322,0.869967520236969,-0.16249530017375946,2,14,0.14970265328884125,0.483464777469635,-0.5724784731864929,2,15,0.7518826127052307,1.0571526288986206,0.11174166947603226,2,16,0.2840457856655121,0.8729228377342224,-0.2800741493701935,2,17,0.7801448106765747,1.0896676778793335,0.11538903415203094,2,18,0.3186715841293335,0.9485551714897156,-0.29243195056915283,2,19,0.726039469242096,0.9915997385978699,0.0909399539232254,2,20,0.3574120104312897,0.9049555659294128,-0.2947181463241577,2,21,0.703111469745636,0.9374110698699951,0.10485567897558212,2,22,0.3547966778278351,0.8805469274520874,-0.2718066871166229,2,23,0.42269107699394226,0.860141932964325,0.10701750218868256,2,24,0.2665521502494812,0.7467933893203735,-0.10617350786924362,2,25,0.4556480050086975,0.9486672878265381,0.6023271083831787,2,26,0.1742059588432312,0.8237941265106201,0.4205411970615387,2,27,0.445529043674469,0.9754687547683716,1.263695478439331,2,28,0.13942748308181763,0.9101952314376831,0.9992225766181946,2,29,0.4376918375492096,0.9514172673225403,1.3346754312515259,2,30,0.1385369747877121,0.8811347484588623,1.0635534524917603,2,31,0.4390970766544342,1.1164391040802002,1.3695942163467407,2,32,0.12859214842319489,1.121482253074646,1.0007764101028442,2
0,0.7105063199996948,0.7997990250587463,-1.0849404335021973,2,1,0.7465882897377014,0.7274964451789856,-1.092726469039917,2,2,0.7560352683067322,0.716736376285553,-1.0927115678787231,2,3,0.7664319276809692,0.7048108577728271,-1.0930829048156738,2,4,0.7191771864891052,0.7171236276626587,-1.13274085521698,2,5,0.7071317434310913,0.6978650689125061,-1.1332381963729858,2,6,0.6891384124755859,0.6844990253448486,-1.1331926584243774,2,7,0.7632377743721008,0.633737325668335,-0.9526941180229187,2,8,0.657493531703949,0.5582564473152161,-1.1264704465866089,2,9,0.6945480108261108,0.8201749324798584,-1.0067623853683472,2,10,0.6593672037124634,0.7989069223403931,-1.057493805885315,2,11,0.7448527812957764,0.6849337220191956,-0.7175108194351196,2,12,0.4210452735424042,0.49930641055107117,-0.8906473517417908,2,13,0.7756389379501343,0.8481306433677673,-0.15323923528194427,2,14,0.14132055640220642,0.4833153486251831,-0.5770841240882874,2,15,0.7292299866676331,1.0510129928588867,0.19602179527282715,2,16,0.284197598695755,0.8702189326286316,-0.3255790174007416,2,17,0.7443109750747681,1.0421730279922485,0.2146913707256317,2,18,0.3187391459941864,0.9483562111854553,-0.34521254897117615,2,19,0.7140432000160217,0.9623497724533081,0.18373221158981323,2,20,0.3573816418647766,0.9050212502479553,-0.3439001441001892,2,21,0.6978035569190979,0.9237763285636902,0.19378593564033508,2,22,0.35474711656570435,0.8802325129508972,-0.31750789284706116,2,23,0.43393415212631226,0.8331618309020996,0.10217700153589249,2,24,0.2658770680427551,0.7231055498123169,-0.10131202638149261,2,25,0.4732714295387268,0.9171339869499207,0.610087513923645,2,26,0.19060659408569336,0.8163343667984009,0.447833389043808,2,27,0.44614696502685547,0.9340739846229553,1.278555154800415,2,28,0.20546093583106995,0.9046068787574768,1.022226095199585,2,29,0.4372338354587555,0.9023833870887756,1.353712797164917,2,30,0.2124594897031784,0.8733595609664917,1.0909956693649292,2,31,0.43186071515083313,1.0752182006835938,1.4110767841339111,2,32,0.207898810505867,1.1198875904083252,1.0611472129821777,2
0,0.7059818506240845,0.7724338173866272,-1.1573761701583862,2,1,0.7460130453109741,0.6938316822052002,-1.1587709188461304,2,2,0.7559175491333008,0.6874712705612183,-1.1587109565734863,2,3,0.7664934992790222,0.6807616949081421,-1.1590499877929688,2,4,0.7158610820770264,0.6715406775474548,-1.1940975189208984,2,5,0.703097403049469,0.6463884115219116,-1.1945549249649048,2,6,0.6861082911491394,0.619288444519043,-1.1944180727005005,2,7,0.7645951509475708,0.6173297762870789,-0.9852564334869385,2,8,0.6542475819587708,0.5063231587409973,-1.1379436254501343,2,9,0.689728319644928,0.7979533076286316,-1.0674381256103516,2,10,0.6559484004974365,0.7700426578521729,-1.1119370460510254,2,11,0.7314740419387817,0.6835097074508667,-0.7246178388595581,2,12,0.421224445104599,0.4817414879798889,-0.8920941948890686,2,13,0.7702562212944031,0.8267061114311218,-0.14628766477108002,2,14,0.14138680696487427,0.47915852069854736,-0.5889307260513306,2,15,0.7108481526374817,1.003877878189087,0.24575228989124298,2,16,0.2842350900173187,0.8674789071083069,-0.36425358057022095,2,17,0.7277144193649292,1.002181053161621,0.2706754505634308,2,18,0.3187088966369629,0.9483575820922852,-0.38468292355537415,2,19,0.7084992527961731,0.9432282447814941,0.24712319672107697,2,20,0.3574087917804718,0.9055008292198181,-0.3771056532859802,2,21,0.6974006295204163,0.9157485365867615,0.24677488207817078,2,22,0.35475799441337585,0.8802032470703125,-0.3540424108505249,2,23,0.434969961643219,0.8321772217750549,0.0952257290482521,2,24,0.2648426592350006,0.7110830545425415,-0.09436869621276855,2,25,0.4903331398963928,0.9187986850738525,0.602265477180481,2,26,0.20305894315242767,0.819141149520874,0.44470635056495667,2,27,0.4435117840766907,0.9301918745040894,1.260635256767273,2,28,0.21608813107013702,0.8995112180709839,1.0011849403381348,2,29,0.4326302111148834,0.8920859098434448,1.3347976207733154,2,30,0.22309909760951996,0.8643786907196045,1.0681302547454834,2,31,0.42295530438423157,1.0757609605789185,1.3950039148330688,2,32,0.21134787797927856,1.1157631874084473,1.039650321006775,2
0,0.7040991187095642,0.775043249130249,-1.1001003980636597,2,1,0.7434669733047485,0.6992987990379333,-1.1076046228408813,2,2,0.7551291584968567,0.689289927482605,-1.1075916290283203,2,3,0.7661327719688416,0.6789643168449402,-1.1079496145248413,2,4,0.7125715613365173,0.6825624108314514,-1.146173357963562,2,5,0.6998264789581299,0.6604188084602356,-1.1466803550720215,2,6,0.6849015951156616,0.6366475820541382,-1.146642804145813,2,7,0.7647684216499329,0.6076947450637817,-0.959240734577179,2,8,0.6526290774345398,0.5196793675422668,-1.1247683763504028,2,9,0.6889442205429077,0.7958378195762634,-1.0188024044036865,2,10,0.6563380360603333,0.770043671131134,-1.0673444271087646,2,11,0.733102023601532,0.6649778485298157,-0.7137221097946167,2,12,0.4213887155056,0.4784250259399414,-0.8794565200805664,2,13,0.7676759958267212,0.8190587162971497,-0.14282909035682678,2,14,0.14140698313713074,0.47679996490478516,-0.5782813429832458,2,15,0.7044494152069092,0.9919677972793579,0.2294907569885254,2,16,0.2857017517089844,0.8681088089942932,-0.3516905605792999,2,17,0.7221155762672424,0.9856467843055725,0.2497744858264923,2,18,0.3183736503124237,0.9531216025352478,-0.3682219386100769,2,19,0.7055976390838623,0.9341027140617371,0.23166856169700623,2,20,0.3576330542564392,0.9081099033355713,-0.3580487370491028,2,21,0.6972078084945679,0.9100672006607056,0.23065157234668732,2,22,0.3547578454017639,0.882393479347229,-0.3399856686592102,2,23,0.43433263897895813,0.832629382610321,0.09582371264696121,2,24,0.26344138383865356,0.7167385816574097,-0.09499131143093109,2,25,0.46983176469802856,0.9505181312561035,0.5917249917984009,2,26,0.19583040475845337,0.8462907671928406,0.42787453532218933,2,27,0.4089664816856384,0.9633487462997437,1.2336788177490234,2,28,0.18010535836219788,0.9210547208786011,0.9647658467292786,2,29,0.3940852880477905,0.9250984191894531,1.3055198192596436,2,30,0.18346421420574188,0.8833542466163635,1.0274959802627563,2,31,0.37515324354171753,1.117429494857788,1.3600726127624512,2,32,0.1649278998374939,1.1460731029510498,0.9905868768692017,2
0,0.7021900415420532,0.7602241635322571,-1.0512112379074097,2,1,0.7396619319915771,0.6884431838989258,-1.0610029697418213,2,2,0.750866174697876,0.6783442497253418,-1.0610241889953613,2,3,0.7618560194969177,0.6676317453384399,-1.0614155530929565,2,4,0.7103159427642822,0.6764137148857117,-1.0998222827911377,2,5,0.6981630921363831,0.6579709649085999,-1.100321888923645,2,6,0.6845892667770386,0.637097179889679,-1.1003206968307495,2,7,0.7630943655967712,0.5949398875236511,-0.9246922135353088,2,8,0.6511884331703186,0.5257855653762817,-1.094606637954712,2,9,0.6872280240058899,0.7805925607681274,-0.9740733504295349,2,10,0.6565855145454407,0.7598944306373596,-1.0230424404144287,2,11,0.7394233345985413,0.6346195340156555,-0.6970733404159546,2,12,0.4214147925376892,0.47425204515457153,-0.8746246695518494,2,13,0.7767804861068726,0.8007979393005371,-0.14176219701766968,2,14,0.1411568820476532,0.4731616973876953,-0.5726119875907898,2,15,0.7018993496894836,0.978920042514801,0.20499354600906372,2,16,0.28867921233177185,0.8676109313964844,-0.3438957929611206,2,17,0.718765377998352,0.983939528465271,0.21788647770881653,2,18,0.3202914595603943,0.9534647464752197,-0.3599749207496643,2,19,0.7026020884513855,0.9303077459335327,0.19003769755363464,2,20,0.35832008719444275,0.9095754027366638,-0.3489040732383728,2,21,0.6924806237220764,0.9092206358909607,0.2040405124425888,2,22,0.35621020197868347,0.8823502063751221,-0.33144256472587585,2,23,0.44072848558425903,0.8195576667785645,0.09626325219869614,2,24,0.2906954884529114,0.719678521156311,-0.09545096755027771,2,25,0.462903767824173,0.9211633801460266,0.5974295735359192,2,26,0.19589070975780487,0.8208388686180115,0.4358510971069336,2,27,0.42136451601982117,0.9489457011222839,1.2351375818252563,2,28,0.1997378021478653,0.9010375142097473,0.9759222269058228,2,29,0.41174980998039246,0.9168446063995361,1.308539867401123,2,30,0.20688554644584656,0.8642374277114868,1.0420339107513428,2,31,0.396755188703537,1.093227505683899,1.3685916662216187,2,32,0.19605137407779694,1.109257459640503,1.0187363624572754,2
0,0.7017924785614014,0.7357479929924011,-1.1186972856521606,2,1,0.7390041351318359,0.6636987328529358,-1.127204179763794,2,2,0.7499014139175415,0.6562045216560364,-1.127211332321167,2,3,0.7614018321037292,0.643917441368103,-1.1276323795318604,2,4,0.7090527415275574,0.6479282975196838,-1.166117787361145,2,5,0.6970416307449341,0.6272892355918884,-1.1666628122329712,2,6,0.6841378808021545,0.602948784828186,-1.1666821241378784,2,7,0.7625349760055542,0.5775498747825623,-0.9763191938400269,2,8,0.6511542797088623,0.4987570345401764,-1.1461910009384155,2,9,0.6874987483024597,0.7605957388877869,-1.035907506942749,2,10,0.657049298286438,0.7317833304405212,-1.0857834815979004,2,11,0.7394511699676514,0.6307682394981384,-0.7176530361175537,2,12,0.4214807450771332,0.4629652202129364,-0.8988622426986694,2,13,0.7693284749984741,0.79217129945755,-0.14028887450695038,2,14,0.14015425741672516,0.46947532892227173,-0.5683768391609192,2,15,0.6934739351272583,0.947874128818512,0.2317049503326416,2,16,0.2892128825187683,0.8670888543128967,-0.27386167645454407,2,17,0.7161094546318054,0.9616698026657104,0.2569504976272583,2,18,0.3209424316883087,0.9545766115188599,-0.2753731310367584,2,19,0.7021909952163696,0.9255996346473694,0.23555967211723328,2,20,0.35898810625076294,0.9106963872909546,-0.25970128178596497,2,21,0.689658522605896,0.8994736671447754,0.23391041159629822,2,22,0.35741838812828064,0.8822364211082458,-0.25660625100135803,2,23,0.43990764021873474,0.8221566677093506,0.09448027610778809,2,24,0.28932294249534607,0.7209305167198181,-0.09372217208147049,2,25,0.4621737599372864,0.9807552695274353,0.5929219126701355,2,26,0.13850298523902893,0.8336679935455322,0.42970141768455505,2,27,0.36446866393089294,1.0415992736816406,1.260115385055542,2,28,0.05098186060786247,0.9262939095497131,0.9602871537208557,2,29,0.35225027799606323,1.0136512517929077,1.3341113328933716,2,30,0.04825356975197792,0.8975626826286316,1.024293303489685,2,31,0.3162309229373932,1.1913014650344849,1.3625844717025757,2,32,0.013271789066493511,1.132535457611084,0.9497167468070984,2
0,0.7028197050094604,0.7051165699958801,-1.0747414827346802,2,1,0.7390870451927185,0.6379368901252747,-1.0815259218215942,2,2,0.7499703168869019,0.630404531955719,-1.0815407037734985,2,3,0.7614616751670837,0.6204063892364502,-1.0819300413131714,2,4,0.7089731097221375,0.6177877187728882,-1.1204451322555542,2,5,0.6965218186378479,0.5951339602470398,-1.1209725141525269,2,6,0.6837049722671509,0.5702349543571472,-1.120987057685852,2,7,0.7624781131744385,0.5544841885566711,-0.9566763043403625,2,8,0.6510371565818787,0.4781281054019928,-1.1293373107910156,2,9,0.6888304352760315,0.7313722968101501,-0.9960859417915344,2,10,0.6584224104881287,0.7006259560585022,-1.0454424619674683,2,11,0.7387193441390991,0.6202934384346008,-0.6974754333496094,2,12,0.42224863171577454,0.45563048124313354,-0.8722425699234009,2,13,0.7596520185470581,0.7607917785644531,-0.1319202035665512,2,14,0.13857097923755646,0.46757280826568604,-0.5450966358184814,2,15,0.6855957508087158,0.9155982732772827,0.22930340468883514,2,16,0.2893408536911011,0.8667101263999939,-0.26495346426963806,2,17,0.7119903564453125,0.9348700046539307,0.24728861451148987,2,18,0.32140085101127625,0.9548735618591309,-0.2702983021736145,2,19,0.6980903744697571,0.9091094136238098,0.2132255733013153,2,20,0.3590807616710663,0.9111751914024353,-0.2608046531677246,2,21,0.6855767965316772,0.8923247456550598,0.22800292074680328,2,22,0.3576976954936981,0.8822136521339417,-0.2508316934108734,2,23,0.4368460774421692,0.8221157193183899,0.09477335959672928,2,24,0.2872772812843323,0.7226446866989136,-0.09402920305728912,2,25,0.3566633462905884,1.0317610502243042,0.5415011048316956,2,26,0.10360846668481827,0.8523327708244324,0.36102724075317383,2,27,0.23641707003116608,1.1278578042984009,1.1823616027832031,2,28,-0.039106231182813644,0.9556412100791931,0.8392082452774048,2,29,0.2210189253091812,1.104968547821045,1.2506500482559204,2,30,-0.05431742966175079,0.9317172765731812,0.8918764591217041,2,31,0.18666034936904907,1.2887355089187622,1.2373169660568237,2,32,-0.073574498295784,1.1663120985031128,0.7732295393943787,2
0,0.7026370763778687,0.6790948510169983,-1.0227123498916626,2,1,0.738989531993866,0.6055783033370972,-1.0207860469818115,2,2,0.7500239014625549,0.6025188565254211,-1.020836353302002,2,3,0.7615108489990234,0.5973761677742004,-1.0211840867996216,2,4,0.7074869275093079,0.5753421187400818,-1.0525230169296265,2,5,0.694561779499054,0.553104043006897,-1.0529862642288208,2,6,0.6817061305046082,0.5300136804580688,-1.0528903007507324,2,7,0.7647281885147095,0.5378704071044922,-0.8626082539558411,2,8,0.6483060717582703,0.4353749454021454,-0.9998247027397156,2,9,0.6891581416130066,0.7139117121696472,-0.9384062886238098,2,10,0.6569482088088989,0.675285279750824,-0.9775583744049072,2,11,0.7381479740142822,0.6212347745895386,-0.6054875254631042,2,12,0.423080176115036,0.4432421326637268,-0.7367770075798035,2,13,0.7540467977523804,0.7537873387336731,-0.07432983070611954,2,14,0.13868604600429535,0.465530663728714,-0.38974902033805847,2,15,0.6828455328941345,0.8872057199478149,0.24571183323860168,2,16,0.2895503640174866,0.8668648600578308,-0.06450313329696655,2,17,0.7110595703125,0.9142272472381592,0.26389309763908386,2,18,0.321342796087265,0.9575153589248657,-0.0448688305914402,2,19,0.6979883909225464,0.8911664485931396,0.2378637045621872,2,20,0.35905444622039795,0.9130215644836426,-0.03331107646226883,2,21,0.6825204491615295,0.8782278895378113,0.24550394713878632,2,22,0.3575734496116638,0.8830538392066956,-0.04517101123929024,2,23,0.42918136715888977,0.8242955803871155,0.0805712565779686,2,24,0.281345009803772,0.7236981391906738,-0.07988563179969788,2,25,0.2564479112625122,1.1021374464035034,0.3849201500415802,2,26,0.06587633490562439,0.881164014339447,0.23706890642642975,2,27,0.09657690674066544,1.2782423496246338,0.917154848575592,2,28,-0.15161775052547455,1.0079355239868164,0.596203088760376,2,29,0.07683774828910828,1.2675670385360718,0.9704548120498657,2,30,-0.1762762814760208,0.9987506866455078,0.630769670009613,2,31,0.03353158012032509,1.4476310014724731,0.907305896282196,2,32,-0.20773808658123016,1.2052769660949707,0.46424975991249084,2
0,0.7033132314682007,0.6635077595710754,-0.9602908492088318,2,1,0.7390217185020447,0.5934221148490906,-0.9554265141487122,2,2,0.750072717666626,0.5901872515678406,-0.9555118083953857,2,3,0.7615804672241211,0.5822080373764038,-0.9558569192886353,2,4,0.7076290845870972,0.5686817169189453,-0.9882529973983765,2,5,0.6947656273841858,0.5482437014579773,-0.9886928200721741,2,6,0.6818951964378357,0.5255775451660156,-0.9885973334312439,2,7,0.7646549940109253,0.5254004597663879,-0.7961503267288208,2,8,0.6479300260543823,0.4298495650291443,-0.9361113905906677,2,9,0.6892107725143433,0.6964699029922485,-0.8797591328620911,2,10,0.6571522355079651,0.6626878380775452,-0.9198777675628662,2,11,0.7358459234237671,0.6153297424316406,-0.565585196018219,2,12,0.4226375222206116,0.4357755482196808,-0.6941526532173157,2,13,0.7490668892860413,0.7421003580093384,-0.041342996060848236,2,14,0.13885600864887238,0.46218711137771606,-0.36734578013420105,2,15,0.6833246350288391,0.8741106986999512,0.2705896496772766,2,16,0.29036659002304077,0.8665732145309448,-0.07342635095119476,2,17,0.7096360325813293,0.9022922515869141,0.2858976721763611,2,18,0.3219664692878723,0.9574869871139526,-0.06088068336248398,2,19,0.6976858973503113,0.8838397860527039,0.26295748353004456,2,20,0.35923364758491516,0.9132668972015381,-0.054018307477235794,2,21,0.6820810437202454,0.8724942803382874,0.2704260051250458,2,22,0.3580569922924042,0.8830208778381348,-0.05820843204855919,2,23,0.41978755593299866,0.825092077255249,0.07926163822412491,2,24,0.2731063663959503,0.7241809368133545,-0.07862982153892517,2,25,0.2546047270298004,1.0774298906326294,0.4106445908546448,2,26,0.07021889090538025,0.8773643374443054,0.26652899384498596,2,27,0.10186316817998886,1.2296981811523438,0.9691395163536072,2,28,-0.12867829203605652,1.0022140741348267,0.6629253625869751,2,29,0.08311785757541656,1.2156695127487183,1.0266623497009277,2,30,-0.15167853236198425,0.9882262945175171,0.7025750279426575,2,31,0.04433172568678856,1.398526668548584,0.982422947883606,2,32,-0.17726251482963562,1.2052642107009888,0.5541188716888428,2
0,0.7036315202713013,0.6242910027503967,-1.0290031433105469,2,1,0.7391233444213867,0.561989963054657,-1.009555697441101,2,2,0.750322163105011,0.560657799243927,-1.0096033811569214,2,3,0.76191246509552,0.5572375059127808,-1.0099107027053833,2,4,0.7076868414878845,0.5358765125274658,-1.0295826196670532,2,5,0.6948197484016418,0.5166724324226379,-1.029807448387146,2,6,0.6819359064102173,0.4938466250896454,-1.0294783115386963,2,7,0.7649568319320679,0.5079579949378967,-0.8224484324455261,2,8,0.6459572315216064,0.3920159339904785,-0.9440603852272034,2,9,0.6897813677787781,0.6558346152305603,-0.9294506311416626,2,10,0.6571984887123108,0.6221189498901367,-0.952462911605835,2,11,0.7323246598243713,0.6008535027503967,-0.5764539837837219,2,12,0.42319047451019287,0.4174154996871948,-0.705414354801178,2,13,0.7238210439682007,0.7136535048484802,-0.048864658921957016,2,14,0.1424575001001358,0.4599711000919342,-0.4249740242958069,2,15,0.6825474500656128,0.8598567843437195,0.260953426361084,2,16,0.29036763310432434,0.8656743764877319,-0.1226712316274643,2,17,0.7080034613609314,0.8899323344230652,0.27539417147636414,2,18,0.32193586230278015,0.9574788212776184,-0.12947683036327362,2,19,0.6972477436065674,0.8779104351997375,0.2525879740715027,2,20,0.3592296540737152,0.9143873453140259,-0.14235147833824158,2,21,0.6816003322601318,0.8657863736152649,0.2598995864391327,2,22,0.3580470681190491,0.8848947882652283,-0.1262698471546173,2,23,0.4155665934085846,0.8187358975410461,0.07605814933776855,2,24,0.27145734429359436,0.721580445766449,-0.07554242014884949,2,25,0.307437926530838,1.0759652853012085,0.4556855261325836,2,26,0.09523823112249374,0.820054829120636,0.31326204538345337,2,27,0.19273413717746735,1.1868977546691895,1.0410192012786865,2,28,-0.04672813415527344,0.9417045712471008,0.7429079413414001,2,29,0.17684431374073029,1.1741873025894165,1.1029455661773682,2,30,-0.06045537814497948,0.9327760338783264,0.793587327003479,2,31,0.14395728707313538,1.3399696350097656,1.0933833122253418,2,32,-0.08969728648662567,1.1255316734313965,0.6873175501823425,2
0,0.7112237215042114,0.6030437350273132,-0.8873597383499146,2,1,0.742984414100647,0.5369314551353455,-0.8735727071762085,2,2,0.7527326941490173,0.5358709096908569,-0.8736358880996704,2,3,0.7631216645240784,0.5333452820777893,-0.873901903629303,2,4,0.7135860323905945,0.512531042098999,-0.9085356593132019,2,5,0.7016800045967102,0.49300113320350647,-0.9088979959487915,2,6,0.6883889436721802,0.4710143506526947,-0.9087185263633728,2,7,0.7647632360458374,0.480167418718338,-0.700140655040741,2,8,0.6460162997245789,0.37617507576942444,-0.8568394780158997,2,9,0.694879412651062,0.6296930313110352,-0.8049021363258362,2,10,0.6611219048500061,0.5995489954948425,-0.848484218120575,2,11,0.725913941860199,0.575259268283844,-0.48610302805900574,2,12,0.42308440804481506,0.40501537919044495,-0.6416347622871399,2,13,0.7009046077728271,0.695042073726654,0.017082734033465385,2,14,0.14457464218139648,0.45686212182044983,-0.3559187948703766,2,15,0.6794772744178772,0.8505945801734924,0.276994526386261,2,16,0.2903493046760559,0.865379810333252,-0.07532253116369247,2,17,0.7069987058639526,0.8830707669258118,0.2918795645236969,2,18,0.3215550482273102,0.957518994808197,-0.06441951543092728,2,19,0.6970905065536499,0.874511182308197,0.2659755051136017,2,20,0.3592034876346588,0.9145802855491638,-0.051409076899290085,2,21,0.6804694533348083,0.8608421087265015,0.2744970917701721,2,22,0.3580206632614136,0.8850893378257751,-0.05939871072769165,2,23,0.39720457792282104,0.8132898211479187,0.07510659098625183,2,24,0.2633756399154663,0.7143807411193848,-0.07462199777364731,2,25,0.2414688915014267,1.0494956970214844,0.4442269504070282,2,26,0.08055765181779861,0.7949932813644409,0.29719972610473633,2,27,0.12138716131448746,1.169059157371521,0.989661455154419,2,28,-0.09473782032728195,0.9218927621841431,0.7098725438117981,2,29,0.10806438326835632,1.157899260520935,1.0448825359344482,2,30,-0.1107015460729599,0.9109694361686707,0.7521119713783264,2,31,0.06867147237062454,1.322760820388794,1.0024302005767822,2,32,-0.15039680898189545,1.1027666330337524,0.6184570789337158,2
0,0.7122787237167358,0.4804745614528656,-1.0911729335784912,2,1,0.7430898547172546,0.40820392966270447,-1.0693247318267822,2,2,0.7527104616165161,0.406919926404953,-1.0694091320037842,2,3,0.7626828551292419,0.40340250730514526,-1.0697897672653198,2,4,0.7145108580589294,0.38094478845596313,-1.1002730131149292,2,5,0.7025993466377258,0.35974550247192383,-1.1007496118545532,2,6,0.6891278028488159,0.3384566605091095,-1.1007739305496216,2,7,0.7571185231208801,0.35391271114349365,-0.8416725397109985,2,8,0.6441530585289001,0.28030872344970703,-0.9643544554710388,2,9,0.6963284015655518,0.511773407459259,-0.9940339922904968,2,10,0.6634717583656311,0.4870203733444214,-1.0320751667022705,2,11,0.7260229587554932,0.5210184454917908,-0.5078294277191162,2,12,0.42292875051498413,0.3434085249900818,-0.7508013248443604,2,13,0.7104745507240295,0.6912397742271423,-0.06018250063061714,2,14,0.14512555301189423,0.45691901445388794,-0.49983787536621094,2,15,0.6767706274986267,0.8525347113609314,0.19674666225910187,2,16,0.28999343514442444,0.8676356077194214,-0.2508678734302521,2,17,0.7067983150482178,0.8819963335990906,0.20872028172016144,2,18,0.3172577917575836,0.9642232060432434,-0.25359612703323364,2,19,0.6951911449432373,0.8737102150917053,0.18485106527805328,2,20,0.3586338758468628,0.9218804836273193,-0.2453329712152481,2,21,0.6751288771629333,0.8578071594238281,0.19565486907958984,2,22,0.35814571380615234,0.8915397524833679,-0.23603659868240356,2,23,0.3947848677635193,0.8060617446899414,0.06572949886322021,2,24,0.2603541612625122,0.6956793665885925,-0.06549261510372162,2,25,0.271418958902359,1.0409834384918213,0.5136009454727173,2,26,0.09302801638841629,0.7912346720695496,0.38426417112350464,2,27,0.14176024496555328,1.1512494087219238,1.1646391153335571,2,28,-0.05821773037314415,0.9133637547492981,0.9061659574508667,2,29,0.1278887391090393,1.1365265846252441,1.2324638366699219,2,30,-0.07187812030315399,0.902018666267395,0.963029146194458,2,31,0.08817950636148453,1.3035802841186523,1.1739152669906616,2,32,-0.10363259166479111,1.098324179649353,0.8215355277061462,2
0,0.7122017741203308,0.4380648732185364,-1.0770142078399658,2,1,0.7425934672355652,0.3598838150501251,-1.059374213218689,2,2,0.75179523229599,0.3563874065876007,-1.0594782829284668,2,3,0.7610898613929749,0.35168901085853577,-1.0599168539047241,2,4,0.7144219279289246,0.3407363295555115,-1.0865223407745361,2,5,0.7024814486503601,0.3235837519168854,-1.0869669914245605,2,6,0.6890448927879333,0.3057262897491455,-1.0870022773742676,2,7,0.7515233159065247,0.3111380636692047,-0.8466675877571106,2,8,0.6404275894165039,0.255668967962265,-0.9587981700897217,2,9,0.696316659450531,0.4702872335910797,-0.9857544302940369,2,10,0.6643472909927368,0.44935446977615356,-1.0182689428329468,2,11,0.7259542346000671,0.4726828336715698,-0.5443204641342163,2,12,0.42074352502822876,0.3332587480545044,-0.751369297504425,2,13,0.7160521745681763,0.6135618686676025,-0.13063891232013702,2,14,0.14516523480415344,0.4571174681186676,-0.5739657282829285,2,15,0.6779569387435913,0.8374508619308472,0.15174128115177155,2,16,0.2889609932899475,0.8676218390464783,-0.44499656558036804,2,17,0.707380473613739,0.8654726147651672,0.16135059297084808,2,18,0.31269583106040955,0.9651427268981934,-0.472419798374176,2,19,0.6948915123939514,0.8629986047744751,0.14284682273864746,2,20,0.3564675748348236,0.9234102964401245,-0.46132200956344604,2,21,0.6743695139884949,0.8459578156471252,0.1521151065826416,2,22,0.3563390374183655,0.8934289813041687,-0.4350615441799164,2,23,0.39802220463752747,0.7855838537216187,0.062062326818704605,2,24,0.26068180799484253,0.6869885921478271,-0.061989787966012955,2,25,0.3200918436050415,0.9222344756126404,0.5586659908294678,2,26,0.15026895701885223,0.7164345979690552,0.46027296781539917,2,27,0.25881823897361755,0.9681282043457031,1.1957448720932007,2,28,0.11543216556310654,0.7669937610626221,1.0089936256408691,2,29,0.2526037395000458,0.9454160928726196,1.2665562629699707,2,30,0.11520791798830032,0.7383255362510681,1.0749393701553345,2,31,0.23126207292079926,1.0915788412094116,1.2759625911712646,2,32,0.10840368270874023,0.94624924659729,1.0204968452453613,2
0,0.7119559049606323,0.40492793917655945,-1.0832459926605225,2,1,0.7425779700279236,0.32992202043533325,-1.062175989151001,2,2,0.7516970038414001,0.328176349401474,-1.0622661113739014,2,3,0.7607950568199158,0.3247281312942505,-1.0627169609069824,2,4,0.7143932580947876,0.30534693598747253,-1.0870044231414795,2,5,0.7022516131401062,0.2864399254322052,-1.0874133110046387,2,6,0.6888824701309204,0.2671985328197479,-1.0875070095062256,2,7,0.751420259475708,0.2896515130996704,-0.8466485142707825,2,8,0.6392236948013306,0.22456830739974976,-0.9517287611961365,2,9,0.6957407593727112,0.43871498107910156,-0.9894617199897766,2,10,0.6643503308296204,0.4163859486579895,-1.0195494890213013,2,11,0.725881040096283,0.46963322162628174,-0.5607774257659912,2,12,0.41976064443588257,0.3206757605075836,-0.7520808577537537,2,13,0.715471625328064,0.6063793897628784,-0.13867995142936707,2,14,0.14461354911327362,0.4588402211666107,-0.6123247742652893,2,15,0.6785741448402405,0.8217077255249023,0.1404137909412384,2,16,0.28799089789390564,0.8723738193511963,-0.5061748623847961,2,17,0.7076607346534729,0.8582066893577576,0.1516963094472885,2,18,0.3099065124988556,0.9715592265129089,-0.538989245891571,2,19,0.6937567591667175,0.854493260383606,0.13143286108970642,2,20,0.35431602597236633,0.9284817576408386,-0.5210502743721008,2,21,0.6724739670753479,0.8326871991157532,0.13932469487190247,2,22,0.35496580600738525,0.8968536257743835,-0.4942975342273712,2,23,0.4004652798175812,0.7878029346466064,0.04788517206907272,2,24,0.2644689977169037,0.6877244710922241,-0.04784074053168297,2,25,0.3424054682254791,0.9093026518821716,0.564484179019928,2,26,0.16952252388000488,0.716882050037384,0.4672147035598755,2,27,0.2921906113624573,0.935222864151001,1.1840609312057495,2,28,0.1670636534690857,0.741577684879303,1.0106409788131714,2,29,0.2879839837551117,0.910138726234436,1.2527687549591064,2,30,0.17240215837955475,0.715208113193512,1.0759015083312988,2,31,0.26351651549339294,1.0404317378997803,1.258262276649475,2,32,0.16306276619434357,0.8904452323913574,1.0128066539764404,2
0,0.7106132507324219,0.38471975922584534,-0.9730840921401978,2,1,0.7391135096549988,0.3145071268081665,-0.9531565308570862,2,2,0.7466195225715637,0.3129584491252899,-0.953278124332428,2,3,0.754201352596283,0.3095591068267822,-0.9537619948387146,2,4,0.7131087779998779,0.29264312982559204,-0.9794838428497314,2,5,0.7010977864265442,0.27511364221572876,-0.9798855185508728,2,6,0.6879879832267761,0.25651103258132935,-0.9799234867095947,2,7,0.7400009036064148,0.2680324614048004,-0.7589433193206787,2,8,0.6346722841262817,0.21102209389209747,-0.8721991181373596,2,9,0.6939265727996826,0.4163562059402466,-0.8880688548088074,2,10,0.6644112467765808,0.3968908488750458,-0.9196582436561584,2,11,0.721889317035675,0.4441516101360321,-0.5479325652122498,2,12,0.4172881245613098,0.3081057071685791,-0.6983140110969543,2,13,0.7175526022911072,0.5827860832214355,-0.12677577137947083,2,14,0.1451265513896942,0.4611113667488098,-0.5676095485687256,2,15,0.6822399497032166,0.8225802779197693,0.1377505362033844,2,16,0.28759610652923584,0.8742794990539551,-0.44857296347618103,2,17,0.7102267146110535,0.8569664359092712,0.141850546002388,2,18,0.30820560455322266,0.9728252291679382,-0.48057499527931213,2,19,0.6946361064910889,0.8556939959526062,0.12030404061079025,2,20,0.3537690043449402,0.9291015267372131,-0.4665679931640625,2,21,0.6730746626853943,0.8354169130325317,0.13572938740253448,2,22,0.3547186851501465,0.8977630138397217,-0.43832927942276,2,23,0.3998534083366394,0.7805377244949341,0.044625040143728256,2,24,0.2660861313343048,0.6847208738327026,-0.04458886757493019,2,25,0.33483362197875977,0.8601972460746765,0.5520523190498352,2,26,0.17187564074993134,0.702750563621521,0.4560099244117737,2,27,0.2803453207015991,0.8866237998008728,1.1799575090408325,2,28,0.14351613819599152,0.7431656718254089,0.9865639805793762,2,29,0.2704653739929199,0.8608373999595642,1.2467323541641235,2,30,0.14489631354808807,0.7162303924560547,1.0496363639831543,2,31,0.24587278068065643,0.9948325753211975,1.2327802181243896,2,32,0.13354450464248657,0.9027801752090454,0.9960277080535889,2
0,0.6986011862754822,0.3627997934818268,-1.0013376474380493,2,1,0.7245873212814331,0.298799991607666,-0.9733018279075623,2,2,0.7310946583747864,0.2980315685272217,-0.9734576940536499,2,3,0.7378893494606018,0.295559287071228,-0.9740015864372253,2,4,0.7005758881568909,0.27484700083732605,-0.9875410199165344,2,5,0.6885667443275452,0.2564719617366791,-0.9878113269805908,2,6,0.6754404902458191,0.2372337132692337,-0.9878378510475159,2,7,0.7300170660018921,0.25743311643600464,-0.785720944404602,2,8,0.6235249042510986,0.19440382719039917,-0.907885730266571,2,9,0.6834239959716797,0.3945066034793854,-0.9061985611915588,2,10,0.6557179689407349,0.3762000799179077,-0.9241803288459778,2,11,0.717585027217865,0.4219038188457489,-0.5551282167434692,2,12,0.41155892610549927,0.29701733589172363,-0.7151904702186584,2,13,0.7195011973381042,0.5716379880905151,-0.14870092272758484,2,14,0.14507915079593658,0.4677906334400177,-0.5907959342002869,2,15,0.6838675737380981,0.82427978515625,0.07092491537332535,2,16,0.2878548204898834,0.876469612121582,-0.5180254578590393,2,17,0.7124785780906677,0.8577198386192322,0.06699167191982269,2,18,0.3084537088871002,0.9726146459579468,-0.5611832737922668,2,19,0.6951813101768494,0.8568781614303589,0.03928041830658913,2,20,0.3546823263168335,0.9295428395271301,-0.5492159128189087,2,21,0.6734107136726379,0.8372411727905273,0.06617462635040283,2,22,0.35560041666030884,0.8986364006996155,-0.5091915726661682,2,23,0.39812278747558594,0.7701073288917542,0.04056401550769806,2,24,0.26622718572616577,0.6823216080665588,-0.04048299789428711,2,25,0.33237868547439575,0.800351619720459,0.5738240480422974,2,26,0.1808089166879654,0.6854586601257324,0.48266857862472534,2,27,0.2750532031059265,0.7743957042694092,1.1795313358306885,2,28,0.1782609075307846,0.6732227206230164,1.0275883674621582,2,29,0.279075562953949,0.6625505685806274,1.2479994297027588,2,30,0.1802474558353424,0.6395062208175659,1.0938820838928223,2,31,0.24429596960544586,0.8727482557296753,1.2721006870269775,2,32,0.18326129019260406,0.8136897683143616,1.0597306489944458,2
0,0.6924306750297546,0.3393585979938507,-1.065093755722046,2,1,0.7158145904541016,0.28027504682540894,-1.039110779762268,2,2,0.7214993834495544,0.2796022593975067,-1.0391595363616943,2,3,0.7277529835700989,0.277570903301239,-1.039560079574585,2,4,0.6946796774864197,0.2573665678501129,-1.0653903484344482,2,5,0.6835205554962158,0.23884277045726776,-1.065775752067566,2,6,0.6712024807929993,0.21843376755714417,-1.0657646656036377,2,7,0.72036212682724,0.2398647665977478,-0.8003717064857483,2,8,0.6201997995376587,0.17178621888160706,-0.930700957775116,2,9,0.6771577596664429,0.3695668876171112,-0.9624946713447571,2,10,0.6523430347442627,0.35035762190818787,-0.9955489039421082,2,11,0.7064666748046875,0.4162757992744446,-0.5647351741790771,2,12,0.4091002643108368,0.2772185504436493,-0.7488961815834045,2,13,0.6993030905723572,0.5853423476219177,-0.10219258815050125,2,14,0.14624373614788055,0.4680635929107666,-0.5898632407188416,2,15,0.6812580823898315,0.8165565133094788,0.10361465066671371,2,16,0.28845784068107605,0.8798989057540894,-0.4509206712245941,2,17,0.7122259736061096,0.8559338450431824,0.10022906213998795,2,18,0.30926257371902466,0.9760059714317322,-0.4769724905490875,2,19,0.6964706182479858,0.8569517731666565,0.08969176560640335,2,20,0.3557714521884918,0.9315254092216492,-0.4629634916782379,2,21,0.6743866801261902,0.8378828763961792,0.10543806105852127,2,22,0.3559914529323578,0.9001314043998718,-0.43820488452911377,2,23,0.3955611288547516,0.774203896522522,0.041516728699207306,2,24,0.2658785879611969,0.6827434301376343,-0.04103107750415802,2,25,0.3260575830936432,0.8464162349700928,0.6440584659576416,2,26,0.173272505402565,0.7073856592178345,0.5057690739631653,2,27,0.2741810083389282,0.8684481978416443,1.2965337038040161,2,28,0.15297473967075348,0.733855128288269,1.0998650789260864,2,29,0.27400925755500793,0.8064551949501038,1.368455171585083,2,30,0.15088672935962677,0.7045254111289978,1.1700646877288818,2,31,0.23731741309165955,0.9840816855430603,1.3674465417861938,2,32,0.15912233293056488,0.8942073583602905,1.1081167459487915,2
0,0.6831744909286499,0.315125048160553,-1.0968016386032104,2,1,0.7072416543960571,0.26022258400917053,-1.0694063901901245,2,2,0.7134466171264648,0.2617919147014618,-1.069419503211975,2,3,0.7201129794120789,0.2621074914932251,-1.0697705745697021,2,4,0.6844841241836548,0.23172731697559357,-1.1026965379714966,2,5,0.672349214553833,0.21081134676933289,-1.1031397581100464,2,6,0.6590449810028076,0.1887248307466507,-1.1030665636062622,2,7,0.7130470275878906,0.23103702068328857,-0.8109504580497742,2,8,0.6128243207931519,0.14671708643436432,-0.9644813537597656,2,9,0.6680559515953064,0.35104864835739136,-0.9891287684440613,2,10,0.6415061950683594,0.32683736085891724,-1.030755877494812,2,11,0.6960896849632263,0.40704333782196045,-0.5419237017631531,2,12,0.4068411588668823,0.2579626739025116,-0.7609230279922485,2,13,0.6901763081550598,0.5987862944602966,-0.05364323407411575,2,14,0.1491519808769226,0.4717349112033844,-0.5738714337348938,2,15,0.6781700253486633,0.8130117654800415,0.14529071748256683,2,16,0.2884316146373749,0.8792598247528076,-0.37790533900260925,2,17,0.711073637008667,0.8576991558074951,0.15518420934677124,2,18,0.3091195821762085,0.9761176109313965,-0.38281896710395813,2,19,0.6965674757957458,0.8572729825973511,0.12802544236183167,2,20,0.35644665360450745,0.9327183961868286,-0.37761062383651733,2,21,0.6745986938476562,0.8371771574020386,0.13968104124069214,2,22,0.35604116320610046,0.9012132883071899,-0.3638446629047394,2,23,0.39654695987701416,0.7766006588935852,0.042243678122758865,2,24,0.26365748047828674,0.6847789287567139,-0.04148247465491295,2,25,0.284050852060318,0.9935340881347656,0.6288637518882751,2,26,0.13615469634532928,0.8559169173240662,0.4328807592391968,2,27,0.16412809491157532,1.1590192317962646,1.2587872743606567,2,28,0.01014700997620821,1.0530070066452026,0.9643403887748718,2,29,0.14724977314472198,1.149240493774414,1.35024094581604,2,30,-0.007861169055104256,1.0489723682403564,1.0160192251205444,2,31,0.12669527530670166,1.3186707496643066,1.206701397895813,2,32,-0.005427037365734577,1.2576696872711182,0.8404263257980347,2
0,0.6764006018638611,0.29356446862220764,-0.9969253540039062,2,1,0.7034235000610352,0.23479017615318298,-0.9807445406913757,2,2,0.7108637690544128,0.2358565330505371,-0.9808006882667542,2,3,0.7184253334999084,0.23541949689388275,-0.9811440110206604,2,4,0.6768052577972412,0.20570212602615356,-1.0133684873580933,2,5,0.6633284687995911,0.18412421643733978,-1.0137062072753906,2,6,0.649003267288208,0.16120345890522003,-1.013604760169983,2,7,0.7110702395439148,0.20467232167720795,-0.7735923528671265,2,8,0.606400728225708,0.1189994364976883,-0.9180509448051453,2,9,0.6612322330474854,0.32946568727493286,-0.9043973684310913,2,10,0.6336641311645508,0.30530768632888794,-0.9454682469367981,2,11,0.694768488407135,0.37021633982658386,-0.5353811383247375,2,12,0.4035915434360504,0.23934242129325867,-0.7146260738372803,2,13,0.6965094804763794,0.5522236824035645,-0.05724114552140236,2,14,0.15170304477214813,0.47257041931152344,-0.5265074372291565,2,15,0.6782447099685669,0.8117358088493347,0.1458078920841217,2,16,0.28979432582855225,0.8791264891624451,-0.364639014005661,2,17,0.7121869325637817,0.8586027026176453,0.15747055411338806,2,18,0.3092561960220337,0.9761446118354797,-0.37375518679618835,2,19,0.6967362761497498,0.8576119542121887,0.12833863496780396,2,20,0.358632892370224,0.9345397353172302,-0.3652346432209015,2,21,0.6748371124267578,0.8375714421272278,0.14082379639148712,2,22,0.35798031091690063,0.9022844433784485,-0.3506547212600708,2,23,0.3986075818538666,0.760902464389801,0.045750562101602554,2,24,0.2664947807788849,0.6787746548652649,-0.04523404687643051,2,25,0.2933911383152008,0.9287706017494202,0.6005551815032959,2,26,0.15601611137390137,0.8237836956977844,0.4495309889316559,2,27,0.18447433412075043,1.0531902313232422,1.2274224758148193,2,28,0.07942046970129013,0.9827556610107422,0.9986971020698547,2,29,0.17392554879188538,1.0540860891342163,1.3129371404647827,2,30,0.06984240561723709,0.96644526720047,1.0581352710723877,2,31,0.14683184027671814,1.1980944871902466,1.2113374471664429,2,32,0.07362868636846542,1.168933629989624,0.9544875025749207,2
0,0.6650795340538025,0.26260530948638916,-0.9897821545600891,2,1,0.6925501227378845,0.20751966536045074,-0.9729644656181335,2,2,0.700560986995697,0.21206052601337433,-0.9730300903320312,2,3,0.7087669968605042,0.21433736383914948,-0.9733495712280273,2,4,0.6667453646659851,0.17157216370105743,-1.0023572444915771,2,5,0.6545045971870422,0.15068648755550385,-1.0026615858078003,2,6,0.6414535641670227,0.12990637123584747,-1.0025562047958374,2,7,0.7030523419380188,0.18627257645130157,-0.7648426294326782,2,8,0.599419355392456,0.09270762652158737,-0.8955790996551514,2,9,0.6496544480323792,0.30578717589378357,-0.8970043659210205,2,10,0.6225723624229431,0.27496078610420227,-0.9339728951454163,2,11,0.6835928559303284,0.3510774075984955,-0.539206862449646,2,12,0.40029650926589966,0.21822340786457062,-0.7087165117263794,2,13,0.6962698698043823,0.5386425852775574,-0.10056209564208984,2,14,0.1559627652168274,0.4725273549556732,-0.5607698559761047,2,15,0.6760364770889282,0.8125027418136597,0.03452824801206589,2,16,0.28978583216667175,0.8787444233894348,-0.5103716254234314,2,17,0.7122028470039368,0.8584840893745422,0.02620796672999859,2,18,0.3093394637107849,0.9734720587730408,-0.5549894571304321,2,19,0.6966407895088196,0.8578056693077087,-0.00644285511225462,2,20,0.35868576169013977,0.9343932271003723,-0.5439700484275818,2,21,0.6735974550247192,0.837943434715271,0.02578219585120678,2,22,0.35797470808029175,0.902430534362793,-0.5022864937782288,2,23,0.3988579511642456,0.7509058713912964,0.04776998609304428,2,24,0.2665485143661499,0.6774638891220093,-0.04738101735711098,2,25,0.3092246353626251,0.8127883076667786,0.6355632543563843,2,26,0.1691703051328659,0.7236964106559753,0.5066305994987488,2,27,0.272038072347641,0.8237669467926025,1.231354832649231,2,28,0.17188620567321777,0.7329716682434082,1.0793535709381104,2,29,0.2626134157180786,0.8047989010810852,1.3017221689224243,2,30,0.1717943698167801,0.7005732655525208,1.1445504426956177,2,31,0.26219668984413147,0.9374370574951172,1.3111488819122314,2,32,0.18858131766319275,0.8942941427230835,1.1111081838607788,2
0,0.6511688828468323,0.21310776472091675,-0.8233035802841187,2,1,0.674964964389801,0.1611403226852417,-0.8061715960502625,2,2,0.6825610399246216,0.16305293142795563,-0.806320309638977,2,3,0.6902090311050415,0.16332314908504486,-0.8066622614860535,2,4,0.6500765681266785,0.13366980850696564,-0.8421657681465149,2,5,0.6382738351821899,0.11568368971347809,-0.8423933386802673,2,6,0.625907301902771,0.09649765491485596,-0.8423234224319458,2,7,0.6832985281944275,0.1391126960515976,-0.6110063791275024,2,8,0.5871605277061462,0.058203622698783875,-0.7716823816299438,2,9,0.6363933682441711,0.25706946849823,-0.7360052466392517,2,10,0.6105898022651672,0.23194515705108643,-0.7811731696128845,2,11,0.6628552675247192,0.3041101098060608,-0.4386489987373352,2,12,0.3995388448238373,0.1663777083158493,-0.6151182651519775,2,13,0.6818044781684875,0.525152862071991,-0.0999130830168724,2,14,0.1699390411376953,0.4598434865474701,-0.5431012511253357,2,15,0.6699476838111877,0.8136394023895264,-0.06623382866382599,2,16,0.2897801101207733,0.8772076368331909,-0.5308541655540466,2,17,0.7110098004341125,0.8587825894355774,-0.09607835114002228,2,18,0.3090944290161133,0.9713610410690308,-0.5844815969467163,2,19,0.6940369009971619,0.8580740690231323,-0.13314560055732727,2,20,0.35867947340011597,0.9342826008796692,-0.5790796279907227,2,21,0.6695064902305603,0.8392605185508728,-0.07970776408910751,2,22,0.35793182253837585,0.9022764563560486,-0.5257558822631836,2,23,0.39666587114334106,0.738290548324585,0.048694808036088943,2,24,0.26601365208625793,0.6663057208061218,-0.04825150966644287,2,25,0.3097401261329651,0.7756136059761047,0.6236045956611633,2,26,0.1744334101676941,0.6998276710510254,0.49610239267349243,2,27,0.27950626611709595,0.784847617149353,1.2180416584014893,2,28,0.17779088020324707,0.6983157396316528,1.0599974393844604,2,29,0.27699345350265503,0.6874263286590576,1.280531644821167,2,30,0.1748778074979782,0.6688910126686096,1.12372887134552,2,31,0.27530959248542786,0.8884174823760986,1.2855769395828247,2,32,0.19695258140563965,0.7391367554664612,1.099790334701538,2
0,0.6365392208099365,0.18654745817184448,-0.8535947799682617,2,1,0.6646512746810913,0.1320580244064331,-0.8462597727775574,2,2,0.6730186939239502,0.1359376758337021,-0.8463296890258789,2,3,0.6820536255836487,0.13548719882965088,-0.8465677499771118,2,4,0.636753499507904,0.09575039148330688,-0.8791167140007019,2,5,0.6240801215171814,0.07390720397233963,-0.8792634606361389,2,6,0.6112560033798218,0.05191433057188988,-0.8791631460189819,2,7,0.6773778796195984,0.11177215725183487,-0.6633700132369995,2,8,0.5756646990776062,0.000443591910880059,-0.8096929788589478,2,9,0.6228106617927551,0.22659331560134888,-0.767149031162262,2,10,0.5946441292762756,0.19421586394309998,-0.8082175850868225,2,11,0.6618313193321228,0.2749447226524353,-0.4529438614845276,2,12,0.4000696837902069,0.1159222275018692,-0.644832193851471,2,13,0.6706473231315613,0.5013716220855713,-0.08472361415624619,2,14,0.18756653368473053,0.4532034397125244,-0.5533325672149658,2,15,0.6656824350357056,0.809256374835968,-0.02092248573899269,2,16,0.2912169396877289,0.8774389028549194,-0.5696500539779663,2,17,0.708705484867096,0.8550387620925903,-0.043886203318834305,2,18,0.30934712290763855,0.9704058766365051,-0.6237389445304871,2,19,0.6900100708007812,0.8567073345184326,-0.08241350203752518,2,20,0.36086639761924744,0.934666633605957,-0.6274936199188232,2,21,0.6646785736083984,0.838691234588623,-0.033690329641103745,2,22,0.3593331277370453,0.9025711417198181,-0.5675574541091919,2,23,0.3970761001110077,0.7200595140457153,0.05233250930905342,2,24,0.2690972089767456,0.6474999189376831,-0.05199161916971207,2,25,0.3086263835430145,0.7936659455299377,0.6360076665878296,2,26,0.21377715468406677,0.7040073871612549,0.48870980739593506,2,27,0.27321162819862366,0.8337273001670837,1.2224501371383667,2,28,0.16997161507606506,0.7345205545425415,1.069210410118103,2,29,0.26745185256004333,0.7291469573974609,1.2844314575195312,2,30,0.16341792047023773,0.7068737149238586,1.132871389389038,2,31,0.2647821009159088,0.8515752553939819,1.2805588245391846,2,32,0.1953391283750534,0.8018743991851807,1.0766838788986206,2
0,0.6326067447662354,0.1881984919309616,-0.8465965986251831,2,1,0.6614711880683899,0.13338817656040192,-0.8397111892700195,2,2,0.6705848574638367,0.13573338091373444,-0.8397635221481323,2,3,0.6796861886978149,0.13712982833385468,-0.8399611711502075,2,4,0.6336007714271545,0.10575523972511292,-0.8739973902702332,2,5,0.6204955577850342,0.08654090017080307,-0.8741022944450378,2,6,0.6059936285018921,0.06502712517976761,-0.8739900588989258,2,7,0.6752164363861084,0.11063812673091888,-0.6583624482154846,2,8,0.5639159679412842,0.006660228595137596,-0.8102509379386902,2,9,0.6188964247703552,0.2256525456905365,-0.760947585105896,2,10,0.5921083688735962,0.2005295306444168,-0.8038824796676636,2,11,0.6628677248954773,0.27033641934394836,-0.45126789808273315,2,12,0.3960200846195221,0.10805465281009674,-0.6431535482406616,2,13,0.6676677465438843,0.48718345165252686,-0.08274659514427185,2,14,0.19589130580425262,0.4521534740924835,-0.5598043203353882,2,15,0.662282407283783,0.7774513959884644,-0.019702116027474403,2,16,0.29120123386383057,0.8785766959190369,-0.5729086995124817,2,17,0.7065221071243286,0.8262481689453125,-0.041244231164455414,2,18,0.3100859224796295,0.9695473909378052,-0.6221524477005005,2,19,0.6881887912750244,0.8381872177124023,-0.07730560749769211,2,20,0.36130470037460327,0.934614896774292,-0.6244566440582275,2,21,0.6629399657249451,0.8169288635253906,-0.03249352052807808,2,22,0.35930708050727844,0.9027264714241028,-0.5698621273040771,2,23,0.4066718518733978,0.7142562866210938,0.052940212190151215,2,24,0.2725215256214142,0.6430811882019043,-0.05258534848690033,2,25,0.3215963542461395,0.8152655959129333,0.624681293964386,2,26,0.22292417287826538,0.7110792994499207,0.4743388295173645,2,27,0.2820415794849396,0.8571481108665466,1.1719671487808228,2,28,0.17257635295391083,0.751717746257782,1.0502312183380127,2,29,0.2695060968399048,0.797706663608551,1.226522445678711,2,30,0.16508261859416962,0.7259162664413452,1.1058155298233032,2,31,0.280581533908844,0.9147120118141174,1.1946966648101807,2,32,0.18985344469547272,0.8393704295158386,1.0197197198867798,2
0,0.6308737993240356,0.15572834014892578,-0.7868222594261169,2,1,0.6534936428070068,0.1009853258728981,-0.7806861996650696,2,2,0.6624301671981812,0.1021188497543335,-0.7807797789573669,2,3,0.6712725758552551,0.10206307470798492,-0.7809670567512512,2,4,0.6230455636978149,0.07659709453582764,-0.8088918328285217,2,5,0.6076585054397583,0.056453388184309006,-0.8089758157730103,2,6,0.5911778807640076,0.033245351165533066,-0.8089388012886047,2,7,0.6648746132850647,0.07927198708057404,-0.6131287813186646,2,8,0.5504006147384644,-0.02443956770002842,-0.7345020174980164,2,9,0.6204206943511963,0.1904861181974411,-0.7070224285125732,2,10,0.5909072160720825,0.16976147890090942,-0.7412747144699097,2,11,0.6612492203712463,0.24366211891174316,-0.4048919081687927,2,12,0.3946148455142975,0.09825669974088669,-0.5900211930274963,2,13,0.662516176700592,0.4829385280609131,-0.03361760079860687,2,14,0.20350489020347595,0.44453302025794983,-0.5604280233383179,2,15,0.663468062877655,0.7740761637687683,0.017911000177264214,2,16,0.2915530204772949,0.8784633278846741,-0.625510036945343,2,17,0.7066695094108582,0.8253256678581238,0.003330997657030821,2,18,0.3101557791233063,0.9695071578025818,-0.6805921792984009,2,19,0.6886043548583984,0.839448094367981,-0.031623758375644684,2,20,0.3613947629928589,0.9345678091049194,-0.6947891712188721,2,21,0.6652031540870667,0.8195565938949585,0.007498518563807011,2,22,0.35937726497650146,0.9026907682418823,-0.628193199634552,2,23,0.4161060154438019,0.7211304903030396,0.043439533561468124,2,24,0.2800294756889343,0.647790789604187,-0.04308226332068443,2,25,0.3393024206161499,0.9219801425933838,0.5170432925224304,2,26,0.21123847365379333,0.8276914954185486,0.4344179928302765,2,27,0.28659453988075256,1.0921190977096558,1.048549771308899,2,28,0.15991021692752838,0.9785658121109009,0.9695824384689331,2,29,0.2713158428668976,1.0888633728027344,1.097637414932251,2,30,0.15301580727100372,0.9719508290290833,1.02128267288208,2,31,0.2861476540565491,1.2362735271453857,1.019537329673767,2,32,0.17715345323085785,1.1398179531097412,0.8904740214347839,2
0,0.6343017220497131,0.12466444820165634,-0.8111088275909424,2,1,0.6553716063499451,0.06976913660764694,-0.8034077286720276,2,2,0.6642160415649414,0.06957163661718369,-0.8035086393356323,2,3,0.672492265701294,0.07103756070137024,-0.8037278056144714,2,4,0.6254204511642456,0.05084006115794182,-0.8336775898933411,2,5,0.610988438129425,0.034474100917577744,-0.8338710069656372,2,6,0.5958878397941589,0.015674259513616562,-0.8339024186134338,2,7,0.662192702293396,0.0593564510345459,-0.6290070414543152,2,8,0.5512672662734985,-0.045832473784685135,-0.7604920268058777,2,9,0.6256927847862244,0.15624186396598816,-0.728114902973175,2,10,0.5939686894416809,0.14050857722759247,-0.7657067179679871,2,11,0.664404034614563,0.22085179388523102,-0.41974303126335144,2,12,0.3916172385215759,0.08854661136865616,-0.6109950542449951,2,13,0.6637183427810669,0.49094581604003906,-0.047922782599925995,2,14,0.20726200938224792,0.430829793214798,-0.5876301527023315,2,15,0.6651774048805237,0.778452455997467,-0.013445333577692509,2,16,0.29152223467826843,0.8688192963600159,-0.6529509425163269,2,17,0.7068799734115601,0.8280423879623413,-0.03563719242811203,2,18,0.3114764988422394,0.9649996161460876,-0.7053802609443665,2,19,0.6892162561416626,0.8421726226806641,-0.07507514208555222,2,20,0.361538290977478,0.9317556619644165,-0.721378743648529,2,21,0.667041540145874,0.8215685486793518,-0.028244908899068832,2,22,0.3594414293766022,0.8992974758148193,-0.6555135250091553,2,23,0.4257218539714813,0.7253741025924683,0.03164862468838692,2,24,0.28739914298057556,0.6577503681182861,-0.031416382640600204,2,25,0.35134416818618774,0.9710204005241394,0.5188674330711365,2,26,0.20606882870197296,0.8646173477172852,0.4374316334724426,2,27,0.30141982436180115,1.1653434038162231,1.0853806734085083,2,28,0.15557590126991272,1.0377578735351562,0.9781397581100464,2,29,0.28799644112586975,1.1708753108978271,1.1392086744308472,2,30,0.14935870468616486,1.0366902351379395,1.0270441770553589,2,31,0.29983723163604736,1.3043227195739746,1.0602296590805054,2,32,0.17163297533988953,1.192017912864685,0.9172621965408325,2
END PUSHUP
0,0.6755229234695435,0.40571755170822144,-0.702400803565979,2,1,0.7281524538993835,0.34842273592948914,-0.7037244439125061,2,2,0.7423774600028992,0.3526417911052704,-0.7038437724113464,2,3,0.7561492323875427,0.35587283968925476,-0.7040669918060303,2,4,0.6895259022712708,0.3041912317276001,-0.7270848155021667,2,5,0.6750006079673767,0.27463793754577637,-0.7273757457733154,2,6,0.6605091094970703,0.2414568066596985,-0.7273538112640381,2,7,0.7547471523284912,0.3124309778213501,-0.5552409887313843,2,8,0.6271474361419678,0.1442374289035797,-0.662401020526886,2,9,0.6588718891143799,0.44348305463790894,-0.6273267865180969,2,10,0.6316616535186768,0.39418214559555054,-0.6569212079048157,2,11,0.7240319848060608,0.44499167799949646,-0.3507457971572876,2,12,0.40860751271247864,0.24209405481815338,-0.4329698979854584,2,13,0.7042636275291443,0.5735810995101929,0.1307036280632019,2,14,0.1539323776960373,0.4721556305885315,-0.21355658769607544,2,15,0.6743613481521606,0.8041183948516846,0.3249993920326233,2,16,0.2794209420681,0.8768337965011597,-0.13717252016067505,2,17,0.6888383626937866,0.8612624406814575,0.34833618998527527,2,18,0.29672420024871826,0.9788742661476135,-0.15056906640529633,2,19,0.6754653453826904,0.8497425317764282,0.3203684687614441,2,20,0.3579804301261902,0.9254144430160522,-0.11472780257463455,2,21,0.6612837910652161,0.8227697014808655,0.32366693019866943,2,22,0.3569665551185608,0.8984307050704956,-0.11481316387653351,2,23,0.4727688431739807,0.8219267129898071,0.030206818133592606,2,24,0.312737375497818,0.7171266078948975,-0.029755862429738045,2,25,0.34754711389541626,1.0704420804977417,0.4076995849609375,2,26,0.1714288741350174,0.9333570599555969,0.3023652732372284,2,27,0.3083219826221466,1.228657603263855,0.8927983641624451,2,28,0.08970189094543457,1.0890216827392578,0.7154039740562439,2,29,0.303710013628006,1.2182153463363647,0.9407822489738464,2,30,0.08266492187976837,1.078667402267456,0.7567010521888733,2,31,0.2311345934867859,1.3734889030456543,0.8970612287521362,2,32,0.0650104284286499,1.2524981498718262,0.6498998999595642,2
0,0.6741507649421692,0.43813079595565796,-0.6605371832847595,2,1,0.7256815433502197,0.37653228640556335,-0.663334846496582,2,2,0.7396285533905029,0.3793584406375885,-0.663532555103302,2,3,0.7525567412376404,0.38110271096229553,-0.6637917757034302,2,4,0.6876722574234009,0.33649858832359314,-0.6895492672920227,2,5,0.6736383438110352,0.3078599274158478,-0.6898924112319946,2,6,0.6601054668426514,0.2762511372566223,-0.6899840831756592,2,7,0.7487892508506775,0.32381439208984375,-0.5249362587928772,2,8,0.6299893260002136,0.1704230159521103,-0.6396461129188538,2,9,0.6573109030723572,0.4759681522846222,-0.5876968502998352,2,10,0.6318681836128235,0.4228436052799225,-0.6204385757446289,2,11,0.7245219349861145,0.4626772403717041,-0.3170810341835022,2,12,0.40870800614356995,0.24554307758808136,-0.41593924164772034,2,13,0.6906817555427551,0.6095092296600342,0.1716727912425995,2,14,0.1494360864162445,0.47486573457717896,-0.2465818226337433,2,15,0.6557961106300354,0.8160416483879089,0.31743723154067993,2,16,0.279307097196579,0.8803430199623108,-0.2231847494840622,2,17,0.6820192337036133,0.8628396391868591,0.34044313430786133,2,18,0.29742589592933655,0.9785470366477966,-0.2422790229320526,2,19,0.6739686727523804,0.8465448021888733,0.30518004298210144,2,20,0.3558881878852844,0.9274392127990723,-0.21467632055282593,2,21,0.6582784056663513,0.8156460523605347,0.3131621479988098,2,22,0.3539835810661316,0.8989991545677185,-0.20365573465824127,2,23,0.4688258469104767,0.8496295213699341,0.025978442281484604,2,24,0.3113430142402649,0.7327170968055725,-0.02558307908475399,2,25,0.313153475522995,1.2001702785491943,0.36350974440574646,2,26,0.14558778703212738,1.0108850002288818,0.2675892114639282,2,27,0.24650835990905762,1.4590632915496826,0.8632630109786987,2,28,0.013035086914896965,1.2558703422546387,0.6691029667854309,2,29,0.2371859848499298,1.4626014232635498,0.9086126685142517,2,30,-0.0005902486736886203,1.2661067247390747,0.7053558826446533,2,31,0.19056783616542816,1.6087335348129272,0.7946525812149048,2,32,-0.031708989292383194,1.419091820716858,0.530720055103302,2
0,0.675630509853363,0.5180119872093201,-0.6891008019447327,2,1,0.725572943687439,0.4564867615699768,-0.6970207691192627,2,2,0.7400926947593689,0.44956204295158386,-0.6971759796142578,2,3,0.7533733248710632,0.446724534034729,-0.6973972320556641,2,4,0.6874421238899231,0.4262332022190094,-0.7239227890968323,2,5,0.6749495267868042,0.4010414481163025,-0.7242743968963623,2,6,0.6560786962509155,0.3893428146839142,-0.7243249416351318,2,7,0.749129056930542,0.3765370547771454,-0.5681255459785461,2,8,0.6344118714332581,0.21749968826770782,-0.7058698534965515,2,9,0.658942461013794,0.5343998670578003,-0.6204365491867065,2,10,0.6348353028297424,0.4956255257129669,-0.6545232534408569,2,11,0.7284127473831177,0.4745134711265564,-0.3646984398365021,2,12,0.411506325006485,0.27352821826934814,-0.4389326870441437,2,13,0.691250741481781,0.6492125988006592,0.1250261664390564,2,14,0.14226585626602173,0.4759860038757324,-0.25918108224868774,2,15,0.6536999940872192,0.8223103880882263,0.3113574683666229,2,16,0.2782817780971527,0.8802410364151001,-0.1663055568933487,2,17,0.6821909546852112,0.8652957081794739,0.3365165889263153,2,18,0.29766494035720825,0.9708906412124634,-0.17058324813842773,2,19,0.6739990711212158,0.8465717434883118,0.2985604405403137,2,20,0.35084038972854614,0.9213263392448425,-0.1508137583732605,2,21,0.658318817615509,0.8159295320510864,0.307265967130661,2,22,0.34798702597618103,0.890555202960968,-0.1476500928401947,2,23,0.46588045358657837,0.8495058417320251,0.02640405483543873,2,24,0.3113683760166168,0.745293915271759,-0.026136282831430435,2,25,0.30091243982315063,1.2274999618530273,0.3565772771835327,2,26,0.14335854351520538,1.0521724224090576,0.24960868060588837,2,27,0.23349100351333618,1.4787378311157227,0.8615515232086182,2,28,0.0154454680159688,1.2825134992599487,0.6531305909156799,2,29,0.22484628856182098,1.4777581691741943,0.9068559408187866,2,30,0.0022826441563665867,1.28916597366333,0.6893395185470581,2,31,0.18108126521110535,1.6314079761505127,0.7824683785438538,2,32,-0.021372079849243164,1.4447880983352661,0.5136896967887878,2
0,0.6750859022140503,0.5442420244216919,-0.7034115195274353,2,1,0.7251390814781189,0.4961589574813843,-0.7107173204421997,2,2,0.73828125,0.49573251605033875,-0.7107694149017334,2,3,0.7502613663673401,0.49352237582206726,-0.7109103798866272,2,4,0.6850559115409851,0.4630280137062073,-0.7277303338050842,2,5,0.6719644665718079,0.4372548460960388,-0.7279199361801147,2,6,0.6567062139511108,0.4088923931121826,-0.7275751233100891,2,7,0.7488710284233093,0.42885807156562805,-0.6169589757919312,2,8,0.636493444442749,0.26634481549263,-0.7184290289878845,2,9,0.658521294593811,0.5690767168998718,-0.6246436834335327,2,10,0.632124125957489,0.5254210829734802,-0.6633959412574768,2,11,0.7275405526161194,0.4991244971752167,-0.41016271710395813,2,12,0.41823431849479675,0.30599895119667053,-0.45923659205436707,2,13,0.6890138983726501,0.664555549621582,0.10490930825471878,2,14,0.1428856998682022,0.47559604048728943,-0.2097879946231842,2,15,0.65472811460495,0.8210779428482056,0.32286983728408813,2,16,0.27629750967025757,0.8808474540710449,-0.07725517451763153,2,17,0.6827340722084045,0.8667831420898438,0.3435502350330353,2,18,0.29611462354660034,0.9675461649894714,-0.08276142179965973,2,19,0.6739627718925476,0.8465996980667114,0.30990588665008545,2,20,0.3468188941478729,0.9213769435882568,-0.05645633861422539,2,21,0.6583481431007385,0.8163398504257202,0.31977102160453796,2,22,0.34373751282691956,0.8905849456787109,-0.05829042196273804,2,23,0.46809259057044983,0.841179370880127,0.042553339153528214,2,24,0.3120614290237427,0.7590600252151489,-0.0417102612555027,2,25,0.3042641580104828,1.1727405786514282,0.37891218066215515,2,26,0.15447022020816803,0.9963003396987915,0.27920395135879517,2,27,0.2621752917766571,1.3834888935089111,0.8931394219398499,2,28,0.04377516359090805,1.1738561391830444,0.6642543077468872,2,29,0.2579531967639923,1.375213623046875,0.9403919577598572,2,30,0.02971118502318859,1.1681538820266724,0.6999197602272034,2,31,0.22153128683567047,1.5447434186935425,0.8575672507286072,2,32,0.01882781833410263,1.346740961074829,0.5674368143081665,2
0,0.6734646558761597,0.5586815476417542,-0.7591020464897156,2,1,0.7231159210205078,0.50253826379776,-0.7746806740760803,2,2,0.7359614968299866,0.5004007816314697,-0.7747570276260376,2,3,0.7487354874610901,0.49716103076934814,-0.7749828696250916,2,4,0.6848577260971069,0.4746288061141968,-0.7937336564064026,2,5,0.6709972023963928,0.4481399953365326,-0.7940109372138977,2,6,0.654956042766571,0.4153725802898407,-0.7938559055328369,2,7,0.7517518401145935,0.4261165261268616,-0.6588954925537109,2,8,0.6329394578933716,0.2710219621658325,-0.7492638230323792,2,9,0.657054603099823,0.5815770030021667,-0.6847327351570129,2,10,0.6309731006622314,0.5416814684867859,-0.7123123407363892,2,11,0.7284447550773621,0.514512300491333,-0.4244249165058136,2,12,0.4182617962360382,0.3145464360713959,-0.4701622426509857,2,13,0.6894336938858032,0.6741849184036255,0.12020740658044815,2,14,0.14395029842853546,0.4751817584037781,-0.23395401239395142,2,15,0.6531632542610168,0.8342453241348267,0.355841726064682,2,16,0.27647820115089417,0.8811353445053101,-0.110312320291996,2,17,0.6824045777320862,0.8707438111305237,0.38305509090423584,2,18,0.29746124148368835,0.9654806852340698,-0.1165386438369751,2,19,0.6740564107894897,0.8466278910636902,0.3462919294834137,2,20,0.34700721502304077,0.9214221835136414,-0.09233789891004562,2,21,0.6586863398551941,0.8165521025657654,0.3522467017173767,2,22,0.34345531463623047,0.8904857635498047,-0.09097792953252792,2,23,0.46765103936195374,0.8439307808876038,0.04229869320988655,2,24,0.3130369782447815,0.7547926306724548,-0.04146794229745865,2,25,0.32129397988319397,1.1801716089248657,0.39659446477890015,2,26,0.15701569616794586,0.994166374206543,0.29143497347831726,2,27,0.27182653546333313,1.4011456966400146,0.8997516632080078,2,28,0.03954598680138588,1.1757115125656128,0.6914160847663879,2,29,0.2635718584060669,1.3943629264831543,0.9471449255943298,2,30,0.026958975940942764,1.172670602798462,0.7296890616416931,2,31,0.22698964178562164,1.5545628070831299,0.8805731534957886,2,32,0.006763537414371967,1.3458067178726196,0.5877988338470459,2
0,0.679646372795105,0.5763446092605591,-0.9022530317306519,2,1,0.7318748235702515,0.5218523740768433,-0.9015539288520813,2,2,0.7478197813034058,0.5227901935577393,-0.9015066027641296,2,3,0.7635087370872498,0.5218190550804138,-0.9015735387802124,2,4,0.6891162991523743,0.48441722989082336,-0.9241116046905518,2,5,0.6752877831459045,0.45382893085479736,-0.9244682192802429,2,6,0.6617724895477295,0.4173073172569275,-0.9242693781852722,2,7,0.7677430510520935,0.4626884162425995,-0.7344139218330383,2,8,0.639467179775238,0.2894047200679779,-0.8366724252700806,2,9,0.6642938256263733,0.6041766405105591,-0.8169571757316589,2,10,0.6375671029090881,0.5596083998680115,-0.8462745547294617,2,11,0.7275108098983765,0.5351353287696838,-0.4770818054676056,2,12,0.4225972592830658,0.35012075304985046,-0.5721402764320374,2,13,0.6777379512786865,0.6743615865707397,0.10723651200532913,2,14,0.1460491269826889,0.47253262996673584,-0.2528737783432007,2,15,0.645262598991394,0.8322529196739197,0.3564899265766144,2,16,0.2749384343624115,0.8810395002365112,-0.11520493030548096,2,17,0.6819425821304321,0.8705736994743347,0.38098078966140747,2,18,0.2941547632217407,0.9612904787063599,-0.12137940526008606,2,19,0.6748551726341248,0.8462439179420471,0.34676092863082886,2,20,0.3419971764087677,0.9212807416915894,-0.09939304739236832,2,21,0.6589258313179016,0.8167188763618469,0.3529997169971466,2,22,0.338799387216568,0.889411985874176,-0.09802863001823425,2,23,0.46860331296920776,0.8318853378295898,0.06748636811971664,2,24,0.31506019830703735,0.7589973211288452,-0.06649836897850037,2,25,0.3306320309638977,1.1440080404281616,0.48882052302360535,2,26,0.1568460315465927,0.9765516519546509,0.3109343647956848,2,27,0.25972798466682434,1.344871997833252,1.0203659534454346,2,28,0.027146250009536743,1.1468091011047363,0.7040646076202393,2,29,0.2395341694355011,1.3380050659179688,1.0738494396209717,2,30,0.008766070939600468,1.1413763761520386,0.7457126379013062,2,31,0.21787545084953308,1.5076627731323242,1.0527849197387695,2,32,0.008376289159059525,1.336158037185669,0.5946553349494934,2
0,0.6848755478858948,0.6284128427505493,-0.786396861076355,2,1,0.7333583235740662,0.5663458108901978,-0.8045476078987122,2,2,0.7487024068832397,0.5628170967102051,-0.8045632243156433,2,3,0.7654443979263306,0.5539559721946716,-0.8047598600387573,2,4,0.693020224571228,0.5407612323760986,-0.8409380316734314,2,5,0.6808034181594849,0.5162015557289124,-0.8415804505348206,2,6,0.669896125793457,0.48775336146354675,-0.8413941860198975,2,7,0.7692763805389404,0.477970153093338,-0.6966657638549805,2,8,0.6454855799674988,0.3710315525531769,-0.7950225472450256,2,9,0.671271562576294,0.6463252902030945,-0.7281972765922546,2,10,0.6444016695022583,0.6154860854148865,-0.7737215161323547,2,11,0.7311896681785583,0.5309082865715027,-0.46523723006248474,2,12,0.42413052916526794,0.3798547089099884,-0.5509861707687378,2,13,0.6666978597640991,0.6437574028968811,0.10287187993526459,2,14,0.14755992591381073,0.4721878468990326,-0.2248014509677887,2,15,0.6452932357788086,0.8320779800415039,0.3591868579387665,2,16,0.275016725063324,0.8807912468910217,-0.018157178536057472,2,17,0.6816365122795105,0.8704090118408203,0.38524892926216125,2,18,0.29446855187416077,0.9583706259727478,-0.007916519418358803,2,19,0.6754204630851746,0.8464323282241821,0.35250261425971985,2,20,0.3425905406475067,0.9208622574806213,0.008297702297568321,2,21,0.6598303318023682,0.8173432946205139,0.35765597224235535,2,22,0.33951297402381897,0.8879966735839844,-0.0013283577281981707,2,23,0.4794621467590332,0.8287549018859863,0.07191921025514603,2,24,0.32133749127388,0.7625828385353088,-0.07103850692510605,2,25,0.32569292187690735,1.1339306831359863,0.3990747034549713,2,26,0.15984882414340973,1.0185786485671997,0.23460812866687775,2,27,0.2068895548582077,1.3617918491363525,0.9166736602783203,2,28,0.01698119565844536,1.2556605339050293,0.5989348888397217,2,29,0.18200919032096863,1.3585338592529297,0.9673311114311218,2,30,-0.007164205890148878,1.2569619417190552,0.6325857043266296,2,31,0.16624373197555542,1.5344998836517334,0.9303768873214722,2,32,0.007316107861697674,1.4627059698104858,0.5014424920082092,2
0,0.6965466141700745,0.6999443769454956,-0.9469463229179382,2,1,0.7540263533592224,0.6443432569503784,-0.958191990852356,2,2,0.769661009311676,0.645799994468689,-0.9579868912696838,2,3,0.7840403914451599,0.6443448662757874,-0.9580957293510437,2,4,0.7053753733634949,0.6017778515815735,-0.982227623462677,2,5,0.6912906169891357,0.5737234950065613,-0.9826604723930359,2,6,0.6805365085601807,0.5461189150810242,-0.9825053811073303,2,7,0.7956186532974243,0.5792276859283447,-0.8020642399787903,2,8,0.6585963368415833,0.43130195140838623,-0.9062912464141846,2,9,0.6845218539237976,0.7324258685112,-0.8615621328353882,2,10,0.6479524970054626,0.6824551820755005,-0.8926919102668762,2,11,0.740503191947937,0.6006607413291931,-0.5758780241012573,2,12,0.42944177985191345,0.4068877100944519,-0.6337498426437378,2,13,0.716331422328949,0.6953610181808472,-0.015040297992527485,2,14,0.14844964444637299,0.4636964797973633,-0.3731220066547394,2,15,0.6772854924201965,0.8562793135643005,0.3180064857006073,2,16,0.27518585324287415,0.8803908228874207,-0.16945776343345642,2,17,0.681833803653717,0.872085690498352,0.3540697395801544,2,18,0.29526954889297485,0.9572185277938843,-0.16844817996025085,2,19,0.6760966181755066,0.8528660535812378,0.32420191168785095,2,20,0.3431938588619232,0.9206672310829163,-0.11760168522596359,2,21,0.6629610061645508,0.8282228708267212,0.333300918340683,2,22,0.34004878997802734,0.8864642977714539,-0.14478091895580292,2,23,0.49481287598609924,0.8269162774085999,0.0847712829709053,2,24,0.3211604356765747,0.7478561401367188,-0.08405019342899323,2,25,0.4240916967391968,0.9487943053245544,0.5448628664016724,2,26,0.22045333683490753,0.9011149406433105,0.40248435735702515,2,27,0.34892794489860535,0.9551311135292053,1.1038872003555298,2,28,0.20092572271823883,0.989921510219574,0.8467559218406677,2,29,0.3338336944580078,0.912107527256012,1.1674950122833252,2,30,0.19718053936958313,0.9474504590034485,0.8983548879623413,2,31,0.30306166410446167,1.112196922302246,1.2216732501983643,2,32,0.19986531138420105,1.2228469848632812,0.8731899857521057,2
0,0.698502779006958,0.7277278304100037,-0.8738728165626526,2,1,0.7595849633216858,0.6806727647781372,-0.880937933921814,2,2,0.7744508981704712,0.6841433644294739,-0.8809869885444641,2,3,0.787489652633667,0.6850602030754089,-0.8811637759208679,2,4,0.7099881768226624,0.6347661018371582,-0.9084784984588623,2,5,0.695346474647522,0.6059815287590027,-0.9089309573173523,2,6,0.6838302612304688,0.5765092372894287,-0.9089046120643616,2,7,0.8003414869308472,0.6229780316352844,-0.7368349432945251,2,8,0.6583817005157471,0.46584510803222656,-0.9031710028648376,2,9,0.6860517263412476,0.7624657154083252,-0.7951464056968689,2,10,0.6477605700492859,0.706257164478302,-0.8336283564567566,2,11,0.7421414256095886,0.640153706073761,-0.5155419111251831,2,12,0.43235570192337036,0.43249425292015076,-0.6088600754737854,2,13,0.713055431842804,0.6852115988731384,0.023379651829600334,2,14,0.14896491169929504,0.46011003851890564,-0.3722807466983795,2,15,0.6844398975372314,0.8546268343925476,0.40652668476104736,2,16,0.2753211557865143,0.8804812431335449,-0.15368162095546722,2,17,0.6811519861221313,0.8717901706695557,0.4374777376651764,2,18,0.29850536584854126,0.9552208781242371,-0.15993936359882355,2,19,0.6805475354194641,0.8528153896331787,0.42956462502479553,2,20,0.34352731704711914,0.9177541732788086,-0.11051087826490402,2,21,0.6658933162689209,0.8285613656044006,0.41243064403533936,2,22,0.3405136168003082,0.8842918276786804,-0.12855656445026398,2,23,0.5043272376060486,0.8281639218330383,0.08591330796480179,2,24,0.3217422664165497,0.7411981225013733,-0.08522406965494156,2,25,0.4452911615371704,0.9408667683601379,0.5373972654342651,2,26,0.23123449087142944,0.8717191815376282,0.39340147376060486,2,27,0.3843326270580292,0.9598414897918701,1.0595810413360596,2,28,0.2013833373785019,0.9370125532150269,0.8077030777931213,2,29,0.37237629294395447,0.9175323843955994,1.1178512573242188,2,30,0.19808141887187958,0.8967121839523315,0.8543773889541626,2,31,0.33632901310920715,1.11274254322052,1.15771484375,2,32,0.18863919377326965,1.1473262310028076,0.8085604310035706,2
0,0.7002747058868408,0.728797197341919,-0.7842015624046326,2,1,0.7580921649932861,0.6805269122123718,-0.795989453792572,2,2,0.7736772894859314,0.6858164668083191,-0.7958853840827942,2,3,0.7875167727470398,0.688754141330719,-0.7960636615753174,2,4,0.712144672870636,0.6345859169960022,-0.8187200427055359,2,5,0.6985438466072083,0.6082381010055542,-0.8190065026283264,2,6,0.6866952776908875,0.5811664462089539,-0.8188555836677551,2,7,0.7974765300750732,0.6177252531051636,-0.6671691536903381,2,8,0.6575475931167603,0.47007402777671814,-0.7765618562698364,2,9,0.6858978271484375,0.7632713317871094,-0.7111515402793884,2,10,0.6492473483085632,0.7106117010116577,-0.7398403286933899,2,11,0.7435227036476135,0.6443226933479309,-0.5094479918479919,2,12,0.43130454421043396,0.4516684412956238,-0.5134266018867493,2,13,0.7399689555168152,0.7028151154518127,0.028529362753033638,2,14,0.15067324042320251,0.4609968364238739,-0.2703389823436737,2,15,0.6942618489265442,0.8609867691993713,0.3863544166088104,2,16,0.27776649594306946,0.8774863481521606,-0.1032620370388031,2,17,0.6871108412742615,0.8661364912986755,0.40713754296302795,2,18,0.3031359612941742,0.949989914894104,-0.1122143417596817,2,19,0.6882097125053406,0.8508660793304443,0.3953462243080139,2,20,0.34764426946640015,0.9093924760818481,-0.07079055160284042,2,21,0.6710469722747803,0.8282417058944702,0.38947927951812744,2,22,0.34246331453323364,0.8745964765548706,-0.0812724381685257,2,23,0.49988219141960144,0.8335611820220947,0.08569097518920898,2,24,0.31990697979927063,0.7434476017951965,-0.08490624278783798,2,25,0.43020981550216675,0.9593561291694641,0.5103946924209595,2,26,0.2256098836660385,0.8742724657058716,0.3772285282611847,2,27,0.36964839696884155,0.9915488958358765,1.0408262014389038,2,28,0.18308044970035553,0.9884402751922607,0.7808786034584045,2,29,0.35731011629104614,0.9502333998680115,1.0918546915054321,2,30,0.1780519336462021,0.9610019326210022,0.8310383558273315,2,31,0.3279847800731659,1.144586205482483,1.0951319932937622,2,32,0.1731480211019516,1.1621302366256714,0.7562028765678406,2
0,0.7016849517822266,0.7465692162513733,-0.8488132953643799,2,1,0.7581183314323425,0.6944482326507568,-0.8660103678703308,2,2,0.7747090458869934,0.6949672102928162,-0.8658266067504883,2,3,0.7885935306549072,0.6952000260353088,-0.8659916520118713,2,4,0.7118787169456482,0.6526410579681396,-0.8876581788063049,2,5,0.6975142359733582,0.6260977387428284,-0.8880094289779663,2,6,0.6850263476371765,0.5984017252922058,-0.8879187703132629,2,7,0.7955712080001831,0.6263371109962463,-0.7376305460929871,2,8,0.6567561626434326,0.4791920483112335,-0.8347181081771851,2,9,0.6878520250320435,0.7792786955833435,-0.7731190323829651,2,10,0.6498852968215942,0.7251738905906677,-0.800308108329773,2,11,0.7457904815673828,0.6441235542297363,-0.5382388830184937,2,12,0.43188509345054626,0.4509228765964508,-0.5614014863967896,2,13,0.7421902418136597,0.703135073184967,0.015208077616989613,2,14,0.15265503525733948,0.46078190207481384,-0.3020055592060089,2,15,0.6946102380752563,0.8617838025093079,0.3702816963195801,2,16,0.2797740399837494,0.8765227198600769,-0.12038861960172653,2,17,0.6870962381362915,0.8657563328742981,0.39708656072616577,2,18,0.30665478110313416,0.9462689161300659,-0.125081405043602,2,19,0.6886686682701111,0.8509603142738342,0.3888394236564636,2,20,0.34994325041770935,0.9065086841583252,-0.0835367739200592,2,21,0.6737006902694702,0.8280934691429138,0.37446755170822144,2,22,0.3440243899822235,0.8724117279052734,-0.09780024737119675,2,23,0.49895602464675903,0.8401592969894409,0.08402664214372635,2,24,0.3204413652420044,0.7416256666183472,-0.0832693800330162,2,25,0.4735700488090515,0.9414124488830566,0.5273846387863159,2,26,0.2381783425807953,0.8633951544761658,0.403664231300354,2,27,0.43226003646850586,0.9454083442687988,1.07465398311615,2,28,0.22797289490699768,0.9216035008430481,0.8386257886886597,2,29,0.4224395751953125,0.9020085334777832,1.1371790170669556,2,30,0.22914861142635345,0.8774663805961609,0.8917762041091919,2,31,0.39608514308929443,1.0923316478729248,1.197590947151184,2,32,0.2219451367855072,1.1240400075912476,0.8737528324127197,2
0,0.7013474106788635,0.780106782913208,-0.8490623831748962,2,1,0.7570276856422424,0.7316451668739319,-0.8621453046798706,2,2,0.7731626033782959,0.7298164963722229,-0.862019419670105,2,3,0.7874382734298706,0.7272161245346069,-0.8622114658355713,2,4,0.7102469801902771,0.6999767422676086,-0.8867896199226379,2,5,0.6853415369987488,0.6933814883232117,-0.8871593475341797,2,6,0.6710999608039856,0.6746425628662109,-0.8871164917945862,2,7,0.7939476370811462,0.6531510949134827,-0.7227988839149475,2,8,0.6555661559104919,0.5162782669067383,-0.8307791948318481,2,9,0.6874009966850281,0.8043032884597778,-0.7700765132904053,2,10,0.6495330929756165,0.7572054266929626,-0.8008972406387329,2,11,0.7854403257369995,0.6520282626152039,-0.5347540974617004,2,12,0.4322001338005066,0.46665018796920776,-0.5576509833335876,2,13,0.7392566800117493,0.691694438457489,-0.03316877782344818,2,14,0.15387389063835144,0.4604763090610504,-0.31625163555145264,2,15,0.6830746531486511,0.84390789270401,0.2533424496650696,2,16,0.2808524966239929,0.8760085701942444,-0.13440461456775665,2,17,0.6870766878128052,0.8655804395675659,0.26517996191978455,2,18,0.30686429142951965,0.9456122517585754,-0.1409132033586502,2,19,0.6885994076728821,0.8488898873329163,0.2615662217140198,2,20,0.3502797782421112,0.9064952731132507,-0.0962434709072113,2,21,0.6734393835067749,0.8239637613296509,0.25739821791648865,2,22,0.34487974643707275,0.8722802400588989,-0.1028200164437294,2,23,0.49921560287475586,0.8370880484580994,0.0846448615193367,2,24,0.32094985246658325,0.7401277422904968,-0.08396932482719421,2,25,0.46641966700553894,0.9107170701026917,0.5342947840690613,2,26,0.23700492084026337,0.833163321018219,0.40302181243896484,2,27,0.4290532171726227,0.8961198329925537,1.0752253532409668,2,28,0.2221640944480896,0.8573017120361328,0.8414313793182373,2,29,0.4217047393321991,0.8526507616043091,1.1394422054290771,2,30,0.2221885621547699,0.8089512586593628,0.8951212167739868,2,31,0.392961710691452,1.0336782932281494,1.197298526763916,2,32,0.21453294157981873,1.0485703945159912,0.8814430236816406,2
0,0.7130346298217773,0.7691716551780701,-0.8805035948753357,2,1,0.7585028409957886,0.7285189032554626,-0.8885616660118103,2,2,0.7724531292915344,0.7298571467399597,-0.8883900046348572,2,3,0.7860296368598938,0.7288793921470642,-0.8885395526885986,2,4,0.7231234312057495,0.6928614974021912,-0.9167528748512268,2,5,0.7090532183647156,0.6714156270027161,-0.917153537273407,2,6,0.6982622742652893,0.6459956169128418,-0.9171388149261475,2,7,0.7914406061172485,0.6547789573669434,-0.7375889420509338,2,8,0.6645452380180359,0.5192763805389404,-0.8634147644042969,2,9,0.6961357593536377,0.792589545249939,-0.7991446256637573,2,10,0.6656205058097839,0.7474849224090576,-0.8349059820175171,2,11,0.7799508571624756,0.6488643884658813,-0.5359275937080383,2,12,0.4391762316226959,0.47276681661605835,-0.6029042601585388,2,13,0.7139952778816223,0.6853875517845154,-0.03406687453389168,2,14,0.1586197167634964,0.4601333737373352,-0.38143545389175415,2,15,0.6799782514572144,0.8447753190994263,0.24416814744472504,2,16,0.2829456031322479,0.8775378465652466,-0.19360500574111938,2,17,0.6876400709152222,0.8654379844665527,0.2575472593307495,2,18,0.30733034014701843,0.9457970857620239,-0.20312315225601196,2,19,0.6848803758621216,0.8211839199066162,0.24937589466571808,2,20,0.3507237136363983,0.906697690486908,-0.15369071066379547,2,21,0.6729026436805725,0.804053544998169,0.24616511166095734,2,22,0.3457821011543274,0.8725883960723877,-0.16524867713451385,2,23,0.5052918791770935,0.8353527784347534,0.08974000811576843,2,24,0.3225875198841095,0.7398472428321838,-0.0891016274690628,2,25,0.455121248960495,0.8888009786605835,0.5710290670394897,2,26,0.24447593092918396,0.8279837369918823,0.41571158170700073,2,27,0.42415761947631836,0.8617120385169983,1.102692723274231,2,28,0.2624192535877228,0.8670691251754761,0.8672945499420166,2,29,0.4169520139694214,0.8215693831443787,1.1659868955612183,2,30,0.2649242877960205,0.8184264302253723,0.9218294024467468,2,31,0.39617258310317993,0.9955728054046631,1.230414867401123,2,32,0.26704296469688416,1.0748934745788574,0.9132055044174194,2
0,0.7104861736297607,0.7959628105163574,-0.9096096754074097,2,1,0.7569690346717834,0.7606419920921326,-0.9215685129165649,2,2,0.7712505459785461,0.7615630030632019,-0.9214041829109192,2,3,0.7846323251724243,0.7578372359275818,-0.9215609431266785,2,4,0.7196199297904968,0.7247036695480347,-0.9563087224960327,2,5,0.6988757252693176,0.7427260279655457,-0.9568026661872864,2,6,0.6865109205245972,0.7237577438354492,-0.9568970799446106,2,7,0.7904064655303955,0.6803556084632874,-0.7767741084098816,2,8,0.6625732779502869,0.5446829795837402,-0.9349270462989807,2,9,0.696129560470581,0.8150811791419983,-0.8284922242164612,2,10,0.6630809307098389,0.7709695100784302,-0.8735543489456177,2,11,0.795001745223999,0.6728745698928833,-0.5771862268447876,2,12,0.4401072561740875,0.48007726669311523,-0.6591648459434509,2,13,0.7223211526870728,0.7654837965965271,-0.07556527107954025,2,14,0.1639401763677597,0.4601578414440155,-0.4324183166027069,2,15,0.6590829491615295,0.9128807187080383,0.1503244787454605,2,16,0.28419387340545654,0.8781337141990662,-0.22210662066936493,2,17,0.6683924794197083,0.9328010678291321,0.16582591831684113,2,18,0.30741897225379944,0.9469811916351318,-0.2246885448694229,2,19,0.6584447622299194,0.8963658213615417,0.1581251472234726,2,20,0.3503943383693695,0.9067861437797546,-0.17047546803951263,2,21,0.6437138319015503,0.8840697407722473,0.15463773906230927,2,22,0.3458165228366852,0.8731784224510193,-0.19068722426891327,2,23,0.5152186155319214,0.8338530659675598,0.09143964946269989,2,24,0.33664751052856445,0.7392916679382324,-0.09081601351499557,2,25,0.47233447432518005,0.8661345839500427,0.5824856162071228,2,26,0.2581377625465393,0.8284350037574768,0.4077055752277374,2,27,0.4692361056804657,0.827627956867218,1.1210750341415405,2,28,0.26589229702949524,0.886787474155426,0.8635196089744568,2,29,0.46772322058677673,0.7886370420455933,1.1845027208328247,2,30,0.2693411409854889,0.839708149433136,0.9170297980308533,2,31,0.4471784830093384,0.9590329527854919,1.245882272720337,2,32,0.2597370743751526,1.1006600856781006,0.9022149443626404,2
0,0.7063409090042114,0.7956122159957886,-0.8578349351882935,2,1,0.7437200546264648,0.7639460563659668,-0.8750402331352234,2,2,0.7575694918632507,0.7648576498031616,-0.8748204112052917,2,3,0.7713074088096619,0.7624913454055786,-0.87498939037323,2,4,0.7110735774040222,0.7281122803688049,-0.9139137268066406,2,5,0.6977736353874207,0.7111378312110901,-0.914447546005249,2,6,0.6690258383750916,0.7197065949440002,-0.9146584868431091,2,7,0.7892976999282837,0.678255558013916,-0.7699105739593506,2,8,0.6621902585029602,0.5470110774040222,-0.8858587145805359,2,9,0.692456066608429,0.8120272159576416,-0.7918586730957031,2,10,0.6602420210838318,0.7666848301887512,-0.8453922867774963,2,11,0.7909929752349854,0.6771205067634583,-0.552493691444397,2,12,0.43899160623550415,0.4771363437175751,-0.6208670139312744,2,13,0.7055838704109192,0.7385476231575012,-0.05218667909502983,2,14,0.16596145927906036,0.4599078297615051,-0.40668603777885437,2,15,0.6628427505493164,0.9242148995399475,0.17748650908470154,2,16,0.28511297702789307,0.8772152662277222,-0.22736985981464386,2,17,0.6694744229316711,0.9218184351921082,0.1906518042087555,2,18,0.3101523220539093,0.946675181388855,-0.23395273089408875,2,19,0.6590632200241089,0.8872051239013672,0.17973852157592773,2,20,0.35086265206336975,0.9055960178375244,-0.18167057633399963,2,21,0.6465054154396057,0.9052839875221252,0.1793188899755478,2,22,0.34687769412994385,0.8732678890228271,-0.19834713637828827,2,23,0.5182514786720276,0.8332458138465881,0.08956882357597351,2,24,0.3362045884132385,0.7317136526107788,-0.08890602737665176,2,25,0.46845781803131104,0.8731674551963806,0.5593000650405884,2,26,0.2523433268070221,0.7868059277534485,0.40614354610443115,2,27,0.4770357310771942,0.8638914227485657,1.0963383913040161,2,28,0.24700890481472015,0.7917328476905823,0.8540217280387878,2,29,0.47592100501060486,0.8289092183113098,1.1575298309326172,2,30,0.24230925738811493,0.7431395053863525,0.9037762880325317,2,31,0.4601176977157593,0.9816487431526184,1.1917831897735596,2,32,0.24337083101272583,0.9636105298995972,0.8604922890663147,2
0,0.7071406245231628,0.8040847778320312,-0.8814534544944763,2,1,0.7452517747879028,0.769148051738739,-0.8903082013130188,2,2,0.7588025331497192,0.7694511413574219,-0.8901129961013794,2,3,0.7722503542900085,0.767611563205719,-0.8902654051780701,2,4,0.7113078236579895,0.7348370552062988,-0.9275081157684326,2,5,0.6980143189430237,0.7110331654548645,-0.9279706478118896,2,6,0.6685694456100464,0.7182047367095947,-0.9280298948287964,2,7,0.7885072231292725,0.6859407424926758,-0.752310037612915,2,8,0.6605045199394226,0.5504183769226074,-0.9013240933418274,2,9,0.6921964287757874,0.8240142464637756,-0.8038991689682007,2,10,0.6587173938751221,0.7801286578178406,-0.8522088527679443,2,11,0.7671034932136536,0.6740251779556274,-0.5531759262084961,2,12,0.438847154378891,0.48216983675956726,-0.6381440758705139,2,13,0.686103880405426,0.727069079875946,-0.06035768613219261,2,14,0.17116111516952515,0.45840492844581604,-0.43459782004356384,2,15,0.6478725671768188,0.9152350425720215,0.16129280626773834,2,16,0.285340815782547,0.8753241300582886,-0.23880086839199066,2,17,0.6670756936073303,0.9104772210121155,0.17342765629291534,2,18,0.3120328187942505,0.9434694647789001,-0.2455359250307083,2,19,0.6619284749031067,0.8834673166275024,0.16318795084953308,2,20,0.3508736789226532,0.9046146273612976,-0.19245480000972748,2,21,0.6318477392196655,0.8962832689285278,0.1624116599559784,2,22,0.3468901216983795,0.873429536819458,-0.20943067967891693,2,23,0.5187215209007263,0.8294534683227539,0.09277816861867905,2,24,0.3369280695915222,0.7307029366493225,-0.09223182499408722,2,25,0.47962337732315063,0.8748817443847656,0.5625735521316528,2,26,0.25158193707466125,0.7910269498825073,0.398372083902359,2,27,0.4698192775249481,0.8538652062416077,1.0851422548294067,2,28,0.23329117894172668,0.8002422451972961,0.8404605388641357,2,29,0.46425026655197144,0.8139468431472778,1.1453458070755005,2,30,0.23031248152256012,0.7528888583183289,0.8894630670547485,2,31,0.4482404887676239,0.9849810600280762,1.1945632696151733,2,32,0.22392350435256958,0.9828353524208069,0.85341876745224,2
0,0.7073820233345032,0.8064842224121094,-0.8733300566673279,2,1,0.7463375926017761,0.7699434161186218,-0.882254958152771,2,2,0.7598629593849182,0.7698173522949219,-0.8820750713348389,2,3,0.7732486724853516,0.767827570438385,-0.882213294506073,2,4,0.7112147808074951,0.734666109085083,-0.9181324243545532,2,5,0.6943272352218628,0.7338237166404724,-0.9185763001441956,2,6,0.668579638004303,0.7189390063285828,-0.9186033606529236,2,7,0.7884518504142761,0.6880858540534973,-0.7431372404098511,2,8,0.6595942378044128,0.5391242504119873,-0.8976191282272339,2,9,0.6919069290161133,0.8263993859291077,-0.7949961423873901,2,10,0.6578447818756104,0.781571090221405,-0.8409151434898376,2,11,0.7609874606132507,0.6759964823722839,-0.5444927215576172,2,12,0.4382929801940918,0.48201045393943787,-0.6332573294639587,2,13,0.6816028356552124,0.7341640591621399,-0.04482019320130348,2,14,0.17740783095359802,0.4574393033981323,-0.41294756531715393,2,15,0.6244620084762573,0.9446672201156616,0.1655047982931137,2,16,0.2856748700141907,0.8722671866416931,-0.2186087667942047,2,17,0.649287760257721,0.9073399305343628,0.17903147637844086,2,18,0.31280988454818726,0.9370877146720886,-0.21443961560726166,2,19,0.6336928009986877,0.8866675496101379,0.16826659440994263,2,20,0.3498438596725464,0.9038971066474915,-0.15588124096393585,2,21,0.6069716811180115,0.922307014465332,0.16715054214000702,2,22,0.34660011529922485,0.8735695481300354,-0.1834605485200882,2,23,0.5166243314743042,0.8373494744300842,0.09738772362470627,2,24,0.33751341700553894,0.7319218516349792,-0.09688811004161835,2,25,0.4716128408908844,0.8815297484397888,0.5665731430053711,2,26,0.24705179035663605,0.8048202395439148,0.37283506989479065,2,27,0.4576009213924408,0.856871485710144,1.0836957693099976,2,28,0.22701092064380646,0.82340008020401,0.7788458466529846,2,29,0.4507652223110199,0.8176340460777283,1.139984130859375,2,30,0.22765851020812988,0.776599109172821,0.8243908286094666,2,31,0.4381604790687561,0.9886094927787781,1.1796799898147583,2,32,0.2189820259809494,1.0093200206756592,0.8003982901573181,2
0,0.707176148891449,0.8064624071121216,-0.8801841735839844,2,1,0.7459648251533508,0.7713355422019958,-0.8897268176078796,2,2,0.7594595551490784,0.7725561261177063,-0.8894863128662109,2,3,0.772741436958313,0.7719110250473022,-0.8895860910415649,2,4,0.710361659526825,0.7312250733375549,-0.9264386892318726,2,5,0.6881438493728638,0.7266709208488464,-0.9268627762794495,2,6,0.6676464676856995,0.7063156962394714,-0.9268591403961182,2,7,0.7880293130874634,0.6962336897850037,-0.7457001209259033,2,8,0.6589982509613037,0.5251756906509399,-0.9104136824607849,2,9,0.6906362771987915,0.8280168175697327,-0.8006975650787354,2,10,0.6562614440917969,0.7799044251441956,-0.8481104373931885,2,11,0.7493626475334167,0.6934393644332886,-0.5414049625396729,2,12,0.4379466772079468,0.4763600528240204,-0.6459004282951355,2,13,0.6801868677139282,0.7412293553352356,-0.0390482060611248,2,14,0.18207117915153503,0.4558945298194885,-0.40448686480522156,2,15,0.6245299577713013,0.9548518657684326,0.18465355038642883,2,16,0.2858525216579437,0.8682941198348999,-0.17990373075008392,2,17,0.6522319912910461,0.9126328825950623,0.20119254291057587,2,18,0.3135688602924347,0.9316505789756775,-0.17206306755542755,2,19,0.6419858932495117,0.8860182762145996,0.1886107325553894,2,20,0.3498573899269104,0.9000429511070251,-0.11434666812419891,2,21,0.6109920144081116,0.9302679896354675,0.18579888343811035,2,22,0.3465496301651001,0.8731074333190918,-0.14465171098709106,2,23,0.5151916742324829,0.8401843309402466,0.09872150421142578,2,24,0.33686554431915283,0.7324911952018738,-0.09820660203695297,2,25,0.46730634570121765,0.8892627358436584,0.5709227323532104,2,26,0.24595366418361664,0.8119708895683289,0.36573946475982666,2,27,0.44753894209861755,0.8646039366722107,1.0763722658157349,2,28,0.22188255190849304,0.8309326767921448,0.7751764059066772,2,29,0.4403347671031952,0.8232276439666748,1.1333602666854858,2,30,0.22050099074840546,0.7807782888412476,0.8208011388778687,2,31,0.42405959963798523,1.000187873840332,1.1755987405776978,2,32,0.21122951805591583,1.0369656085968018,0.7898119688034058,2
0,0.7066910266876221,0.7992101907730103,-0.8081310391426086,2,1,0.7459519505500793,0.7648339867591858,-0.8181443810462952,2,2,0.7593916654586792,0.7658146023750305,-0.8179534673690796,2,3,0.7726036310195923,0.7649100422859192,-0.8180620670318604,2,4,0.7102211713790894,0.7270251512527466,-0.8534495234489441,2,5,0.6867020130157471,0.723608136177063,-0.8539177179336548,2,6,0.6676645874977112,0.7034515738487244,-0.8538857698440552,2,7,0.7878559231758118,0.683731734752655,-0.6881908774375916,2,8,0.6586931347846985,0.5239405035972595,-0.8510818481445312,2,9,0.6901485919952393,0.8179860711097717,-0.7354458570480347,2,10,0.6558017730712891,0.7709643244743347,-0.7816855907440186,2,11,0.7436227202415466,0.6948201656341553,-0.500423014163971,2,12,0.43806228041648865,0.4723365008831024,-0.6036291122436523,2,13,0.6782557368278503,0.742776095867157,0.036567118018865585,2,14,0.18222393095493317,0.45396384596824646,-0.34954148530960083,2,15,0.6284834146499634,0.9450733065605164,0.2862136662006378,2,16,0.2861061692237854,0.8667282462120056,-0.11137103289365768,2,17,0.6550775170326233,0.90968918800354,0.31040963530540466,2,18,0.3153361976146698,0.9304110407829285,-0.10397336632013321,2,19,0.6464563012123108,0.883760929107666,0.30266159772872925,2,20,0.3509244918823242,0.900144100189209,-0.04984278604388237,2,21,0.6167789697647095,0.9208267331123352,0.29071810841560364,2,22,0.3468645215034485,0.8731877207756042,-0.0792640671133995,2,23,0.5142039656639099,0.8424748182296753,0.0976526290178299,2,24,0.33522453904151917,0.7338693141937256,-0.09710575640201569,2,25,0.46589773893356323,0.8960064053535461,0.5605239272117615,2,26,0.23576852679252625,0.8371932506561279,0.3490541875362396,2,27,0.4443835914134979,0.8669224977493286,1.062414526939392,2,28,0.19133855402469635,0.8812400102615356,0.7549473643302917,2,29,0.4382135272026062,0.8336560726165771,1.1176353693008423,2,30,0.1865805834531784,0.8309609889984131,0.8001081943511963,2,31,0.420376181602478,1.005327582359314,1.1646028757095337,2,32,0.17385263741016388,1.08678138256073,0.7576788067817688,2
0,0.7067752480506897,0.7951479554176331,-0.8108817934989929,2,1,0.7468854784965515,0.7615456581115723,-0.8204212188720703,2,2,0.7600826621055603,0.762731671333313,-0.820236325263977,2,3,0.7736495137214661,0.7612330913543701,-0.8203481435775757,2,4,0.7053602337837219,0.7323087453842163,-0.8547154664993286,2,5,0.6865071058273315,0.7180274724960327,-0.8551657795906067,2,6,0.6679850220680237,0.6980549693107605,-0.8551337122917175,2,7,0.7881921529769897,0.6801438331604004,-0.6863365769386292,2,8,0.6593177914619446,0.5185804963111877,-0.8449255228042603,2,9,0.6900216341018677,0.8129034042358398,-0.7366445660591125,2,10,0.6556187272071838,0.765055239200592,-0.7814449667930603,2,11,0.7431769967079163,0.6880866885185242,-0.4999637305736542,2,12,0.4388112723827362,0.47043874859809875,-0.5926393866539001,2,13,0.6758638620376587,0.7439013123512268,0.034510549157857895,2,14,0.1837773621082306,0.4539066553115845,-0.3380257785320282,2,15,0.632830798625946,0.9411082863807678,0.28092658519744873,2,16,0.2863835394382477,0.8652754426002502,-0.10569510608911514,2,17,0.6562853455543518,0.9080440998077393,0.3033575117588043,2,18,0.31077829003334045,0.935215413570404,-0.0999370887875557,2,19,0.6491116285324097,0.8823554515838623,0.2953437864780426,2,20,0.3519041836261749,0.8995873928070068,-0.046939585357904434,2,21,0.6212242245674133,0.9169359803199768,0.28535065054893494,2,22,0.3478684425354004,0.8732534050941467,-0.07454974204301834,2,23,0.5136395692825317,0.8445090651512146,0.09678909182548523,2,24,0.33516713976860046,0.7345163226127625,-0.09623788297176361,2,25,0.47066161036491394,0.8981379270553589,0.5594558119773865,2,26,0.23351146280765533,0.839145302772522,0.34806209802627563,2,27,0.447814017534256,0.8818210959434509,1.0576709508895874,2,28,0.1847427785396576,0.8815317153930664,0.7548359036445618,2,29,0.44070595502853394,0.8476534485816956,1.1131408214569092,2,30,0.17958714067935944,0.8332464694976807,0.800806999206543,2,31,0.42207351326942444,1.0203555822372437,1.163295030593872,2,32,0.16637155413627625,1.0774602890014648,0.7637873291969299,2
0,0.7062349915504456,0.791666567325592,-0.7743940353393555,2,1,0.7469815015792847,0.756912350654602,-0.7853190898895264,2,2,0.7607747912406921,0.7583364248275757,-0.7851893305778503,2,3,0.7752547860145569,0.7562622427940369,-0.7853443026542664,2,4,0.7060755491256714,0.7228086590766907,-0.8169265389442444,2,5,0.6845045685768127,0.7130051255226135,-0.8173571228981018,2,6,0.6674625277519226,0.6931866407394409,-0.8173173069953918,2,7,0.790233314037323,0.6760269999504089,-0.6564749479293823,2,8,0.6591873168945312,0.5159827470779419,-0.7992352843284607,2,9,0.6882442235946655,0.8095191121101379,-0.702132523059845,2,10,0.6548823118209839,0.7608890533447266,-0.7429066896438599,2,11,0.7432870268821716,0.6851469874382019,-0.4778209328651428,2,12,0.43880271911621094,0.4685852825641632,-0.5486270189285278,2,13,0.6744974851608276,0.7480075359344482,0.05635390058159828,2,14,0.18660059571266174,0.45116060972213745,-0.29242202639579773,2,15,0.6309203505516052,0.9473209381103516,0.3018597364425659,2,16,0.2864990830421448,0.8648813962936401,-0.0729590356349945,2,17,0.6527650356292725,0.9075430631637573,0.32490044832229614,2,18,0.3136184513568878,0.9325935244560242,-0.06870611011981964,2,19,0.6499821543693542,0.8826369643211365,0.31733816862106323,2,20,0.35190773010253906,0.8995691537857056,-0.015511248260736465,2,21,0.617145299911499,0.9210456609725952,0.30694809556007385,2,22,0.3480309844017029,0.873308539390564,-0.04276221618056297,2,23,0.5132917761802673,0.848332941532135,0.0961817279458046,2,24,0.3325962722301483,0.7365727424621582,-0.09562551230192184,2,25,0.4734228849411011,0.9122677445411682,0.5415157079696655,2,26,0.22426165640354156,0.8530356884002686,0.3382158875465393,2,27,0.4451236128807068,0.9077325463294983,1.0296767950057983,2,28,0.17304684221744537,0.8978846669197083,0.7282533049583435,2,29,0.43726158142089844,0.8689177632331848,1.0836122035980225,2,30,0.16778026521205902,0.8503553867340088,0.7721415758132935,2,31,0.4178141951560974,1.0458714962005615,1.130576729774475,2,32,0.15572570264339447,1.093632459640503,0.7288864254951477,2
0,0.7078931927680969,0.79023277759552,-0.7561836242675781,2,1,0.7477577328681946,0.7537838220596313,-0.7650056481361389,2,2,0.7614557147026062,0.7548426985740662,-0.7649059295654297,2,3,0.7758790850639343,0.7524847984313965,-0.765085756778717,2,4,0.7101123332977295,0.7193440198898315,-0.7993088364601135,2,5,0.6957124471664429,0.7085682153701782,-0.7997605204582214,2,6,0.6685378551483154,0.6995500326156616,-0.7997456192970276,2,7,0.7901641130447388,0.6722611784934998,-0.6382418274879456,2,8,0.6594155430793762,0.5181543827056885,-0.792089581489563,2,9,0.6903993487358093,0.8074117302894592,-0.6858262419700623,2,10,0.6579309105873108,0.7607489824295044,-0.7301393747329712,2,11,0.7433433532714844,0.680004358291626,-0.47097891569137573,2,12,0.43971359729766846,0.4676262140274048,-0.5494412779808044,2,13,0.6747738122940063,0.746208906173706,0.04469132050871849,2,14,0.18900804221630096,0.44986075162887573,-0.3093535006046295,2,15,0.6442334055900574,0.9425665140151978,0.28559914231300354,2,16,0.2865201532840729,0.8648965954780579,-0.09326045215129852,2,17,0.6553841829299927,0.8986274003982544,0.3067464828491211,2,18,0.3142692744731903,0.9324422478675842,-0.08971743285655975,2,19,0.6553207635879517,0.877945601940155,0.2976483106613159,2,20,0.3519095778465271,0.8996949195861816,-0.039460476487874985,2,21,0.6303902864456177,0.9171363711357117,0.2895999550819397,2,22,0.3480360209941864,0.8738231658935547,-0.06450115144252777,2,23,0.5133653283119202,0.8481189012527466,0.09595493227243423,2,24,0.3325248956680298,0.7365357279777527,-0.09539707750082016,2,25,0.4731428325176239,0.9106125235557556,0.5254362225532532,2,26,0.22371457517147064,0.8530006408691406,0.32738029956817627,2,27,0.4455256462097168,0.9087117910385132,1.013785719871521,2,28,0.17354828119277954,0.9000287652015686,0.7196797132492065,2,29,0.4382183849811554,0.8694588541984558,1.0682225227355957,2,30,0.16850949823856354,0.8515884280204773,0.7642253637313843,2,31,0.41841185092926025,1.0435386896133423,1.1136000156402588,2,32,0.15752629935741425,1.0948902368545532,0.7207462191581726,2
0,0.7094259262084961,0.7878938317298889,-0.8219107985496521,2,1,0.7535374164581299,0.7511942386627197,-0.830359160900116,2,2,0.7688080072402954,0.7520714402198792,-0.8301987051963806,2,3,0.783316433429718,0.749712347984314,-0.8303727507591248,2,4,0.7147159576416016,0.7190060019493103,-0.8626555800437927,2,5,0.7031780481338501,0.6928613781929016,-0.8630572557449341,2,6,0.6695697903633118,0.6985857486724854,-0.8630052804946899,2,7,0.7944313883781433,0.6698805093765259,-0.6878043413162231,2,8,0.6606913208961487,0.509354829788208,-0.8332099914550781,2,9,0.6922876238822937,0.8054696321487427,-0.7437364459037781,2,10,0.6589038968086243,0.7591977715492249,-0.7854335904121399,2,11,0.7431899309158325,0.679287850856781,-0.4934784770011902,2,12,0.44014784693717957,0.4669592082500458,-0.5901458859443665,2,13,0.6750485301017761,0.7447779178619385,0.03776591643691063,2,14,0.19105882942676544,0.45000776648521423,-0.34795013070106506,2,15,0.6498958468437195,0.9336622357368469,0.29962339997291565,2,16,0.28662237524986267,0.8650177717208862,-0.12431491911411285,2,17,0.6576886773109436,0.8962036371231079,0.3265852630138397,2,18,0.3147633969783783,0.9326508641242981,-0.12281376868486404,2,19,0.6578349471092224,0.8762093782424927,0.31938061118125916,2,20,0.3520297110080719,0.9010315537452698,-0.07525210082530975,2,21,0.6378287076950073,0.8634885549545288,0.30460324883461,2,22,0.34804216027259827,0.8761264085769653,-0.0975566953420639,2,23,0.5140535831451416,0.8469382524490356,0.09934692829847336,2,24,0.33302298188209534,0.736371636390686,-0.09873613715171814,2,25,0.49502649903297424,0.9094204306602478,0.5337116718292236,2,26,0.244679257273674,0.8606441617012024,0.3323283791542053,2,27,0.4623117446899414,0.9023323059082031,1.0425091981887817,2,28,0.2164469063282013,0.9168907403945923,0.7432745695114136,2,29,0.45260751247406006,0.8607472777366638,1.101237177848816,2,30,0.21108010411262512,0.8704686164855957,0.7919445633888245,2,31,0.43541857600212097,1.0429266691207886,1.165869116783142,2,32,0.21234504878520966,1.1203057765960693,0.7682573795318604,2
0,0.7091351747512817,0.7855149507522583,-0.7968143820762634,2,1,0.7534664273262024,0.7462366223335266,-0.8091591000556946,2,2,0.7685896754264832,0.7460427284240723,-0.8090451955795288,2,3,0.7829092741012573,0.7432418465614319,-0.8092203736305237,2,4,0.7143868207931519,0.7135347723960876,-0.838499128818512,2,5,0.7018095254898071,0.682707667350769,-0.838922917842865,2,6,0.6797669529914856,0.6640929579734802,-0.8388543725013733,2,7,0.7938472032546997,0.6596476435661316,-0.6805583238601685,2,8,0.6606218218803406,0.509022057056427,-0.8123828172683716,2,9,0.6924336552619934,0.8004500269889832,-0.7244994044303894,2,10,0.6589807868003845,0.7564884424209595,-0.7620723247528076,2,11,0.7459713816642761,0.6497954726219177,-0.4930877983570099,2,12,0.44323569536209106,0.4656194746494293,-0.5711537599563599,2,13,0.6781750917434692,0.7422484755516052,0.03586685284972191,2,14,0.19636443257331848,0.44983014464378357,-0.3327701985836029,2,15,0.6595056056976318,0.9271471500396729,0.29136142134666443,2,16,0.2867131531238556,0.8663429021835327,-0.1257609874010086,2,17,0.6579843163490295,0.8954631090164185,0.3141437768936157,2,18,0.3147018253803253,0.9351412057876587,-0.12536261975765228,2,19,0.6608498096466064,0.8759457468986511,0.3056694567203522,2,20,0.35209694504737854,0.9048426151275635,-0.09070191532373428,2,21,0.6504150629043579,0.859076976776123,0.2957596182823181,2,22,0.34836575388908386,0.8790422081947327,-0.10255374759435654,2,23,0.5134218335151672,0.8386627435684204,0.09946878254413605,2,24,0.35654181241989136,0.7713661789894104,-0.09883907437324524,2,25,0.4960830509662628,0.8975646495819092,0.5162578225135803,2,26,0.2383437305688858,0.8611642122268677,0.32450559735298157,2,27,0.45641815662384033,0.9034252762794495,1.0125738382339478,2,28,0.189076229929924,0.9312736988067627,0.707853376865387,2,29,0.44025087356567383,0.86147141456604,1.0682379007339478,2,30,0.1793319284915924,0.8863126039505005,0.7517824172973633,2,31,0.4302831292152405,1.0480517148971558,1.1225745677947998,2,32,0.1896681934595108,1.1380771398544312,0.7078603506088257,2
0,0.7090426087379456,0.77268385887146,-0.7995532155036926,2,1,0.7534192800521851,0.7287209033966064,-0.8152164220809937,2,2,0.7682663798332214,0.7290022373199463,-0.815118134021759,2,3,0.7828376293182373,0.7255679368972778,-0.8153011798858643,2,4,0.7141730189323425,0.694358229637146,-0.8389151692390442,2,5,0.7011157870292664,0.6648030877113342,-0.8393760919570923,2,6,0.6846780180931091,0.637926459312439,-0.8394197225570679,2,7,0.793563187122345,0.6457771062850952,-0.6873602271080017,2,8,0.6605576276779175,0.5009251236915588,-0.8119525909423828,2,9,0.6929991245269775,0.7864833474159241,-0.7264868021011353,2,10,0.6596018075942993,0.7447144389152527,-0.7656976580619812,2,11,0.7833836078643799,0.629997730255127,-0.5007643103599548,2,12,0.44527482986450195,0.46146640181541443,-0.5583770275115967,2,13,0.674415647983551,0.7225926518440247,0.013621409423649311,2,14,0.1955510973930359,0.4511185884475708,-0.314643919467926,2,15,0.6589424014091492,0.8739375472068787,0.25414663553237915,2,16,0.2870265543460846,0.8681456446647644,-0.12643550336360931,2,17,0.6718384623527527,0.8950958251953125,0.2668067216873169,2,18,0.31674107909202576,0.9354588985443115,-0.12734869122505188,2,19,0.6761613488197327,0.8758049011230469,0.25346624851226807,2,20,0.3536767363548279,0.9057163596153259,-0.09121029078960419,2,21,0.6601902842521667,0.8553157448768616,0.25637826323509216,2,22,0.3503858745098114,0.8794205784797668,-0.10357702523469925,2,23,0.5134460926055908,0.8337766528129578,0.09965403378009796,2,24,0.3643368184566498,0.7857058644294739,-0.0990256518125534,2,25,0.4971461594104767,0.8932693004608154,0.5190690159797668,2,26,0.24898205697536469,0.8609232306480408,0.34403419494628906,2,27,0.4412323832511902,0.9031904935836792,1.0138630867004395,2,28,0.22385145723819733,0.9401957988739014,0.7250403761863708,2,29,0.42230117321014404,0.8607549071311951,1.0699198246002197,2,30,0.21635057032108307,0.8953702449798584,0.7708408236503601,2,31,0.4098955988883972,1.048696517944336,1.13356614112854,2,32,0.23308584094047546,1.155527114868164,0.7485877871513367,2
0,0.7089656591415405,0.7647655606269836,-0.7962996959686279,2,1,0.753192663192749,0.7198395729064941,-0.8111057281494141,2,2,0.7680816650390625,0.7206892371177673,-0.811001181602478,2,3,0.783187747001648,0.717387855052948,-0.8111764788627625,2,4,0.7139155268669128,0.6839931011199951,-0.8356255292892456,2,5,0.7009183764457703,0.6558523774147034,-0.8360408544540405,2,6,0.6817331910133362,0.6404756903648376,-0.8359639644622803,2,7,0.7938041687011719,0.6401623487472534,-0.6832767724990845,2,8,0.6604611277580261,0.49478238821029663,-0.7978075742721558,2,9,0.6933571696281433,0.7788891196250916,-0.7227404713630676,2,10,0.6598872542381287,0.7374706864356995,-0.75725919008255,2,11,0.7932888269424438,0.62321537733078,-0.4993963837623596,2,12,0.4459490180015564,0.45773500204086304,-0.5395019054412842,2,13,0.675481379032135,0.7020360231399536,0.01632308028638363,2,14,0.19491717219352722,0.4521195590496063,-0.28971830010414124,2,15,0.6592222452163696,0.8552975058555603,0.26193946599960327,2,16,0.2872083783149719,0.8689686059951782,-0.1051318421959877,2,17,0.6783042550086975,0.8948156833648682,0.2724676728248596,2,18,0.3176799416542053,0.9355299472808838,-0.10687541216611862,2,19,0.6823141574859619,0.8757482171058655,0.2578464448451996,2,20,0.3554867208003998,0.9057757258415222,-0.07221797853708267,2,21,0.6640875339508057,0.8533346056938171,0.2641528248786926,2,22,0.35167238116264343,0.879568874835968,-0.08404538780450821,2,23,0.5136737823486328,0.8313619494438171,0.09943577647209167,2,24,0.3666181266307831,0.7905728816986084,-0.0988059788942337,2,25,0.49478575587272644,0.8937981128692627,0.5179288387298584,2,26,0.2496519684791565,0.8618979454040527,0.34597349166870117,2,27,0.4264097213745117,0.9067612886428833,1.0179979801177979,2,28,0.22107554972171783,0.9533435702323914,0.7327100038528442,2,29,0.4078754186630249,0.8632029294967651,1.0745939016342163,2,30,0.21375909447669983,0.9098490476608276,0.7786813974380493,2,31,0.3920525014400482,1.061795949935913,1.132346272468567,2,32,0.2259918600320816,1.1707746982574463,0.7508262991905212,2
0,0.7085062265396118,0.7616618871688843,-0.8063721060752869,2,1,0.7525675296783447,0.7164002060890198,-0.8200033903121948,2,2,0.7678129076957703,0.7168384790420532,-0.819917619228363,2,3,0.7830445170402527,0.7135270237922668,-0.8200972676277161,2,4,0.7138033509254456,0.6833024024963379,-0.8415437936782837,2,5,0.7005834579467773,0.6567897796630859,-0.84189772605896,2,6,0.6776235699653625,0.6422846913337708,-0.8417495489120483,2,7,0.7925764322280884,0.638548731803894,-0.685619592666626,2,8,0.660408079624176,0.4943874776363373,-0.8009513020515442,2,9,0.6926203370094299,0.7770856618881226,-0.7298965454101562,2,10,0.6598418354988098,0.7369424104690552,-0.7583596110343933,2,11,0.7738942503929138,0.6204094886779785,-0.508178174495697,2,12,0.4460591971874237,0.4520767629146576,-0.5386536121368408,2,13,0.6762297749519348,0.687934935092926,-0.013466705568134785,2,14,0.1944417506456375,0.4524923264980316,-0.29653215408325195,2,15,0.65915846824646,0.8489794731140137,0.2184738665819168,2,16,0.2874756157398224,0.8707343935966492,-0.12375307828187943,2,17,0.6816340684890747,0.8936553597450256,0.22405961155891418,2,18,0.3175766170024872,0.9356049299240112,-0.13549289107322693,2,19,0.684237539768219,0.8754113912582397,0.20739716291427612,2,20,0.355769544839859,0.9067552089691162,-0.1027602106332779,2,21,0.6682057976722717,0.8497499227523804,0.21821792423725128,2,22,0.3517800569534302,0.879939615726471,-0.10590938478708267,2,23,0.5129779577255249,0.8287575244903564,0.09890864044427872,2,24,0.35241106152534485,0.754119336605072,-0.09828092902898788,2,25,0.4962309002876282,0.8818319439888,0.5183718800544739,2,26,0.25215470790863037,0.8479167819023132,0.3694465756416321,2,27,0.42689234018325806,0.8915436267852783,1.0370479822158813,2,28,0.23203016817569733,0.9220422506332397,0.7787827253341675,2,29,0.409880667924881,0.8470997214317322,1.0980758666992188,2,30,0.22770151495933533,0.8766884803771973,0.8283993005752563,2,31,0.3931402564048767,1.0444934368133545,1.1620056629180908,2,32,0.2344372272491455,1.128847599029541,0.815312922000885,2
0,0.7031555771827698,0.7366652488708496,-0.7435789704322815,2,1,0.7434089779853821,0.6891264319419861,-0.7593733072280884,2,2,0.7591041326522827,0.6879148483276367,-0.7592734694480896,2,3,0.775260329246521,0.6846877336502075,-0.759352445602417,2,4,0.7082518339157104,0.6624281406402588,-0.7814476490020752,2,5,0.6968109011650085,0.6395124793052673,-0.7817403078079224,2,6,0.6774540543556213,0.6169009208679199,-0.7815168499946594,2,7,0.7855237126350403,0.6084990501403809,-0.6393005847930908,2,8,0.6574888825416565,0.4827522039413452,-0.7386043667793274,2,9,0.6888445019721985,0.7543626427650452,-0.6726945042610168,2,10,0.6589255928993225,0.7160682678222656,-0.7000719308853149,2,11,0.7630207538604736,0.5984401106834412,-0.4597329795360565,2,12,0.4459835886955261,0.4399133324623108,-0.4867200255393982,2,13,0.6759436726570129,0.6752892732620239,0.07866121083498001,2,14,0.19402068853378296,0.4597972631454468,-0.23187169432640076,2,15,0.6593085527420044,0.8448979258537292,0.3126170039176941,2,16,0.2896902859210968,0.8744452595710754,-0.06985581666231155,2,17,0.6830176115036011,0.8904658555984497,0.324547678232193,2,18,0.31733351945877075,0.9382723569869995,-0.07668662816286087,2,19,0.6855570077896118,0.8733433485031128,0.29666951298713684,2,20,0.35726743936538696,0.908666729927063,-0.05430356413125992,2,21,0.6726129651069641,0.8481743931770325,0.3100815713405609,2,22,0.35383808612823486,0.8812711834907532,-0.055090613663196564,2,23,0.5037022233009338,0.828243613243103,0.10077228397130966,2,24,0.3312144875526428,0.7436347007751465,-0.10006402432918549,2,25,0.43554750084877014,0.9062264561653137,0.5079593062400818,2,26,0.24412420392036438,0.8691934943199158,0.3397733271121979,2,27,0.3492909073829651,0.9577533602714539,1.0211374759674072,2,28,0.17844106256961823,0.9986299872398376,0.7329118847846985,2,29,0.33018365502357483,0.9199991822242737,1.0787643194198608,2,30,0.16324463486671448,0.9654803276062012,0.7762758135795593,2,31,0.3155237138271332,1.1131080389022827,1.1156585216522217,2,32,0.18334051966667175,1.210079550743103,0.7278600335121155,2
0,0.7021880745887756,0.7248786687850952,-0.7541400194168091,2,1,0.7418166399002075,0.6754994988441467,-0.7686436176300049,2,2,0.7571434378623962,0.6747530102729797,-0.7685283422470093,2,3,0.7731559872627258,0.6719949841499329,-0.7686164975166321,2,4,0.7075854539871216,0.6499502062797546,-0.7917836308479309,2,5,0.69655442237854,0.6282066106796265,-0.7920737862586975,2,6,0.6786830425262451,0.6020714640617371,-0.7918452620506287,2,7,0.7815176248550415,0.595146119594574,-0.64552241563797,2,8,0.6566020250320435,0.47525283694267273,-0.7476904988288879,2,9,0.6877796053886414,0.7444230318069458,-0.682485818862915,2,10,0.6588848233222961,0.7071420550346375,-0.7113390564918518,2,11,0.7502743005752563,0.5933623909950256,-0.4617847502231598,2,12,0.4458305537700653,0.4346523880958557,-0.5005447864532471,2,13,0.6620413064956665,0.6688553094863892,0.08340249210596085,2,14,0.19383101165294647,0.46735844016075134,-0.2412707507610321,2,15,0.659295916557312,0.8380743265151978,0.34060630202293396,2,16,0.29178208112716675,0.8779784440994263,-0.069791778922081,2,17,0.6841590404510498,0.8864266276359558,0.356804221868515,2,18,0.31775009632110596,0.9393935799598694,-0.07559175044298172,2,19,0.6859967112541199,0.8701011538505554,0.3314151167869568,2,20,0.36016377806663513,0.9110764861106873,-0.05134002864360809,2,21,0.673629879951477,0.8448160886764526,0.3387240171432495,2,22,0.35635077953338623,0.8829187750816345,-0.05402984842658043,2,23,0.49495264887809753,0.8279794454574585,0.10142983496189117,2,24,0.3203349709510803,0.7375304698944092,-0.10069484263658524,2,25,0.4367236793041229,0.9032818675041199,0.5126598477363586,2,26,0.23740297555923462,0.8710670471191406,0.3409919738769531,2,27,0.36107513308525085,0.9333688020706177,1.0283117294311523,2,28,0.17450089752674103,0.9817914962768555,0.736868679523468,2,29,0.34332752227783203,0.8907871842384338,1.0854365825653076,2,30,0.16019371151924133,0.9447675347328186,0.781154990196228,2,31,0.32955774664878845,1.0827332735061646,1.1306381225585938,2,32,0.17910194396972656,1.1900790929794312,0.7375142574310303,2
0,0.7056223154067993,0.6870152950286865,-0.8136042952537537,2,1,0.7459677457809448,0.6323986649513245,-0.8200928568840027,2,2,0.7603170275688171,0.6308776140213013,-0.8199462294578552,2,3,0.7756506204605103,0.6273829340934753,-0.8200036883354187,2,4,0.7139927744865417,0.6099673509597778,-0.8411899209022522,2,5,0.7035248279571533,0.5884543061256409,-0.8414407968521118,2,6,0.6908202767372131,0.5604168772697449,-0.8410816192626953,2,7,0.7816290259361267,0.5506424903869629,-0.6762474179267883,2,8,0.6582462191581726,0.447746217250824,-0.7600919008255005,2,9,0.6892598867416382,0.707506000995636,-0.7366015315055847,2,10,0.663426399230957,0.6807025074958801,-0.7630012035369873,2,11,0.7394489049911499,0.5753831267356873,-0.4788212478160858,2,12,0.44569131731987,0.4325847327709198,-0.5192242860794067,2,13,0.6727427840232849,0.6718894839286804,0.07338578999042511,2,14,0.19191628694534302,0.467163622379303,-0.25156641006469727,2,15,0.6633906960487366,0.8190723061561584,0.3187578618526459,2,16,0.2913077473640442,0.8793678283691406,-0.09834079444408417,2,17,0.6886234879493713,0.8770690560340881,0.33504921197891235,2,18,0.3132195770740509,0.9426940083503723,-0.1128317341208458,2,19,0.6884044408798218,0.8610160946846008,0.31817692518234253,2,20,0.35970911383628845,0.9146955013275146,-0.09677615761756897,2,21,0.6757497191429138,0.831365704536438,0.31884753704071045,2,22,0.3562842309474945,0.8853548765182495,-0.08933986723423004,2,23,0.49175775051116943,0.8051679134368896,0.1012706533074379,2,24,0.31819215416908264,0.717597484588623,-0.10054215788841248,2,25,0.44587376713752747,0.8598517775535583,0.52986741065979,2,26,0.23743440210819244,0.8650671243667603,0.36055275797843933,2,27,0.37522998452186584,0.8842566013336182,1.0582832098007202,2,28,0.1830931007862091,0.9731818437576294,0.759418249130249,2,29,0.3575560450553894,0.8410075902938843,1.116260051727295,2,30,0.16928644478321075,0.9346384406089783,0.8037051558494568,2,31,0.34214702248573303,1.0431139469146729,1.179878830909729,2,32,0.1914290338754654,1.181406021118164,0.7706788778305054,2
0,0.7090283036231995,0.6598671674728394,-0.9064444303512573,2,1,0.7514392137527466,0.5981782674789429,-0.9094050526618958,2,2,0.7660122513771057,0.5919786095619202,-0.9092820286750793,2,3,0.7802793383598328,0.586179256439209,-0.9093493819236755,2,4,0.7183548212051392,0.5803706049919128,-0.9353553056716919,2,5,0.7063423991203308,0.5604638457298279,-0.9357230067253113,2,6,0.6933304667472839,0.5342878103256226,-0.9355204701423645,2,7,0.781720757484436,0.515174925327301,-0.7454013824462891,2,8,0.6582333445549011,0.4182646572589874,-0.8594541549682617,2,9,0.6926359534263611,0.6785892248153687,-0.8221624493598938,2,10,0.6662768125534058,0.6576136350631714,-0.8554125428199768,2,11,0.7393632531166077,0.5621049404144287,-0.5271393656730652,2,12,0.44560569524765015,0.4214384853839874,-0.6170512437820435,2,13,0.685032308101654,0.6744130849838257,0.023342033848166466,2,14,0.19176316261291504,0.4666031002998352,-0.36915937066078186,2,15,0.6697738766670227,0.8146235942840576,0.2614108622074127,2,16,0.2895839810371399,0.8798216581344604,-0.21669380366802216,2,17,0.6927480697631836,0.8726927638053894,0.27581265568733215,2,18,0.30980184674263,0.9431222081184387,-0.23180332779884338,2,19,0.6928035020828247,0.8574182391166687,0.2509612441062927,2,20,0.35850879549980164,0.9155052900314331,-0.2126234620809555,2,21,0.681279182434082,0.8297448754310608,0.25915342569351196,2,22,0.3553808331489563,0.8860569000244141,-0.20476804673671722,2,23,0.48970282077789307,0.796263575553894,0.1016121432185173,2,24,0.31642141938209534,0.7034333348274231,-0.10094238072633743,2,25,0.477558434009552,0.8072265982627869,0.5737240314483643,2,26,0.2373211681842804,0.8071796298027039,0.39591875672340393,2,27,0.4050512909889221,0.809123694896698,1.1198216676712036,2,28,0.20042964816093445,0.8586940169334412,0.8270297646522522,2,29,0.3849489092826843,0.7666850686073303,1.1812913417816162,2,30,0.1908729374408722,0.8125100135803223,0.8767520189285278,2,31,0.3787744641304016,0.963531494140625,1.2528932094573975,2,32,0.21299096941947937,1.0630486011505127,0.8557966947555542,2
0,0.7043815851211548,0.6083008050918579,-0.7973848581314087,2,1,0.7370612621307373,0.5539590716362,-0.8045673370361328,2,2,0.7478563189506531,0.5474187135696411,-0.8046362996101379,2,3,0.7590358853340149,0.539808452129364,-0.8048012852668762,2,4,0.7098433971405029,0.5416252613067627,-0.8385302424430847,2,5,0.699567437171936,0.5256589651107788,-0.8390757441520691,2,6,0.6906011700630188,0.5049496293067932,-0.8389317393302917,2,7,0.7611337900161743,0.4664131999015808,-0.6667923331260681,2,8,0.655902087688446,0.3956584930419922,-0.81514972448349,2,9,0.6907883882522583,0.6213337779045105,-0.7225431203842163,2,10,0.6662194728851318,0.6072388291358948,-0.7662680149078369,2,11,0.7339907884597778,0.520847737789154,-0.4703211784362793,2,12,0.4384450912475586,0.38955608010292053,-0.6041844487190247,2,13,0.679431140422821,0.6523913145065308,0.10001542419195175,2,14,0.18971964716911316,0.467622309923172,-0.2856444716453552,2,15,0.6676006317138672,0.8057202100753784,0.3585169017314911,2,16,0.28956571221351624,0.8845614790916443,-0.06538668274879456,2,17,0.6915169954299927,0.8632521033287048,0.3850192725658417,2,18,0.3076266646385193,0.9541268944740295,-0.06259354948997498,2,19,0.6915673613548279,0.8529302477836609,0.35317957401275635,2,20,0.35817423462867737,0.9235178232192993,-0.044001683592796326,2,21,0.6789652109146118,0.8271791338920593,0.3562074303627014,2,22,0.35532864928245544,0.8921617865562439,-0.04984292760491371,2,23,0.4706309735774994,0.793221652507782,0.10128597170114517,2,24,0.3162335455417633,0.750205397605896,-0.100675567984581,2,25,0.43068966269493103,0.8241577744483948,0.5639506578445435,2,26,0.20007331669330597,0.8154186606407166,0.39248454570770264,2,27,0.3251652419567108,0.9501774311065674,1.1257840394973755,2,28,0.14573806524276733,0.9211973547935486,0.835578203201294,2,29,0.30923470854759216,0.9194720387458801,1.1883903741836548,2,30,0.13707128167152405,0.880059540271759,0.8858639597892761,2,31,0.2775258421897888,1.1225258111953735,1.2240206003189087,2,32,0.1458759307861328,1.143921971321106,0.8395576477050781,2
0,0.6984346508979797,0.5578142404556274,-0.6875997185707092,2,1,0.7333065867424011,0.4902769923210144,-0.6879746913909912,2,2,0.7453107833862305,0.4822652041912079,-0.6880556344985962,2,3,0.7581557035446167,0.47021788358688354,-0.6881771683692932,2,4,0.6999225616455078,0.47531479597091675,-0.7197319269180298,2,5,0.6883322596549988,0.453709214925766,-0.7199979424476624,2,6,0.6782699227333069,0.4259559214115143,-0.7196545004844666,2,7,0.759564995765686,0.4055458605289459,-0.5503940582275391,2,8,0.6406639814376831,0.31200456619262695,-0.684027373790741,2,9,0.6876688003540039,0.5796142816543579,-0.6144726872444153,2,10,0.6596710085868835,0.5617875456809998,-0.6526528596878052,2,11,0.7294701337814331,0.500392735004425,-0.3552694022655487,2,12,0.43318259716033936,0.3539837598800659,-0.46128150820732117,2,13,0.6756482720375061,0.6290627121925354,0.1851617991924286,2,14,0.1896720975637436,0.474103182554245,-0.1478094756603241,2,15,0.6647995114326477,0.8054320216178894,0.4273737072944641,2,16,0.2896110415458679,0.8848613500595093,0.06632200628519058,2,17,0.6912818551063538,0.8577980399131775,0.45032283663749695,2,18,0.30727216601371765,0.9565379023551941,0.0737404152750969,2,19,0.6906816959381104,0.8494325876235962,0.4161921739578247,2,20,0.35864993929862976,0.9254911541938782,0.07828401029109955,2,21,0.6781837344169617,0.8245025873184204,0.4223235845565796,2,22,0.3555315136909485,0.8942902088165283,0.07625380158424377,2,23,0.46159327030181885,0.795418381690979,0.09578552842140198,2,24,0.30843621492385864,0.7783723473548889,-0.09499366581439972,2,25,0.31941208243370056,1.097772479057312,0.4271661639213562,2,26,0.17082782089710236,1.0172438621520996,0.25763067603111267,2,27,0.19470569491386414,1.3308171033859253,0.9047061800956726,2,28,0.015824805945158005,1.2797919511795044,0.5829503536224365,2,29,0.16747765243053436,1.3250623941421509,0.9500880837440491,2,30,-0.016071166843175888,1.2828640937805176,0.6105253100395203,2,31,0.16508856415748596,1.519087553024292,0.9160583019256592,2,32,0.020736731588840485,1.496776819229126,0.48549747467041016,2
0,0.6911816000938416,0.5030180811882019,-0.7157267928123474,2,1,0.7169011831283569,0.451326847076416,-0.7140167355537415,2,2,0.7246542572975159,0.4469054043292999,-0.7141510844230652,2,3,0.7334105372428894,0.44067955017089844,-0.7144311666488647,2,4,0.6926348805427551,0.4346312880516052,-0.7474515438079834,2,5,0.681965708732605,0.41753077507019043,-0.7477735877037048,2,6,0.6720215678215027,0.39668142795562744,-0.7476194500923157,2,7,0.7317227125167847,0.37336716055870056,-0.5633682012557983,2,8,0.6320109963417053,0.2963702380657196,-0.7070988416671753,2,9,0.6772842407226562,0.5222733616828918,-0.6400901675224304,2,10,0.6527795195579529,0.5006911754608154,-0.6807695031166077,2,11,0.7240540981292725,0.4676717221736908,-0.3983808755874634,2,12,0.4312753975391388,0.31195250153541565,-0.4941736161708832,2,13,0.6746972799301147,0.5935007333755493,0.11225368082523346,2,14,0.18989506363868713,0.4791746437549591,-0.24740567803382874,2,15,0.6644701361656189,0.8023999929428101,0.2811385989189148,2,16,0.2901810109615326,0.8858209848403931,-0.11884891241788864,2,17,0.6916292905807495,0.8515976667404175,0.30038028955459595,2,18,0.30723655223846436,0.9573656916618347,-0.12544499337673187,2,19,0.6904390454292297,0.8480418920516968,0.26753589510917664,2,20,0.3595127463340759,0.9271522164344788,-0.10370965301990509,2,21,0.6779376864433289,0.82427978515625,0.2753696143627167,2,22,0.35665756464004517,0.8982887268066406,-0.10401353985071182,2,23,0.44175153970718384,0.7945393919944763,0.090174600481987,2,24,0.30797672271728516,0.7761761546134949,-0.08979367464780807,2,25,0.3621063828468323,0.9939538836479187,0.4677187204360962,2,26,0.19323602318763733,0.8371669054031372,0.3040584921836853,2,27,0.2799144685268402,1.0696263313293457,0.9673095941543579,2,28,0.17145898938179016,0.9375039935112,0.7390449643135071,2,29,0.25272136926651,1.047145128250122,1.02059805393219,2,30,0.16688627004623413,0.9063975811004639,0.7877534627914429,2,31,0.24555708467960358,1.173018217086792,1.0352052450180054,2,32,0.18480029702186584,1.1055853366851807,0.7693697810173035,2
0,0.684396505355835,0.5083329677581787,-0.6710159778594971,2,1,0.7103068828582764,0.4529570937156677,-0.6794766187667847,2,2,0.7195302844047546,0.44480329751968384,-0.6795978546142578,2,3,0.7295935153961182,0.4357653260231018,-0.6798040866851807,2,4,0.6863195300102234,0.43742233514785767,-0.7118970155715942,2,5,0.6750508546829224,0.4199300706386566,-0.7122426629066467,2,6,0.6639708876609802,0.3970526456832886,-0.7120828032493591,2,7,0.7337257266044617,0.3614472448825836,-0.5679885149002075,2,8,0.6254798173904419,0.2901284694671631,-0.7067772150039673,2,9,0.6705794930458069,0.5246754288673401,-0.6073070764541626,2,10,0.6468198299407959,0.5028318166732788,-0.6472837924957275,2,11,0.7245261669158936,0.4528007209300995,-0.4051186740398407,2,12,0.4300729036331177,0.304214209318161,-0.48281368613243103,2,13,0.6797196865081787,0.5870437622070312,0.12776711583137512,2,14,0.18735994398593903,0.47972169518470764,-0.19676336646080017,2,15,0.6656502485275269,0.8066140413284302,0.3720515966415405,2,16,0.2897091805934906,0.888395369052887,0.00740139652043581,2,17,0.6934326887130737,0.8522390723228455,0.4016300141811371,2,18,0.30713918805122375,0.9671429395675659,0.019895916804671288,2,19,0.6909520030021667,0.8483849167823792,0.3685866594314575,2,20,0.36336278915405273,0.9337743520736694,0.03624896705150604,2,21,0.6775329113006592,0.8255676031112671,0.3698543310165405,2,22,0.36017146706581116,0.9053749442100525,0.022967210039496422,2,23,0.445618599653244,0.7949254512786865,0.08012843132019043,2,24,0.308223158121109,0.7727383375167847,-0.07954468578100204,2,25,0.3323806822299957,1.0177819728851318,0.45879048109054565,2,26,0.18984933197498322,0.8831308484077454,0.31670504808425903,2,27,0.23990710079669952,1.1723809242248535,0.9906354546546936,2,28,0.0980670228600502,1.0741500854492188,0.7532089948654175,2,29,0.22335423529148102,1.1553033590316772,1.0456442832946777,2,30,0.08319009840488434,1.0578819513320923,0.8001807928085327,2,31,0.20192405581474304,1.3204110860824585,1.0390031337738037,2,32,0.09034322947263718,1.2659478187561035,0.7541353106498718,2
0,0.6941527724266052,0.4291284382343292,-0.8865563273429871,2,1,0.7242720127105713,0.3557065725326538,-0.8685171008110046,2,2,0.7355005145072937,0.35883212089538574,-0.8686261773109436,2,3,0.7454696893692017,0.36093494296073914,-0.8688671588897705,2,4,0.6944970488548279,0.35101863741874695,-0.9109135866165161,2,5,0.6817367076873779,0.3341878354549408,-0.9112331867218018,2,6,0.6691761016845703,0.313228964805603,-0.9111271500587463,2,7,0.7402516007423401,0.2648981213569641,-0.671259880065918,2,8,0.627903401851654,0.21031306684017181,-0.8590777516365051,2,9,0.6714717149734497,0.4483969211578369,-0.7978476881980896,2,10,0.647713303565979,0.4279346764087677,-0.8512830138206482,2,11,0.7235767245292664,0.42117300629615784,-0.4762081801891327,2,12,0.4258286654949188,0.2713097631931305,-0.662696897983551,2,13,0.6703048348426819,0.57627934217453,0.019296051934361458,2,14,0.18767452239990234,0.4791965186595917,-0.46288296580314636,2,15,0.6635121703147888,0.8078476786613464,0.24489708244800568,2,16,0.2898126244544983,0.8864509463310242,-0.30502545833587646,2,17,0.6930350065231323,0.8518052101135254,0.26844799518585205,2,18,0.3037945628166199,0.9662136435508728,-0.3205709755420685,2,19,0.6905425786972046,0.8488100171089172,0.2345147281885147,2,20,0.36409664154052734,0.933718204498291,-0.3072800040245056,2,21,0.6770905256271362,0.8257717490196228,0.23913513123989105,2,22,0.36013850569725037,0.9048197269439697,-0.2941172420978546,2,23,0.44522127509117126,0.7901600003242493,0.08104374259710312,2,24,0.30858007073402405,0.7668133974075317,-0.08057240396738052,2,25,0.35705307126045227,0.9700618982315063,0.6021679043769836,2,26,0.2606934607028961,0.8024848103523254,0.4480894207954407,2,27,0.28702211380004883,0.9161159992218018,1.2011994123458862,2,28,0.23038333654403687,0.8540651798248291,0.9988071918487549,2,29,0.3006747364997864,1.0409836769104004,1.2639049291610718,2,30,0.19987115263938904,0.862324595451355,1.058594822883606,2,31,0.2993330955505371,1.173182725906372,1.2719162702560425,2,32,0.21813447773456573,1.057761788368225,1.0253167152404785,2
0,0.6927681565284729,0.3577573001384735,-0.8378314971923828,2,1,0.7242534160614014,0.28869274258613586,-0.8329936861991882,2,2,0.7349303364753723,0.28260335326194763,-0.8330323100090027,2,3,0.7454156279563904,0.2854461073875427,-0.8332220315933228,2,4,0.6923468708992004,0.2752511203289032,-0.8686317205429077,2,5,0.6793369650840759,0.2570778429508209,-0.8689665198326111,2,6,0.6656312942504883,0.23301661014556885,-0.8688264489173889,2,7,0.7372022271156311,0.24382583796977997,-0.6663248538970947,2,8,0.6208341121673584,0.16043473780155182,-0.8332168459892273,2,9,0.6699197888374329,0.37542837858200073,-0.7572082281112671,2,10,0.646045446395874,0.3614484667778015,-0.8047820329666138,2,11,0.7175773978233337,0.36799490451812744,-0.45848771929740906,2,12,0.42025721073150635,0.23201002180576324,-0.6389357447624207,2,13,0.6597438454627991,0.5605279803276062,0.03230009600520134,2,14,0.1904660016298294,0.47592875361442566,-0.40905746817588806,2,15,0.6621583104133606,0.8033650517463684,0.26307448744773865,2,16,0.28989455103874207,0.8865160346031189,-0.24368736147880554,2,17,0.6932574510574341,0.8462558388710022,0.27357977628707886,2,18,0.30366891622543335,0.9742627143859863,-0.25403377413749695,2,19,0.6900277733802795,0.8490476012229919,0.25069165229797363,2,20,0.36523592472076416,0.9387975335121155,-0.2418447583913803,2,21,0.6742153763771057,0.826686441898346,0.26015809178352356,2,22,0.361624538898468,0.9090340733528137,-0.23159202933311462,2,23,0.4361859858036041,0.7899454832077026,0.07648447901010513,2,24,0.3012053370475769,0.7510534524917603,-0.07619508355855942,2,25,0.3681955635547638,0.9723992347717285,0.5826238989830017,2,26,0.25418826937675476,0.8102814555168152,0.42274728417396545,2,27,0.3014143407344818,1.050450325012207,1.1729909181594849,2,28,0.22422552108764648,0.8891240358352661,0.9512730240821838,2,29,0.3008968234062195,1.064117670059204,1.2321096658706665,2,30,0.18633705377578735,0.9083860516548157,1.0074015855789185,2,31,0.29710423946380615,1.2115168571472168,1.2183743715286255,2,32,0.2014395147562027,1.0674309730529785,0.938930332660675,2
0,0.68564772605896,0.35788172483444214,-0.695953369140625,2,1,0.7107446193695068,0.3018282651901245,-0.6920782923698425,2,2,0.7174805402755737,0.29618990421295166,-0.6921870112419128,2,3,0.7250146269798279,0.28994059562683105,-0.6924397945404053,2,4,0.6856293082237244,0.2868271768093109,-0.733462393283844,2,5,0.6745002269744873,0.2696992754936218,-0.7337897419929504,2,6,0.6626699566841125,0.24889642000198364,-0.7336856722831726,2,7,0.71330726146698,0.22084081172943115,-0.5527909398078918,2,8,0.6192837357521057,0.17211590707302094,-0.7338244318962097,2,9,0.661229133605957,0.37528908252716064,-0.6246174573898315,2,10,0.63985675573349,0.358157217502594,-0.6765896677970886,2,11,0.7060545086860657,0.36901330947875977,-0.3812040388584137,2,12,0.413446843624115,0.22944779694080353,-0.518269956111908,2,13,0.6520411372184753,0.5598050355911255,0.09871506690979004,2,14,0.19115880131721497,0.47529301047325134,-0.2894563376903534,2,15,0.6617714762687683,0.804689884185791,0.2715556025505066,2,16,0.29000797867774963,0.8864628076553345,-0.14638765156269073,2,17,0.6934107542037964,0.8470863103866577,0.28250712156295776,2,18,0.30412647128105164,0.9762408137321472,-0.14654508233070374,2,19,0.6888691782951355,0.8497663736343384,0.2526158094406128,2,20,0.36514246463775635,0.9410699009895325,-0.16354091465473175,2,21,0.6717075109481812,0.8273266553878784,0.26722580194473267,2,22,0.3615337908267975,0.9120288491249084,-0.14202499389648438,2,23,0.43473443388938904,0.7905858159065247,0.06106314808130264,2,24,0.296782910823822,0.7509148716926575,-0.06075076758861542,2,25,0.3392796218395233,1.0593689680099487,0.4636601209640503,2,26,0.19216659665107727,0.9351035952568054,0.3390386700630188,2,27,0.2288476973772049,1.2701992988586426,1.023368000984192,2,28,0.06775133311748505,1.176043152809143,0.8080538511276245,2,29,0.21159236133098602,1.2667583227157593,1.077324628829956,2,30,0.048216912895441055,1.183916687965393,0.8521155714988708,2,31,0.1981913149356842,1.4292868375778198,1.0242106914520264,2,32,0.05529481917619705,1.3460514545440674,0.7236977219581604,2
0,0.6481838822364807,0.18183504045009613,-1.1337436437606812,2,1,0.6894062757492065,0.09049689024686813,-1.1271636486053467,2,2,0.7108057141304016,0.10385087132453918,-1.1270641088485718,2,3,0.7215541005134583,0.10928893089294434,-1.1269986629486084,2,4,0.649165689945221,0.037360530346632004,-1.1518367528915405,2,5,0.629120945930481,0.008594772778451443,-1.1519508361816406,2,6,0.6120720505714417,-0.015762927010655403,-1.151837944984436,2,7,0.7191288471221924,0.08860866725444794,-0.9179737567901611,2,8,0.5715426206588745,-0.07364894449710846,-1.0308873653411865,2,9,0.6355852484703064,0.2313155084848404,-1.0343689918518066,2,10,0.596368670463562,0.1781284362077713,-1.065765619277954,2,11,0.6949571967124939,0.2636793255805969,-0.6330052018165588,2,12,0.40214255452156067,0.09258903563022614,-0.8127307891845703,2,13,0.6543997526168823,0.5198172926902771,-0.21563154458999634,2,14,0.20925725996494293,0.43977370858192444,-0.698879063129425,2,15,0.659052848815918,0.7801968455314636,-0.17798106372356415,2,16,0.2896626889705658,0.8771669268608093,-0.7900219559669495,2,17,0.6921595931053162,0.8456339240074158,-0.2087964564561844,2,18,0.2985394597053528,0.9690753817558289,-0.8690524697303772,2,19,0.6782729029655457,0.8495557308197021,-0.2589026093482971,2,20,0.3584707975387573,0.9410728216171265,-0.8959833979606628,2,21,0.6584271192550659,0.8253690004348755,-0.19655422866344452,2,22,0.35745468735694885,0.9116397500038147,-0.7997542023658752,2,23,0.4261264204978943,0.7332956790924072,0.026414917781949043,2,24,0.29167529940605164,0.6617060303688049,-0.025777023285627365,2,25,0.3540427088737488,1.0241986513137817,0.49187061190605164,2,26,0.2123786062002182,0.8791623711585999,0.44300010800361633,2,27,0.2625006437301636,1.1871428489685059,1.118959665298462,2,28,0.07263729721307755,1.0949647426605225,1.0377695560455322,2,29,0.2333693504333496,1.184456467628479,1.1719282865524292,2,30,0.10640718787908554,1.0934665203094482,1.0932132005691528,2,31,0.2436264455318451,1.351231336593628,1.0660624504089355,2,32,0.09567001461982727,1.2902941703796387,0.9460530877113342,2
END PUSHUP
0,0.6315882802009583,0.4635736048221588,-0.8083549737930298,2,1,0.6648283004760742,0.4180482029914856,-0.8161914944648743,2,2,0.6755282282829285,0.4189900755882263,-0.8161332607269287,2,3,0.6862775087356567,0.41661348938941956,-0.8162659406661987,2,4,0.627008855342865,0.3878296911716461,-0.8418171405792236,2,5,0.6131337881088257,0.3674563467502594,-0.8422117829322815,2,6,0.6001051068305969,0.3454230725765228,-0.8421991467475891,2,7,0.6952632069587708,0.34964996576309204,-0.655248761177063,2,8,0.5752429962158203,0.2568504214286804,-0.7807219624519348,2,9,0.6234957575798035,0.48821941018104553,-0.724513828754425,2,10,0.5867422223091125,0.4610467851161957,-0.7569659948348999,2,11,0.6891185641288757,0.39771419763565063,-0.4742997884750366,2,12,0.3912138044834137,0.2457689344882965,-0.5083115100860596,2,13,0.7113620638847351,0.5190686583518982,-0.0515066534280777,2,14,0.1509670615196228,0.46609899401664734,-0.3241669535636902,2,15,0.6801933646202087,0.7724448442459106,0.10523316264152527,2,16,0.24744318425655365,0.8792810440063477,-0.2452767789363861,2,17,0.6861017346382141,0.8420893549919128,0.10096573084592819,2,18,0.2794099450111389,0.9457962512969971,-0.2680472433567047,2,19,0.6564933061599731,0.8365918397903442,0.07849179208278656,2,20,0.32584676146507263,0.9000644683837891,-0.24021880328655243,2,21,0.6478304266929626,0.8062090873718262,0.10313235968351364,2,22,0.32358789443969727,0.8732201457023621,-0.22892877459526062,2,23,0.45680391788482666,0.6816670298576355,0.06271837651729584,2,24,0.3171207010746002,0.6510621309280396,-0.06267515569925308,2,25,0.36191776394844055,0.6707515120506287,0.5305553674697876,2,26,0.25744232535362244,0.596164882183075,0.4438289999961853,2,27,0.33768072724342346,0.6150211691856384,1.039010763168335,2,28,0.24382567405700684,0.6171093583106995,0.8534864783287048,2,29,0.3372686803340912,0.6263584494590759,1.0869072675704956,2,30,0.2423313409090042,0.5719658136367798,0.900634229183197,2,31,0.3366921842098236,0.779421329498291,1.087146520614624,2,32,0.25210925936698914,0.7061564922332764,0.9133623242378235,2
0,0.6358758211135864,0.49784737825393677,-0.7611057758331299,2,1,0.6710359454154968,0.45087605714797974,-0.7636024355888367,2,2,0.6822870969772339,0.45023614168167114,-0.7635955810546875,2,3,0.6938291192054749,0.44533640146255493,-0.7637546062469482,2,4,0.6312621235847473,0.42401814460754395,-0.7895412445068359,2,5,0.6168460249900818,0.40374261140823364,-0.7898972034454346,2,6,0.603485643863678,0.3813004791736603,-0.7898515462875366,2,7,0.7009247541427612,0.37324050068855286,-0.5952840447425842,2,8,0.5798883438110352,0.28648844361305237,-0.7127691507339478,2,9,0.6277044415473938,0.52034592628479,-0.6759142279624939,2,10,0.5915138721466064,0.4911326766014099,-0.7086458802223206,2,11,0.6962187886238098,0.42777034640312195,-0.4242289364337921,2,12,0.394938588142395,0.2660752534866333,-0.4678456485271454,2,13,0.710270881652832,0.5342712998390198,-0.015272148884832859,2,14,0.1504601687192917,0.46557003259658813,-0.27137961983680725,2,15,0.6800880432128906,0.7751012444496155,0.11385092884302139,2,16,0.24830515682697296,0.8747490048408508,-0.16572044789791107,2,17,0.6856212019920349,0.8432103991508484,0.10724307596683502,2,18,0.28122270107269287,0.9446907043457031,-0.1834532916545868,2,19,0.6572640538215637,0.8365776538848877,0.08549148589372635,2,20,0.3259837329387665,0.8987981677055359,-0.15078063309192657,2,21,0.6486202478408813,0.8065738081932068,0.11173464357852936,2,22,0.3236406147480011,0.872955858707428,-0.1462843269109726,2,23,0.4566589891910553,0.7002855539321899,0.0619354173541069,2,24,0.3172335624694824,0.6622450947761536,-0.06185627356171608,2,25,0.36101529002189636,0.6568676829338074,0.5303507447242737,2,26,0.25935742259025574,0.584106981754303,0.4333229959011078,2,27,0.33506906032562256,0.5921828746795654,1.0108896493911743,2,28,0.2453986555337906,0.5968460440635681,0.8300965428352356,2,29,0.33594658970832825,0.5631950497627258,1.0656704902648926,2,30,0.24322955310344696,0.5235877633094788,0.8778752684593201,2,31,0.3298131823539734,0.6739518046379089,1.0829355716705322,2,32,0.25125277042388916,0.646894633769989,0.8914361596107483,2
0,0.6338578462600708,0.500415027141571,-0.7154917120933533,2,1,0.668639063835144,0.4558808207511902,-0.7163540720939636,2,2,0.6801394820213318,0.4558674097061157,-0.7163740396499634,2,3,0.6918440461158752,0.4536553919315338,-0.7165197730064392,2,4,0.6305332183837891,0.43642324209213257,-0.7446497678756714,2,5,0.6172456741333008,0.4219273030757904,-0.7449592351913452,2,6,0.6046844124794006,0.40463072061538696,-0.7448885440826416,2,7,0.6981526017189026,0.3880763053894043,-0.5500112771987915,2,8,0.5827165246009827,0.3059051036834717,-0.6766656637191772,2,9,0.6248626112937927,0.5205908417701721,-0.6317200064659119,2,10,0.5917690992355347,0.497964471578598,-0.6674878001213074,2,11,0.6978605389595032,0.4400373697280884,-0.39199182391166687,2,12,0.39586761593818665,0.2739769220352173,-0.43988990783691406,2,13,0.710034966468811,0.5503031611442566,0.007703037932515144,2,14,0.15019093453884125,0.4651903808116913,-0.24634668231010437,2,15,0.6803414225578308,0.7777342796325684,0.11667800694704056,2,16,0.24899110198020935,0.8697356581687927,-0.14707466959953308,2,17,0.6850119233131409,0.8461558818817139,0.10787589848041534,2,18,0.2820681929588318,0.9434714913368225,-0.1650751382112503,2,19,0.6571719646453857,0.8360080718994141,0.08708549290895462,2,20,0.3261716067790985,0.8979511260986328,-0.134611576795578,2,21,0.6483492255210876,0.8069565296173096,0.11481931805610657,2,22,0.3237645924091339,0.8731144070625305,-0.1286361664533615,2,23,0.45100054144859314,0.7165873050689697,0.061909258365631104,2,24,0.31353554129600525,0.6723275780677795,-0.06179178133606911,2,25,0.358938604593277,0.6584245562553406,0.5223362445831299,2,26,0.2559048533439636,0.5813562870025635,0.41695964336395264,2,27,0.33395618200302124,0.5945559740066528,0.9718868136405945,2,28,0.24626131355762482,0.5898856520652771,0.8090936541557312,2,29,0.335858553647995,0.559094250202179,1.0265556573867798,2,30,0.2460581511259079,0.5323014259338379,0.8560010194778442,2,31,0.3246798515319824,0.6656280159950256,1.0746930837631226,2,32,0.2485838085412979,0.6411544680595398,0.8647317290306091,2
0,0.6446413397789001,0.5319218635559082,-0.7511943578720093,2,1,0.6731082201004028,0.48492109775543213,-0.7552884817123413,2,2,0.6831373572349548,0.48239123821258545,-0.7553188800811768,2,3,0.6934992074966431,0.47940295934677124,-0.7554929852485657,2,4,0.6391857862472534,0.47559380531311035,-0.7836264967918396,2,5,0.6263641715049744,0.46567368507385254,-0.7839963436126709,2,6,0.6140340566635132,0.45337215065956116,-0.7839924097061157,2,7,0.6973182559013367,0.41725918650627136,-0.5964152812957764,2,8,0.5876013040542603,0.3563363254070282,-0.6959835290908813,2,9,0.6332687139511108,0.5465805530548096,-0.6702176928520203,2,10,0.6026248931884766,0.5337610244750977,-0.7062979936599731,2,11,0.6974205374717712,0.4510093033313751,-0.419010192155838,2,12,0.39694011211395264,0.29647690057754517,-0.48222628235816956,2,13,0.6957737803459167,0.5624151825904846,-0.03744076192378998,2,14,0.14892849326133728,0.46302691102027893,-0.3180692791938782,2,15,0.6753373742103577,0.7784960269927979,0.09456711262464523,2,16,0.24931001663208008,0.8682977557182312,-0.23244671523571014,2,17,0.6794658899307251,0.8463799953460693,0.08685913681983948,2,18,0.28455716371536255,0.9397475719451904,-0.2577834725379944,2,19,0.6549232602119446,0.8351485729217529,0.06004412844777107,2,20,0.32622724771499634,0.8977590203285217,-0.23150627315044403,2,21,0.6464455723762512,0.8069241046905518,0.09071742743253708,2,22,0.3238610625267029,0.8732329607009888,-0.21653516590595245,2,23,0.4463403820991516,0.7250076532363892,0.06356225907802582,2,24,0.3079839050769806,0.6864255666732788,-0.06334438174962997,2,25,0.3581007421016693,0.6576336622238159,0.533839762210846,2,26,0.25160330533981323,0.5806064009666443,0.4314712584018707,2,27,0.33179768919944763,0.5981675386428833,1.0268861055374146,2,28,0.24613429605960846,0.5719878673553467,0.8735970854759216,2,29,0.32715192437171936,0.5468543171882629,1.0874356031417847,2,30,0.24637529253959656,0.5196332931518555,0.9278824329376221,2,31,0.319938063621521,0.6669837236404419,1.1357146501541138,2,32,0.24672047793865204,0.6430809497833252,0.9421567916870117,2
0,0.6437313556671143,0.57130366563797,-0.8181581497192383,2,1,0.6766666173934937,0.5221172571182251,-0.833304762840271,2,2,0.6877318024635315,0.5197533965110779,-0.8333380222320557,2,3,0.6996113061904907,0.5154439806938171,-0.8335428833961487,2,4,0.6414856314659119,0.510059118270874,-0.8625528216362,2,5,0.6289343237876892,0.4977129399776459,-0.8630098104476929,2,6,0.6170198917388916,0.48280030488967896,-0.8630066514015198,2,7,0.704888641834259,0.4526315927505493,-0.6946111917495728,2,8,0.5933572053909302,0.3798413872718811,-0.8176276683807373,2,9,0.6344130039215088,0.5866162776947021,-0.7389581203460693,2,10,0.6020645499229431,0.5677438974380493,-0.7768293023109436,2,11,0.6976888179779053,0.47816112637519836,-0.5280713438987732,2,12,0.39666277170181274,0.31067463755607605,-0.5680813193321228,2,13,0.6830434203147888,0.5994790196418762,-0.07175824791193008,2,14,0.14745014905929565,0.4597061574459076,-0.335157573223114,2,15,0.667141318321228,0.778421938419342,0.08592701703310013,2,16,0.24962694942951202,0.8665993809700012,-0.2686411738395691,2,17,0.6731263399124146,0.8449621200561523,0.08182892203330994,2,18,0.2878521680831909,0.9384439587593079,-0.2954503297805786,2,19,0.6547440886497498,0.8319227695465088,0.053186070173978806,2,20,0.3263431489467621,0.8977720737457275,-0.2701684832572937,2,21,0.6463391780853271,0.8056049942970276,0.08175429701805115,2,22,0.3237833082675934,0.8733623027801514,-0.2537499964237213,2,23,0.4447985887527466,0.7270237803459167,0.06374607235193253,2,24,0.30088502168655396,0.707940399646759,-0.06339993327856064,2,25,0.36710691452026367,0.6831372976303101,0.5664989352226257,2,26,0.24380575120449066,0.6090809106826782,0.4731222093105316,2,27,0.3472423255443573,0.6332298517227173,1.12932550907135,2,28,0.23678308725357056,0.5767701864242554,0.9734162092208862,2,29,0.368056982755661,0.6622461676597595,1.1964987516403198,2,30,0.23946599662303925,0.5252457857131958,1.0342365503311157,2,31,0.3561021089553833,0.8152760863304138,1.2390865087509155,2,32,0.24230164289474487,0.6544750332832336,1.0389432907104492,2
0,0.6493685841560364,0.6500504016876221,-0.8746660351753235,2,1,0.687914252281189,0.607721209526062,-0.8885337710380554,2,2,0.6998664140701294,0.6025089025497437,-0.8884777426719666,2,3,0.7124460339546204,0.594902515411377,-0.888602077960968,2,4,0.6493815183639526,0.594277560710907,-0.9181344509124756,2,5,0.6356819272041321,0.5752621293067932,-0.9186025261878967,2,6,0.6141903400421143,0.5618651509284973,-0.9185494184494019,2,7,0.7210468053817749,0.526563286781311,-0.7326611280441284,2,8,0.5985245108604431,0.43322286009788513,-0.8648683428764343,2,9,0.6412752866744995,0.6612667441368103,-0.7879337072372437,2,10,0.6062523126602173,0.6304152607917786,-0.8268517255783081,2,11,0.6985138058662415,0.4885357916355133,-0.5448843836784363,2,12,0.39802584052085876,0.34093400835990906,-0.6066188812255859,2,13,0.6643502116203308,0.5986543297767639,-0.07496199011802673,2,14,0.14644843339920044,0.4587908089160919,-0.35138556361198425,2,15,0.6606597304344177,0.7800861597061157,0.08631806075572968,2,16,0.24991318583488464,0.8618748784065247,-0.24107369780540466,2,17,0.6677941083908081,0.8449831604957581,0.0833582654595375,2,18,0.2868512272834778,0.9330042004585266,-0.26218268275260925,2,19,0.6547285914421082,0.8320122361183167,0.05331568792462349,2,20,0.3263052999973297,0.8972873091697693,-0.23267702758312225,2,21,0.6462810635566711,0.8068195581436157,0.08155766129493713,2,22,0.3227834701538086,0.8732171654701233,-0.22208742797374725,2,23,0.4477556049823761,0.7367666959762573,0.07268743216991425,2,24,0.2983653247356415,0.7292032241821289,-0.07214923948049545,2,25,0.41939306259155273,0.7006138563156128,0.5935665965080261,2,26,0.24177585542201996,0.6464898586273193,0.4691312611103058,2,27,0.35414135456085205,0.6556717753410339,1.1560890674591064,2,28,0.228941410779953,0.5790113806724548,0.9575808048248291,2,29,0.36826834082603455,0.6686536073684692,1.223807692527771,2,30,0.2301025688648224,0.5313461422920227,1.0177360773086548,2,31,0.35480499267578125,0.8280940055847168,1.277125597000122,2,32,0.23834577202796936,0.7074732184410095,1.0239651203155518,2
0,0.649468719959259,0.6844143271446228,-0.8003317713737488,2,1,0.687552273273468,0.6444722414016724,-0.8166891932487488,2,2,0.7007140517234802,0.6388425827026367,-0.8166341185569763,2,3,0.7138471007347107,0.631257176399231,-0.8167617321014404,2,4,0.6469008922576904,0.625757098197937,-0.8435766100883484,2,5,0.6326722502708435,0.6044434309005737,-0.8439438343048096,2,6,0.6149759292602539,0.580150306224823,-0.8437930941581726,2,7,0.7264549136161804,0.559102475643158,-0.676866352558136,2,8,0.593885064125061,0.46694254875183105,-0.7946420907974243,2,9,0.6455268859863281,0.6990532279014587,-0.718216061592102,2,10,0.6066418886184692,0.6609840989112854,-0.7522283792495728,2,11,0.6998426914215088,0.49743735790252686,-0.5037968754768372,2,12,0.40014344453811646,0.3654395639896393,-0.5184906721115112,2,13,0.6612091660499573,0.6055660247802734,-0.027349332347512245,2,14,0.14633874595165253,0.45873579382896423,-0.2758225202560425,2,15,0.6575455069541931,0.7799757122993469,0.14293427765369415,2,16,0.25002720952033997,0.8619256615638733,-0.14503134787082672,2,17,0.6665307283401489,0.8447297811508179,0.13801392912864685,2,18,0.28779417276382446,0.9298627972602844,-0.16261033713817596,2,19,0.6548548340797424,0.8298596143722534,0.11535485088825226,2,20,0.3261599540710449,0.8969542980194092,-0.12962570786476135,2,21,0.646219789981842,0.806094765663147,0.14003010094165802,2,22,0.3217791020870209,0.873279869556427,-0.125553697347641,2,23,0.45080506801605225,0.7360419034957886,0.07549558579921722,2,24,0.3002559244632721,0.7257868051528931,-0.07494653016328812,2,25,0.44039252400398254,0.7018470168113708,0.5839011073112488,2,26,0.2444431185722351,0.6464769244194031,0.46085280179977417,2,27,0.36278730630874634,0.6562073230743408,1.1028624773025513,2,28,0.22960598766803741,0.5818576216697693,0.8943588137626648,2,29,0.36473676562309265,0.6212512850761414,1.1609387397766113,2,30,0.23171906173229218,0.5357484221458435,0.9513086676597595,2,31,0.37138283252716064,0.8194109201431274,1.20135498046875,2,32,0.24027547240257263,0.6979336738586426,0.9997755289077759,2
0,0.6547108888626099,0.6958500742912292,-0.7969475984573364,2,1,0.6936798095703125,0.6568212509155273,-0.8112844824790955,2,2,0.7069045901298523,0.6527417302131653,-0.8112487196922302,2,3,0.7200071811676025,0.6472268104553223,-0.8114058971405029,2,4,0.6549814343452454,0.6376871466636658,-0.8382049202919006,2,5,0.640529990196228,0.6169954538345337,-0.838594377040863,2,6,0.6252804398536682,0.5916430354118347,-0.8385194540023804,2,7,0.7324095964431763,0.5780966877937317,-0.6733531355857849,2,8,0.5954887866973877,0.4824294447898865,-0.7925897836685181,2,9,0.6497365236282349,0.7086376547813416,-0.7161931991577148,2,10,0.6117214560508728,0.6701236963272095,-0.7502213716506958,2,11,0.7047703266143799,0.5095509886741638,-0.5029208064079285,2,12,0.4022970497608185,0.3766555190086365,-0.5216068029403687,2,13,0.6848571300506592,0.6193104982376099,-0.035036686807870865,2,14,0.1471520960330963,0.45898720622062683,-0.30402883887290955,2,15,0.6585991382598877,0.7799813747406006,0.13762158155441284,2,16,0.2501275837421417,0.8651030659675598,-0.18848732113838196,2,17,0.6673586368560791,0.8447892069816589,0.1339002549648285,2,18,0.2878328263759613,0.9308093190193176,-0.20865647494792938,2,19,0.6562235951423645,0.8291242122650146,0.1136140525341034,2,20,0.32606855034828186,0.8994291424751282,-0.17466048896312714,2,21,0.6482757329940796,0.8049678802490234,0.1358232945203781,2,22,0.32119908928871155,0.8764201402664185,-0.1684582233428955,2,23,0.4534725248813629,0.7444166541099548,0.08127493411302567,2,24,0.30140018463134766,0.7294390201568604,-0.08083532750606537,2,25,0.4224793612957001,0.7081183791160583,0.5770016312599182,2,26,0.24623972177505493,0.6532558798789978,0.45238253474235535,2,27,0.36360102891921997,0.6638650894165039,1.0770865678787231,2,28,0.22992485761642456,0.599676787853241,0.8832523822784424,2,29,0.36179861426353455,0.6227411031723022,1.1374362707138062,2,30,0.23115362226963043,0.546685516834259,0.9397167563438416,2,31,0.3735012412071228,0.8306214809417725,1.188143253326416,2,32,0.2387509047985077,0.7095063328742981,0.9941228628158569,2
0,0.6641555428504944,0.7036630511283875,-0.8059520721435547,2,1,0.7039071321487427,0.6570436954498291,-0.8192844986915588,2,2,0.7175956964492798,0.6518473029136658,-0.8192703127861023,2,3,0.7308108806610107,0.6452353000640869,-0.8194777369499207,2,4,0.6628122925758362,0.643255352973938,-0.8495218753814697,2,5,0.6484132409095764,0.6252103447914124,-0.8499352931976318,2,6,0.6339995265007019,0.6021758913993835,-0.8499109148979187,2,7,0.7384958267211914,0.5779173970222473,-0.6754484176635742,2,8,0.5986089706420898,0.4890017509460449,-0.8056176900863647,2,9,0.6574646234512329,0.7152036428451538,-0.7234839200973511,2,10,0.6198234558105469,0.6785054802894592,-0.7624685764312744,2,11,0.7112210392951965,0.515393853187561,-0.5073077082633972,2,12,0.40260934829711914,0.37684211134910583,-0.5353352427482605,2,13,0.6956716775894165,0.6285161375999451,-0.04533364251255989,2,14,0.14777319133281708,0.4581093192100525,-0.3224840760231018,2,15,0.6594589948654175,0.7801860570907593,0.11835121363401413,2,16,0.2475590705871582,0.864493727684021,-0.19946196675300598,2,17,0.6679293513298035,0.8448095321655273,0.11472973227500916,2,18,0.2792995572090149,0.9301199913024902,-0.2176535725593567,2,19,0.6563354134559631,0.8292571306228638,0.0947045087814331,2,20,0.321180522441864,0.8994473814964294,-0.18431340157985687,2,21,0.6483246684074402,0.8050698637962341,0.11714275181293488,2,22,0.31503090262413025,0.8764305114746094,-0.17936637997627258,2,23,0.4564708471298218,0.7452923059463501,0.08825218677520752,2,24,0.30163058638572693,0.7294577360153198,-0.08781182765960693,2,25,0.4343218505382538,0.7292660474777222,0.5659719109535217,2,26,0.24673064053058624,0.6694804430007935,0.43736016750335693,2,27,0.36498454213142395,0.6718761920928955,1.0712403059005737,2,28,0.22968821227550507,0.6193177103996277,0.8674901723861694,2,29,0.3598870038986206,0.6279062032699585,1.1337306499481201,2,30,0.23014600574970245,0.5596444606781006,0.9226347208023071,2,31,0.37176719307899475,0.8387898206710815,1.19065260887146,2,32,0.2392580360174179,0.7125483155250549,0.9589072465896606,2
0,0.669213056564331,0.7086236476898193,-0.8019730448722839,2,1,0.7068349719047546,0.6656312346458435,-0.8157587051391602,2,2,0.7196519374847412,0.6617785096168518,-0.8157297372817993,2,3,0.7321497797966003,0.6572449207305908,-0.8159230351448059,2,4,0.6690530776977539,0.6499344706535339,-0.8456478118896484,2,5,0.6563165187835693,0.6340205669403076,-0.846047580242157,2,6,0.6430858373641968,0.6137427091598511,-0.8460140824317932,2,7,0.7371696829795837,0.5862212777137756,-0.6772382855415344,2,8,0.6028010249137878,0.49428483843803406,-0.8052959442138672,2,9,0.6584413051605225,0.7171343564987183,-0.7235571146011353,2,10,0.6235434412956238,0.6822912693023682,-0.7617505788803101,2,11,0.7090544104576111,0.5116946697235107,-0.5145081877708435,2,12,0.4019823670387268,0.38045793771743774,-0.5446394085884094,2,13,0.7009199857711792,0.6188492178916931,-0.05037709325551987,2,14,0.15027202665805817,0.4580850899219513,-0.33080804347991943,2,15,0.6611948609352112,0.775056779384613,0.12637712061405182,2,16,0.2471494972705841,0.8646332025527954,-0.21562927961349487,2,17,0.6681444048881531,0.840896725654602,0.1206890121102333,2,18,0.27673834562301636,0.9293472766876221,-0.23737268149852753,2,19,0.6576065421104431,0.8254900574684143,0.10291528701782227,2,20,0.3189592659473419,0.899615466594696,-0.20738758146762848,2,21,0.6492356657981873,0.7986248731613159,0.12539955973625183,2,22,0.31329479813575745,0.8764861226081848,-0.19743531942367554,2,23,0.45551571249961853,0.7454093098640442,0.09232902526855469,2,24,0.301921010017395,0.7340325713157654,-0.09186966717243195,2,25,0.44008633494377136,0.7510958909988403,0.5644882321357727,2,26,0.23667941987514496,0.702853798866272,0.41122525930404663,2,27,0.3654368817806244,0.6852977871894836,1.0667264461517334,2,28,0.203644260764122,0.6659687161445618,0.8380964398384094,2,29,0.3558737635612488,0.6389991044998169,1.129059076309204,2,30,0.20009082555770874,0.6114552021026611,0.8909205198287964,2,31,0.37445834279060364,0.8557848930358887,1.1911746263504028,2,32,0.21286100149154663,0.8079778552055359,0.9050595760345459,2
0,0.6678009629249573,0.7193823456764221,-0.7878099083900452,2,1,0.7031245827674866,0.6758453845977783,-0.7978380918502808,2,2,0.7157691717147827,0.670425295829773,-0.7978355884552002,2,3,0.7281711101531982,0.6644005179405212,-0.7980524301528931,2,4,0.6675503849983215,0.659981906414032,-0.8298587799072266,2,5,0.6551101207733154,0.6440762281417847,-0.8302660584449768,2,6,0.642047643661499,0.6247237324714661,-0.8302913904190063,2,7,0.7332651615142822,0.5827004909515381,-0.6640938520431519,2,8,0.6011687517166138,0.510748028755188,-0.8043768405914307,2,9,0.6566126942634583,0.7268304824829102,-0.7130046486854553,2,10,0.6245142221450806,0.6930500864982605,-0.7531898021697998,2,11,0.7083585858345032,0.5251081585884094,-0.5111095309257507,2,12,0.4015427231788635,0.3907545208930969,-0.5446130633354187,2,13,0.70293790102005,0.6205406785011292,-0.044782232493162155,2,14,0.15558548271656036,0.45756709575653076,-0.3515450656414032,2,15,0.6608877778053284,0.7752035856246948,0.11881579458713531,2,16,0.24728213250637054,0.8624255061149597,-0.24315543472766876,2,17,0.667851448059082,0.8404613137245178,0.11529728770256042,2,18,0.276947945356369,0.9265987873077393,-0.2632591426372528,2,19,0.6577799320220947,0.8256828784942627,0.09835613518953323,2,20,0.3169744610786438,0.8991227149963379,-0.22592224180698395,2,21,0.6493294835090637,0.7988960146903992,0.11774220317602158,2,22,0.3112439215183258,0.8756386637687683,-0.2229004204273224,2,23,0.454910010099411,0.7447816133499146,0.09518827497959137,2,24,0.303139328956604,0.730244517326355,-0.09486723691225052,2,25,0.43465277552604675,0.7544634938240051,0.5453493595123291,2,26,0.2386302351951599,0.7040292620658875,0.3895268440246582,2,27,0.3643744885921478,0.6901312470436096,1.0448496341705322,2,28,0.19988416135311127,0.6910332441329956,0.8043174147605896,2,29,0.34842175245285034,0.6452746391296387,1.104940414428711,2,30,0.19590139389038086,0.6406146287918091,0.8535650372505188,2,31,0.37472277879714966,0.8518684506416321,1.1640781164169312,2,32,0.2044563740491867,0.8419106006622314,0.8526843190193176,2
0,0.6648437976837158,0.7232843637466431,-0.7841609120368958,2,1,0.7016083598136902,0.681037962436676,-0.7941981554031372,2,2,0.7139955163002014,0.6768192648887634,-0.794188916683197,2,3,0.7260058522224426,0.6717911958694458,-0.7943944334983826,2,4,0.6642595529556274,0.6611856818199158,-0.8244615793228149,2,5,0.6515960693359375,0.6445842385292053,-0.8248604536056519,2,6,0.6385452747344971,0.6246336698532104,-0.8248854875564575,2,7,0.7311533093452454,0.5942224264144897,-0.6607539057731628,2,8,0.6000117063522339,0.510736346244812,-0.7978144288063049,2,9,0.6544182896614075,0.7299880981445312,-0.7096003293991089,2,10,0.6220462322235107,0.6934645175933838,-0.7480274438858032,2,11,0.7077245712280273,0.5367241501808167,-0.5056850910186768,2,12,0.40331771969795227,0.38944652676582336,-0.5406991839408875,2,13,0.702687680721283,0.6203920245170593,-0.03611075133085251,2,14,0.15719769895076752,0.45750951766967773,-0.35026636719703674,2,15,0.6611310243606567,0.7729550004005432,0.1231701672077179,2,16,0.24741443991661072,0.8618165850639343,-0.24566224217414856,2,17,0.6682173609733582,0.8401017785072327,0.11909561604261398,2,18,0.2770201563835144,0.9254844188690186,-0.2675393223762512,2,19,0.6588009595870972,0.8240962028503418,0.09995666891336441,2,20,0.3164858818054199,0.8988457322120667,-0.2330014407634735,2,21,0.6494919061660767,0.7966570258140564,0.12150956690311432,2,22,0.31018921732902527,0.8750404715538025,-0.22616441547870636,2,23,0.4531538784503937,0.7435415387153625,0.09821127355098724,2,24,0.30344146490097046,0.7283083200454712,-0.09795670211315155,2,25,0.4295344352722168,0.7453697919845581,0.5447959899902344,2,26,0.2355934977531433,0.6940067410469055,0.3932349979877472,2,27,0.3571788966655731,0.6863484978675842,1.04926335811615,2,28,0.19848431646823883,0.6866225600242615,0.8145262002944946,2,29,0.3453207015991211,0.6444204449653625,1.1101174354553223,2,30,0.19512034952640533,0.6354821920394897,0.8649508953094482,2,31,0.3732375204563141,0.842793881893158,1.1701139211654663,2,32,0.20459719002246857,0.8384014368057251,0.8670825958251953,2
0,0.6632225513458252,0.7199527621269226,-0.7788681387901306,2,1,0.6995428204536438,0.67701655626297,-0.7869178056716919,2,2,0.7119030356407166,0.6731544137001038,-0.7869091033935547,2,3,0.7238734364509583,0.6685409545898438,-0.7871124148368835,2,4,0.6628879904747009,0.6588276028633118,-0.8187610507011414,2,5,0.6509023308753967,0.6429683566093445,-0.8191436529159546,2,6,0.6386515498161316,0.6244292259216309,-0.8191497921943665,2,7,0.729318380355835,0.588877260684967,-0.6448635458946228,2,8,0.6000241041183472,0.5095161199569702,-0.7901533246040344,2,9,0.6528623104095459,0.729292631149292,-0.7017977833747864,2,10,0.622216522693634,0.6938616633415222,-0.7423931956291199,2,11,0.7074631452560425,0.5348374247550964,-0.4909069240093231,2,12,0.4029791057109833,0.39000675082206726,-0.5342811346054077,2,13,0.7023335695266724,0.6285332441329956,-0.02195441722869873,2,14,0.15970924496650696,0.4599963128566742,-0.33723774552345276,2,15,0.6613886952400208,0.7762396335601807,0.13350452482700348,2,16,0.24759620428085327,0.861918568611145,-0.21415404975414276,2,17,0.6683719158172607,0.8426186442375183,0.13112099468708038,2,18,0.2778663635253906,0.925261914730072,-0.2314983457326889,2,19,0.6589152812957764,0.8267598748207092,0.11088399589061737,2,20,0.31676092743873596,0.8987669348716736,-0.19525964558124542,2,21,0.6495989561080933,0.7991998195648193,0.1320633590221405,2,22,0.31059014797210693,0.8749175667762756,-0.19293911755084991,2,23,0.45099207758903503,0.7455640435218811,0.0991637334227562,2,24,0.30380818247795105,0.7293726205825806,-0.09892334043979645,2,25,0.42734622955322266,0.7455384135246277,0.5445436835289001,2,26,0.22482147812843323,0.6988280415534973,0.3901810944080353,2,27,0.35615235567092896,0.6838885545730591,1.0470802783966064,2,28,0.2030377835035324,0.6935620903968811,0.8079947829246521,2,29,0.3452005386352539,0.6469863653182983,1.1077455282211304,2,30,0.2004123032093048,0.6428242921829224,0.8580673336982727,2,31,0.3652111291885376,0.8430614471435547,1.1695858240127563,2,32,0.20862863957881927,0.8508651256561279,0.861763060092926,2
0,0.6621179580688477,0.720342218875885,-0.8048048615455627,2,1,0.6923427581787109,0.6802166104316711,-0.8157446980476379,2,2,0.7029650211334229,0.6777230501174927,-0.8157101273536682,2,3,0.7147867679595947,0.6736330389976501,-0.8159130811691284,2,4,0.662465512752533,0.660858690738678,-0.8504061102867126,2,5,0.6496694684028625,0.6444433331489563,-0.8508102297782898,2,6,0.6370170712471008,0.6259954571723938,-0.8508079051971436,2,7,0.7238494753837585,0.5970228910446167,-0.6714442372322083,2,8,0.5995810031890869,0.516038715839386,-0.8252679705619812,2,9,0.6509113311767578,0.7312197089195251,-0.7253589034080505,2,10,0.620963990688324,0.6959235072135925,-0.770074188709259,2,11,0.7066254019737244,0.5395412445068359,-0.5073215365409851,2,12,0.402818888425827,0.3968502879142761,-0.5610029697418213,2,13,0.6983071565628052,0.6419841051101685,-0.02841249667108059,2,14,0.16198791563510895,0.45995062589645386,-0.3432619273662567,2,15,0.6573024392127991,0.7826420664787292,0.13727259635925293,2,16,0.24764098227024078,0.8619982004165649,-0.21327754855155945,2,17,0.6643375754356384,0.845370888710022,0.13891302049160004,2,18,0.2779914438724518,0.9251614212989807,-0.2289096713066101,2,19,0.6581193804740906,0.8296242952346802,0.11523734033107758,2,20,0.3166641592979431,0.8987792134284973,-0.19461211562156677,2,21,0.6485891938209534,0.8029006123542786,0.13538742065429688,2,22,0.3103088140487671,0.8749517798423767,-0.19216236472129822,2,23,0.44926947355270386,0.7481217384338379,0.1006484404206276,2,24,0.3033902943134308,0.7320762276649475,-0.1004079207777977,2,25,0.43433743715286255,0.7509307861328125,0.5446299314498901,2,26,0.2112366408109665,0.7009758353233337,0.39000236988067627,2,27,0.3657274842262268,0.693405032157898,1.053006887435913,2,28,0.19895601272583008,0.6978024244308472,0.8107450604438782,2,29,0.3470035195350647,0.649997353553772,1.114218831062317,2,30,0.19676585495471954,0.6467868089675903,0.8615087270736694,2,31,0.36555352807044983,0.8639642596244812,1.1739692687988281,2,32,0.20178332924842834,0.8554075956344604,0.8633647561073303,2
0,0.6616891026496887,0.7063837647438049,-0.8238028883934021,2,1,0.6940923929214478,0.6654638051986694,-0.8306121230125427,2,2,0.7068382501602173,0.6650363802909851,-0.8305569887161255,2,3,0.7203009724617004,0.6628262996673584,-0.8307098746299744,2,4,0.661446750164032,0.6429885029792786,-0.8600572347640991,2,5,0.6488193869590759,0.6294726133346558,-0.860395610332489,2,6,0.6361591219902039,0.6199812889099121,-0.8602625131607056,2,7,0.7308884263038635,0.5928251147270203,-0.6713130474090576,2,8,0.5999167561531067,0.5097727179527283,-0.8191227316856384,2,9,0.65041184425354,0.7238757610321045,-0.7381380200386047,2,10,0.6203097701072693,0.6826297044754028,-0.7761710286140442,2,11,0.7401297688484192,0.5615697503089905,-0.5026978254318237,2,12,0.40507450699806213,0.39047667384147644,-0.5409013032913208,2,13,0.6965296268463135,0.6658301949501038,-0.027560953050851822,2,14,0.16512896120548248,0.4605787992477417,-0.30481454730033875,2,15,0.6574428081512451,0.7998366355895996,0.13814349472522736,2,16,0.24752387404441833,0.8620275855064392,-0.16888993978500366,2,17,0.664713442325592,0.8536297082901001,0.136047825217247,2,18,0.2779829800128937,0.9243674278259277,-0.18713365495204926,2,19,0.6580389738082886,0.8366790413856506,0.11354334652423859,2,20,0.3167077302932739,0.8986940383911133,-0.1546468436717987,2,21,0.6471137404441833,0.8129603862762451,0.13568249344825745,2,22,0.3103523850440979,0.8748352527618408,-0.14996005594730377,2,23,0.45028162002563477,0.7565711736679077,0.0989932268857956,2,24,0.3043287396430969,0.7310251593589783,-0.09874387085437775,2,25,0.4346434772014618,0.7729376554489136,0.5470497012138367,2,26,0.21060273051261902,0.7145359516143799,0.3930213153362274,2,27,0.36781051754951477,0.7114561200141907,1.0472331047058105,2,28,0.20006437599658966,0.7182771563529968,0.804345965385437,2,29,0.36222177743911743,0.7155537605285645,1.1064475774765015,2,30,0.1979682892560959,0.6700810194015503,0.8525961637496948,2,31,0.35883811116218567,0.9041879773139954,1.1699291467666626,2,32,0.2017565220594406,0.8898218870162964,0.850058376789093,2
0,0.6533163189888,0.6989578008651733,-0.8215500116348267,2,1,0.6926847696304321,0.6558864116668701,-0.8291399478912354,2,2,0.7064409255981445,0.654901385307312,-0.8291012048721313,2,3,0.7198638319969177,0.6528255939483643,-0.829266369342804,2,4,0.6572655439376831,0.6407489776611328,-0.8579100966453552,2,5,0.6451160907745361,0.6226313710212708,-0.8581518530845642,2,6,0.6329202651977539,0.5998309850692749,-0.857917070388794,2,7,0.7326927185058594,0.5875246524810791,-0.665059506893158,2,8,0.6004200577735901,0.4854704737663269,-0.7862697839736938,2,9,0.6445123553276062,0.7139256000518799,-0.7369337677955627,2,10,0.613878607749939,0.6762636303901672,-0.7702881097793579,2,11,0.7351699471473694,0.5559306144714355,-0.4889121353626251,2,12,0.4069468080997467,0.3859764337539673,-0.5096567273139954,2,13,0.6620400547981262,0.6642200350761414,-0.020619787275791168,2,14,0.16784390807151794,0.4604959785938263,-0.29045596718788147,2,15,0.6575994491577148,0.8030244708061218,0.1474396288394928,2,16,0.2472119927406311,0.8620709180831909,-0.17465908825397491,2,17,0.6661897301673889,0.8551667332649231,0.14560700953006744,2,18,0.27649828791618347,0.9241318106651306,-0.19613201916217804,2,19,0.6580162644386292,0.8384237289428711,0.12214434146881104,2,20,0.31650596857070923,0.8985889554023743,-0.16361719369888306,2,21,0.6462754011154175,0.8142561316490173,0.1440991759300232,2,22,0.31021028757095337,0.8744759559631348,-0.1566445678472519,2,23,0.4513470530509949,0.7587770819664001,0.09882507473230362,2,24,0.30769234895706177,0.7294705510139465,-0.09859207272529602,2,25,0.4326437711715698,0.769581139087677,0.548150360584259,2,26,0.2139739692211151,0.713036060333252,0.39346325397491455,2,27,0.3719826340675354,0.7110211253166199,1.038977026939392,2,28,0.2051769345998764,0.713608980178833,0.8060486912727356,2,29,0.3740045130252838,0.7089552283287048,1.0966860055923462,2,30,0.2050957828760147,0.6662812232971191,0.8538990616798401,2,31,0.35933053493499756,0.8878535032272339,1.1598304510116577,2,32,0.20562458038330078,0.8774683475494385,0.8541066646575928,2
0,0.6530699133872986,0.6879506707191467,-0.7940582036972046,2,1,0.692396879196167,0.6465234160423279,-0.7981975078582764,2,2,0.7058106660842896,0.6473889946937561,-0.7981966137886047,2,3,0.7191182971000671,0.6478450894355774,-0.7984115481376648,2,4,0.657002866268158,0.6282535195350647,-0.8276888728141785,2,5,0.6449199318885803,0.6092977523803711,-0.8279505968093872,2,6,0.6326770782470703,0.5845898389816284,-0.8277937769889832,2,7,0.7304884195327759,0.5847914814949036,-0.6357043385505676,2,8,0.6021793484687805,0.4756912291049957,-0.7621492743492126,2,9,0.6435193419456482,0.7043384909629822,-0.7103800177574158,2,10,0.6137573719024658,0.6677988767623901,-0.7460353374481201,2,11,0.7309696078300476,0.5514172315597534,-0.4711643159389496,2,12,0.40898898243904114,0.38446760177612305,-0.5003362894058228,2,13,0.6576958298683167,0.6476752161979675,-0.005431783385574818,2,14,0.1688312441110611,0.4603510797023773,-0.2959245443344116,2,15,0.6597155928611755,0.8026052117347717,0.16799065470695496,2,16,0.2472194880247116,0.8622602820396423,-0.18417692184448242,2,17,0.6695103049278259,0.8550845384597778,0.16904640197753906,2,18,0.2761196792125702,0.9240667819976807,-0.20529936254024506,2,19,0.6586428880691528,0.8389908671379089,0.14413711428642273,2,20,0.31656572222709656,0.8985868096351624,-0.17401167750358582,2,21,0.6467028260231018,0.8153514266014099,0.16459320485591888,2,22,0.3102964758872986,0.8744761943817139,-0.16663211584091187,2,23,0.4492548406124115,0.7575489282608032,0.09813880175352097,2,24,0.3064552843570709,0.7312081456184387,-0.09784757345914841,2,25,0.43011122941970825,0.7667298913002014,0.5477917194366455,2,26,0.21610167622566223,0.709220826625824,0.4030064642429352,2,27,0.3714773952960968,0.7226114869117737,1.0413817167282104,2,28,0.2067459225654602,0.7088524103164673,0.8204628229141235,2,29,0.37471631169319153,0.7120071649551392,1.0998200178146362,2,30,0.20683623850345612,0.6622264981269836,0.8688908815383911,2,31,0.3593703508377075,0.8809789419174194,1.16273033618927,2,32,0.20732535421848297,0.864928662776947,0.8775911331176758,2
0,0.6524344086647034,0.6827502250671387,-0.7847033739089966,2,1,0.6917731165885925,0.6415507793426514,-0.7893185019493103,2,2,0.7047751545906067,0.6428819298744202,-0.7893282175064087,2,3,0.7178434133529663,0.6443305015563965,-0.7895694971084595,2,4,0.6567911505699158,0.622344970703125,-0.819198489189148,2,5,0.6448009014129639,0.6032862663269043,-0.8194867968559265,2,6,0.6326399445533752,0.5780421495437622,-0.8193910121917725,2,7,0.728173553943634,0.5839977264404297,-0.6308196783065796,2,8,0.6039206981658936,0.4687879681587219,-0.759677529335022,2,9,0.6420791149139404,0.6984702944755554,-0.7022530436515808,2,10,0.6133025288581848,0.6625136137008667,-0.7390480041503906,2,11,0.7289908528327942,0.548191249370575,-0.4681771397590637,2,12,0.4096708297729492,0.3831416368484497,-0.5028504729270935,2,13,0.6610130071640015,0.6266018748283386,-0.003645912744104862,2,14,0.16935168206691742,0.4603201150894165,-0.30294400453567505,2,15,0.6619517207145691,0.8030123710632324,0.17257355153560638,2,16,0.24710766971111298,0.8623214364051819,-0.19062161445617676,2,17,0.6712983846664429,0.854672372341156,0.17563608288764954,2,18,0.2751636505126953,0.9239643812179565,-0.21086080372333527,2,19,0.6593562364578247,0.8393519520759583,0.15105560421943665,2,20,0.3164443075656891,0.8985713720321655,-0.1795566827058792,2,21,0.6476572751998901,0.8167291879653931,0.16945548355579376,2,22,0.31015458703041077,0.8744585514068604,-0.1729181855916977,2,23,0.4476694166660309,0.757310152053833,0.09733477979898453,2,24,0.30525463819503784,0.7324838638305664,-0.09702493250370026,2,25,0.4272933602333069,0.766052782535553,0.5472202301025391,2,26,0.21575266122817993,0.7088217735290527,0.4037470817565918,2,27,0.36853060126304626,0.73014235496521,1.0426124334335327,2,28,0.20733310282230377,0.7100791931152344,0.8248406052589417,2,29,0.37413278222084045,0.7120609879493713,1.1016411781311035,2,30,0.20717571675777435,0.6637676954269409,0.8740719556808472,2,31,0.3521294891834259,0.8759394884109497,1.163304090499878,2,32,0.20817793905735016,0.8635467290878296,0.8830241560935974,2
0,0.6479734778404236,0.6678559184074402,-0.7943643927574158,2,1,0.6907244324684143,0.6252058744430542,-0.7990265488624573,2,2,0.704576313495636,0.6273108124732971,-0.7990177273750305,2,3,0.7175745368003845,0.629412055015564,-0.7992368936538696,2,4,0.6543723344802856,0.5987371802330017,-0.8253414034843445,2,5,0.6421425938606262,0.5770047903060913,-0.8255788683891296,2,6,0.629865288734436,0.5497540235519409,-0.8254165649414062,2,7,0.7281417846679688,0.5699347853660583,-0.633687436580658,2,8,0.6037484407424927,0.4389619827270508,-0.7621232271194458,2,9,0.637507438659668,0.6862740516662598,-0.7097346782684326,2,10,0.6094118356704712,0.6461713314056396,-0.7418733835220337,2,11,0.7279840707778931,0.5454227328300476,-0.47110146284103394,2,12,0.41106805205345154,0.3764261305332184,-0.5027588605880737,2,13,0.6638768911361694,0.6109136343002319,-0.0034782805014401674,2,14,0.16939735412597656,0.46031904220581055,-0.2941528558731079,2,15,0.664487898349762,0.8028021454811096,0.1853727400302887,2,16,0.24651040136814117,0.8627929091453552,-0.1822553277015686,2,17,0.6734904050827026,0.8539205193519592,0.18745961785316467,2,18,0.2736476957798004,0.9239787459373474,-0.20470206439495087,2,19,0.6595080494880676,0.8394436836242676,0.16153188049793243,2,20,0.3154158890247345,0.8987271785736084,-0.17506377398967743,2,21,0.6478742361068726,0.8171392679214478,0.1816413253545761,2,22,0.3094243109226227,0.8746016025543213,-0.16575051844120026,2,23,0.4437839686870575,0.7586389183998108,0.09575247019529343,2,24,0.3043269217014313,0.7319934368133545,-0.09550055116415024,2,25,0.42123013734817505,0.7706273794174194,0.5520575046539307,2,26,0.2166392207145691,0.7101134061813354,0.42213568091392517,2,27,0.368122398853302,0.7353191375732422,1.0481160879135132,2,28,0.2100047618150711,0.7130765318870544,0.8446077704429626,2,29,0.37408530712127686,0.724276602268219,1.1071960926055908,2,30,0.20997269451618195,0.6699125170707703,0.8936922550201416,2,31,0.3510071933269501,0.8716434240341187,1.170748233795166,2,32,0.21248474717140198,0.8670576810836792,0.9067626595497131,2
0,0.6476362347602844,0.631270170211792,-0.8137406706809998,2,1,0.6905962824821472,0.5826734304428101,-0.8163481950759888,2,2,0.7042953968048096,0.583465576171875,-0.8163430094718933,2,3,0.7173482775688171,0.5839307904243469,-0.8165512084960938,2,4,0.6548848748207092,0.5576848983764648,-0.8406265377998352,2,5,0.6427748799324036,0.5359862446784973,-0.8408628702163696,2,6,0.6304890513420105,0.5093966722488403,-0.8406702280044556,2,7,0.7278282642364502,0.515298068523407,-0.6446295976638794,2,8,0.6051338315010071,0.4021179974079132,-0.7643830180168152,2,9,0.636870801448822,0.6501832604408264,-0.7281244993209839,2,10,0.6094114184379578,0.6191622614860535,-0.7578065395355225,2,11,0.725959062576294,0.536493182182312,-0.4791860580444336,2,12,0.41437000036239624,0.36332011222839355,-0.5053858757019043,2,13,0.6641871333122253,0.6031843423843384,-0.0038417328614741564,2,14,0.16943778097629547,0.46029502153396606,-0.29824399948120117,2,15,0.6670835614204407,0.8026162385940552,0.1778576523065567,2,16,0.2461557239294052,0.8644799590110779,-0.18491333723068237,2,17,0.6750640273094177,0.8531230092048645,0.17940159142017365,2,18,0.2719976603984833,0.9250733852386475,-0.2067273110151291,2,19,0.6603438258171082,0.8393285274505615,0.15349817276000977,2,20,0.3140062689781189,0.9007330536842346,-0.1786581426858902,2,21,0.6497542858123779,0.817060649394989,0.1746877133846283,2,22,0.3076125383377075,0.8767346143722534,-0.1690097600221634,2,23,0.440688818693161,0.7639523148536682,0.09273052960634232,2,24,0.30318519473075867,0.7332951426506042,-0.0925363227725029,2,25,0.41694387793540955,0.7903429865837097,0.5516099333763123,2,26,0.21714968979358673,0.7238883972167969,0.4223025143146515,2,27,0.37556007504463196,0.7880120277404785,1.0456901788711548,2,28,0.21483777463436127,0.7353333234786987,0.8493255972862244,2,29,0.37337562441825867,0.7557306289672852,1.1043031215667725,2,30,0.21724580228328705,0.7141236662864685,0.8994356393814087,2,31,0.3533802330493927,0.9143629670143127,1.1647216081619263,2,32,0.2183530181646347,0.8928254246711731,0.9095922708511353,2
0,0.6460939645767212,0.5701054334640503,-0.813421905040741,2,1,0.6820953488349915,0.5213505029678345,-0.8160471320152283,2,2,0.6917015910148621,0.5192244052886963,-0.8160470128059387,2,3,0.7018022537231445,0.515963613986969,-0.8162651658058167,2,4,0.6540914177894592,0.5025268197059631,-0.8406490683555603,2,5,0.6427303552627563,0.4852249026298523,-0.8408931493759155,2,6,0.6305819153785706,0.46447011828422546,-0.8407167196273804,2,7,0.7143488526344299,0.4508800506591797,-0.6449647545814514,2,8,0.6057649850845337,0.36995619535446167,-0.764671266078949,2,9,0.6340844631195068,0.5876415967941284,-0.7291819453239441,2,10,0.6093934178352356,0.5655215382575989,-0.7591848373413086,2,11,0.7251919507980347,0.49729686975479126,-0.48006945848464966,2,12,0.41564515233039856,0.34286069869995117,-0.5111117959022522,2,13,0.679772138595581,0.5988575220108032,-0.007848149165511131,2,14,0.16942308843135834,0.4599594175815582,-0.3324927091598511,2,15,0.6689489483833313,0.8023205399513245,0.18327626585960388,2,16,0.24590229988098145,0.8667049407958984,-0.23426002264022827,2,17,0.6761091947555542,0.8516840934753418,0.18821190297603607,2,18,0.27118149399757385,0.926790177822113,-0.25643303990364075,2,19,0.6623897552490234,0.8393484950065613,0.15882354974746704,2,20,0.31381502747535706,0.9021836519241333,-0.23313046991825104,2,21,0.6538687944412231,0.8177466988563538,0.1790027916431427,2,22,0.3068059980869293,0.8782389760017395,-0.22076933085918427,2,23,0.4395765960216522,0.762955904006958,0.08802472800016403,2,24,0.30321887135505676,0.7331960201263428,-0.08802546560764313,2,25,0.4123256504535675,0.7855641841888428,0.5530540943145752,2,26,0.23488803207874298,0.7209912538528442,0.44792377948760986,2,27,0.37239253520965576,0.7821295857429504,1.0664079189300537,2,28,0.2514846622943878,0.7304330468177795,0.9146759510040283,2,29,0.37269946932792664,0.7455734014511108,1.1276657581329346,2,30,0.2546081840991974,0.7007643580436707,0.9691978693008423,2,31,0.3537134528160095,0.9022769331932068,1.1814717054367065,2,32,0.2597643733024597,0.883322536945343,0.9880664944648743,2
0,0.6456848978996277,0.5404583215713501,-0.8143084049224854,2,1,0.679564893245697,0.49169883131980896,-0.8159814476966858,2,2,0.6887433528900146,0.4900175929069519,-0.81598961353302,2,3,0.6987923383712769,0.48627641797065735,-0.8162153363227844,2,4,0.6536336541175842,0.4697928726673126,-0.8406171798706055,2,5,0.6426993608474731,0.4514123201370239,-0.8408663868904114,2,6,0.6306599378585815,0.42986804246902466,-0.8406956195831299,2,7,0.710673451423645,0.4213217794895172,-0.6417595744132996,2,8,0.6056026220321655,0.33666741847991943,-0.7618650794029236,2,9,0.633053719997406,0.5620003342628479,-0.7301467061042786,2,10,0.6093329787254333,0.5399619340896606,-0.7614349722862244,2,11,0.7147586345672607,0.47378313541412354,-0.4756297171115875,2,12,0.4153074622154236,0.32139089703559875,-0.5122929811477661,2,13,0.679486095905304,0.5987246036529541,-0.004838453605771065,2,14,0.16937308013439178,0.45853543281555176,-0.33229154348373413,2,15,0.6689111590385437,0.7994123101234436,0.19046317040920258,2,16,0.24550510942935944,0.8701822757720947,-0.2296193540096283,2,17,0.6760474443435669,0.8495350480079651,0.19351226091384888,2,18,0.2709830701351166,0.9307045340538025,-0.2510507106781006,2,19,0.6625140309333801,0.8373770713806152,0.16156457364559174,2,20,0.3139471411705017,0.9042403697967529,-0.2257121354341507,2,21,0.6541538238525391,0.8155921101570129,0.18455933034420013,2,22,0.3068760931491852,0.8797411918640137,-0.21436677873134613,2,23,0.43775394558906555,0.7625517845153809,0.083297960460186,2,24,0.30325788259506226,0.7292152047157288,-0.08336178213357925,2,25,0.3970220386981964,0.7901657223701477,0.5568697452545166,2,26,0.24148482084274292,0.7202978730201721,0.4568558931350708,2,27,0.3715604245662689,0.7846348285675049,1.0649151802062988,2,28,0.2607327103614807,0.7278285026550293,0.9144028425216675,2,29,0.369234174489975,0.7496020793914795,1.1253067255020142,2,30,0.26480239629745483,0.6940501928329468,0.9660825133323669,2,31,0.3538604974746704,0.902128279209137,1.1794525384902954,2,32,0.26782771944999695,0.8788833022117615,0.9827598333358765,2
0,0.6350107192993164,0.5276715159416199,-0.8542189002037048,2,1,0.6665756106376648,0.480787992477417,-0.8552525639533997,2,2,0.6766160130500793,0.4797452688217163,-0.8552629947662354,2,3,0.6878340244293213,0.4760304093360901,-0.8555127382278442,2,4,0.6387996077537537,0.4561461806297302,-0.878821074962616,2,5,0.6281865835189819,0.43696314096450806,-0.8790732026100159,2,6,0.6178197264671326,0.41572707891464233,-0.8789186477661133,2,7,0.7058908343315125,0.4121088683605194,-0.6803030371665955,2,8,0.59847491979599,0.32442507147789,-0.7824770212173462,2,9,0.6271167993545532,0.5469570755958557,-0.7679203748703003,2,10,0.6021126508712769,0.5206473469734192,-0.7961524724960327,2,11,0.7143402695655823,0.44922104477882385,-0.49150002002716064,2,12,0.4150931239128113,0.3045363426208496,-0.5263345837593079,2,13,0.6838147640228271,0.5906239151954651,-0.013159106485545635,2,14,0.16914679110050201,0.45723801851272583,-0.34553954005241394,2,15,0.6715680956840515,0.7982780933380127,0.1873314380645752,2,16,0.24552510678768158,0.8725634217262268,-0.27312931418418884,2,17,0.6761934757232666,0.8494614362716675,0.1877966970205307,2,18,0.2710675597190857,0.9338111281394958,-0.30570077896118164,2,19,0.66255784034729,0.8374162912368774,0.14605586230754852,2,20,0.3149997889995575,0.9061112999916077,-0.2852388918399811,2,21,0.6544749140739441,0.8155905604362488,0.17644847929477692,2,22,0.30818894505500793,0.8817152976989746,-0.261584609746933,2,23,0.43775275349617004,0.7562459111213684,0.07695840299129486,2,24,0.3060975670814514,0.7143433690071106,-0.07708138972520828,2,25,0.3989909291267395,0.7862864136695862,0.5637300610542297,2,26,0.2557026147842407,0.70561283826828,0.4823753237724304,2,27,0.3826156556606293,0.7726413011550903,1.0752503871917725,2,28,0.2811468839645386,0.7221485376358032,0.947628915309906,2,29,0.3760421872138977,0.7433753609657288,1.1352956295013428,2,30,0.2867794334888458,0.691168487071991,0.9998465180397034,2,31,0.3653697967529297,0.8505672812461853,1.1870638132095337,2,32,0.2879750430583954,0.8700571060180664,1.0215870141983032,2
0,0.6334714293479919,0.5190836787223816,-0.8219641447067261,2,1,0.6646448969841003,0.47496965527534485,-0.8178594708442688,2,2,0.674153745174408,0.47423094511032104,-0.8178974390029907,2,3,0.6848922371864319,0.4712175130844116,-0.8181368112564087,2,4,0.6385992765426636,0.45107302069664,-0.8435860872268677,2,5,0.6282986998558044,0.43226057291030884,-0.8437916040420532,2,6,0.618149995803833,0.41151681542396545,-0.8435767292976379,2,7,0.7005981802940369,0.4094946086406708,-0.6435302495956421,2,8,0.5977252125740051,0.3204404413700104,-0.7555484175682068,2,9,0.6235275864601135,0.5396756529808044,-0.7375234365463257,2,10,0.6002451777458191,0.5134097933769226,-0.7681928277015686,2,11,0.7070292830467224,0.4386926293373108,-0.47223523259162903,2,12,0.41485273838043213,0.2989821135997772,-0.5066500902175903,2,13,0.6788796782493591,0.5846604704856873,-0.004217424895614386,2,14,0.16889289021492004,0.4570828974246979,-0.32669004797935486,2,15,0.6714696884155273,0.7949541211128235,0.1854577213525772,2,16,0.2455901950597763,0.8743732571601868,-0.25976938009262085,2,17,0.6764786243438721,0.8487769961357117,0.18557381629943848,2,18,0.27111688256263733,0.9353278279304504,-0.28611528873443604,2,19,0.662584662437439,0.837054431438446,0.14728687703609467,2,20,0.31535106897354126,0.9071175456047058,-0.2615562081336975,2,21,0.6544026732444763,0.8146330714225769,0.176578551530838,2,22,0.30883365869522095,0.8825932145118713,-0.24516209959983826,2,23,0.4341685175895691,0.7541026473045349,0.07605268061161041,2,24,0.30330970883369446,0.7144967317581177,-0.07620260119438171,2,25,0.39113321900367737,0.7856484055519104,0.5624344348907471,2,26,0.2538841664791107,0.7048934102058411,0.47062578797340393,2,27,0.3812352418899536,0.7745794653892517,1.0646246671676636,2,28,0.27459201216697693,0.72068190574646,0.9219480752944946,2,29,0.3739128112792969,0.7432343363761902,1.1222071647644043,2,30,0.27853986620903015,0.6881158351898193,0.9732856750488281,2,31,0.3649725914001465,0.8682305812835693,1.1751281023025513,2,32,0.281307578086853,0.8682470321655273,0.9920759797096252,2
0,0.6321322321891785,0.5088526010513306,-0.826464056968689,2,1,0.6595203876495361,0.4646742641925812,-0.824597954750061,2,2,0.668316662311554,0.4632055163383484,-0.824634313583374,2,3,0.6783468127250671,0.45985203981399536,-0.8249056339263916,2,4,0.6354726552963257,0.4435712397098541,-0.8522872924804688,2,5,0.62586909532547,0.4259355664253235,-0.8525320887565613,2,6,0.6163829565048218,0.4058687686920166,-0.852393388748169,2,7,0.6951807737350464,0.39563438296318054,-0.6498825550079346,2,8,0.5958196520805359,0.3130684196949005,-0.7725114822387695,2,9,0.6233833432197571,0.5261039733886719,-0.7415887117385864,2,10,0.6002703905105591,0.5023024678230286,-0.7752645611763,2,11,0.7054933905601501,0.4348786175251007,-0.4778796136379242,2,12,0.4140048623085022,0.28781750798225403,-0.52878737449646,2,13,0.6833330392837524,0.5759552121162415,-0.019088005647063255,2,14,0.16856910288333893,0.45705392956733704,-0.35926932096481323,2,15,0.674691379070282,0.7935720682144165,0.17293702065944672,2,16,0.24578720331192017,0.8811848163604736,-0.2886619567871094,2,17,0.6790271401405334,0.8487171530723572,0.17480877041816711,2,18,0.27124136686325073,0.9403572082519531,-0.31812354922294617,2,19,0.6641470193862915,0.8362740278244019,0.13435907661914825,2,20,0.31538012623786926,0.9110223650932312,-0.29465872049331665,2,21,0.6564741134643555,0.8129027485847473,0.16361704468727112,2,22,0.30904915928840637,0.8877955675125122,-0.2750735580921173,2,23,0.43014124035835266,0.7540513873100281,0.07111117243766785,2,24,0.3008292019367218,0.7093929052352905,-0.07127344608306885,2,25,0.3729669451713562,0.7841433882713318,0.56569904088974,2,26,0.24440017342567444,0.6951751112937927,0.47443273663520813,2,27,0.35618582367897034,0.7166587114334106,1.0691123008728027,2,28,0.2683253884315491,0.7144036293029785,0.9436713457107544,2,29,0.3492339253425598,0.6945240497589111,1.127766489982605,2,30,0.2733534574508667,0.6834704875946045,0.9973978400230408,2,31,0.3498949706554413,0.8670598864555359,1.1764549016952515,2,32,0.27411773800849915,0.8552405834197998,1.0159248113632202,2
0,0.6266281604766846,0.47600600123405457,-0.8307616710662842,2,1,0.6539123058319092,0.4366566836833954,-0.8330430388450623,2,2,0.6622722744941711,0.4352811872959137,-0.8330780267715454,2,3,0.6716125011444092,0.4322759211063385,-0.8333503007888794,2,4,0.6308767199516296,0.41322311758995056,-0.8594289422035217,2,5,0.6215177178382874,0.3942475914955139,-0.8597015738487244,2,6,0.6120483875274658,0.37210097908973694,-0.8595946431159973,2,7,0.6837671995162964,0.36942997574806213,-0.6634387969970703,2,8,0.58937668800354,0.27965253591537476,-0.7793678641319275,2,9,0.6173179149627686,0.489303320646286,-0.7457892298698425,2,10,0.5958967804908752,0.4625700116157532,-0.7784901261329651,2,11,0.6955585479736328,0.41103771328926086,-0.4829487204551697,2,12,0.41008731722831726,0.27643534541130066,-0.5363344550132751,2,13,0.6761158108711243,0.5601820945739746,-0.019127124920487404,2,14,0.16821448504924774,0.4561312794685364,-0.36358949542045593,2,15,0.6740526556968689,0.7869341969490051,0.1728798896074295,2,16,0.2458006739616394,0.8847073316574097,-0.2945292294025421,2,17,0.6787523627281189,0.8442606329917908,0.17598381638526917,2,18,0.27130573987960815,0.9433062076568604,-0.32493019104003906,2,19,0.6641712188720703,0.8348134160041809,0.13502399623394012,2,20,0.3154048025608063,0.9130129218101501,-0.3012070059776306,2,21,0.6564608812332153,0.8115730285644531,0.16407497227191925,2,22,0.3090752959251404,0.8910170793533325,-0.2808840870857239,2,23,0.41762077808380127,0.7540635466575623,0.07115006446838379,2,24,0.2953384816646576,0.7097311019897461,-0.07129929214715958,2,25,0.37260186672210693,0.7665430307388306,0.5873934626579285,2,26,0.23644086718559265,0.6833474636077881,0.4866943657398224,2,27,0.34730035066604614,0.6968581080436707,1.1196959018707275,2,28,0.264769047498703,0.70619136095047,0.9795477986335754,2,29,0.34991446137428284,0.6957123279571533,1.1825836896896362,2,30,0.2699825167655945,0.6733120083808899,1.0364371538162231,2,31,0.35037392377853394,0.8480469584465027,1.2376371622085571,2,32,0.27078384160995483,0.8474706411361694,1.062106728553772,2
0,0.6237863898277283,0.423450767993927,-0.7998192310333252,2,1,0.6507923603057861,0.38574454188346863,-0.7993074655532837,2,2,0.6578366756439209,0.383712500333786,-0.799414873123169,2,3,0.6657498478889465,0.3802902102470398,-0.7997245788574219,2,4,0.6302233934402466,0.36560994386672974,-0.8294082880020142,2,5,0.6213308572769165,0.3485754430294037,-0.8296722173690796,2,6,0.6116670966148376,0.32833901047706604,-0.8295583128929138,2,7,0.6711360812187195,0.31801989674568176,-0.6227688193321228,2,8,0.5850397944450378,0.23780463635921478,-0.7543859481811523,2,9,0.6105989217758179,0.4360215365886688,-0.7128461599349976,2,10,0.593197226524353,0.4076351225376129,-0.7502085566520691,2,11,0.684252142906189,0.37639695405960083,-0.45719024538993835,2,12,0.3977985978126526,0.2395239919424057,-0.5253918170928955,2,13,0.674446165561676,0.5522006154060364,-0.019456272944808006,2,14,0.16881845891475677,0.4573315978050232,-0.3576403260231018,2,15,0.6717255711555481,0.7854868769645691,0.13266852498054504,2,16,0.2470439225435257,0.8877216577529907,-0.30287203192710876,2,17,0.678408682346344,0.8430301547050476,0.1275763064622879,2,18,0.2734106779098511,0.9442955851554871,-0.33772188425064087,2,19,0.6625219583511353,0.8347572088241577,0.08824130892753601,2,20,0.32059234380722046,0.9153144955635071,-0.3178204298019409,2,21,0.6530927419662476,0.8115115165710449,0.12382030487060547,2,22,0.31414398550987244,0.8944507837295532,-0.2911801040172577,2,23,0.408304899930954,0.7531673908233643,0.06860020011663437,2,24,0.2768390476703644,0.7077168226242065,-0.06879794597625732,2,25,0.35791015625,0.7805972695350647,0.5821834802627563,2,26,0.22460290789604187,0.6869721412658691,0.480659544467926,2,27,0.3362366557121277,0.7018002867698669,1.1048681735992432,2,28,0.2642652988433838,0.7104242444038391,0.9628708958625793,2,29,0.34616485238075256,0.7202495336532593,1.1665335893630981,2,30,0.2683621346950531,0.6779488921165466,1.0182957649230957,2,31,0.3399498760700226,0.8605819940567017,1.2207280397415161,2,32,0.26971542835235596,0.8475188612937927,1.0433406829833984,2
0,0.6204977631568909,0.3932528495788574,-0.7502029538154602,2,1,0.6462156772613525,0.3546467423439026,-0.7451079487800598,2,2,0.6523689031600952,0.3516961336135864,-0.7452061176300049,2,3,0.6591305136680603,0.34752118587493896,-0.7455130219459534,2,4,0.6270984411239624,0.3379620909690857,-0.7805625796318054,2,5,0.6183818578720093,0.32294729351997375,-0.7808085083961487,2,6,0.608467161655426,0.305153489112854,-0.7807312607765198,2,7,0.6574157476425171,0.28014302253723145,-0.5662904381752014,2,8,0.5758790373802185,0.21886691451072693,-0.7225029468536377,2,9,0.6058875322341919,0.40531304478645325,-0.6644449234008789,2,10,0.5893648266792297,0.3787313997745514,-0.7089194059371948,2,11,0.6597558259963989,0.3638511598110199,-0.4111885130405426,2,12,0.388949990272522,0.21625392138957977,-0.5197988748550415,2,13,0.6487089991569519,0.533431887626648,-0.018888507038354874,2,14,0.17166513204574585,0.45807501673698425,-0.36883270740509033,2,15,0.6614598631858826,0.776957631111145,0.08267258107662201,2,16,0.24741216003894806,0.8896101117134094,-0.3277449607849121,2,17,0.6764282584190369,0.8380557298660278,0.06934042274951935,2,18,0.27583858370780945,0.9463309645652771,-0.36756956577301025,2,19,0.6605284214019775,0.8333778977394104,0.02840607427060604,2,20,0.32273396849632263,0.9171682596206665,-0.34670132398605347,2,21,0.6490129232406616,0.8095712065696716,0.07150426506996155,2,22,0.317586749792099,0.8973484635353088,-0.31597068905830383,2,23,0.3998512029647827,0.7398726940155029,0.06901207566261292,2,24,0.2669849395751953,0.6954272389411926,-0.06921403855085373,2,25,0.3561835289001465,0.7309656143188477,0.5903307199478149,2,26,0.21615494787693024,0.644768476486206,0.4799776077270508,2,27,0.3364660441875458,0.6324211955070496,1.1209161281585693,2,28,0.2634124457836151,0.6366377472877502,0.9822201132774353,2,29,0.3252377212047577,0.6068316698074341,1.1844199895858765,2,30,0.266741007566452,0.6022579669952393,1.0409225225448608,2,31,0.3223761022090912,0.7897120118141174,1.2481752634048462,2,32,0.26819199323654175,0.7099246382713318,1.0751734972000122,2
0,0.6156676411628723,0.3454505503177643,-0.7604467272758484,2,1,0.642817497253418,0.2964196801185608,-0.7550742030143738,2,2,0.6503970623016357,0.29111793637275696,-0.7549152374267578,2,3,0.658489465713501,0.28519684076309204,-0.7549538016319275,2,4,0.6207764744758606,0.2870802581310272,-0.7922013998031616,2,5,0.6114188432693481,0.274496465921402,-0.7924177050590515,2,6,0.6016499400138855,0.26018384099006653,-0.7926167845726013,2,7,0.6600931882858276,0.2227504998445511,-0.5917810201644897,2,8,0.568739116191864,0.17648008465766907,-0.7522464990615845,2,9,0.6041833758354187,0.3607870936393738,-0.6699689626693726,2,10,0.5841416716575623,0.3379811942577362,-0.731965184211731,2,11,0.6612236499786377,0.34278684854507446,-0.42859506607055664,2,12,0.3847765028476715,0.18712468445301056,-0.5896093845367432,2,13,0.6499831080436707,0.5322585701942444,-0.1276412457227707,2,14,0.1751381754875183,0.4582473337650299,-0.5170670747756958,2,15,0.6573092341423035,0.7773523926734924,-0.1160803735256195,2,16,0.2490849643945694,0.889937162399292,-0.5267802476882935,2,17,0.6753002405166626,0.8362946510314941,-0.1456286460161209,2,18,0.27882716059684753,0.9469781517982483,-0.5843583345413208,2,19,0.6597235798835754,0.8329902291297913,-0.18827106058597565,2,20,0.32351255416870117,0.9189848899841309,-0.569801926612854,2,21,0.6476259231567383,0.8095596432685852,-0.13222922384738922,2,22,0.3191128671169281,0.8993043899536133,-0.5193387269973755,2,23,0.4035162925720215,0.7294045090675354,0.06530064344406128,2,24,0.2691982686519623,0.68370521068573,-0.06556130945682526,2,25,0.3485826849937439,0.704575777053833,0.6113007068634033,2,26,0.20977823436260223,0.647992730140686,0.49105513095855713,2,27,0.32609307765960693,0.6415497660636902,1.156594157218933,2,28,0.25777772068977356,0.6259390115737915,1.0409785509109497,2,29,0.31315484642982483,0.5910239219665527,1.220811367034912,2,30,0.261507511138916,0.5933805108070374,1.1043894290924072,2,31,0.31159353256225586,0.774060070514679,1.2658997774124146,2,32,0.2561831772327423,0.6718255281448364,1.1231125593185425,2
0,0.6028329133987427,0.34881240129470825,-0.7648000717163086,2,1,0.6347671151161194,0.30308201909065247,-0.7611285448074341,2,2,0.6445187330245972,0.29939326643943787,-0.7612438797950745,2,3,0.655028760433197,0.2941322922706604,-0.7615200281143188,2,4,0.6088205575942993,0.2852345108985901,-0.7973090410232544,2,5,0.5980007648468018,0.26835355162620544,-0.797469973564148,2,6,0.5868175625801086,0.2490765005350113,-0.7978475689888,2,7,0.6626650094985962,0.22500307857990265,-0.5960702896118164,2,8,0.5578308701515198,0.15329185128211975,-0.7527147531509399,2,9,0.5923539996147156,0.3661927580833435,-0.672261118888855,2,10,0.5693376064300537,0.3340117931365967,-0.7328124642372131,2,11,0.663804829120636,0.34036895632743835,-0.4368384778499603,2,12,0.3824358880519867,0.1811145842075348,-0.5727941393852234,2,13,0.6531402468681335,0.5356037020683289,-0.13063493371009827,2,14,0.1792249232530594,0.4592456817626953,-0.47951892018318176,2,15,0.6563031077384949,0.7776495218276978,-0.10829810053110123,2,16,0.24924595654010773,0.889725387096405,-0.4970548748970032,2,17,0.6733435392379761,0.8355775475502014,-0.13752318918704987,2,18,0.27841809391975403,0.9483727216720581,-0.554561972618103,2,19,0.6543115973472595,0.8329783082008362,-0.17819194495677948,2,20,0.3234168291091919,0.9192847013473511,-0.539848268032074,2,21,0.641977071762085,0.809563398361206,-0.12211163341999054,2,22,0.31948569416999817,0.8992534875869751,-0.48898735642433167,2,23,0.4047306776046753,0.7290658354759216,0.05441422760486603,2,24,0.2715706527233124,0.6836056709289551,-0.05462121590971947,2,25,0.34904569387435913,0.7452617883682251,0.6060940623283386,2,26,0.2082320600748062,0.6765807271003723,0.5010583996772766,2,27,0.32974889874458313,0.6543053984642029,1.144084095954895,2,28,0.2585297226905823,0.6391036510467529,1.0393650531768799,2,29,0.3203214108943939,0.652087926864624,1.2075210809707642,2,30,0.2632526457309723,0.6039331555366516,1.10194993019104,2,31,0.31814226508140564,0.7905857563018799,1.2517297267913818,2,32,0.2559104263782501,0.6833288669586182,1.1191688776016235,2
0,0.6040647625923157,0.284615159034729,-0.8529994487762451,2,1,0.6354048848152161,0.23928678035736084,-0.8498085141181946,2,2,0.6446101665496826,0.23625615239143372,-0.8499734401702881,2,3,0.6547689437866211,0.2308957874774933,-0.8503485918045044,2,4,0.609784722328186,0.22373756766319275,-0.8826512694358826,2,5,0.5989556908607483,0.20703107118606567,-0.8829070925712585,2,6,0.5874385237693787,0.18569473922252655,-0.883044421672821,2,7,0.6610289216041565,0.18078480660915375,-0.6667948365211487,2,8,0.5562583208084106,0.10049279779195786,-0.812931478023529,2,9,0.5931320190429688,0.3035668432712555,-0.761866569519043,2,10,0.5688956379890442,0.28323137760162354,-0.8061046004295349,2,11,0.6665298342704773,0.31316524744033813,-0.48580402135849,2,12,0.38163328170776367,0.16093377768993378,-0.6272356510162354,2,13,0.6617240309715271,0.5250190496444702,-0.19038909673690796,2,14,0.18781794607639313,0.4594693183898926,-0.5563317537307739,2,15,0.6564128994941711,0.7739043235778809,-0.187411829829216,2,16,0.2494860738515854,0.889553964138031,-0.6025618314743042,2,17,0.6743953227996826,0.833807110786438,-0.2260579764842987,2,18,0.2764096260070801,0.949058473110199,-0.6713172793388367,2,19,0.6528089046478271,0.8303662538528442,-0.266598641872406,2,20,0.32237300276756287,0.9201443791389465,-0.6651484370231628,2,21,0.6397180557250977,0.8055695295333862,-0.20184658467769623,2,22,0.31936827301979065,0.8999758958816528,-0.5981815457344055,2,23,0.40639886260032654,0.7227177023887634,0.04029800742864609,2,24,0.273200660943985,0.6543919444084167,-0.04045521095395088,2,25,0.34804409742355347,0.7448074817657471,0.6193599104881287,2,26,0.20498937368392944,0.6750701665878296,0.5325306057929993,2,27,0.32429584860801697,0.6485334038734436,1.1756603717803955,2,28,0.2527030110359192,0.6223666071891785,1.099256992340088,2,29,0.31885892152786255,0.6098394393920898,1.2402777671813965,2,30,0.2584458589553833,0.5923165678977966,1.1643480062484741,2,31,0.3205755054950714,0.7821800708770752,1.2768752574920654,2,32,0.2512330412864685,0.6509988903999329,1.1725304126739502,2
0,0.5999402403831482,0.2586579918861389,-0.773173987865448,2,1,0.628942608833313,0.2172967940568924,-0.7763121128082275,2,2,0.6368777751922607,0.21568737924098969,-0.7764527797698975,2,3,0.6453161835670471,0.21268291771411896,-0.7767730951309204,2,4,0.6060155034065247,0.199997216463089,-0.8057641983032227,2,5,0.5958533883094788,0.18279948830604553,-0.8060338497161865,2,6,0.5845502018928528,0.1604042649269104,-0.806158721446991,2,7,0.6483489871025085,0.1601969450712204,-0.6238368153572083,2,8,0.5531200766563416,0.07952605187892914,-0.7570673823356628,2,9,0.5892235040664673,0.27771103382110596,-0.6958686709403992,2,10,0.5649024844169617,0.26036912202835083,-0.7341088056564331,2,11,0.6525072455406189,0.288801372051239,-0.4304914176464081,2,12,0.38273489475250244,0.1313817799091339,-0.6018645763397217,2,13,0.6607802510261536,0.51834636926651,-0.16688741743564606,2,14,0.19997365772724152,0.45947134494781494,-0.5457327961921692,2,15,0.654391348361969,0.7731668949127197,-0.07288958877325058,2,16,0.2510038912296295,0.8858547210693359,-0.5862376093864441,2,17,0.6721346378326416,0.8339083194732666,-0.09618380665779114,2,18,0.28252923488616943,0.949556827545166,-0.6482180953025818,2,19,0.6514408588409424,0.830162763595581,-0.13504359126091003,2,20,0.3269674479961395,0.9201186299324036,-0.6467018127441406,2,21,0.63760906457901,0.8033115267753601,-0.08501735329627991,2,22,0.3247455060482025,0.8995737433433533,-0.5831591486930847,2,23,0.4074976146221161,0.723615825176239,0.04079828038811684,2,24,0.27414384484291077,0.6563271284103394,-0.04076169431209564,2,25,0.34904101490974426,0.814115583896637,0.596244215965271,2,26,0.20048150420188904,0.7125118970870972,0.4867970049381256,2,27,0.33799442648887634,0.8279066681861877,1.1568790674209595,2,28,0.24215568602085114,0.7000378370285034,1.0512040853500366,2,29,0.3324391543865204,0.804128110408783,1.2220337390899658,2,30,0.2473081648349762,0.672345757484436,1.1111559867858887,2,31,0.332297146320343,0.9182918071746826,1.1999067068099976,2,32,0.24871490895748138,0.7932831645011902,1.054262399673462,2
END PUSHUP
0,0.6265407800674438,0.803325355052948,-0.5833954215049744,2,1,0.65236896276474,0.7839635610580444,-0.631614625453949,2,2,0.6622036099433899,0.7734363079071045,-0.6314870119094849,2,3,0.6739001870155334,0.7652232050895691,-0.631473183631897,2,4,0.6307422518730164,0.7774382829666138,-0.6712363958358765,2,5,0.6219381093978882,0.7660022377967834,-0.671847403049469,2,6,0.615718424320221,0.7574145197868347,-0.6722649931907654,2,7,0.6844872832298279,0.6367940306663513,-0.6426737904548645,2,8,0.5730101466178894,0.6035324335098267,-0.8290432691574097,2,9,0.6231479048728943,0.7729007005691528,-0.5550922751426697,2,10,0.5988737344741821,0.765523374080658,-0.608390212059021,2,11,0.6845183968544006,0.38330796360969543,-0.5524117946624756,2,12,0.39427608251571655,0.274977445602417,-0.6699399352073669,2,13,0.6805475354194641,0.5465005040168762,-0.1408742219209671,2,14,0.18066853284835815,0.45424461364746094,-0.5890845656394958,2,15,0.6563937664031982,0.7599171996116638,0.000876898062415421,2,16,0.26154690980911255,0.887078046798706,-0.5467693209648132,2,17,0.6863438487052917,0.8089105486869812,-0.004113140515983105,2,18,0.2907315194606781,0.9516289830207825,-0.5878219604492188,2,19,0.6630790829658508,0.8032728433609009,-0.02824261412024498,2,20,0.33498865365982056,0.9106128215789795,-0.5512637495994568,2,21,0.6423348784446716,0.7861974239349365,-0.00452507333829999,2,22,0.3333025574684143,0.8813021779060364,-0.5255807638168335,2,23,0.4791346788406372,0.6813945770263672,0.079513780772686,2,24,0.3041529953479767,0.6758905649185181,-0.07903257757425308,2,25,0.4108947813510895,0.6970751881599426,0.5627931356430054,2,26,0.24640114605426788,0.679384708404541,0.44864895939826965,2,27,0.3833656907081604,0.6696080565452576,1.1627298593521118,2,28,0.22183743119239807,0.6004778742790222,1.0194644927978516,2,29,0.37194517254829407,0.6205606460571289,1.2265511751174927,2,30,0.21372945606708527,0.5503031015396118,1.0774319171905518,2,31,0.3542805016040802,0.7709853053092957,1.265636920928955,2,32,0.21781213581562042,0.6992794871330261,1.108938455581665,2
0,0.6253659725189209,0.7825294733047485,-0.6303918361663818,2,1,0.6511799097061157,0.7654487490653992,-0.6731571555137634,2,2,0.6602360606193542,0.751939058303833,-0.6730222105979919,2,3,0.6726446747779846,0.7460362911224365,-0.673022449016571,2,4,0.6295416951179504,0.7561388611793518,-0.7119590640068054,2,5,0.6197468042373657,0.7435910701751709,-0.7125756144523621,2,6,0.6145598888397217,0.7362021207809448,-0.7129805088043213,2,7,0.6835711002349854,0.6129068732261658,-0.6531482934951782,2,8,0.567668616771698,0.5565497279167175,-0.8336160778999329,2,9,0.6220675706863403,0.7378732562065125,-0.590817391872406,2,10,0.5936743021011353,0.7249377369880676,-0.6433789730072021,2,11,0.6843442916870117,0.3859189450740814,-0.5327897071838379,2,12,0.3957115411758423,0.27305394411087036,-0.6659858822822571,2,13,0.6819277405738831,0.5358576774597168,-0.13803917169570923,2,14,0.1827239990234375,0.4549136757850647,-0.5702313184738159,2,15,0.6576406955718994,0.7542946934700012,-0.004875256679952145,2,16,0.2616037428379059,0.8831861615180969,-0.5008841156959534,2,17,0.6876271963119507,0.7862970232963562,-0.0062603699043393135,2,18,0.29191240668296814,0.9512851238250732,-0.5364587903022766,2,19,0.6654487252235413,0.776469349861145,-0.026431351900100708,2,20,0.33501189947128296,0.9073846936225891,-0.49548593163490295,2,21,0.6440483331680298,0.7618775367736816,-0.008943476714193821,2,22,0.3329835832118988,0.87944495677948,-0.47740092873573303,2,23,0.4788629114627838,0.6945499181747437,0.08181918412446976,2,24,0.2973216772079468,0.6909610629081726,-0.08135313540697098,2,25,0.4235256016254425,0.7279196977615356,0.5621131062507629,2,26,0.2430603802204132,0.705129861831665,0.44441738724708557,2,27,0.3868422508239746,0.6951174139976501,1.1580383777618408,2,28,0.2312324196100235,0.6286574006080627,1.004930019378662,2,29,0.3757723867893219,0.6500489115715027,1.2241699695587158,2,30,0.22466763854026794,0.5753527879714966,1.0644135475158691,2,31,0.3568580746650696,0.8007557392120361,1.2685983180999756,2,32,0.2328338474035263,0.7444373965263367,1.092487096786499,2
0,0.6209529042243958,0.8403152823448181,-0.6329883933067322,2,1,0.6480945944786072,0.8266850113868713,-0.6826175451278687,2,2,0.6597034931182861,0.8257819414138794,-0.682468056678772,2,3,0.6705453395843506,0.8204896450042725,-0.6825038194656372,2,4,0.6246539354324341,0.8140727281570435,-0.7177521586418152,2,5,0.6166614890098572,0.8028080463409424,-0.7183176875114441,2,6,0.6088200211524963,0.7895885109901428,-0.7187128067016602,2,7,0.685349702835083,0.713058352470398,-0.6761624217033386,2,8,0.5663208365440369,0.640490710735321,-0.8405433297157288,2,9,0.6210392117500305,0.8210359811782837,-0.5994237661361694,2,10,0.5943340063095093,0.8032106757164001,-0.6474899649620056,2,11,0.6940202116966248,0.4461076557636261,-0.546870231628418,2,12,0.3956547975540161,0.30047187209129333,-0.6655475497245789,2,13,0.7036170363426208,0.5503770112991333,-0.16558167338371277,2,14,0.18108932673931122,0.4578227400779724,-0.5744950771331787,2,15,0.6825309991836548,0.7449727654457092,-0.05483812838792801,2,16,0.26159805059432983,0.8836175203323364,-0.5424875617027283,2,17,0.7135728001594543,0.7583954334259033,-0.06327538192272186,2,18,0.29181069135665894,0.9519758224487305,-0.592298150062561,2,19,0.6891822218894958,0.7477279305458069,-0.08158834278583527,2,20,0.3349902927875519,0.9074268937110901,-0.5637572407722473,2,21,0.6659085750579834,0.7395700812339783,-0.05870766565203667,2,22,0.3329061269760132,0.8800134062767029,-0.5277401208877563,2,23,0.48203808069229126,0.6873759627342224,0.0791262537240982,2,24,0.3022172152996063,0.669430673122406,-0.0786973163485527,2,25,0.4757678210735321,0.718273937702179,0.5460479259490967,2,26,0.24732360243797302,0.6955373287200928,0.4474680721759796,2,27,0.4260416030883789,0.6906537413597107,1.1528593301773071,2,28,0.2375699132680893,0.6249471306800842,1.003220558166504,2,29,0.41673171520233154,0.6482154130935669,1.2204077243804932,2,30,0.2299303412437439,0.5719231367111206,1.0628968477249146,2,31,0.38445863127708435,0.7980505228042603,1.264366626739502,2,32,0.23792989552021027,0.7433069348335266,1.084601879119873,2
0,0.6306101083755493,0.8553047180175781,-0.6007492542266846,2,1,0.659645676612854,0.8530747294425964,-0.6421718001365662,2,2,0.668082594871521,0.8484719395637512,-0.6419680118560791,2,3,0.685820460319519,0.8277091383934021,-0.6419076323509216,2,4,0.6343942284584045,0.8413914442062378,-0.6751667261123657,2,5,0.6276466250419617,0.8340790271759033,-0.6756930947303772,2,6,0.6159458160400391,0.8178173303604126,-0.6761100888252258,2,7,0.6897952556610107,0.7012345194816589,-0.6491343379020691,2,8,0.591793417930603,0.651520848274231,-0.8019284009933472,2,9,0.6259801387786865,0.8034955263137817,-0.5766142010688782,2,10,0.6063245534896851,0.8142755627632141,-0.6211284399032593,2,11,0.6894655823707581,0.43566131591796875,-0.5497677326202393,2,12,0.39521947503089905,0.3259789049625397,-0.6272852420806885,2,13,0.6760975122451782,0.3736313581466675,-0.16835349798202515,2,14,0.1760251373052597,0.45923545956611633,-0.5416489243507385,2,15,0.6712406277656555,0.48940378427505493,-0.01754196174442768,2,16,0.2609780728816986,0.8836926221847534,-0.46978968381881714,2,17,0.7062085270881653,0.46965739130973816,-0.025448990985751152,2,18,0.29173019528388977,0.9530150294303894,-0.4919424057006836,2,19,0.6806204915046692,0.48075810074806213,-0.019984308630228043,2,20,0.3344247043132782,0.907524824142456,-0.4559411108493805,2,21,0.6582372784614563,0.48714718222618103,-0.014444551430642605,2,22,0.3315078616142273,0.8808413743972778,-0.4486418068408966,2,23,0.4818107485771179,0.6931256055831909,0.07755143195390701,2,24,0.3050276041030884,0.6848106384277344,-0.0771428570151329,2,25,0.5017223358154297,0.712807297706604,0.48456528782844543,2,26,0.2610064148902893,0.6907634735107422,0.40771135687828064,2,27,0.4714460074901581,0.6991981863975525,1.068395733833313,2,28,0.24511916935443878,0.6253310441970825,0.9290600419044495,2,29,0.4625074565410614,0.6575958132743835,1.133430004119873,2,30,0.24258890748023987,0.5734508037567139,0.9861189723014832,2,31,0.4433760643005371,0.8056718111038208,1.165374994277954,2,32,0.23883883655071259,0.7435665726661682,1.0006248950958252,2
0,0.6340211629867554,0.8525834083557129,-0.5928018093109131,2,1,0.6644221544265747,0.8516970872879028,-0.6344220042228699,2,2,0.672293484210968,0.8465327024459839,-0.634215235710144,2,3,0.6918917894363403,0.826518714427948,-0.6341357827186584,2,4,0.6378327012062073,0.8403406143188477,-0.6660729646682739,2,5,0.631212592124939,0.8334495425224304,-0.6665910482406616,2,6,0.6184589266777039,0.8171434998512268,-0.6670209765434265,2,7,0.693010687828064,0.7014443278312683,-0.6454126834869385,2,8,0.6007020473480225,0.6620107293128967,-0.7916169762611389,2,9,0.6236670017242432,0.7840451002120972,-0.5708439946174622,2,10,0.6098211407661438,0.813118577003479,-0.6136062741279602,2,11,0.6885033845901489,0.43722596764564514,-0.551802933216095,2,12,0.3958692252635956,0.33637985587120056,-0.61394864320755,2,13,0.6663687229156494,0.35218748450279236,-0.16883160173892975,2,14,0.17566099762916565,0.46194425225257874,-0.5386682748794556,2,15,0.6708612442016602,0.46241483092308044,-0.013347596861422062,2,16,0.26092928647994995,0.884170651435852,-0.4824158549308777,2,17,0.703522264957428,0.4420778155326843,-0.02301468886435032,2,18,0.2917366623878479,0.9534788727760315,-0.5073370337486267,2,19,0.678475558757782,0.4541897177696228,-0.02127687819302082,2,20,0.3344777524471283,0.9075965285301208,-0.4715031385421753,2,21,0.6576735377311707,0.4606068730354309,-0.012064439244568348,2,22,0.33109357953071594,0.8812817335128784,-0.46142056584358215,2,23,0.48268255591392517,0.6978200674057007,0.07656646519899368,2,24,0.30898699164390564,0.6913295388221741,-0.07619526237249374,2,25,0.5098483562469482,0.7121614217758179,0.4758211374282837,2,26,0.27714768052101135,0.6882838606834412,0.4059157371520996,2,27,0.4880318343639374,0.7055221796035767,1.065769076347351,2,28,0.2574068605899811,0.6267083883285522,0.9340397715568542,2,29,0.48087674379348755,0.6652160286903381,1.1309704780578613,2,30,0.2587023973464966,0.5742265582084656,0.9911596775054932,2,31,0.4607996642589569,0.8103721737861633,1.156840205192566,2,32,0.24047425389289856,0.7480269074440002,1.000960111618042,2
0,0.648870587348938,0.8839935660362244,-0.5235865712165833,2,1,0.6778743863105774,0.8734778165817261,-0.5754736065864563,2,2,0.6857425570487976,0.8663643002510071,-0.5752687454223633,2,3,0.7034323811531067,0.8515603542327881,-0.5751391649246216,2,4,0.6521213054656982,0.8774229884147644,-0.6135024428367615,2,5,0.645532488822937,0.873015284538269,-0.6140285134315491,2,6,0.6339564919471741,0.8581066727638245,-0.6144618391990662,2,7,0.7054165005683899,0.7448806762695312,-0.6224464178085327,2,8,0.6103028059005737,0.7113133072853088,-0.7932339310646057,2,9,0.6419506669044495,0.8508741855621338,-0.5112848877906799,2,10,0.6260021924972534,0.8539853692054749,-0.5627893209457397,2,11,0.6961530447006226,0.4403502345085144,-0.5463030338287354,2,12,0.40015900135040283,0.3655318319797516,-0.6254888772964478,2,13,0.678902268409729,0.3728320002555847,-0.17266197502613068,2,14,0.17202571034431458,0.4622087776660919,-0.5632336735725403,2,15,0.7084577083587646,0.5113906264305115,-0.04145241528749466,2,16,0.2609359920024872,0.8848802447319031,-0.5111311674118042,2,17,0.7505174875259399,0.5037034153938293,-0.05321371182799339,2,18,0.29166504740715027,0.9541677832603455,-0.5502042174339294,2,19,0.7219635844230652,0.514507532119751,-0.062291212379932404,2,20,0.3346150815486908,0.9080186486244202,-0.5193439722061157,2,21,0.696720540523529,0.5162045359611511,-0.04375803843140602,2,22,0.33108851313591003,0.8826926946640015,-0.4933391213417053,2,23,0.48375722765922546,0.7011250853538513,0.08024325221776962,2,24,0.3113270401954651,0.694724440574646,-0.07966838777065277,2,25,0.494288831949234,0.7159149050712585,0.4966420829296112,2,26,0.2866184413433075,0.7082065343856812,0.40256932377815247,2,27,0.4626810848712921,0.70612633228302,1.0674208402633667,2,28,0.27073219418525696,0.6457197070121765,0.939813494682312,2,29,0.4561328589916229,0.6653460264205933,1.1318517923355103,2,30,0.26842573285102844,0.5911708474159241,0.9969331622123718,2,31,0.4499844014644623,0.8124301433563232,1.1722640991210938,2,32,0.2606922388076782,0.7641380429267883,1.0051039457321167,2
0,0.647752046585083,0.9334343671798706,-0.5574192404747009,2,1,0.675998330116272,0.9244522452354431,-0.605374276638031,2,2,0.6846279501914978,0.9184306859970093,-0.6051359176635742,2,3,0.6978606581687927,0.9051063656806946,-0.6050918102264404,2,4,0.6497325301170349,0.9202054738998413,-0.6408690810203552,2,5,0.6402927041053772,0.9110629558563232,-0.6413757801055908,2,6,0.6309010982513428,0.9031806588172913,-0.6417973637580872,2,7,0.7082918882369995,0.804661214351654,-0.636889636516571,2,8,0.6052519679069519,0.7553201913833618,-0.7994261980056763,2,9,0.6442350745201111,0.9045209884643555,-0.5392160415649414,2,10,0.6195966601371765,0.8981409072875977,-0.5871209502220154,2,11,0.698957085609436,0.5160176157951355,-0.5486153364181519,2,12,0.4055258631706238,0.41865086555480957,-0.6183310747146606,2,13,0.6776883006095886,0.41753819584846497,-0.1772935837507248,2,14,0.16963310539722443,0.4619593024253845,-0.5514202117919922,2,15,0.699682354927063,0.5410476922988892,0.01139597874134779,2,16,0.26220986247062683,0.8853843212127686,-0.5013659596443176,2,17,0.7350403666496277,0.5233873724937439,0.0006526580546051264,2,18,0.291986346244812,0.952436089515686,-0.5335314869880676,2,19,0.7086389064788818,0.5273045897483826,0.002012402517721057,2,20,0.3349704444408417,0.9078767895698547,-0.49719274044036865,2,21,0.686022937297821,0.5309993028640747,0.012698160484433174,2,22,0.3315638303756714,0.8832266330718994,-0.48119428753852844,2,23,0.4916761517524719,0.6873462200164795,0.07781039923429489,2,24,0.32585904002189636,0.6592733860015869,-0.07711221277713776,2,25,0.49362537264823914,0.7007299065589905,0.5012461543083191,2,26,0.2938944399356842,0.6802895665168762,0.4127640426158905,2,27,0.45384836196899414,0.7022793292999268,1.107359766960144,2,28,0.27135321497917175,0.6297376751899719,0.9665780663490295,2,29,0.4416550099849701,0.6588749289512634,1.1791760921478271,2,30,0.26887255907058716,0.5792558193206787,1.025122046470642,2,31,0.4047316908836365,0.8078266382217407,1.2042739391326904,2,32,0.2604837715625763,0.7454782724380493,1.0231218338012695,2
0,0.6475004553794861,0.9580860137939453,-0.5401078462600708,2,1,0.6763623356819153,0.9375287294387817,-0.5863260626792908,2,2,0.6859963536262512,0.9307792782783508,-0.586094319820404,2,3,0.7000680565834045,0.922156572341919,-0.5860847234725952,2,4,0.6471404433250427,0.9416754245758057,-0.6240025162696838,2,5,0.6374648213386536,0.9393083453178406,-0.6245056390762329,2,6,0.6270362138748169,0.9358347654342651,-0.6249300837516785,2,7,0.7091014385223389,0.8428910374641418,-0.6177235841751099,2,8,0.6057170629501343,0.8154476284980774,-0.7884066104888916,2,9,0.6544221639633179,0.9368938207626343,-0.5227863192558289,2,10,0.6237161755561829,0.9425045251846313,-0.5732268691062927,2,11,0.7153108716011047,0.5920886993408203,-0.5375465750694275,2,12,0.41578370332717896,0.5472654700279236,-0.6104345321655273,2,13,0.7273448705673218,0.5336008667945862,-0.17756010591983795,2,14,0.17109188437461853,0.46158185601234436,-0.5531357526779175,2,15,0.7068873643875122,0.6069751977920532,-0.018479371443390846,2,16,0.2648696005344391,0.8859338760375977,-0.5159986019134521,2,17,0.736607015132904,0.5589332580566406,-0.029966915026307106,2,18,0.29462191462516785,0.9511148929595947,-0.5484496355056763,2,19,0.7091211080551147,0.537804365158081,-0.03507057949900627,2,20,0.3353099524974823,0.9083865880966187,-0.5190106630325317,2,21,0.6878030300140381,0.5419045090675354,-0.018414730206131935,2,22,0.3323952257633209,0.8856123089790344,-0.49739938974380493,2,23,0.509986162185669,0.6652031540870667,0.07742831110954285,2,24,0.3408631980419159,0.6129645705223083,-0.07681957632303238,2,25,0.5045004487037659,0.6745032668113708,0.504595160484314,2,26,0.30962496995925903,0.6412856578826904,0.4156704545021057,2,27,0.44912517070770264,0.7018968462944031,1.1086386442184448,2,28,0.27871379256248474,0.6181288361549377,0.9617685079574585,2,29,0.440007746219635,0.6585437059402466,1.1807740926742554,2,30,0.27633795142173767,0.5697129964828491,1.0187032222747803,2,31,0.40363872051239014,0.8057568669319153,1.2049394845962524,2,32,0.2615516185760498,0.741552472114563,1.0157206058502197,2
0,0.6454861760139465,0.9620293378829956,-0.4427119493484497,2,1,0.6728180050849915,0.9408193230628967,-0.49381259083747864,2,2,0.6823171973228455,0.9337076544761658,-0.49349430203437805,2,3,0.6990618109703064,0.9248459935188293,-0.49332332611083984,2,4,0.6448754072189331,0.9534058570861816,-0.5288315415382385,2,5,0.6351009011268616,0.951953113079071,-0.5292308926582336,2,6,0.6253370046615601,0.9517462849617004,-0.5295308232307434,2,7,0.7032943964004517,0.8424504399299622,-0.5684238076210022,2,8,0.6011406779289246,0.8967376351356506,-0.7263513803482056,2,9,0.6478942036628723,0.9320076107978821,-0.4448010325431824,2,10,0.6216347813606262,0.9492825865745544,-0.4911438226699829,2,11,0.6899903416633606,0.5627286434173584,-0.5263930559158325,2,12,0.41635316610336304,0.5745297074317932,-0.5853927135467529,2,13,0.7022133469581604,0.4102035462856293,-0.1821770966053009,2,14,0.17123562097549438,0.45806509256362915,-0.5328531861305237,2,15,0.7053302526473999,0.5516553521156311,-0.02996780350804329,2,16,0.265462189912796,0.8854503631591797,-0.4622282087802887,2,17,0.7308275103569031,0.550859808921814,-0.042871907353401184,2,18,0.2959427833557129,0.948113203048706,-0.49047771096229553,2,19,0.7067996859550476,0.5517155528068542,-0.04720623046159744,2,20,0.3353678286075592,0.9084277153015137,-0.45839691162109375,2,21,0.6817455887794495,0.548803985118866,-0.031132204458117485,2,22,0.33240458369255066,0.886013925075531,-0.4433029294013977,2,23,0.5062885880470276,0.6566737294197083,0.079093798995018,2,24,0.3384110629558563,0.6166645288467407,-0.07853298634290695,2,25,0.5003940463066101,0.6665927767753601,0.48248928785324097,2,26,0.29061517119407654,0.6432425379753113,0.38533031940460205,2,27,0.4553946554660797,0.7003671526908875,1.0630944967269897,2,28,0.27798110246658325,0.6188486218452454,0.8936376571655273,2,29,0.4459797739982605,0.6575990915298462,1.125989556312561,2,30,0.27483123540878296,0.5704612135887146,0.9468529224395752,2,31,0.4201880693435669,0.8043091893196106,1.144321322441101,2,32,0.2650144696235657,0.7422179579734802,0.9405908584594727,2
0,0.6475974321365356,0.9825304746627808,-0.4348193407058716,2,1,0.6730060577392578,0.9560710787773132,-0.4851446747779846,2,2,0.6820656061172485,0.9447923898696899,-0.48484331369400024,2,3,0.6956825852394104,0.9331610798835754,-0.48471733927726746,2,4,0.6466718912124634,0.9733899235725403,-0.5202018022537231,2,5,0.6377077698707581,0.9742640852928162,-0.5205880403518677,2,6,0.6272653341293335,0.973327100276947,-0.520915687084198,2,7,0.7011309266090393,0.8535034656524658,-0.5626408457756042,2,8,0.6034184694290161,0.9300522804260254,-0.7200212478637695,2,9,0.6528264880180359,0.9567310214042664,-0.43864545226097107,2,10,0.6248296499252319,0.9768120646476746,-0.48507487773895264,2,11,0.6876968741416931,0.5606303811073303,-0.5252331495285034,2,12,0.4257182776927948,0.5947300791740417,-0.5791620016098022,2,13,0.6848015189170837,0.38699930906295776,-0.18322306871414185,2,14,0.1719808727502823,0.45169126987457275,-0.5254248976707458,2,15,0.7023783922195435,0.5474960207939148,-0.035719260573387146,2,16,0.2677750289440155,0.8835611343383789,-0.45790866017341614,2,17,0.7285878658294678,0.5534989237785339,-0.04590548947453499,2,18,0.3006752133369446,0.9430563449859619,-0.4863992929458618,2,19,0.7034839391708374,0.5604708194732666,-0.05679583176970482,2,20,0.3367469608783722,0.9083192944526672,-0.45496615767478943,2,21,0.6810839176177979,0.557669460773468,-0.03723211959004402,2,22,0.3334198296070099,0.8860340714454651,-0.4399174749851227,2,23,0.5048180222511292,0.6349870562553406,0.0840693786740303,2,24,0.33844539523124695,0.6100581288337708,-0.0835573822259903,2,25,0.5069679617881775,0.6575031876564026,0.47117167711257935,2,26,0.2902081310749054,0.6439815163612366,0.36717408895492554,2,27,0.45522341132164,0.6995674967765808,1.040741205215454,2,28,0.2773680090904236,0.6268157958984375,0.8627099394798279,2,29,0.44426968693733215,0.6568686962127686,1.101731777191162,2,30,0.27508825063705444,0.5790423154830933,0.9141415357589722,2,31,0.4231204092502594,0.8033124208450317,1.1224509477615356,2,32,0.2697540521621704,0.766194760799408,0.9048200845718384,2
0,0.6524215340614319,0.9853194355964661,-0.46967649459838867,2,1,0.6736643314361572,0.9579225778579712,-0.5171837210655212,2,2,0.68231600522995,0.9458065629005432,-0.5169289112091064,2,3,0.6941388845443726,0.9312460422515869,-0.5168179869651794,2,4,0.6480950713157654,0.9762079119682312,-0.5534996390342712,2,5,0.6390695571899414,0.9771453738212585,-0.5539267659187317,2,6,0.6283360719680786,0.9754292964935303,-0.554256796836853,2,7,0.7006680965423584,0.8573645949363708,-0.5792019963264465,2,8,0.602299153804779,0.8701432943344116,-0.7422456741333008,2,9,0.6601413488388062,0.958178699016571,-0.4670308232307434,2,10,0.6313515305519104,0.9782521724700928,-0.5155014395713806,2,11,0.6881988644599915,0.5916523933410645,-0.5288524031639099,2,12,0.4230569303035736,0.5802549719810486,-0.5914596319198608,2,13,0.713903546333313,0.4464086890220642,-0.1935396045446396,2,14,0.1729324907064438,0.45208510756492615,-0.5320261716842651,2,15,0.7204738855361938,0.5748741626739502,-0.11367649585008621,2,16,0.26890644431114197,0.8835917711257935,-0.47467437386512756,2,17,0.7575761079788208,0.5720727443695068,-0.1493568867444992,2,18,0.3028412461280823,0.942153811454773,-0.522185206413269,2,19,0.7225103974342346,0.5659890174865723,-0.14633944630622864,2,20,0.33697888255119324,0.9083549976348877,-0.47027790546417236,2,21,0.6973764896392822,0.5629523992538452,-0.11483680456876755,2,22,0.3335461914539337,0.8860685229301453,-0.44891801476478577,2,23,0.5022770762443542,0.63242107629776,0.08445874601602554,2,24,0.33734285831451416,0.5940812230110168,-0.0838591679930687,2,25,0.5017556548118591,0.6601267457008362,0.4813348352909088,2,26,0.29304710030555725,0.6432051062583923,0.37434276938438416,2,27,0.45179006457328796,0.6978397369384766,1.0582579374313354,2,28,0.2805992364883423,0.6290246844291687,0.8899867534637451,2,29,0.4428690969944,0.656286358833313,1.1209208965301514,2,30,0.2821885347366333,0.5802920460700989,0.9439258575439453,2,31,0.42166033387184143,0.8038386702537537,1.1467838287353516,2,32,0.2706076502799988,0.7730885148048401,0.935299277305603,2
0,0.6492193341255188,0.9988332390785217,-0.4507654309272766,2,1,0.6653677225112915,0.971234142780304,-0.49916380643844604,2,2,0.6728209257125854,0.957969605922699,-0.4988851249217987,2,3,0.6803625822067261,0.9449401497840881,-0.49878987669944763,2,4,0.6442196369171143,0.9798082113265991,-0.5358526110649109,2,5,0.637204110622406,0.9772780537605286,-0.5362691879272461,2,6,0.6277742385864258,0.9738141298294067,-0.5366222858428955,2,7,0.6860740184783936,0.8664854168891907,-0.569817841053009,2,8,0.5878124237060547,0.8852593898773193,-0.7352334856987,2,9,0.6534408330917358,0.9585776925086975,-0.45218563079833984,2,10,0.6284802556037903,0.9686600565910339,-0.5011305212974548,2,11,0.6790077686309814,0.5892229676246643,-0.5270158648490906,2,12,0.42206600308418274,0.5958050489425659,-0.5881761908531189,2,13,0.7093505263328552,0.45932069420814514,-0.19360986351966858,2,14,0.17359109222888947,0.44131627678871155,-0.5280637145042419,2,15,0.712974488735199,0.5807236433029175,-0.10430461913347244,2,16,0.27132293581962585,0.8806918263435364,-0.4707776606082916,2,17,0.7495105266571045,0.5799468755722046,-0.13780175149440765,2,18,0.305651992559433,0.9389904737472534,-0.5106414556503296,2,19,0.7197173237800598,0.5749472975730896,-0.13214287161827087,2,20,0.3371758460998535,0.9083584547042847,-0.4689958989620209,2,21,0.6946367621421814,0.5722296833992004,-0.10434450209140778,2,22,0.3335810899734497,0.8860903382301331,-0.44933995604515076,2,23,0.5004574656486511,0.6130930185317993,0.08628903329372406,2,24,0.3370774984359741,0.5767326354980469,-0.08572780340909958,2,25,0.49879053235054016,0.6589314341545105,0.4860459566116333,2,26,0.2958745062351227,0.6364503502845764,0.3764423727989197,2,27,0.4542578458786011,0.6976767778396606,1.0647509098052979,2,28,0.280905544757843,0.6291500926017761,0.8882926106452942,2,29,0.44603651762008667,0.6558424234390259,1.128212571144104,2,30,0.28440654277801514,0.5815276503562927,0.9414320588111877,2,31,0.4194900095462799,0.8034008741378784,1.1520379781723022,2,32,0.2706294655799866,0.7760277390480042,0.9303959608078003,2
0,0.6385775208473206,0.9743310809135437,-0.4561430513858795,2,1,0.6564115881919861,0.9525548815727234,-0.5069129467010498,2,2,0.6615976095199585,0.9418453574180603,-0.5066671967506409,2,3,0.6667782068252563,0.9272083640098572,-0.5065932273864746,2,4,0.6364790797233582,0.9566484093666077,-0.5428043603897095,2,5,0.629743754863739,0.9523016810417175,-0.5432408452033997,2,6,0.6184991002082825,0.9429518580436707,-0.5436543822288513,2,7,0.6719120144844055,0.8513944149017334,-0.5819723010063171,2,8,0.578828752040863,0.852887749671936,-0.745650589466095,2,9,0.6411961913108826,0.9349744319915771,-0.4597017168998718,2,10,0.6176436543464661,0.9396875500679016,-0.5082153677940369,2,11,0.6805107593536377,0.5750659704208374,-0.5388960242271423,2,12,0.4151574373245239,0.5430426597595215,-0.5908616185188293,2,13,0.7067667841911316,0.5234594345092773,-0.19967959821224213,2,14,0.17385713756084442,0.4415746033191681,-0.5300874710083008,2,15,0.7123767137527466,0.6444103717803955,-0.11265970021486282,2,16,0.269767165184021,0.8733929991722107,-0.4775336980819702,2,17,0.7517584562301636,0.6417993903160095,-0.14522536098957062,2,18,0.30466872453689575,0.9377498626708984,-0.5153987407684326,2,19,0.7209942936897278,0.634285032749176,-0.14570261538028717,2,20,0.3350461423397064,0.9090215563774109,-0.4740644693374634,2,21,0.6943367719650269,0.6305012702941895,-0.11448340862989426,2,22,0.33146774768829346,0.8861566781997681,-0.4553326666355133,2,23,0.49959009885787964,0.6124832034111023,0.08666711300611496,2,24,0.3369313180446625,0.5752934813499451,-0.08597809821367264,2,25,0.4963737726211548,0.6613059639930725,0.49323031306266785,2,26,0.2748616933822632,0.640990674495697,0.3595799207687378,2,27,0.4521394371986389,0.6976604461669922,1.070085048675537,2,28,0.2675413191318512,0.6633535027503967,0.8629809617996216,2,29,0.44418007135391235,0.6594564318656921,1.1333495378494263,2,30,0.27334484457969666,0.6174749732017517,0.9132203459739685,2,31,0.4176110625267029,0.8036945462226868,1.1508961915969849,2,32,0.25212040543556213,0.8126232028007507,0.8821984529495239,2
0,0.6362203359603882,0.970100462436676,-0.4465663731098175,2,1,0.6518998742103577,0.9456901550292969,-0.49974527955055237,2,2,0.6594132781028748,0.9363181591033936,-0.49951761960983276,2,3,0.6635030508041382,0.9233732223510742,-0.4994305670261383,2,4,0.635481059551239,0.9556159973144531,-0.5324509739875793,2,5,0.6268128752708435,0.9476061463356018,-0.5328898429870605,2,6,0.6176412105560303,0.9428895115852356,-0.5333231091499329,2,7,0.6673486828804016,0.840909481048584,-0.584782600402832,2,8,0.5702828764915466,0.8389149308204651,-0.737562358379364,2,9,0.6314547061920166,0.9250221252441406,-0.4535127580165863,2,10,0.6163041591644287,0.9376853108406067,-0.4980236887931824,2,11,0.6869375109672546,0.5638192892074585,-0.545525312423706,2,12,0.41309860348701477,0.5228807330131531,-0.595257580280304,2,13,0.7127851247787476,0.5131069421768188,-0.22890308499336243,2,14,0.1742338389158249,0.4437621235847473,-0.5375637412071228,2,15,0.7191599607467651,0.6393374800682068,-0.17166893184185028,2,16,0.26824527978897095,0.8719602823257446,-0.5041709542274475,2,17,0.7590213418006897,0.6393882036209106,-0.2097778171300888,2,18,0.3026391565799713,0.9372357130050659,-0.5482113361358643,2,19,0.7242907285690308,0.6335625052452087,-0.2070382982492447,2,20,0.33342596888542175,0.9091717600822449,-0.5154535174369812,2,21,0.6966863870620728,0.6297402381896973,-0.17273809015750885,2,22,0.32862964272499084,0.8859969973564148,-0.48701557517051697,2,23,0.49822646379470825,0.6165174245834351,0.08886217325925827,2,24,0.3334144055843353,0.5815438032150269,-0.08800200372934341,2,25,0.47109296917915344,0.6623128056526184,0.500503420829773,2,26,0.26199057698249817,0.6474655866622925,0.35257720947265625,2,27,0.43135160207748413,0.6973800659179688,1.0680171251296997,2,28,0.264656662940979,0.6734917759895325,0.8493801355361938,2,29,0.425872266292572,0.6590937376022339,1.128665566444397,2,30,0.27110522985458374,0.625551164150238,0.8985249400138855,2,31,0.39440399408340454,0.8010777831077576,1.1434059143066406,2,32,0.25323286652565,0.8269496560096741,0.8669020533561707,2
0,0.6361924409866333,0.9566443562507629,-0.5033793449401855,2,1,0.6519948840141296,0.9330673217773438,-0.5645158886909485,2,2,0.6599047780036926,0.9233366847038269,-0.564250648021698,2,3,0.664735734462738,0.9111166000366211,-0.5642635226249695,2,4,0.6354539394378662,0.9420141577720642,-0.5989007353782654,2,5,0.6259928941726685,0.933931827545166,-0.5993029475212097,2,6,0.6172545552253723,0.9288763999938965,-0.5998033881187439,2,7,0.669333279132843,0.8260000944137573,-0.6670747399330139,2,8,0.5705932378768921,0.8221798539161682,-0.824370265007019,2,9,0.6317100524902344,0.9157459139823914,-0.516925573348999,2,10,0.615497887134552,0.9246734380722046,-0.5633819103240967,2,11,0.6774402856826782,0.5676530599594116,-0.6210178136825562,2,12,0.41714560985565186,0.5320502519607544,-0.6673371195793152,2,13,0.7199248671531677,0.540998101234436,-0.29355868697166443,2,14,0.17451125383377075,0.4439232349395752,-0.6210066676139832,2,15,0.7223612666130066,0.638225793838501,-0.18302427232265472,2,16,0.26821136474609375,0.8705905079841614,-0.5865364074707031,2,17,0.7586778402328491,0.6286267638206482,-0.2140350639820099,2,18,0.3021228015422821,0.9373376369476318,-0.6283822655677795,2,19,0.727553129196167,0.6211535930633545,-0.20302729308605194,2,20,0.3332093060016632,0.9094234704971313,-0.5995887517929077,2,21,0.7001550793647766,0.6203931570053101,-0.1788647323846817,2,22,0.3286914825439453,0.8862239122390747,-0.571362316608429,2,23,0.5150936841964722,0.6079764366149902,0.08833663910627365,2,24,0.35250046849250793,0.5659059882164001,-0.0875459611415863,2,25,0.527841329574585,0.6623630523681641,0.5110905766487122,2,26,0.2734341025352478,0.6488968133926392,0.35972246527671814,2,27,0.457292377948761,0.6958513855934143,1.1382580995559692,2,28,0.2647177278995514,0.68807452917099,0.8929968476295471,2,29,0.44850093126296997,0.6583365797996521,1.204238772392273,2,30,0.27121689915657043,0.6463824510574341,0.9458096623420715,2,31,0.41681939363479614,0.8009518384933472,1.2056864500045776,2,32,0.2520456314086914,0.8380163908004761,0.897925078868866,2
0,0.6185532808303833,0.9511402249336243,-0.46977534890174866,2,1,0.628449559211731,0.9303130507469177,-0.5176028609275818,2,2,0.636340320110321,0.9220971465110779,-0.5173398852348328,2,3,0.6433817148208618,0.9130642414093018,-0.5172737836837769,2,4,0.6187502145767212,0.9364291429519653,-0.5510894656181335,2,5,0.6119990944862366,0.927644670009613,-0.5514872074127197,2,6,0.6055604219436646,0.9213970899581909,-0.5518616437911987,2,7,0.643221914768219,0.821205198764801,-0.5958401560783386,2,8,0.565867006778717,0.8261860013008118,-0.7480497360229492,2,9,0.6142769455909729,0.9097035527229309,-0.4762568175792694,2,10,0.5993547439575195,0.9161274433135986,-0.5214002728462219,2,11,0.6731644868850708,0.5640472173690796,-0.5744437575340271,2,12,0.40598544478416443,0.522870659828186,-0.625429093837738,2,13,0.7172181606292725,0.530728280544281,-0.2690788507461548,2,14,0.17383699119091034,0.4462870657444,-0.6038389205932617,2,15,0.7247644662857056,0.6304431557655334,-0.17380854487419128,2,16,0.2659144401550293,0.8707677125930786,-0.5729987621307373,2,17,0.7662933468818665,0.6184168457984924,-0.21218879520893097,2,18,0.30002105236053467,0.9372733235359192,-0.6088012456893921,2,19,0.7312381863594055,0.6085132956504822,-0.2087124139070511,2,20,0.3293652832508087,0.9099948406219482,-0.5758883953094482,2,21,0.7030979990959167,0.6097967028617859,-0.1746034324169159,2,22,0.3242691457271576,0.8863857984542847,-0.5535318851470947,2,23,0.4958869516849518,0.610284149646759,0.09348147362470627,2,24,0.33842992782592773,0.5710399746894836,-0.0926802009344101,2,25,0.49800461530685425,0.65099036693573,0.515900731086731,2,26,0.2627100348472595,0.6492159366607666,0.3538936376571655,2,27,0.44261103868484497,0.6609045267105103,1.1162902116775513,2,28,0.2625758945941925,0.6824479699134827,0.8594070076942444,2,29,0.43248385190963745,0.6255518198013306,1.1763770580291748,2,30,0.26668351888656616,0.6391463875770569,0.9097594618797302,2,31,0.4126957952976227,0.7615966796875,1.1885250806808472,2,32,0.25494229793548584,0.8272867798805237,0.8777638077735901,2
0,0.629502534866333,0.9452670812606812,-0.4790092408657074,2,1,0.6402686834335327,0.926748514175415,-0.5241836309432983,2,2,0.6454883813858032,0.9168633818626404,-0.5239336490631104,2,3,0.6496745347976685,0.90882807970047,-0.5238509774208069,2,4,0.6249298453330994,0.9303647875785828,-0.5589239001274109,2,5,0.6184231638908386,0.9222050905227661,-0.5593392848968506,2,6,0.6121929287910461,0.9167637825012207,-0.5597211718559265,2,7,0.645980179309845,0.8165811896324158,-0.5713739395141602,2,8,0.5841929316520691,0.8505766987800598,-0.732489824295044,2,9,0.6303377151489258,0.9081730246543884,-0.4775072932243347,2,10,0.6115124821662903,0.9166213274002075,-0.524262547492981,2,11,0.6740542650222778,0.5598930716514587,-0.5263162851333618,2,12,0.4066697061061859,0.520105242729187,-0.5894453525543213,2,13,0.7149903774261475,0.5250408053398132,-0.22844789922237396,2,14,0.17290982604026794,0.4499446451663971,-0.573887825012207,2,15,0.7244493365287781,0.6437979340553284,-0.15737484395503998,2,16,0.2656265199184418,0.8683291673660278,-0.5408161878585815,2,17,0.7650898694992065,0.6359153389930725,-0.1938614696264267,2,18,0.2998739778995514,0.9347692131996155,-0.5731039047241211,2,19,0.7245461344718933,0.6290939450263977,-0.20036229491233826,2,20,0.32904160022735596,0.9090954661369324,-0.5316041707992554,2,21,0.697502076625824,0.6306260228157043,-0.15898467600345612,2,22,0.32352492213249207,0.8853479027748108,-0.5179126858711243,2,23,0.49073928594589233,0.6248902082443237,0.09480835497379303,2,24,0.33351659774780273,0.6101221442222595,-0.09413982182741165,2,25,0.49710991978645325,0.6571492552757263,0.49492472410202026,2,26,0.28095418214797974,0.6992456912994385,0.3388398289680481,2,27,0.4527716636657715,0.69976806640625,1.0466214418411255,2,28,0.2686629295349121,0.6909085512161255,0.8156243562698364,2,29,0.4448413848876953,0.6685500144958496,1.1055939197540283,2,30,0.2706987261772156,0.6467772126197815,0.8650659918785095,2,31,0.4202159345149994,0.8081687688827515,1.1368051767349243,2,32,0.26756802201271057,0.8330656886100769,0.8555113673210144,2
0,0.6370994448661804,0.9419277906417847,-0.4906207323074341,2,1,0.657457709312439,0.9251226186752319,-0.5266932845115662,2,2,0.6635738015174866,0.9123947620391846,-0.5263477563858032,2,3,0.6708489656448364,0.9035233855247498,-0.5261856317520142,2,4,0.636938214302063,0.9263309240341187,-0.5633598566055298,2,5,0.6307418942451477,0.9191511869430542,-0.5637087225914001,2,6,0.6248067021369934,0.9145360589027405,-0.5640802383422852,2,7,0.6675570607185364,0.8129810094833374,-0.5615114569664001,2,8,0.5978905558586121,0.8217248916625977,-0.7358453273773193,2,9,0.6394031643867493,0.9085497260093689,-0.4809148609638214,2,10,0.617830216884613,0.9183800220489502,-0.524752676486969,2,11,0.678160548210144,0.5577062368392944,-0.49418574571609497,2,12,0.42654508352279663,0.5211142301559448,-0.5859171748161316,2,13,0.7386966347694397,0.5301092863082886,-0.2277587205171585,2,14,0.17351585626602173,0.44973158836364746,-0.5742289423942566,2,15,0.7737637758255005,0.6429852247238159,-0.18730519711971283,2,16,0.26561692357063293,0.8654616475105286,-0.5568090081214905,2,17,0.8184601664543152,0.6355476379394531,-0.21835537254810333,2,18,0.29997193813323975,0.9330399036407471,-0.5928227305412292,2,19,0.7860135436058044,0.628258228302002,-0.21753640472888947,2,20,0.3292562663555145,0.9087755084037781,-0.5530573725700378,2,21,0.7599323987960815,0.6293527483940125,-0.19084610044956207,2,22,0.32372406125068665,0.8849917650222778,-0.5365725159645081,2,23,0.4893330931663513,0.6570502519607544,0.09877884387969971,2,24,0.3332842290401459,0.6627721786499023,-0.0982251837849617,2,25,0.5017087459564209,0.6792415976524353,0.49706029891967773,2,26,0.28126347064971924,0.7023438215255737,0.3448387086391449,2,27,0.4768386781215668,0.7305346727371216,1.0539319515228271,2,28,0.2692638337612152,0.71146160364151,0.8387337923049927,2,29,0.470199316740036,0.706581175327301,1.1152640581130981,2,30,0.2706914246082306,0.6692832112312317,0.8896697163581848,2,31,0.45435768365859985,0.8265864849090576,1.1420371532440186,2,32,0.2685212194919586,0.840694010257721,0.8759313821792603,2
0,0.638027012348175,0.9145421385765076,-0.4959818720817566,2,1,0.665375292301178,0.8885247707366943,-0.5308038592338562,2,2,0.6714050769805908,0.875835657119751,-0.5304772853851318,2,3,0.6813596487045288,0.8686712384223938,-0.5303443074226379,2,4,0.6427134275436401,0.8955370783805847,-0.56663978099823,2,5,0.6370536088943481,0.892667293548584,-0.5669915676116943,2,6,0.6313488483428955,0.8900083899497986,-0.5673952698707581,2,7,0.6766181588172913,0.7806186079978943,-0.5471673607826233,2,8,0.5967442393302917,0.7701340317726135,-0.7189516425132751,2,9,0.6394479870796204,0.8873226642608643,-0.4828024208545685,2,10,0.6180388927459717,0.8948696255683899,-0.5280171036720276,2,11,0.6750630736351013,0.535502016544342,-0.4668044149875641,2,12,0.4274870753288269,0.4745658040046692,-0.5697826743125916,2,13,0.7288925051689148,0.5125235915184021,-0.13905063271522522,2,14,0.17551811039447784,0.44864967465400696,-0.5194416642189026,2,15,0.7660150527954102,0.6419124007225037,-0.03277638182044029,2,16,0.26368528604507446,0.8632967472076416,-0.4602479934692383,2,17,0.8052211999893188,0.6369311213493347,-0.048109348863363266,2,18,0.2998218536376953,0.9317772388458252,-0.4865587055683136,2,19,0.7715359926223755,0.6325826048851013,-0.05541165545582771,2,20,0.32935288548469543,0.9069576859474182,-0.4506024122238159,2,21,0.744005024433136,0.6327239274978638,-0.037256594747304916,2,22,0.32317158579826355,0.8834823966026306,-0.439333438873291,2,23,0.4526467025279999,0.7251707911491394,0.09981060773134232,2,24,0.2999500036239624,0.7024215459823608,-0.09943051636219025,2,25,0.4597392678260803,0.7129454612731934,0.49845030903816223,2,26,0.2779183089733124,0.7195841670036316,0.3492870628833771,2,27,0.3994190990924835,0.7186681032180786,1.0593700408935547,2,28,0.25508758425712585,0.7279626727104187,0.8457905054092407,2,29,0.43736931681632996,0.7249794006347656,1.1199396848678589,2,30,0.254442036151886,0.6863313317298889,0.897161066532135,2,31,0.42294809222221375,0.8424991369247437,1.14652681350708,2,32,0.25813382863998413,0.8505554795265198,0.8855016827583313,2
0,0.6385118961334229,0.8966073393821716,-0.5073119401931763,2,1,0.6649885177612305,0.8697280287742615,-0.536033034324646,2,2,0.6719187498092651,0.8609890341758728,-0.5357844829559326,2,3,0.6812163591384888,0.8534040451049805,-0.5357030630111694,2,4,0.6430575251579285,0.8777508735656738,-0.5755671858787537,2,5,0.6363505721092224,0.8744516372680664,-0.5760088562965393,2,6,0.630232036113739,0.8723836541175842,-0.5763013362884521,2,7,0.6794887781143188,0.7694156765937805,-0.5495803952217102,2,8,0.5958545804023743,0.750703752040863,-0.7240484952926636,2,9,0.6392037868499756,0.8678436875343323,-0.48364606499671936,2,10,0.6175500750541687,0.8727463483810425,-0.5321534872055054,2,11,0.6754426956176758,0.5115029811859131,-0.4571141302585602,2,12,0.4260404407978058,0.46282023191452026,-0.572213888168335,2,13,0.7349844574928284,0.4836619198322296,-0.08982634544372559,2,14,0.1770509034395218,0.45122912526130676,-0.48050591349601746,2,15,0.7543321251869202,0.6409472823143005,0.05598845332860947,2,16,0.26092809438705444,0.8634331226348877,-0.37140268087387085,2,17,0.7946350574493408,0.6385624408721924,0.04470708221197128,2,18,0.29408735036849976,0.9316973090171814,-0.39249005913734436,2,19,0.7595444917678833,0.6367666125297546,0.04109897091984749,2,20,0.32245752215385437,0.906897783279419,-0.35728397965431213,2,21,0.7338538765907288,0.6363910436630249,0.05365832522511482,2,22,0.31589919328689575,0.8834568858146667,-0.3489150106906891,2,23,0.45513060688972473,0.7082775831222534,0.10560007393360138,2,24,0.2952215075492859,0.6892199516296387,-0.10544190555810928,2,25,0.4478452503681183,0.7107148170471191,0.5273423790931702,2,26,0.2714766561985016,0.7086142897605896,0.3768070638179779,2,27,0.37567245960235596,0.6702065467834473,1.112182378768921,2,28,0.25629520416259766,0.6880930662155151,0.8875686526298523,2,29,0.40154266357421875,0.6912804841995239,1.1768864393234253,2,30,0.25566133856773376,0.6433956027030945,0.9430328011512756,2,31,0.3866627812385559,0.7984769344329834,1.229083776473999,2,32,0.2659953236579895,0.7923403978347778,0.9599055051803589,2
0,0.634968101978302,0.8914096355438232,-0.5245447158813477,2,1,0.6645752191543579,0.8689748048782349,-0.5543291568756104,2,2,0.6718155145645142,0.8589790463447571,-0.5541732311248779,2,3,0.6808046102523804,0.8521479964256287,-0.5540978908538818,2,4,0.6420451998710632,0.8774632811546326,-0.5975196361541748,2,5,0.6361913084983826,0.8753913044929504,-0.5980561375617981,2,6,0.6262911558151245,0.8701976537704468,-0.598305344581604,2,7,0.6794920563697815,0.7654899954795837,-0.5570576190948486,2,8,0.5817201733589172,0.7459989190101624,-0.7381387948989868,2,9,0.6035744547843933,0.8650124669075012,-0.49559739232063293,2,10,0.6135646104812622,0.8651979565620422,-0.5505291223526001,2,11,0.6682609915733337,0.5066125392913818,-0.46342697739601135,2,12,0.4250498116016388,0.4282354414463043,-0.5990371704101562,2,13,0.7310612201690674,0.4852946102619171,-0.10884413868188858,2,14,0.17713429033756256,0.4512578845024109,-0.4974867105484009,2,15,0.7479040026664734,0.6616730093955994,-0.014205840416252613,2,16,0.25629112124443054,0.863429844379425,-0.3749783933162689,2,17,0.7905508875846863,0.667148768901825,-0.033655934035778046,2,18,0.2898074686527252,0.9317338466644287,-0.39419981837272644,2,19,0.754903256893158,0.6647495627403259,-0.03669028356671333,2,20,0.3186805546283722,0.906805694103241,-0.35883697867393494,2,21,0.729000985622406,0.6619933247566223,-0.016940632835030556,2,22,0.31182771921157837,0.8832997679710388,-0.3519192039966583,2,23,0.44121962785720825,0.7244733572006226,0.11538305133581161,2,24,0.273992657661438,0.7135509252548218,-0.11515731364488602,2,25,0.4074946939945221,0.7155758142471313,0.5538794994354248,2,26,0.27735456824302673,0.7087348103523254,0.38271066546440125,2,27,0.35694944858551025,0.6522188186645508,1.1405444145202637,2,28,0.25213101506233215,0.6983385682106018,0.906264066696167,2,29,0.3575112521648407,0.6432731747627258,1.2048310041427612,2,30,0.26337671279907227,0.62685626745224,0.9628934860229492,2,31,0.35960519313812256,0.798759937286377,1.252511739730835,2,32,0.27067628502845764,0.769053041934967,0.97678142786026,2
0,0.6255164742469788,0.8545965552330017,-0.551298201084137,2,1,0.6535329818725586,0.8393942713737488,-0.5792514085769653,2,2,0.665101170539856,0.8391552567481995,-0.5791608095169067,2,3,0.672842800617218,0.8330199718475342,-0.5791394114494324,2,4,0.6307817101478577,0.8331333994865417,-0.6217243671417236,2,5,0.6265333294868469,0.8291997909545898,-0.6223020553588867,2,6,0.6200639009475708,0.8238009214401245,-0.6225446462631226,2,7,0.6763266324996948,0.741882860660553,-0.561015248298645,2,8,0.5792156457901001,0.6770235896110535,-0.745478093624115,2,9,0.6016415953636169,0.8156515955924988,-0.5169345736503601,2,10,0.5959900617599487,0.8055713176727295,-0.5729360580444336,2,11,0.6659889817237854,0.5043014883995056,-0.46422722935676575,2,12,0.42479565739631653,0.38122034072875977,-0.6029114127159119,2,13,0.6880276799201965,0.5571169853210449,-0.09356734901666641,2,14,0.17666736245155334,0.45190173387527466,-0.4992537200450897,2,15,0.7096781134605408,0.7387899160385132,0.027271803468465805,2,16,0.25595933198928833,0.8635372519493103,-0.38616281747817993,2,17,0.7553121447563171,0.7504780292510986,0.021471353247761726,2,18,0.28997549414634705,0.9323313236236572,-0.40920382738113403,2,19,0.7268810868263245,0.7458534240722656,0.004783595446497202,2,20,0.3189009428024292,0.9067951440811157,-0.3711460828781128,2,21,0.6994937658309937,0.7376032471656799,0.022295476868748665,2,22,0.31221941113471985,0.8833054900169373,-0.3629239797592163,2,23,0.42433035373687744,0.7581501007080078,0.11440876871347427,2,24,0.2694665193557739,0.7663601636886597,-0.11412806063890457,2,25,0.3702298104763031,0.7615437507629395,0.5536320209503174,2,26,0.25580260157585144,0.7346405386924744,0.3828965425491333,2,27,0.3256421685218811,0.6682093143463135,1.1418805122375488,2,28,0.21652278304100037,0.7182960510253906,0.912422239780426,2,29,0.31970152258872986,0.6424663066864014,1.2068756818771362,2,30,0.21527554094791412,0.6650901436805725,0.969893753528595,2,31,0.29441824555397034,0.8352864980697632,1.2533891201019287,2,32,0.2252686768770218,0.8248893618583679,0.9849917888641357,2
0,0.6107500791549683,0.8026714324951172,-0.5959287285804749,2,1,0.6417676210403442,0.7888485789299011,-0.6162120699882507,2,2,0.6507071256637573,0.7827140688896179,-0.6161636114120483,2,3,0.6576782464981079,0.7769995927810669,-0.6161925196647644,2,4,0.6207069158554077,0.7834266424179077,-0.6584150195121765,2,5,0.6133613586425781,0.7730270624160767,-0.6589660048484802,2,6,0.6087372303009033,0.7688879370689392,-0.6591680645942688,2,7,0.662851870059967,0.6900854110717773,-0.5612943172454834,2,8,0.5792743563652039,0.6768202781677246,-0.7573617696762085,2,9,0.5897130966186523,0.772384524345398,-0.554338812828064,2,10,0.5827586650848389,0.7696760892868042,-0.6106458902359009,2,11,0.6565818190574646,0.5052287578582764,-0.466397225856781,2,12,0.42415621876716614,0.37360310554504395,-0.6125556826591492,2,13,0.6452673673629761,0.5749545693397522,-0.09128732234239578,2,14,0.1747768372297287,0.452589750289917,-0.5051495432853699,2,15,0.6742895245552063,0.7664446234703064,0.026209725067019463,2,16,0.25036126375198364,0.8676871061325073,-0.41262057423591614,2,17,0.7216211557388306,0.7788434624671936,0.02031729929149151,2,18,0.2858225107192993,0.9342926740646362,-0.43941158056259155,2,19,0.69576096534729,0.7767629623413086,-0.0018404459115117788,2,20,0.31927406787872314,0.9076887965202332,-0.4030504524707794,2,21,0.6684255003929138,0.7701554298400879,0.019579941406846046,2,22,0.31279197335243225,0.8850322365760803,-0.3909050226211548,2,23,0.41389644145965576,0.7747312188148499,0.1148783266544342,2,24,0.2583508789539337,0.7795308232307434,-0.11465350538492203,2,25,0.35085344314575195,0.779140055179596,0.559460461139679,2,26,0.23713526129722595,0.742030680179596,0.38380157947540283,2,27,0.32078030705451965,0.6770227551460266,1.143209457397461,2,28,0.19467438757419586,0.7233688831329346,0.9171104431152344,2,29,0.3089100420475006,0.6426789164543152,1.208258032798767,2,30,0.18917326629161835,0.6735809445381165,0.9760193228721619,2,31,0.28888407349586487,0.8397191762924194,1.2562578916549683,2,32,0.2192869782447815,0.7844616174697876,0.9920569062232971,2
0,0.6001838445663452,0.7938346266746521,-0.7393798232078552,2,1,0.6321870684623718,0.7937750220298767,-0.7636411786079407,2,2,0.640440821647644,0.7920869588851929,-0.7635775804519653,2,3,0.6490079760551453,0.7881531715393066,-0.7636730670928955,2,4,0.6124946475028992,0.7763977646827698,-0.8075302839279175,2,5,0.6049471497535706,0.7603068947792053,-0.8081159591674805,2,6,0.6011715531349182,0.7514544725418091,-0.8084007501602173,2,7,0.660365104675293,0.7072162628173828,-0.6994556784629822,2,8,0.5787944793701172,0.6291506290435791,-0.9004023671150208,2,9,0.581756055355072,0.7686544060707092,-0.690156877040863,2,10,0.5739148259162903,0.7485330700874329,-0.7484731674194336,2,11,0.6585320830345154,0.5056490898132324,-0.5602838397026062,2,12,0.4239732325077057,0.3564920723438263,-0.7269649505615234,2,13,0.6452921628952026,0.62628173828125,-0.1472197324037552,2,14,0.17424727976322174,0.45247557759284973,-0.634441614151001,2,15,0.6466023921966553,0.8014769554138184,0.008320009335875511,2,16,0.25073960423469543,0.8664035201072693,-0.5748459100723267,2,17,0.6797613501548767,0.8170609474182129,-0.012324449606239796,2,18,0.2871464788913727,0.9303779602050781,-0.6165119409561157,2,19,0.6597882509231567,0.8116300702095032,-0.019798388704657555,2,20,0.32160356640815735,0.9033605456352234,-0.5809013843536377,2,21,0.6383684873580933,0.8013930916786194,0.005183309316635132,2,22,0.31481871008872986,0.8802871108055115,-0.5551347732543945,2,23,0.41688045859336853,0.7595388293266296,0.11410364508628845,2,24,0.26270782947540283,0.7609968781471252,-0.1137973815202713,2,25,0.363336980342865,0.7804308533668518,0.6092995405197144,2,26,0.21347764134407043,0.7171350121498108,0.4519300162792206,2,27,0.3302993178367615,0.672638475894928,1.240891933441162,2,28,0.20880316197872162,0.6877697110176086,1.0429022312164307,2,29,0.3362448513507843,0.6797974109649658,1.310823917388916,2,30,0.20685921609401703,0.6403812766075134,1.1072485446929932,2,31,0.3147408366203308,0.8370101451873779,1.3407636880874634,2,32,0.22316540777683258,0.7341241240501404,1.1116089820861816,2
0,0.6009070873260498,0.7832724452018738,-0.7266246676445007,2,1,0.6301458477973938,0.7858471274375916,-0.7562395334243774,2,2,0.637706995010376,0.7867714762687683,-0.7561824917793274,2,3,0.6457734704017639,0.7853847146034241,-0.7562438249588013,2,4,0.6091158390045166,0.7614265084266663,-0.798716127872467,2,5,0.6038811802864075,0.7504744529724121,-0.7993184924125671,2,6,0.6000689268112183,0.7407169938087463,-0.7995942831039429,2,7,0.6602014303207397,0.7050250172615051,-0.7025318741798401,2,8,0.5773490071296692,0.5990533828735352,-0.8959264159202576,2,9,0.5854825973510742,0.7581517696380615,-0.6792632937431335,2,10,0.5744854211807251,0.7308192253112793,-0.7355905175209045,2,11,0.6601452231407166,0.5069670677185059,-0.565051257610321,2,12,0.42497050762176514,0.32678884267807007,-0.711814284324646,2,13,0.6288537383079529,0.6416348218917847,-0.14136697351932526,2,14,0.17408986389636993,0.4526287019252777,-0.6016861200332642,2,15,0.5785338282585144,0.8408790230751038,0.005109924357384443,2,16,0.2509104907512665,0.8622485995292664,-0.5322031378746033,2,17,0.5935896039009094,0.8721113204956055,0.0005199206643737853,2,18,0.2907659113407135,0.9271673560142517,-0.5683556795120239,2,19,0.5759221315383911,0.8536872863769531,-0.019238928332924843,2,20,0.3248335123062134,0.8939263224601746,-0.5320460200309753,2,21,0.5621863007545471,0.8361846804618835,0.0018141207983717322,2,22,0.31900137662887573,0.871918797492981,-0.511518657207489,2,23,0.4185542166233063,0.75691157579422,0.11130119860172272,2,24,0.26667264103889465,0.7469062805175781,-0.11102154105901718,2,25,0.3674873113632202,0.7923862338066101,0.5891449451446533,2,26,0.2038537561893463,0.7036740183830261,0.437884658575058,2,27,0.332355797290802,0.6996686458587646,1.1962722539901733,2,28,0.21291296184062958,0.680509626865387,0.9970715641975403,2,29,0.3307172954082489,0.6687709093093872,1.2628599405288696,2,30,0.21279792487621307,0.6331999897956848,1.0578190088272095,2,31,0.3125474750995636,0.8478781580924988,1.2928502559661865,2,32,0.21725545823574066,0.7468236684799194,1.0614949464797974,2
0,0.599382221698761,0.6660833954811096,-0.7063700556755066,2,1,0.6267707347869873,0.650036633014679,-0.7365070581436157,2,2,0.6342571377754211,0.6526671648025513,-0.7364597320556641,2,3,0.6414636373519897,0.6532134413719177,-0.7365362644195557,2,4,0.6083728671073914,0.6320279836654663,-0.7765455842018127,2,5,0.6036822199821472,0.6227239370346069,-0.7771111130714417,2,6,0.5995230078697205,0.6098315119743347,-0.7773045301437378,2,7,0.6562957167625427,0.5885090827941895,-0.6834601759910583,2,8,0.5774697661399841,0.5045892596244812,-0.8676792979240417,2,9,0.5874737501144409,0.6558718085289001,-0.6584765315055847,2,10,0.5765119791030884,0.6333571672439575,-0.712070643901825,2,11,0.6596033573150635,0.46924588084220886,-0.5490143895149231,2,12,0.4235475957393646,0.2622831165790558,-0.6897609233856201,2,13,0.6373538970947266,0.6252120733261108,-0.12456372380256653,2,14,0.17641793191432953,0.4509291648864746,-0.5857812166213989,2,15,0.6238661408424377,0.8058887124061584,0.02434728853404522,2,16,0.2519840598106384,0.865254819393158,-0.5274158120155334,2,17,0.6459119319915771,0.8437460660934448,0.022688496857881546,2,18,0.29086512327194214,0.9275856018066406,-0.5670072436332703,2,19,0.628545343875885,0.8282443284988403,-0.007305852137506008,2,20,0.32859471440315247,0.8942135572433472,-0.5379851460456848,2,21,0.6086618900299072,0.8138450384140015,0.018342791125178337,2,22,0.32376644015312195,0.872291088104248,-0.5098533034324646,2,23,0.41307178139686584,0.7514938712120056,0.10747967660427094,2,24,0.2669852077960968,0.7387697100639343,-0.10719053447246552,2,25,0.3696843385696411,0.7907502055168152,0.5858519077301025,2,26,0.2018173336982727,0.6930755376815796,0.4256470501422882,2,27,0.3314799964427948,0.6988855600357056,1.1776251792907715,2,28,0.2169184535741806,0.6936396360397339,0.9744236469268799,2,29,0.3311537206172943,0.7075479626655579,1.2432900667190552,2,30,0.21733681857585907,0.6486928462982178,1.034233570098877,2,31,0.30711784958839417,0.8580846190452576,1.2754725217819214,2,32,0.22058911621570587,0.8183718919754028,1.0354764461517334,2
0,0.5849167108535767,0.6316565275192261,-0.7772127985954285,2,1,0.611302375793457,0.6125843524932861,-0.8069742918014526,2,2,0.6195157170295715,0.6145669221878052,-0.8068678975105286,2,3,0.6277177333831787,0.6148792505264282,-0.8069024682044983,2,4,0.5947990417480469,0.5898810625076294,-0.8460893034934998,2,5,0.5907608270645142,0.5756520628929138,-0.8466408252716064,2,6,0.5863519906997681,0.5586690902709961,-0.8467801809310913,2,7,0.6455738544464111,0.5532558560371399,-0.740549623966217,2,8,0.5758577585220337,0.46273234486579895,-0.9223164916038513,2,9,0.5782995820045471,0.6192600727081299,-0.7234736680984497,2,10,0.5675539374351501,0.5906993746757507,-0.776795506477356,2,11,0.6584932208061218,0.45328858494758606,-0.5625236630439758,2,12,0.4166240394115448,0.21024157106876373,-0.7453296780586243,2,13,0.6460592746734619,0.6346246004104614,-0.08935798704624176,2,14,0.1764545738697052,0.44761723279953003,-0.6345292329788208,2,15,0.6335334181785583,0.8187717795372009,0.0728243812918663,2,16,0.2528750002384186,0.8669765591621399,-0.6410747170448303,2,17,0.651469349861145,0.8569870591163635,0.07627473771572113,2,18,0.29084810614585876,0.9294746518135071,-0.6944116353988647,2,19,0.6423379778862,0.8370342254638672,0.03858644887804985,2,20,0.330985426902771,0.895111620426178,-0.6738681197166443,2,21,0.6262413859367371,0.8198286294937134,0.06484246999025345,2,22,0.3262750804424286,0.8739339113235474,-0.6271037459373474,2,23,0.4013270437717438,0.7474415898323059,0.09501275420188904,2,24,0.26228392124176025,0.6559250950813293,-0.09462039172649384,2,25,0.3499709665775299,0.7911133766174316,0.6156206130981445,2,26,0.17517782747745514,0.6882060170173645,0.46096542477607727,2,27,0.3190758526325226,0.7074956297874451,1.2962768077850342,2,28,0.19505618512630463,0.74190753698349,1.094886064529419,2,29,0.30099326372146606,0.7383502125740051,1.3685065507888794,2,30,0.19659294188022614,0.7019169926643372,1.1632957458496094,2,31,0.266041100025177,0.8847890496253967,1.3646010160446167,2,32,0.1933917999267578,0.9019955396652222,1.1217540502548218,2
0,0.5730096697807312,0.5899835228919983,-0.7825586199760437,2,1,0.5989533066749573,0.578933835029602,-0.8201332688331604,2,2,0.6073371171951294,0.5832300186157227,-0.8200638294219971,2,3,0.6156941056251526,0.5837756991386414,-0.8200837969779968,2,4,0.5831010341644287,0.553665041923523,-0.8592411279678345,2,5,0.5793415904045105,0.5399020910263062,-0.8598793148994446,2,6,0.5748823285102844,0.524071991443634,-0.8601090312004089,2,7,0.6382349133491516,0.5245749354362488,-0.7738872766494751,2,8,0.5692889094352722,0.4325951337814331,-0.9558282494544983,2,9,0.5688037276268005,0.5831133723258972,-0.7336828112602234,2,10,0.5585887432098389,0.5538972020149231,-0.7871567010879517,2,11,0.6603187918663025,0.4122137427330017,-0.5933701992034912,2,12,0.41461971402168274,0.1736670434474945,-0.7737754583358765,2,13,0.6455735564231873,0.6278415322303772,-0.14689050614833832,2,14,0.1763160079717636,0.44429004192352295,-0.6558491587638855,2,15,0.6332207322120667,0.8048009276390076,-0.025989467278122902,2,16,0.2528824508190155,0.8690990805625916,-0.6717978715896606,2,17,0.6535283923149109,0.8504720330238342,-0.02820141799747944,2,18,0.28935712575912476,0.9327394962310791,-0.7295583486557007,2,19,0.647963285446167,0.8353360891342163,-0.07057871669530869,2,20,0.3312545418739319,0.8973575830459595,-0.7060720920562744,2,21,0.6333927512168884,0.8152894973754883,-0.035816989839076996,2,22,0.32678401470184326,0.8759253025054932,-0.6569568514823914,2,23,0.4017414152622223,0.7404305338859558,0.08832505345344543,2,24,0.24514423310756683,0.6225665211677551,-0.0878499448299408,2,25,0.3429645895957947,0.7911137938499451,0.6078500747680664,2,26,0.16287901997566223,0.6760478615760803,0.4513391852378845,2,27,0.321551650762558,0.7727352976799011,1.2663460969924927,2,28,0.17370234429836273,0.7401095032691956,1.0607749223709106,2,29,0.3134126663208008,0.7508478760719299,1.335539698600769,2,30,0.17482447624206543,0.6955748200416565,1.1253541707992554,2,31,0.28455933928489685,0.8864191174507141,1.3341948986053467,2,32,0.18031485378742218,0.8101194500923157,1.0916156768798828,2
0,0.5682700276374817,0.5956515073776245,-0.7478956580162048,2,1,0.5948262810707092,0.5829768180847168,-0.7860384583473206,2,2,0.6026610732078552,0.5856099724769592,-0.7859861254692078,2,3,0.6108812093734741,0.5866417288780212,-0.7860025763511658,2,4,0.5790697932243347,0.5563719868659973,-0.8257948756217957,2,5,0.5759809613227844,0.5426066517829895,-0.8264316916465759,2,6,0.5720637440681458,0.5263572931289673,-0.8266543745994568,2,7,0.633938193321228,0.5204402208328247,-0.7463774085044861,2,8,0.5623964071273804,0.41704869270324707,-0.9309620261192322,2,9,0.5633628964424133,0.5859476923942566,-0.7017989754676819,2,10,0.5540285110473633,0.5586316585540771,-0.7559282183647156,2,11,0.6598312854766846,0.39499643445014954,-0.5842342376708984,2,12,0.41170790791511536,0.16979287564754486,-0.7509288191795349,2,13,0.6447973847389221,0.6213075518608093,-0.16854548454284668,2,14,0.17638301849365234,0.4409554600715637,-0.6375401020050049,2,15,0.6366342902183533,0.8008148074150085,-0.07506732642650604,2,16,0.2532544732093811,0.8690198063850403,-0.6478557586669922,2,17,0.654822587966919,0.8476883769035339,-0.08417223393917084,2,18,0.2893768548965454,0.9331613183021545,-0.7034260034561157,2,19,0.6514413952827454,0.8331130743026733,-0.12302809208631516,2,20,0.3315984308719635,0.8977566957473755,-0.6776321530342102,2,21,0.6369543075561523,0.8095985651016235,-0.08569643646478653,2,22,0.3279131352901459,0.876022219657898,-0.6321340799331665,2,23,0.4036196768283844,0.735528290271759,0.0814841017127037,2,24,0.24323303997516632,0.6131972074508667,-0.08095719665288925,2,25,0.3403607904911041,0.7866783142089844,0.5982481837272644,2,26,0.17211347818374634,0.6679631471633911,0.44716140627861023,2,27,0.3219930827617645,0.7616233825683594,1.2445677518844604,2,28,0.1790498048067093,0.7247136235237122,1.0432355403900146,2,29,0.31728479266166687,0.7371892333030701,1.312597632408142,2,30,0.17936091125011444,0.6842030882835388,1.1063169240951538,2,31,0.28782370686531067,0.880023717880249,1.3167113065719604,2,32,0.18684116005897522,0.7531785368919373,1.0808981657028198,2
0,0.5666007995605469,0.5528240203857422,-0.7933973670005798,2,1,0.5917571783065796,0.5394163131713867,-0.829951822757721,2,2,0.6004891991615295,0.5419906377792358,-0.8298813104629517,2,3,0.6090199947357178,0.5431756973266602,-0.8299405574798584,2,4,0.5760594606399536,0.5189216732978821,-0.8669737577438354,2,5,0.5720025300979614,0.5062249898910522,-0.8675750494003296,2,6,0.5679105520248413,0.4942196309566498,-0.8678621053695679,2,7,0.6334369778633118,0.4850464463233948,-0.7620471715927124,2,8,0.5597918629646301,0.3799440264701843,-0.9345715641975403,2,9,0.5618298649787903,0.542025625705719,-0.7349207401275635,2,10,0.5515390038490295,0.5154806971549988,-0.7851065993309021,2,11,0.6644564867019653,0.36844009160995483,-0.5831838250160217,2,12,0.4061984121799469,0.14864066243171692,-0.7502077221870422,2,13,0.6537447571754456,0.5934456586837769,-0.16276925802230835,2,14,0.17659351229667664,0.43809375166893005,-0.659404993057251,2,15,0.6408316493034363,0.793968141078949,-0.06049756705760956,2,16,0.25329333543777466,0.869387686252594,-0.6941055655479431,2,17,0.6604146957397461,0.8405479788780212,-0.07229778915643692,2,18,0.28857994079589844,0.9339844584465027,-0.7599632143974304,2,19,0.6533198952674866,0.8276705145835876,-0.1003958210349083,2,20,0.3318057060241699,0.8991965651512146,-0.7356274724006653,2,21,0.6393206119537354,0.8063914775848389,-0.06598542630672455,2,22,0.3285703957080841,0.8762685656547546,-0.6801138520240784,2,23,0.4068962633609772,0.7115020155906677,0.07411996275186539,2,24,0.2487477958202362,0.6065416932106018,-0.07381115108728409,2,25,0.35024529695510864,0.7232510447502136,0.6143704056739807,2,26,0.18043799698352814,0.6088581085205078,0.48393118381500244,2,27,0.3241385817527771,0.6217315196990967,1.2732919454574585,2,28,0.20809513330459595,0.5732157230377197,1.1086379289627075,2,29,0.3204830586910248,0.6106583476066589,1.3456906080245972,2,30,0.2115251123905182,0.5286681652069092,1.1772782802581787,2,31,0.29460886120796204,0.7283014059066772,1.3709615468978882,2,32,0.20756793022155762,0.6319408416748047,1.1872490644454956,2
0,0.5696364045143127,0.5428639650344849,-0.7596614360809326,2,1,0.5948129296302795,0.5307371616363525,-0.8019712567329407,2,2,0.6039184331893921,0.532650887966156,-0.8018474578857422,2,3,0.6128697991371155,0.5335459113121033,-0.8018695712089539,2,4,0.5779703855514526,0.5120239853858948,-0.8362181186676025,2,5,0.5735830664634705,0.5012006759643555,-0.8368299603462219,2,6,0.5683683753013611,0.48899614810943604,-0.8371703028678894,2,7,0.6360777020454407,0.470804363489151,-0.7721967101097107,2,8,0.5610504150390625,0.374245822429657,-0.9287123084068298,2,9,0.565372109413147,0.5317721366882324,-0.7143499851226807,2,10,0.5532699227333069,0.509213387966156,-0.7613493800163269,2,11,0.6874761581420898,0.34168577194213867,-0.6028951406478882,2,12,0.40631595253944397,0.1357867419719696,-0.7466221451759338,2,13,0.6602281332015991,0.5762759447097778,-0.16024796664714813,2,14,0.18055233359336853,0.4167792797088623,-0.6499131917953491,2,15,0.643222987651825,0.7889060378074646,-0.01829463616013527,2,16,0.2544513940811157,0.8694256544113159,-0.6636337041854858,2,17,0.6637966632843018,0.832608699798584,-0.017253929749131203,2,18,0.2886373698711395,0.9340481758117676,-0.7165802717208862,2,19,0.6551283597946167,0.8216379880905151,-0.05796809867024422,2,20,0.33708465099334717,0.8994078040122986,-0.6938954591751099,2,21,0.6401914954185486,0.8013430833816528,-0.025968944653868675,2,22,0.33572277426719666,0.8764152526855469,-0.6485259532928467,2,23,0.41530415415763855,0.6766005754470825,0.07489414513111115,2,24,0.2551359534263611,0.5781349539756775,-0.0746157169342041,2,25,0.34173089265823364,0.7149634957313538,0.6093748211860657,2,26,0.18663854897022247,0.6157723665237427,0.4794355034828186,2,27,0.3007800877094269,0.6368535757064819,1.2097584009170532,2,28,0.20842531323432922,0.5947237610816956,1.0447156429290771,2,29,0.2948084771633148,0.6058114171028137,1.274786114692688,2,30,0.2096564918756485,0.548450231552124,1.1055693626403809,2,31,0.27980977296829224,0.7229957580566406,1.2936115264892578,2,32,0.2111475169658661,0.6864869594573975,1.0984121561050415,2
0,0.5663811564445496,0.5029599666595459,-0.7871659994125366,2,1,0.5911930203437805,0.49604395031929016,-0.8328898549079895,2,2,0.5990756154060364,0.4973430931568146,-0.8327680826187134,2,3,0.6083583235740662,0.5032480359077454,-0.8327838778495789,2,4,0.5762948393821716,0.47121351957321167,-0.86370450258255,2,5,0.5715395212173462,0.45588845014572144,-0.8643425703048706,2,6,0.5679035782814026,0.4414879381656647,-0.8646938800811768,2,7,0.6279521584510803,0.4333406984806061,-0.8075714707374573,2,8,0.5586540102958679,0.3314703702926636,-0.9538159966468811,2,9,0.5610440969467163,0.4900929629802704,-0.7439327836036682,2,10,0.5495651364326477,0.45549044013023376,-0.7870633602142334,2,11,0.6848323345184326,0.30820947885513306,-0.6371885538101196,2,12,0.40668049454689026,0.11076647788286209,-0.7701247930526733,2,13,0.6556044220924377,0.5639523267745972,-0.17729848623275757,2,14,0.18048575520515442,0.4187558889389038,-0.6784594655036926,2,15,0.6447575092315674,0.7814355492591858,-0.013881821185350418,2,16,0.25689780712127686,0.8710518479347229,-0.7106393575668335,2,17,0.665390133857727,0.8296517729759216,-0.012243734672665596,2,18,0.2923077344894409,0.9348526000976562,-0.7702838778495789,2,19,0.6538470983505249,0.819858729839325,-0.057158052921295166,2,20,0.33974188566207886,0.9000827074050903,-0.751690149307251,2,21,0.6403636336326599,0.7993221282958984,-0.023137493059039116,2,22,0.3370896875858307,0.8765629529953003,-0.6983429193496704,2,23,0.41338714957237244,0.6711099147796631,0.07364118099212646,2,24,0.253383070230484,0.5875273942947388,-0.07327370345592499,2,25,0.3256230056285858,0.7339434623718262,0.6045591235160828,2,26,0.18392309546470642,0.6455197930335999,0.46482399106025696,2,27,0.2939643859863281,0.716341495513916,1.2311047315597534,2,28,0.20289956033229828,0.6767756342887878,1.0514212846755981,2,29,0.28938648104667664,0.6755200624465942,1.2980124950408936,2,30,0.20127558708190918,0.6338828206062317,1.1145447492599487,2,31,0.27203214168548584,0.803644597530365,1.3026540279388428,2,32,0.21062643826007843,0.830077588558197,1.09391188621521,2
0,0.5568957924842834,0.39301303029060364,-0.8992540836334229,2,1,0.582953155040741,0.37676963210105896,-0.9310580492019653,2,2,0.5918589234352112,0.3801216185092926,-0.9310219287872314,2,3,0.6039371490478516,0.3839544355869293,-0.9311742186546326,2,4,0.5637425184249878,0.34548765420913696,-0.9545645117759705,2,5,0.5591138005256653,0.3299693167209625,-0.9549620747566223,2,6,0.553283154964447,0.3104596734046936,-0.9551832675933838,2,7,0.6299477219581604,0.32151883840560913,-0.8317071199417114,2,8,0.5480117201805115,0.20654599368572235,-0.9450892210006714,2,9,0.5566312074661255,0.390169620513916,-0.8310120701789856,2,10,0.5424582362174988,0.350495845079422,-0.862015426158905,2,11,0.6942468285560608,0.26321038603782654,-0.6263068914413452,2,12,0.4029272794723511,0.0516047365963459,-0.745955765247345,2,13,0.6884262561798096,0.48986193537712097,-0.24513734877109528,2,14,0.20140956342220306,0.41145333647727966,-0.6289393305778503,2,15,0.6654735803604126,0.7843709588050842,-0.1754394918680191,2,16,0.26373085379600525,0.8710870146751404,-0.6728448271751404,2,17,0.6740279793739319,0.8423510193824768,-0.20081910490989685,2,18,0.29286012053489685,0.930428683757782,-0.7222383618354797,2,19,0.6538737416267395,0.8305296897888184,-0.2528094947338104,2,20,0.3396916687488556,0.8995082378387451,-0.7008002400398254,2,21,0.6411136984825134,0.8076965808868408,-0.191945418715477,2,22,0.33657267689704895,0.875381588935852,-0.655397355556488,2,23,0.4136565327644348,0.6136497259140015,0.044821251183748245,2,24,0.2842847406864166,0.5192911028862,-0.044959597289562225,2,25,0.32894375920295715,0.6919626593589783,0.5905570387840271,2,26,0.25934159755706787,0.6039530038833618,0.48557138442993164,2,27,0.3301362097263336,0.6578469276428223,1.1443432569503784,2,28,0.252610981464386,0.6126567721366882,1.0462145805358887,2,29,0.32166820764541626,0.6395515203475952,1.205257534980774,2,30,0.26194706559181213,0.5857949256896973,1.107374906539917,2,31,0.3161159157752991,0.7431484460830688,1.2100900411605835,2,32,0.23526224493980408,0.7354303598403931,1.0959713459014893,2
END PUSHUP
0,0.5968213677406311,0.5895617604255676,-0.8429654836654663,2,1,0.6350830793380737,0.5733823180198669,-0.8561448454856873,2,2,0.648169219493866,0.5778504014015198,-0.855804979801178,2,3,0.6611701846122742,0.5803652405738831,-0.8558334112167358,2,4,0.6061612367630005,0.5353544354438782,-0.885123074054718,2,5,0.5972192883491516,0.5138036608695984,-0.8858181834220886,2,6,0.5898193120956421,0.49094685912132263,-0.8859934210777283,2,7,0.6905578374862671,0.5210050940513611,-0.7278401851654053,2,8,0.5824376344680786,0.3746355175971985,-0.8587472438812256,2,9,0.5917274355888367,0.5976437330245972,-0.7621639966964722,2,10,0.5707239508628845,0.5567123889923096,-0.795917809009552,2,11,0.6995366215705872,0.45415642857551575,-0.5049890875816345,2,12,0.4008104205131531,0.24377593398094177,-0.5956525802612305,2,13,0.6561087369918823,0.5625551342964172,-0.05721823498606682,2,14,0.16145920753479004,0.44721630215644836,-0.3990939259529114,2,15,0.6541264653205872,0.7744894623756409,0.15218700468540192,2,16,0.25143641233444214,0.8676557540893555,-0.2439829707145691,2,17,0.670772910118103,0.8342177867889404,0.16827139258384705,2,18,0.28110504150390625,0.9422092437744141,-0.2533629536628723,2,19,0.6592999696731567,0.8241254091262817,0.1405213177204132,2,20,0.32707929611206055,0.8952387571334839,-0.20493347942829132,2,21,0.6432039737701416,0.7930634617805481,0.14927729964256287,2,22,0.321857750415802,0.8701478838920593,-0.21397282183170319,2,23,0.45408859848976135,0.7535098791122437,0.07660087943077087,2,24,0.2998916208744049,0.7386631369590759,-0.07646767050027847,2,25,0.3668157756328583,0.7522697448730469,0.5620182752609253,2,26,0.2312643676996231,0.7091442346572876,0.43827730417251587,2,27,0.3337324261665344,0.8086007237434387,1.094978928565979,2,28,0.20065006613731384,0.741999626159668,0.9163112640380859,2,29,0.32348379492759705,0.7697201371192932,1.159968614578247,2,30,0.19790352880954742,0.6950557827949524,0.9733524918556213,2,31,0.3010618984699249,0.9557399153709412,1.2145702838897705,2,32,0.20709006488323212,0.8976576328277588,1.0022286176681519,2
0,0.6086882948875427,0.6322237253189087,-0.8197841048240662,2,1,0.6455675959587097,0.618336021900177,-0.8384360671043396,2,2,0.6574836373329163,0.6195964217185974,-0.8382617831230164,2,3,0.670234739780426,0.6207215189933777,-0.8383530378341675,2,4,0.6166547536849976,0.5878453850746155,-0.8692519664764404,2,5,0.6091808676719666,0.5702512860298157,-0.8698400855064392,2,6,0.6020306944847107,0.5510083436965942,-0.8699826002120972,2,7,0.6971837282180786,0.55384361743927,-0.7122277617454529,2,8,0.589262068271637,0.43435370922088623,-0.8541761636734009,2,9,0.6002132892608643,0.6312273144721985,-0.7432448267936707,2,10,0.5781312584877014,0.5987023115158081,-0.7828963398933411,2,11,0.6981531977653503,0.47212108969688416,-0.5108829736709595,2,12,0.40165501832962036,0.275455504655838,-0.5990661978721619,2,13,0.6522142887115479,0.5897192358970642,-0.04827117174863815,2,14,0.15963608026504517,0.4537084102630615,-0.41570937633514404,2,15,0.6430283784866333,0.7748202681541443,0.11792656034231186,2,16,0.25170519948005676,0.8684412837028503,-0.29148533940315247,2,17,0.6623744368553162,0.8340961337089539,0.1265382319688797,2,18,0.2827606797218323,0.9424275755882263,-0.30886325240135193,2,19,0.6539260149002075,0.8224359154701233,0.09726826846599579,2,20,0.32698071002960205,0.8985285758972168,-0.2665330767631531,2,21,0.6394129395484924,0.7934204936027527,0.11332065612077713,2,22,0.32117801904678345,0.8739417195320129,-0.26522910594940186,2,23,0.45548704266548157,0.7470830678939819,0.08539862930774689,2,24,0.3004195988178253,0.734828531742096,-0.08521068096160889,2,25,0.39608773589134216,0.7335851788520813,0.5644391775131226,2,26,0.21074143052101135,0.6984903216362,0.4292658865451813,2,27,0.32436472177505493,0.6939586400985718,1.1062051057815552,2,28,0.2063390463590622,0.7249014973640442,0.9053590893745422,2,29,0.3130706548690796,0.6321184039115906,1.1717116832733154,2,30,0.20300360023975372,0.6830644607543945,0.9626731872558594,2,31,0.2984946072101593,0.818734884262085,1.235003113746643,2,32,0.21439994871616364,0.8221815228462219,0.9904004335403442,2
0,0.6078702807426453,0.6351193785667419,-0.8116298913955688,2,1,0.6472844481468201,0.634600043296814,-0.8313995599746704,2,2,0.6584940552711487,0.6287052035331726,-0.8312743902206421,2,3,0.6717138290405273,0.6319868564605713,-0.831389307975769,2,4,0.6154693961143494,0.6055029034614563,-0.8599246740341187,2,5,0.6087082624435425,0.5617893934249878,-0.8604496717453003,2,6,0.6024035811424255,0.5410354137420654,-0.8605181574821472,2,7,0.6951282024383545,0.5722983479499817,-0.7019029855728149,2,8,0.5899096131324768,0.4282035231590271,-0.8354228138923645,2,9,0.5990691781044006,0.6395062208175659,-0.7348167896270752,2,10,0.5770249962806702,0.6041085124015808,-0.7726348042488098,2,11,0.6976119875907898,0.4982771575450897,-0.5105286240577698,2,12,0.4025563895702362,0.2811107635498047,-0.5873028635978699,2,13,0.6541290283203125,0.6097080707550049,-0.04098052904009819,2,14,0.15763820707798004,0.46147018671035767,-0.37477996945381165,2,15,0.630517303943634,0.785259485244751,0.13874219357967377,2,16,0.25183185935020447,0.8712825775146484,-0.2419450879096985,2,17,0.6513458490371704,0.8339667320251465,0.14508074522018433,2,18,0.2830037474632263,0.9433056116104126,-0.25686633586883545,2,19,0.6439098715782166,0.8179545402526855,0.11721740663051605,2,20,0.32700315117836,0.9009102582931519,-0.2143802046775818,2,21,0.6334245204925537,0.7937820553779602,0.13473789393901825,2,22,0.32088524103164673,0.8767610788345337,-0.2158510535955429,2,23,0.45535576343536377,0.7492061257362366,0.08380378782749176,2,24,0.2985488176345825,0.7316167950630188,-0.08356598764657974,2,25,0.3747856914997101,0.7254733443260193,0.5596805810928345,2,26,0.19460748136043549,0.7058256268501282,0.4167320430278778,2,27,0.3250207006931305,0.7220115661621094,1.0996390581130981,2,28,0.20055422186851501,0.7120462656021118,0.8762714266777039,2,29,0.30741602182388306,0.6253882646560669,1.162219524383545,2,30,0.19744502007961273,0.6673500537872314,0.931812584400177,2,31,0.29352861642837524,0.8442819118499756,1.2165334224700928,2,32,0.20827564597129822,0.8437018394470215,0.9393949508666992,2
0,0.6303130984306335,0.6615020632743835,-0.7021058797836304,2,1,0.6606446504592896,0.6533947587013245,-0.7181423902511597,2,2,0.6700688600540161,0.6507507562637329,-0.7180951833724976,2,3,0.6810443997383118,0.6514936089515686,-0.7181666493415833,2,4,0.6350201964378357,0.629584789276123,-0.7554503679275513,2,5,0.6262097954750061,0.6098678112030029,-0.7560111284255981,2,6,0.620029628276825,0.5961769819259644,-0.7561607360839844,2,7,0.6997355222702026,0.5676734447479248,-0.6086543202400208,2,8,0.5928768515586853,0.4650881588459015,-0.7786214351654053,2,9,0.6216397881507874,0.6569002270698547,-0.6362438201904297,2,10,0.5999277830123901,0.6299248933792114,-0.6853539347648621,2,11,0.69374018907547,0.48195788264274597,-0.4578774571418762,2,12,0.4067382216453552,0.2896941304206848,-0.5669457316398621,2,13,0.6725907921791077,0.6112154722213745,-0.00387194543145597,2,14,0.15652579069137573,0.4630807340145111,-0.3842613399028778,2,15,0.6313920617103577,0.7854177951812744,0.14225345849990845,2,16,0.25199058651924133,0.8724442720413208,-0.27866029739379883,2,17,0.6567157506942749,0.8375870585441589,0.1487150490283966,2,18,0.2814960479736328,0.9435117840766907,-0.29826492071151733,2,19,0.6445575952529907,0.8191789388656616,0.12281603366136551,2,20,0.32580941915512085,0.9014309048652649,-0.2577570080757141,2,21,0.6335736513137817,0.7952405214309692,0.13908232748508453,2,22,0.32074883580207825,0.8774440884590149,-0.2533864378929138,2,23,0.44287094473838806,0.7493820190429688,0.0836908370256424,2,24,0.29874715209007263,0.7344027757644653,-0.0834658145904541,2,25,0.339947372674942,0.7330931425094604,0.5229269862174988,2,26,0.19782812893390656,0.699841320514679,0.3862849473953247,2,27,0.2951059341430664,0.712836742401123,1.0404490232467651,2,28,0.19243738055229187,0.7038076519966125,0.8421120047569275,2,29,0.284848153591156,0.6255501508712769,1.1004881858825684,2,30,0.18787425756454468,0.6635594964027405,0.8944091796875,2,31,0.25313258171081543,0.8058808445930481,1.1438184976577759,2,32,0.20011469721794128,0.807496964931488,0.8962659239768982,2
0,0.6483861207962036,0.6940949559211731,-0.7389980554580688,2,1,0.6768485903739929,0.6706190705299377,-0.7526671290397644,2,2,0.6853196620941162,0.6691094636917114,-0.7526198625564575,2,3,0.6987675428390503,0.6610739827156067,-0.752710223197937,2,4,0.6503587365150452,0.650761604309082,-0.7897265553474426,2,5,0.6410558819770813,0.6360346674919128,-0.7902871370315552,2,6,0.6317294836044312,0.620390772819519,-0.790454089641571,2,7,0.7250387668609619,0.5735419392585754,-0.6300303339958191,2,8,0.6093712449073792,0.4891285002231598,-0.7979482412338257,2,9,0.6374682188034058,0.6875672936439514,-0.6680048108100891,2,10,0.6115188002586365,0.6585754156112671,-0.7168662548065186,2,11,0.6953765153884888,0.4846446216106415,-0.47789236903190613,2,12,0.411864310503006,0.32730966806411743,-0.5743072032928467,2,13,0.6787112355232239,0.6288802623748779,-0.025927789509296417,2,14,0.1560467630624771,0.46293917298316956,-0.3799676299095154,2,15,0.6372394561767578,0.7886365056037903,0.13750344514846802,2,16,0.25211387872695923,0.8720479607582092,-0.24955685436725616,2,17,0.6583797335624695,0.844856321811676,0.1467774510383606,2,18,0.2812064588069916,0.9427661299705505,-0.2594970762729645,2,19,0.6419074535369873,0.8238570094108582,0.12407325208187103,2,20,0.32545384764671326,0.9013142585754395,-0.21911711990833282,2,21,0.630325198173523,0.8015735149383545,0.13706251978874207,2,22,0.320839524269104,0.8772025108337402,-0.2232408970594406,2,23,0.4481390416622162,0.7694832682609558,0.08207178860902786,2,24,0.302388459444046,0.7447678446769714,-0.08186569809913635,2,25,0.347773015499115,0.8152645826339722,0.49858716130256653,2,26,0.20285449922084808,0.7239683270454407,0.37115347385406494,2,27,0.30082544684410095,0.7963946461677551,0.9883471131324768,2,28,0.1968388557434082,0.7259300351142883,0.8059175610542297,2,29,0.28825196623802185,0.6926808953285217,1.0461132526397705,2,30,0.1938442587852478,0.6811839938163757,0.8566589951515198,2,31,0.26174238324165344,0.9101570248603821,1.0848450660705566,2,32,0.19926981627941132,0.8615713119506836,0.853745698928833,2
0,0.6534634232521057,0.6962223649024963,-0.656045138835907,2,1,0.6824513077735901,0.6709283590316772,-0.6675774455070496,2,2,0.6949649453163147,0.6627975702285767,-0.6675646901130676,2,3,0.7045254111289978,0.6602035164833069,-0.667612612247467,2,4,0.6586002707481384,0.6510581970214844,-0.7097666263580322,2,5,0.6509062051773071,0.6379112005233765,-0.7103313207626343,2,6,0.6418615579605103,0.6229939460754395,-0.7104158997535706,2,7,0.7276594638824463,0.5661562085151672,-0.5595481991767883,2,8,0.6169208884239197,0.4835861623287201,-0.7536547183990479,2,9,0.6376829147338867,0.6873340010643005,-0.5924798846244812,2,10,0.6151699423789978,0.6623290181159973,-0.6488447785377502,2,11,0.693155825138092,0.49561819434165955,-0.4241337180137634,2,12,0.4114420711994171,0.32031455636024475,-0.5507772564888,2,13,0.6670845150947571,0.6368370652198792,0.02961992844939232,2,14,0.1559237390756607,0.4644183814525604,-0.3269462585449219,2,15,0.6345728635787964,0.7974252104759216,0.18723787367343903,2,16,0.25271257758140564,0.8720545172691345,-0.1645462065935135,2,17,0.6553614735603333,0.8513494729995728,0.20054496824741364,2,18,0.2813067138195038,0.9417791366577148,-0.16701708734035492,2,19,0.6417750716209412,0.8312033414840698,0.175499826669693,2,20,0.3254753649234772,0.900213897228241,-0.12337300181388855,2,21,0.6299532055854797,0.8119052052497864,0.18530778586864471,2,22,0.32146474719047546,0.8751773834228516,-0.13617359101772308,2,23,0.4480239748954773,0.7809337377548218,0.08167114853858948,2,24,0.2998386025428772,0.7610729932785034,-0.08138217031955719,2,25,0.34675708413124084,0.8910605311393738,0.46115052700042725,2,26,0.18641646206378937,0.7899788022041321,0.3136845827102661,2,27,0.2917433977127075,0.931221604347229,0.945460855960846,2,28,0.16634520888328552,0.8725312948226929,0.7374623417854309,2,29,0.284008651971817,0.886975109577179,0.9983664155006409,2,30,0.16606631875038147,0.8355725407600403,0.7837898135185242,2,31,0.24344317615032196,1.0641252994537354,1.0081712007522583,2,32,0.15269073843955994,1.0314712524414062,0.7454415559768677,2
0,0.6449242234230042,0.7671858668327332,-0.7154476642608643,2,1,0.6774653792381287,0.764801561832428,-0.7158844470977783,2,2,0.6881242990493774,0.7648226618766785,-0.7159883379936218,2,3,0.6987759470939636,0.7655894160270691,-0.7161439061164856,2,4,0.6531931757926941,0.7426334619522095,-0.7399613261222839,2,5,0.6441105604171753,0.7249587178230286,-0.7400626540184021,2,6,0.6361399292945862,0.7101579308509827,-0.7398627996444702,2,7,0.7205178141593933,0.6860268712043762,-0.6426699757575989,2,8,0.6116770505905151,0.5668396949768066,-0.8356859087944031,2,9,0.6311665177345276,0.7549927830696106,-0.630957841873169,2,10,0.6086829304695129,0.7216853499412537,-0.6605369448661804,2,11,0.6954402923583984,0.541082501411438,-0.5047110319137573,2,12,0.41741836071014404,0.33480170369148254,-0.6120039820671082,2,13,0.6731578707695007,0.6817659735679626,-0.010809710249304771,2,14,0.1544356793165207,0.46250131726264954,-0.3895188271999359,2,15,0.6228827238082886,0.8920115828514099,0.14324264228343964,2,16,0.2546228766441345,0.8715859651565552,-0.2209284007549286,2,17,0.6446958184242249,0.8619215488433838,0.15066783130168915,2,18,0.28423354029655457,0.9405227899551392,-0.24259382486343384,2,19,0.632607638835907,0.8424376249313354,0.12450364977121353,2,20,0.32568806409835815,0.8995652198791504,-0.20869967341423035,2,21,0.6232349872589111,0.8293418884277344,0.13979963958263397,2,22,0.3223063051700592,0.8739888072013855,-0.20205041766166687,2,23,0.4489927589893341,0.7800847291946411,0.08094083517789841,2,24,0.30000394582748413,0.7435766458511353,-0.0806647315621376,2,25,0.35481226444244385,0.8371402025222778,0.4840468466281891,2,26,0.19483716785907745,0.757976233959198,0.32051655650138855,2,27,0.2955346703529358,0.8428725004196167,1.0084275007247925,2,28,0.17491765320301056,0.8086525201797485,0.8184126019477844,2,29,0.28740593791007996,0.7961373329162598,1.0730468034744263,2,30,0.1717006415128708,0.751445472240448,0.8741501569747925,2,31,0.25169655680656433,0.9989020228385925,1.0967884063720703,2,32,0.17300690710544586,1.0094343423843384,0.8689982295036316,2
0,0.6411522626876831,0.8239459991455078,-0.8094963431358337,2,1,0.6737582087516785,0.8220205903053284,-0.8377681374549866,2,2,0.68449467420578,0.824309766292572,-0.837643027305603,2,3,0.696770966053009,0.8240312337875366,-0.837777316570282,2,4,0.6484249234199524,0.8064574599266052,-0.8702090382575989,2,5,0.6393399834632874,0.7921011447906494,-0.8707622289657593,2,6,0.6317249536514282,0.7818461060523987,-0.8709324598312378,2,7,0.7198987603187561,0.7529640197753906,-0.7677090764045715,2,8,0.6109195947647095,0.6247038841247559,-0.9275226593017578,2,9,0.6297704577445984,0.8094985485076904,-0.7488899230957031,2,10,0.6074352264404297,0.7809849381446838,-0.7918570041656494,2,11,0.7075797319412231,0.5653156638145447,-0.6067481637001038,2,12,0.4199022948741913,0.3655354976654053,-0.6909085512161255,2,13,0.6911585927009583,0.701665997505188,-0.14860799908638,2,14,0.1536489874124527,0.45874732732772827,-0.4820128083229065,2,15,0.6250712871551514,0.8662607073783875,0.04764437675476074,2,16,0.2546927332878113,0.8723360896110535,-0.322618305683136,2,17,0.646230936050415,0.860952615737915,0.046212613582611084,2,18,0.286577045917511,0.9399440288543701,-0.3431505858898163,2,19,0.6340691447257996,0.8312307000160217,0.03940821811556816,2,20,0.3257027864456177,0.8995792865753174,-0.3053511083126068,2,21,0.6247918009757996,0.8282933831214905,0.051364582031965256,2,22,0.32233256101608276,0.8740541338920593,-0.29980748891830444,2,23,0.4491868019104004,0.7700560092926025,0.08103027194738388,2,24,0.30636167526245117,0.7363026738166809,-0.0806376039981842,2,25,0.36603227257728577,0.7940465211868286,0.5304287075996399,2,26,0.20852774381637573,0.719685971736908,0.4333095848560333,2,27,0.32578200101852417,0.6965470314025879,1.159455418586731,2,28,0.20556482672691345,0.6537750363349915,0.9930276274681091,2,29,0.3204151391983032,0.6430890560150146,1.2341946363449097,2,30,0.2038823962211609,0.5965689420700073,1.0579599142074585,2,31,0.3237841725349426,0.9103972911834717,1.274383544921875,2,32,0.20616845786571503,0.7574528455734253,1.0702646970748901,2
0,0.631529688835144,0.8151349425315857,-0.8059993982315063,2,1,0.6649726629257202,0.8110739588737488,-0.8312011361122131,2,2,0.6727789640426636,0.8121652603149414,-0.8310850262641907,2,3,0.6807660460472107,0.8130514025688171,-0.8312069773674011,2,4,0.6430784463882446,0.7921887636184692,-0.8643313646316528,2,5,0.6358954310417175,0.7794931530952454,-0.8648986220359802,2,6,0.6270572543144226,0.7638829350471497,-0.8650898337364197,2,7,0.6871159076690674,0.756421685218811,-0.7436546087265015,2,8,0.6072712540626526,0.6531323194503784,-0.8995663523674011,2,9,0.6150187253952026,0.802341103553772,-0.744468629360199,2,10,0.5963414907455444,0.7756139636039734,-0.7886833548545837,2,11,0.6946484446525574,0.5607925653457642,-0.589654266834259,2,12,0.4190536141395569,0.38883087038993835,-0.6677982211112976,2,13,0.6774895191192627,0.7007580399513245,-0.1401769369840622,2,14,0.15362690389156342,0.45884472131729126,-0.5224211812019348,2,15,0.5945482850074768,0.8711130619049072,0.03181994706392288,2,16,0.2547703981399536,0.873916745185852,-0.45175936818122864,2,17,0.6048406362533569,0.8796796798706055,0.02693430334329605,2,18,0.28802424669265747,0.9386242628097534,-0.4893108904361725,2,19,0.5856331586837769,0.8498562574386597,0.01445736363530159,2,20,0.325349360704422,0.8996120095252991,-0.4497537612915039,2,21,0.5760712027549744,0.8424727320671082,0.03310692682862282,2,22,0.3217144012451172,0.8744185566902161,-0.43058815598487854,2,23,0.4490147829055786,0.766089141368866,0.08461999893188477,2,24,0.30632054805755615,0.716331958770752,-0.08431001752614975,2,25,0.3665385842323303,0.7517687678337097,0.5576602220535278,2,26,0.2404320240020752,0.6914656162261963,0.4567548334598541,2,27,0.32752349972724915,0.6491081118583679,1.1738766431808472,2,28,0.22684961557388306,0.6271171569824219,0.9986313581466675,2,29,0.32230472564697266,0.5962953567504883,1.245758295059204,2,30,0.22633932530879974,0.5757150650024414,1.059777021408081,2,31,0.31760120391845703,0.7576889395713806,1.2886797189712524,2,32,0.21555195748806,0.7181293964385986,1.0724403858184814,2
0,0.6308027505874634,0.8161112666130066,-0.803383469581604,2,1,0.6644458174705505,0.8071732521057129,-0.8267018795013428,2,2,0.6725708246231079,0.8067996501922607,-0.8265785574913025,2,3,0.6802805662155151,0.8071439862251282,-0.8267329335212708,2,4,0.642220675945282,0.7906336188316345,-0.8623673319816589,2,5,0.6346753239631653,0.7804790735244751,-0.8629645109176636,2,6,0.6261733174324036,0.7693552374839783,-0.8631976246833801,2,7,0.685978889465332,0.7446599006652832,-0.7327502965927124,2,8,0.6048747301101685,0.6353577971458435,-0.8845231533050537,2,9,0.6145598292350769,0.8061312437057495,-0.7418844103813171,2,10,0.5950475335121155,0.7803211808204651,-0.7848480343818665,2,11,0.691408097743988,0.5528154969215393,-0.5701054930686951,2,12,0.4143751859664917,0.40314823389053345,-0.6539114117622375,2,13,0.6806666851043701,0.6931940317153931,-0.12251024693250656,2,14,0.14832977950572968,0.45881029963493347,-0.4978591203689575,2,15,0.6072580814361572,0.8635272979736328,0.042156852781772614,2,16,0.2549406886100769,0.8754286766052246,-0.40615326166152954,2,17,0.619641900062561,0.8765002489089966,0.0386674739420414,2,18,0.28976425528526306,0.9371746778488159,-0.43758633732795715,2,19,0.6022268533706665,0.833765983581543,0.023110082373023033,2,20,0.3249298632144928,0.8995227217674255,-0.3969568908214569,2,21,0.5917438268661499,0.8408493995666504,0.041712816804647446,2,22,0.3214806020259857,0.8746120929718018,-0.38340920209884644,2,23,0.44817909598350525,0.7623136639595032,0.0866781696677208,2,24,0.3064013421535492,0.7227938175201416,-0.08636368811130524,2,25,0.3666240870952606,0.7363440990447998,0.5637726187705994,2,26,0.23734614253044128,0.6709128618240356,0.45908910036087036,2,27,0.328325480222702,0.6342470645904541,1.1713626384735107,2,28,0.2292194366455078,0.613977313041687,0.9916830658912659,2,29,0.3205024302005768,0.5963397026062012,1.243475079536438,2,30,0.2287445217370987,0.5633148550987244,1.0525891780853271,2,31,0.3115140199661255,0.7278723120689392,1.2929683923721313,2,32,0.22865095734596252,0.6962458491325378,1.0670002698898315,2
0,0.6301578283309937,0.8205190300941467,-0.7806720733642578,2,1,0.6640198826789856,0.8110073208808899,-0.7990902662277222,2,2,0.6722764372825623,0.8103752732276917,-0.7989901900291443,2,3,0.680332362651825,0.8110659122467041,-0.7991282939910889,2,4,0.640936017036438,0.7951546907424927,-0.8367388248443604,2,5,0.6331832408905029,0.7864832282066345,-0.8373412489891052,2,6,0.6252082586288452,0.7727099657058716,-0.8375387787818909,2,7,0.6861668229103088,0.7458691596984863,-0.6987091898918152,2,8,0.6027854084968567,0.6293520927429199,-0.8675921559333801,2,9,0.6130213141441345,0.8075752854347229,-0.7179920077323914,2,10,0.5936198830604553,0.7839427590370178,-0.7660310864448547,2,11,0.6935297250747681,0.573898196220398,-0.5393379330635071,2,12,0.4110192656517029,0.4090125262737274,-0.6480838060379028,2,13,0.6750084161758423,0.716218888759613,-0.10638706386089325,2,14,0.14584016799926758,0.4607657194137573,-0.48972997069358826,2,15,0.6141759157180786,0.8761466145515442,0.04840049520134926,2,16,0.2561626136302948,0.8754926919937134,-0.39776819944381714,2,17,0.6261442303657532,0.8870110511779785,0.04681174457073212,2,18,0.2926587760448456,0.9355804324150085,-0.43072396516799927,2,19,0.6084745526313782,0.8556225299835205,0.028143418952822685,2,20,0.3249722719192505,0.8987299799919128,-0.3874373435974121,2,21,0.5985799431800842,0.851349413394928,0.0477445088326931,2,22,0.32158902287483215,0.8745234608650208,-0.3743704855442047,2,23,0.448019802570343,0.7582817077636719,0.08870670944452286,2,24,0.30218878388404846,0.7210063338279724,-0.08836020529270172,2,25,0.39214447140693665,0.7375059723854065,0.5575239658355713,2,26,0.2342129647731781,0.6712144017219543,0.44500476121902466,2,27,0.35278627276420593,0.6468604207038879,1.1412273645401,2,28,0.2285313606262207,0.6263383030891418,0.9869449734687805,2,29,0.34730294346809387,0.6004215478897095,1.2098491191864014,2,30,0.2279059737920761,0.5775888562202454,1.049134373664856,2,31,0.3074690103530884,0.7263055443763733,1.2579495906829834,2,32,0.22727857530117035,0.7124338150024414,1.0557056665420532,2
0,0.6330886483192444,0.8172151446342468,-0.746100127696991,2,1,0.6673261523246765,0.8053496479988098,-0.7616918087005615,2,2,0.6753095388412476,0.8038680553436279,-0.7616060972213745,2,3,0.682568371295929,0.8029714226722717,-0.7617422938346863,2,4,0.6428161859512329,0.7936669588088989,-0.7993293404579163,2,5,0.633247435092926,0.7828396558761597,-0.7999080419540405,2,6,0.6222161650657654,0.7492361068725586,-0.8001021146774292,2,7,0.6863410472869873,0.7400718331336975,-0.6619909405708313,2,8,0.6015223264694214,0.6241044998168945,-0.8329839706420898,2,9,0.6166983842849731,0.8097878694534302,-0.6850150227546692,2,10,0.5929937362670898,0.7840087413787842,-0.7343304753303528,2,11,0.6886169910430908,0.5611650347709656,-0.5134721398353577,2,12,0.4095974564552307,0.4088912606239319,-0.6287354230880737,2,13,0.6754540801048279,0.7132566571235657,-0.09071306139230728,2,14,0.14630576968193054,0.46076133847236633,-0.48196715116500854,2,15,0.6171466112136841,0.8693497776985168,0.0571388341486454,2,16,0.25638923048973083,0.8752806782722473,-0.386126846075058,2,17,0.6283628344535828,0.8749926090240479,0.05601883679628372,2,18,0.29424622654914856,0.9315423965454102,-0.41677725315093994,2,19,0.6120858788490295,0.8479776382446289,0.04790695384144783,2,20,0.32496535778045654,0.8975685834884644,-0.3733508288860321,2,21,0.6021600961685181,0.844163179397583,0.05893484503030777,2,22,0.3215165436267853,0.8743020296096802,-0.36234620213508606,2,23,0.44823160767555237,0.7524701952934265,0.0901712030172348,2,24,0.30314457416534424,0.721683144569397,-0.08985542505979538,2,25,0.38875702023506165,0.7283434867858887,0.5534070730209351,2,26,0.2532462477684021,0.6615572571754456,0.4434037506580353,2,27,0.3472910225391388,0.637294590473175,1.1290730237960815,2,28,0.23525208234786987,0.6150650382041931,0.968831479549408,2,29,0.355476051568985,0.6019312739372253,1.1965689659118652,2,30,0.23479901254177094,0.5661273002624512,1.0286139249801636,2,31,0.3180208206176758,0.7512401938438416,1.2461134195327759,2,32,0.24032047390937805,0.6887461543083191,1.0266178846359253,2
0,0.6359118819236755,0.8276646137237549,-0.8163948059082031,2,1,0.671319305896759,0.8154052495956421,-0.8335919976234436,2,2,0.6805241107940674,0.816541314125061,-0.8334579467773438,2,3,0.6885088682174683,0.8161901831626892,-0.8336008787155151,2,4,0.6462011933326721,0.8062822222709656,-0.8668184876441956,2,5,0.6367404460906982,0.7992709279060364,-0.8674032688140869,2,6,0.6216337084770203,0.7646849751472473,-0.8675805926322937,2,7,0.6963123083114624,0.7605811953544617,-0.7307928204536438,2,8,0.6026675701141357,0.6483573317527771,-0.8820586800575256,2,9,0.6181250810623169,0.8215258717536926,-0.7530593872070312,2,10,0.5929607152938843,0.7971851229667664,-0.7968612909317017,2,11,0.7035564184188843,0.5893598794937134,-0.5611210465431213,2,12,0.4084538519382477,0.42703449726104736,-0.6590937972068787,2,13,0.6978245377540588,0.7092653512954712,-0.12965576350688934,2,14,0.14607761800289154,0.4606601893901825,-0.5015813112258911,2,15,0.6684136986732483,0.8483218550682068,0.03719039261341095,2,16,0.2565127909183502,0.8752755522727966,-0.40008237957954407,2,17,0.695443332195282,0.8392800092697144,0.034327901899814606,2,18,0.29589715600013733,0.9304437637329102,-0.43228527903556824,2,19,0.6735910773277283,0.8228715062141418,0.02610057406127453,2,20,0.324717253446579,0.897553563117981,-0.39112627506256104,2,21,0.6564973592758179,0.8190940618515015,0.03782130032777786,2,22,0.3208150565624237,0.8743537068367004,-0.3777593672275543,2,23,0.45294713973999023,0.7506642937660217,0.09037233144044876,2,24,0.2989799678325653,0.6951155662536621,-0.0900627002120018,2,25,0.39400818943977356,0.721802830696106,0.5643874406814575,2,26,0.26537972688674927,0.6356269717216492,0.4613831341266632,2,27,0.3526953160762787,0.6331849098205566,1.1777088642120361,2,28,0.24481645226478577,0.5878485441207886,0.9941440224647522,2,29,0.3533765375614166,0.5740498900413513,1.2509857416152954,2,30,0.24315254390239716,0.5369187593460083,1.055197834968567,2,31,0.33001193404197693,0.7147372364997864,1.3047250509262085,2,32,0.24536235630512238,0.6826010346412659,1.0687973499298096,2
0,0.6452925801277161,0.8309229612350464,-0.7491047978401184,2,1,0.6814287304878235,0.8172016143798828,-0.7686331868171692,2,2,0.6893205046653748,0.8156683444976807,-0.7684904336929321,2,3,0.6957641243934631,0.8147075772285461,-0.7685448527336121,2,4,0.6547271013259888,0.8069696426391602,-0.808702290058136,2,5,0.645262598991394,0.801856279373169,-0.8093093037605286,2,6,0.6270315051078796,0.775894820690155,-0.8095293045043945,2,7,0.6969766020774841,0.7574830651283264,-0.7064708471298218,2,8,0.6091816425323486,0.6648705005645752,-0.8765640258789062,2,9,0.6206668019294739,0.8248571753501892,-0.7025495171546936,2,10,0.5947374105453491,0.8047724962234497,-0.7561367750167847,2,11,0.7034203410148621,0.5825766324996948,-0.555939257144928,2,12,0.4085109829902649,0.43006274104118347,-0.6748384833335876,2,13,0.6904317736625671,0.6964755654335022,-0.12207203358411789,2,14,0.14582261443138123,0.46165037155151367,-0.5228137373924255,2,15,0.6710107326507568,0.8342459201812744,0.03987790644168854,2,16,0.25579288601875305,0.875230610370636,-0.41576308012008667,2,17,0.7048150300979614,0.833160936832428,0.03902857378125191,2,18,0.29529184103012085,0.9289246797561646,-0.4463626742362976,2,19,0.6822033524513245,0.821109414100647,0.02966952510178089,2,20,0.32457271218299866,0.8974344730377197,-0.4074100852012634,2,21,0.661854088306427,0.815090537071228,0.04239211603999138,2,22,0.32023975253105164,0.8744542002677917,-0.3931480050086975,2,23,0.45286819338798523,0.7248837947845459,0.09465907514095306,2,24,0.2894379794597626,0.6927833557128906,-0.09437485784292221,2,25,0.39155659079551697,0.6977075934410095,0.5683497786521912,2,26,0.25919386744499207,0.6420519351959229,0.4518306851387024,2,27,0.36305680871009827,0.6286364197731018,1.170798897743225,2,28,0.24171358346939087,0.6010444164276123,0.9731435775756836,2,29,0.3581274449825287,0.5742630362510681,1.2406076192855835,2,30,0.24052490293979645,0.5505442023277283,1.0324897766113281,2,31,0.32523682713508606,0.685549795627594,1.2960948944091797,2,32,0.24281437695026398,0.6854200959205627,1.0438072681427002,2
0,0.6464564800262451,0.8362932801246643,-0.7194800972938538,2,1,0.6820717453956604,0.8194215297698975,-0.733633279800415,2,2,0.6907183527946472,0.8207540512084961,-0.733532726764679,2,3,0.6968976259231567,0.8199154138565063,-0.7336291670799255,2,4,0.6570371985435486,0.811129093170166,-0.7725053429603577,2,5,0.6480434536933899,0.8062978982925415,-0.7730751037597656,2,6,0.6291825175285339,0.7689602971076965,-0.7732802033424377,2,7,0.6983504891395569,0.7557302117347717,-0.6533432602882385,2,8,0.6113437414169312,0.6608361005783081,-0.8314024209976196,2,9,0.6213815808296204,0.8307527303695679,-0.6681893467903137,2,10,0.5960707068443298,0.8125803470611572,-0.720324695110321,2,11,0.6993242502212524,0.5911139249801636,-0.5096223950386047,2,12,0.4132632613182068,0.4269416034221649,-0.666524350643158,2,13,0.7004445791244507,0.6926703453063965,-0.10248414427042007,2,14,0.1460593193769455,0.4621654450893402,-0.5163005590438843,2,15,0.7203189730644226,0.8150812983512878,0.04196674004197121,2,16,0.2554619610309601,0.8747586011886597,-0.3749453127384186,2,17,0.7630636096000671,0.8096427321434021,0.04112851247191429,2,18,0.2927408814430237,0.9273613095283508,-0.39663881063461304,2,19,0.739630937576294,0.8013587594032288,0.029911985620856285,2,20,0.32386907935142517,0.897452175617218,-0.36125168204307556,2,21,0.7156649827957153,0.79738450050354,0.0438801608979702,2,22,0.3192075192928314,0.8748323917388916,-0.35216274857521057,2,23,0.4511670172214508,0.730011522769928,0.09895586967468262,2,24,0.27978751063346863,0.6945868134498596,-0.0986456423997879,2,25,0.39469319581985474,0.7293110489845276,0.5657342672348022,2,26,0.263422429561615,0.6627572774887085,0.4160507619380951,2,27,0.3603432774543762,0.6318228840827942,1.1571812629699707,2,28,0.23992480337619781,0.6407612562179565,0.9297758936882019,2,29,0.35124874114990234,0.5762797594070435,1.2244751453399658,2,30,0.23966865241527557,0.5512948632240295,0.9881322383880615,2,31,0.31997236609458923,0.7087663412094116,1.2881089448928833,2,32,0.24298717081546783,0.7033359408378601,0.9959697723388672,2
0,0.6385849714279175,0.837639331817627,-0.6433955430984497,2,1,0.6705132722854614,0.8232333064079285,-0.6617327928543091,2,2,0.6782048344612122,0.8209695219993591,-0.6616540551185608,2,3,0.6842140555381775,0.8185962438583374,-0.661701500415802,2,4,0.6476926803588867,0.8187292218208313,-0.7032867670059204,2,5,0.6373593807220459,0.812407374382019,-0.703842043876648,2,6,0.6257646083831787,0.8014098405838013,-0.7040947079658508,2,7,0.6887379884719849,0.753976047039032,-0.605357825756073,2,8,0.6087997555732727,0.6637853384017944,-0.7945748567581177,2,9,0.6170396208763123,0.8265610933303833,-0.6015255451202393,2,10,0.5933307409286499,0.8116596937179565,-0.6564319729804993,2,11,0.6817759275436401,0.5887404680252075,-0.48725101351737976,2,12,0.4130135774612427,0.43338367342948914,-0.6294674277305603,2,13,0.6321654915809631,0.6915897130966187,-0.0878157913684845,2,14,0.14629635214805603,0.4659566879272461,-0.5054513216018677,2,15,0.5902395844459534,0.8160576224327087,0.04576540365815163,2,16,0.2552478611469269,0.8736245036125183,-0.411798357963562,2,17,0.6086057424545288,0.8154900074005127,0.04401012137532234,2,18,0.29197970032691956,0.9255818128585815,-0.44169557094573975,2,19,0.5890608429908752,0.8032181262969971,0.031911712139844894,2,20,0.3223300278186798,0.8968740105628967,-0.40528127551078796,2,21,0.5749545693397522,0.7981328368186951,0.046493448317050934,2,22,0.3166261911392212,0.8743783831596375,-0.3901847004890442,2,23,0.45061391592025757,0.7116098999977112,0.10247292369604111,2,24,0.278353750705719,0.6903345584869385,-0.10224466025829315,2,25,0.38911160826683044,0.7216507196426392,0.5583747625350952,2,26,0.2624373137950897,0.65937739610672,0.3913494348526001,2,27,0.3476049602031708,0.6167896389961243,1.1018366813659668,2,28,0.2506716251373291,0.6145421266555786,0.8823844790458679,2,29,0.3379065692424774,0.5633354187011719,1.1627552509307861,2,30,0.2388264387845993,0.5591914057731628,0.9361661076545715,2,31,0.3180416524410248,0.6996163725852966,1.214979887008667,2,32,0.25075048208236694,0.70670086145401,0.9485819935798645,2
0,0.6383800506591797,0.8488863706588745,-0.6873299479484558,2,1,0.6702266931533813,0.8350768685340881,-0.7054995894432068,2,2,0.6778400540351868,0.8321349024772644,-0.7053883075714111,2,3,0.6844406127929688,0.8344586491584778,-0.7054387331008911,2,4,0.6474744081497192,0.8270042538642883,-0.7448379993438721,2,5,0.6373187303543091,0.8215261101722717,-0.7454001903533936,2,6,0.6254689693450928,0.8119227290153503,-0.7456324100494385,2,7,0.6886976361274719,0.7671181559562683,-0.630710244178772,2,8,0.6082805395126343,0.6716431975364685,-0.7968846559524536,2,9,0.6169323325157166,0.8376073241233826,-0.6385814547538757,2,10,0.5930240154266357,0.8198325037956238,-0.6901106238365173,2,11,0.6815139055252075,0.5879761576652527,-0.5086480975151062,2,12,0.4140206575393677,0.4517498314380646,-0.6350294947624207,2,13,0.6201313138008118,0.6894943714141846,-0.10397656261920929,2,14,0.14655211567878723,0.4693565368652344,-0.5237020254135132,2,15,0.5742104649543762,0.8163904547691345,0.041579440236091614,2,16,0.2556588053703308,0.8744348883628845,-0.4514860510826111,2,17,0.5922085642814636,0.8171021342277527,0.037680141627788544,2,18,0.29271259903907776,0.9256041049957275,-0.4851920008659363,2,19,0.587658166885376,0.8041974902153015,0.02228539250791073,2,20,0.3232042193412781,0.8969743847846985,-0.4472254514694214,2,21,0.5603814721107483,0.7983503937721252,0.04064042866230011,2,22,0.31788673996925354,0.8753969073295593,-0.42927899956703186,2,23,0.4520076811313629,0.7016937136650085,0.10113900154829025,2,24,0.27983084321022034,0.6756411194801331,-0.10103680193424225,2,25,0.39630305767059326,0.7175896763801575,0.5574163198471069,2,26,0.26641204953193665,0.6301553845405579,0.398136705160141,2,27,0.34804943203926086,0.6122308969497681,1.102753758430481,2,28,0.24975840747356415,0.5866404175758362,0.8957103490829468,2,29,0.3397364020347595,0.5547274351119995,1.164461374282837,2,30,0.23800230026245117,0.5368326902389526,0.9504296183586121,2,31,0.32002905011177063,0.6817373037338257,1.2091467380523682,2,32,0.24843230843544006,0.6883963346481323,0.9577739834785461,2
0,0.6381317377090454,0.8495385646820068,-0.6983895897865295,2,1,0.6702693104743958,0.8385516405105591,-0.7114560008049011,2,2,0.6801450252532959,0.8415722250938416,-0.7113390564918518,2,3,0.6867056488990784,0.8437587022781372,-0.7113667726516724,2,4,0.6471692323684692,0.824629008769989,-0.7482345700263977,2,5,0.6371950507164001,0.81697016954422,-0.7487773895263672,2,6,0.6252775192260742,0.803688645362854,-0.7489946484565735,2,7,0.6899917125701904,0.7924741506576538,-0.6205205321311951,2,8,0.6088643670082092,0.6616718173027039,-0.7867897152900696,2,9,0.6176221966743469,0.8450372815132141,-0.6453578472137451,2,10,0.5931071043014526,0.8163886070251465,-0.6944671273231506,2,11,0.6732657551765442,0.6171696782112122,-0.48995837569236755,2,12,0.41404107213020325,0.4539308547973633,-0.604373574256897,2,13,0.5915257334709167,0.7069724798202515,-0.09643582254648209,2,14,0.15212640166282654,0.47502949833869934,-0.4992504119873047,2,15,0.5528448224067688,0.8271167278289795,0.03112381510436535,2,16,0.25794413685798645,0.8740360736846924,-0.43353185057640076,2,17,0.5653502345085144,0.8344674706459045,0.024107424542307854,2,18,0.2958036959171295,0.9254607558250427,-0.46744194626808167,2,19,0.5553905367851257,0.8127877116203308,0.009048029780387878,2,20,0.3241327404975891,0.896567165851593,-0.427350789308548,2,21,0.5430396795272827,0.8021761178970337,0.02958412654697895,2,22,0.31887251138687134,0.875096321105957,-0.41094252467155457,2,23,0.451389878988266,0.7145642042160034,0.09803008288145065,2,24,0.2810901701450348,0.6779291033744812,-0.09794100373983383,2,25,0.39487308263778687,0.7541635036468506,0.5238783359527588,2,26,0.23774677515029907,0.6311464905738831,0.376919150352478,2,27,0.3478766679763794,0.6525121331214905,1.0328904390335083,2,28,0.23820634186267853,0.5949285626411438,0.8418659567832947,2,29,0.33938276767730713,0.5904837846755981,1.0917294025421143,2,30,0.23462803661823273,0.5447418689727783,0.8937421441078186,2,31,0.3193257451057434,0.697143018245697,1.1324119567871094,2,32,0.2414548397064209,0.6931941509246826,0.8949039578437805,2
0,0.6229538321495056,0.8544661402702332,-0.6798550486564636,2,1,0.6605201959609985,0.8523470759391785,-0.6878202557563782,2,2,0.6707861423492432,0.8592148423194885,-0.6876744031906128,2,3,0.6774080991744995,0.8632886409759521,-0.687637448310852,2,4,0.6410468816757202,0.8332007527351379,-0.7267748117446899,2,5,0.6336316466331482,0.8234578967094421,-0.7272894978523254,2,6,0.6217137575149536,0.796349823474884,-0.7274426221847534,2,7,0.6791478991508484,0.8195116519927979,-0.5892046093940735,2,8,0.6083518266677856,0.6592548489570618,-0.7712634801864624,2,9,0.6088287234306335,0.8488258123397827,-0.6253942847251892,2,10,0.5870329141616821,0.8119271397590637,-0.6778808832168579,2,11,0.6564565300941467,0.6277576088905334,-0.4623664319515228,2,12,0.4137130677700043,0.45043057203292847,-0.6008939146995544,2,13,0.5600375533103943,0.7107672691345215,-0.090389184653759,2,14,0.15468710660934448,0.47587907314300537,-0.49765029549598694,2,15,0.5228158235549927,0.8565636277198792,-0.0017389010172337294,2,16,0.2591920495033264,0.8740400671958923,-0.44101575016975403,2,17,0.5320837497711182,0.8760386109352112,-0.01238364540040493,2,18,0.29880762100219727,0.925327479839325,-0.47771456837654114,2,19,0.5265703797340393,0.8451401591300964,-0.03230937942862511,2,20,0.32619479298591614,0.8965733647346497,-0.436821848154068,2,21,0.5172633528709412,0.8279504776000977,-0.006248982157558203,2,22,0.32035955786705017,0.8751707077026367,-0.4185570776462555,2,23,0.44369059801101685,0.7530660033226013,0.09705381840467453,2,24,0.28990447521209717,0.6990354657173157,-0.0968853235244751,2,25,0.3826952576637268,0.7825285792350769,0.508939802646637,2,26,0.20339305698871613,0.6521390676498413,0.3392382860183716,2,27,0.33452704548835754,0.6699711680412292,0.9984550476074219,2,28,0.20291823148727417,0.6091756224632263,0.7915322780609131,2,29,0.339689165353775,0.6619942784309387,1.053449034690857,2,30,0.20287904143333435,0.5605361461639404,0.8414450287818909,2,31,0.3144260048866272,0.7330464720726013,1.0809457302093506,2,32,0.22011798620224,0.6965802311897278,0.8271427750587463,2
0,0.6222823858261108,0.8536861538887024,-0.6796405911445618,2,1,0.6586863994598389,0.8523886799812317,-0.68694669008255,2,2,0.6665472388267517,0.8582616448402405,-0.6867907643318176,2,3,0.6726331114768982,0.8627851009368896,-0.6867163181304932,2,4,0.6409144997596741,0.8303472399711609,-0.7278845310211182,2,5,0.6336188912391663,0.8182068467140198,-0.728428304195404,2,6,0.6243097186088562,0.7983269691467285,-0.7285376191139221,2,7,0.6777030825614929,0.8176561594009399,-0.5866732001304626,2,8,0.6151257753372192,0.6712396740913391,-0.7792031168937683,2,9,0.6083821058273315,0.8465389609336853,-0.6247082948684692,2,10,0.5871127247810364,0.8103064298629761,-0.6800873279571533,2,11,0.6531490683555603,0.6417927742004395,-0.4394623637199402,2,12,0.4136090576648712,0.4468334913253784,-0.6059748530387878,2,13,0.5664598345756531,0.7471663951873779,-0.05050855502486229,2,14,0.15612226724624634,0.47563543915748596,-0.4635516405105591,2,15,0.5138424038887024,0.8675176501274109,0.0535869263112545,2,16,0.25914663076400757,0.8671927452087402,-0.31654977798461914,2,17,0.5181782841682434,0.8832934498786926,0.05851048231124878,2,18,0.2979523241519928,0.9223824143409729,-0.32992637157440186,2,19,0.5180948972702026,0.8514136075973511,0.04787258803844452,2,20,0.3257023096084595,0.8949959874153137,-0.2873287498950958,2,21,0.5098296999931335,0.8343212008476257,0.055080220103263855,2,22,0.3200097680091858,0.8726778626441956,-0.28986313939094543,2,23,0.4101557731628418,0.7883374691009521,0.09676729887723923,2,24,0.2795315980911255,0.6997165679931641,-0.09654246270656586,2,25,0.34940841794013977,0.8256950974464417,0.5063661336898804,2,26,0.18207617104053497,0.7004649639129639,0.30923041701316833,2,27,0.32255181670188904,0.7999607920646667,0.9895021319389343,2,28,0.1667984277009964,0.7198902368545532,0.7521488070487976,2,29,0.3226301074028015,0.7648537755012512,1.0415219068527222,2,30,0.165774866938591,0.6756775379180908,0.8000743389129639,2,31,0.28687718510627747,0.8937154412269592,1.0476768016815186,2,32,0.15268202126026154,0.8530794978141785,0.7573085427284241,2
0,0.6161091923713684,0.8558564782142639,-0.617692232131958,2,1,0.6486762166023254,0.8578869104385376,-0.6311168670654297,2,2,0.6544714570045471,0.8626563549041748,-0.6309918761253357,2,3,0.662001371383667,0.8648914694786072,-0.6309189200401306,2,4,0.6356068253517151,0.8380756378173828,-0.6725772619247437,2,5,0.6299085021018982,0.8255870342254639,-0.6730482578277588,2,6,0.6241825222969055,0.8133870363235474,-0.6731525659561157,2,7,0.6696522831916809,0.8252856135368347,-0.561884343624115,2,8,0.6096118688583374,0.6816566586494446,-0.7579081654548645,2,9,0.6013174653053284,0.846697211265564,-0.5728769302368164,2,10,0.5847395062446594,0.8134939074516296,-0.6296947598457336,2,11,0.6516345143318176,0.6357636451721191,-0.4231789708137512,2,12,0.4135671854019165,0.44456401467323303,-0.6090236902236938,2,13,0.5771321058273315,0.7801485061645508,-0.057254109531641006,2,14,0.15477775037288666,0.4749944508075714,-0.4945732355117798,2,15,0.544899046421051,0.8895688056945801,0.053079746663570404,2,16,0.25970011949539185,0.8671038150787354,-0.41904544830322266,2,17,0.5299645066261292,0.8806398510932922,0.0590919591486454,2,18,0.29782992601394653,0.9215701818466187,-0.44042718410491943,2,19,0.5709767937660217,0.851752758026123,0.052517108619213104,2,20,0.32810673117637634,0.894013524055481,-0.4007627069950104,2,21,0.5402573943138123,0.8411659002304077,0.0547558069229126,2,22,0.32329922914505005,0.8722217679023743,-0.3957505226135254,2,23,0.38522306084632874,0.8016685843467712,0.09668353945016861,2,24,0.2619194984436035,0.6996223330497742,-0.0964086726307869,2,25,0.32791805267333984,0.829257607460022,0.510560154914856,2,26,0.1656143069267273,0.7013357281684875,0.3163785934448242,2,27,0.30617454648017883,0.7995004653930664,1.0188710689544678,2,28,0.14397601783275604,0.7058117985725403,0.7858924269676208,2,29,0.30422884225845337,0.7605087161064148,1.0737569332122803,2,30,0.14089331030845642,0.6597045063972473,0.8362047076225281,2,31,0.26690465211868286,0.8843169808387756,1.0824002027511597,2,32,0.1251814216375351,0.8288088440895081,0.7984632849693298,2
0,0.6190298199653625,0.8619225025177002,-0.7160291075706482,2,1,0.6495720744132996,0.855970561504364,-0.7307931184768677,2,2,0.65751713514328,0.8591837286949158,-0.7306059002876282,2,3,0.6661269664764404,0.8609698414802551,-0.7305740118026733,2,4,0.636049211025238,0.8390635251998901,-0.7635802626609802,2,5,0.6308079361915588,0.8286339044570923,-0.7641310095787048,2,6,0.6252909302711487,0.816338062286377,-0.7642276883125305,2,7,0.6736616492271423,0.8158987760543823,-0.6510254740715027,2,8,0.611196756362915,0.7058470249176025,-0.8063874840736389,2,9,0.6087280511856079,0.8556997179985046,-0.6661645770072937,2,10,0.5916767120361328,0.8274235129356384,-0.7107382416725159,2,11,0.6525534987449646,0.6539742350578308,-0.5003291368484497,2,12,0.41635656356811523,0.44601017236709595,-0.6448439359664917,2,13,0.5848665833473206,0.7746071815490723,-0.08504315465688705,2,14,0.1545896977186203,0.4748038351535797,-0.50228351354599,2,15,0.556191623210907,0.8136351704597473,0.09225380420684814,2,16,0.2598333954811096,0.8627969026565552,-0.4172874987125397,2,17,0.5504417419433594,0.8526632189750671,0.10182016342878342,2,18,0.29616767168045044,0.9184203147888184,-0.4398001432418823,2,19,0.5756785869598389,0.8205986022949219,0.09705153107643127,2,20,0.3280421495437622,0.8922963738441467,-0.40304073691368103,2,21,0.5480602979660034,0.8081479668617249,0.09690704196691513,2,22,0.3236546516418457,0.8699073195457458,-0.39534682035446167,2,23,0.40596839785575867,0.7898867726325989,0.09561361372470856,2,24,0.26496145129203796,0.68584144115448,-0.09531562775373459,2,25,0.3347058594226837,0.8167532086372375,0.5053125023841858,2,26,0.17720481753349304,0.6963680982589722,0.33480969071388245,2,27,0.31016719341278076,0.7647452354431152,1.0088170766830444,2,28,0.16510982811450958,0.6997243165969849,0.7996477484703064,2,29,0.3073320686817169,0.7227678298950195,1.0651625394821167,2,30,0.16276653110980988,0.6564229726791382,0.8512895703315735,2,31,0.27499592304229736,0.850307822227478,1.09552001953125,2,32,0.15589001774787903,0.8171588182449341,0.8314416408538818,2
0,0.6186704635620117,0.8606322407722473,-0.7755415439605713,2,1,0.650198757648468,0.857636034488678,-0.7926586270332336,2,2,0.6580638885498047,0.8620563745498657,-0.7925049662590027,2,3,0.6661611795425415,0.8652975559234619,-0.7924915552139282,2,4,0.6356031894683838,0.837029755115509,-0.8256333470344543,2,5,0.6302007436752319,0.824799120426178,-0.8262484073638916,2,6,0.6252362132072449,0.8101561665534973,-0.8263933062553406,2,7,0.6725791096687317,0.8225352764129639,-0.7091128826141357,2,8,0.6108909845352173,0.6953456401824951,-0.8648282289505005,2,9,0.6079384088516235,0.8544548153877258,-0.7224588990211487,2,10,0.591396152973175,0.8230363130569458,-0.7678535580635071,2,11,0.6559985876083374,0.6719930171966553,-0.5314629077911377,2,12,0.4204932153224945,0.44423872232437134,-0.6908548474311829,2,13,0.5922774076461792,0.7720467448234558,-0.0850006490945816,2,14,0.1543356329202652,0.4735623002052307,-0.5246652960777283,2,15,0.5606380105018616,0.8281276226043701,0.1484314501285553,2,16,0.2575299143791199,0.8617348670959473,-0.41417327523231506,2,17,0.5691366791725159,0.8505456447601318,0.16859811544418335,2,18,0.2917378842830658,0.917789101600647,-0.43868905305862427,2,19,0.5844306945800781,0.8212852478027344,0.16499492526054382,2,20,0.3254529535770416,0.8914085626602173,-0.4002194106578827,2,21,0.5554845333099365,0.8081899285316467,0.15484514832496643,2,22,0.32231444120407104,0.8692871928215027,-0.39207330346107483,2,23,0.41056662797927856,0.7849940061569214,0.09369194507598877,2,24,0.2605264484882355,0.663314938545227,-0.09325986355543137,2,25,0.33102360367774963,0.82364821434021,0.5077172517776489,2,26,0.1565093994140625,0.6857876181602478,0.3425582945346832,2,27,0.30279111862182617,0.8197989463806152,1.0227676630020142,2,28,0.12216110527515411,0.6892776489257812,0.8097326159477234,2,29,0.30043280124664307,0.7852951288223267,1.0803030729293823,2,30,0.12148429453372955,0.6444705724716187,0.8614717721939087,2,31,0.2602742314338684,0.9242116212844849,1.1010676622390747,2,32,0.09587306529283524,0.8285061120986938,0.8233510851860046,2
0,0.6190908551216125,0.8686136603355408,-0.7531616687774658,2,1,0.6511744856834412,0.8613830208778381,-0.770846426486969,2,2,0.6590890884399414,0.864551305770874,-0.77071213722229,2,3,0.6671802401542664,0.8661062121391296,-0.7707258462905884,2,4,0.6357529759407043,0.8440091013908386,-0.8039742708206177,2,5,0.6302294135093689,0.8336247205734253,-0.8045470714569092,2,6,0.6252071857452393,0.8202717900276184,-0.8046974539756775,2,7,0.6723945736885071,0.8196405172348022,-0.7016403079032898,2,8,0.6105205416679382,0.713090717792511,-0.8512130379676819,2,9,0.6096622347831726,0.8604501485824585,-0.7042604088783264,2,10,0.5939682722091675,0.8336148858070374,-0.748798131942749,2,11,0.6571455597877502,0.6680805683135986,-0.5541942119598389,2,12,0.42020511627197266,0.4436650276184082,-0.6750744581222534,2,13,0.608218789100647,0.7608369588851929,-0.13747082650661469,2,14,0.15246087312698364,0.4744475185871124,-0.5176237225532532,2,15,0.5960652232170105,0.8293505907058716,0.12440812587738037,2,16,0.2575259506702423,0.8619369864463806,-0.41291892528533936,2,17,0.6200070977210999,0.8498398661613464,0.1380135864019394,2,18,0.29166969656944275,0.9185774922370911,-0.43705350160598755,2,19,0.6175718307495117,0.821634829044342,0.16375966370105743,2,20,0.32549601793289185,0.8917035460472107,-0.4026753008365631,2,21,0.5935289859771729,0.8089147210121155,0.1406363993883133,2,22,0.322832316160202,0.8702958822250366,-0.39241713285446167,2,23,0.4157360792160034,0.7833629846572876,0.08839176595211029,2,24,0.26168546080589294,0.6598812341690063,-0.08787623792886734,2,25,0.3348151445388794,0.8170163631439209,0.49721387028694153,2,26,0.17119452357292175,0.6651923060417175,0.35007110238075256,2,27,0.3057943880558014,0.7721420526504517,1.0238651037216187,2,28,0.12806430459022522,0.6338284015655518,0.8280986547470093,2,29,0.3017323613166809,0.7079697251319885,1.0830737352371216,2,30,0.1404116004705429,0.5830748677253723,0.883578896522522,2,31,0.2644437253475189,0.8284974098205566,1.1087186336517334,2,32,0.1127532422542572,0.782395601272583,0.8632996678352356,2
0,0.6186158061027527,0.8620896339416504,-0.9612966775894165,2,1,0.6517874002456665,0.8602281808853149,-0.9633240103721619,2,2,0.6597186326980591,0.8611536026000977,-0.9630625247955322,2,3,0.6679424047470093,0.863599419593811,-0.9629917740821838,2,4,0.6358397006988525,0.8241754174232483,-0.993413507938385,2,5,0.6304868459701538,0.7992787957191467,-0.9939623475074768,2,6,0.6257437467575073,0.7676238417625427,-0.9940383434295654,2,7,0.6752730011940002,0.8270409107208252,-0.79738849401474,2,8,0.6155850887298584,0.6537889838218689,-0.939717173576355,2,9,0.6063060760498047,0.8582507371902466,-0.8777323365211487,2,10,0.5910586714744568,0.811615526676178,-0.9187028408050537,2,11,0.6606439352035522,0.7280629277229309,-0.5656322836875916,2,12,0.42131340503692627,0.438407301902771,-0.7402655482292175,2,13,0.6190509796142578,0.7901481986045837,-0.1345469206571579,2,14,0.15337826311588287,0.4743415415287018,-0.5728651881217957,2,15,0.5814651846885681,0.8431754112243652,0.1345427930355072,2,16,0.2551122307777405,0.8612631559371948,-0.49410468339920044,2,17,0.5890582799911499,0.8642033338546753,0.14839735627174377,2,18,0.2869667112827301,0.9169132709503174,-0.5345682501792908,2,19,0.6151198148727417,0.8220504522323608,0.1461382657289505,2,20,0.32355043292045593,0.8899861574172974,-0.4967293441295624,2,21,0.5751925706863403,0.8239790201187134,0.1390102654695511,2,22,0.32080042362213135,0.8686845302581787,-0.4728650152683258,2,23,0.41708439588546753,0.7859374284744263,0.08760417997837067,2,24,0.2716415822505951,0.6617832779884338,-0.08709573745727539,2,25,0.33728429675102234,0.8145410418510437,0.5838333368301392,2,26,0.17349418997764587,0.6530175805091858,0.4115215539932251,2,27,0.3087112307548523,0.7290764451026917,1.112756609916687,2,28,0.15275008976459503,0.6078487038612366,0.9123288989067078,2,29,0.30640777945518494,0.6675005555152893,1.1736102104187012,2,30,0.16497500240802765,0.5580431222915649,0.9684880971908569,2,31,0.2675492465496063,0.7986656427383423,1.2018840312957764,2,32,0.12092195451259613,0.765426754951477,0.9366897344589233,2
0,0.631912112236023,0.8612633347511292,-0.7661994695663452,2,1,0.6588433980941772,0.8508991599082947,-0.7791074514389038,2,2,0.6649043560028076,0.8495962619781494,-0.7790699601173401,2,3,0.671687126159668,0.8494715094566345,-0.7791872024536133,2,4,0.6444652676582336,0.8235338926315308,-0.8123618364334106,2,5,0.6393588781356812,0.7998476028442383,-0.8128897547721863,2,6,0.6345118880271912,0.7761289477348328,-0.812975287437439,2,7,0.6757349371910095,0.8007752299308777,-0.7129407525062561,2,8,0.6207717061042786,0.6851612329483032,-0.8600339889526367,2,9,0.6160405278205872,0.8544518351554871,-0.723314642906189,2,10,0.6022807359695435,0.8137590885162354,-0.7664655447006226,2,11,0.6753212213516235,0.7126238346099854,-0.563847005367279,2,12,0.4221498668193817,0.4457677900791168,-0.7217518091201782,2,13,0.6539893746376038,0.7379918098449707,-0.14727216958999634,2,14,0.1544053703546524,0.4725976884365082,-0.5668493509292603,2,15,0.6262103319168091,0.8382831811904907,0.0869416743516922,2,16,0.2558688521385193,0.8618136644363403,-0.4577276110649109,2,17,0.6434756517410278,0.8417858481407166,0.0879451185464859,2,18,0.2871427536010742,0.9169901013374329,-0.5043697953224182,2,19,0.6491605043411255,0.8219856023788452,0.08702313154935837,2,20,0.32388022541999817,0.8903098106384277,-0.48562902212142944,2,21,0.6253518462181091,0.8191859126091003,0.08842559903860092,2,22,0.32209786772727966,0.8696718811988831,-0.44819724559783936,2,23,0.42045262455940247,0.783833384513855,0.08766040951013565,2,24,0.2718714475631714,0.6606736183166504,-0.0871611014008522,2,25,0.3530813157558441,0.7915947437286377,0.54411381483078,2,26,0.18488650023937225,0.6542084813117981,0.3869065046310425,2,27,0.3451617658138275,0.7309572100639343,1.0602651834487915,2,28,0.1688690483570099,0.6121097207069397,0.863943338394165,2,29,0.3446108102798462,0.6815599203109741,1.118714690208435,2,30,0.18052031099796295,0.5623763203620911,0.9174528121948242,2,31,0.32110315561294556,0.8110122084617615,1.177369475364685,2,32,0.14330577850341797,0.7754822373390198,0.9148169159889221,2
0,0.6371805667877197,0.8406395316123962,-0.808702290058136,2,1,0.6649625897407532,0.8224988579750061,-0.8271028399467468,2,2,0.6719503998756409,0.8217664361000061,-0.8270469903945923,2,3,0.6810324788093567,0.8191474080085754,-0.8271598815917969,2,4,0.6483945250511169,0.7982540130615234,-0.8543605208396912,2,5,0.6424609422683716,0.7785421013832092,-0.854894757270813,2,6,0.6377108693122864,0.7612969875335693,-0.85494065284729,2,7,0.6889318823814392,0.759003758430481,-0.7424734234809875,2,8,0.623609721660614,0.6607986688613892,-0.8699324727058411,2,9,0.6213655471801758,0.8405821919441223,-0.7545180916786194,2,10,0.6070236563682556,0.8048036694526672,-0.7913166880607605,2,11,0.694668710231781,0.7011446952819824,-0.5647032856941223,2,12,0.42261072993278503,0.43112221360206604,-0.6990604400634766,2,13,0.665314793586731,0.734004557132721,-0.13843515515327454,2,14,0.15469816327095032,0.47081005573272705,-0.47290781140327454,2,15,0.6302425861358643,0.834502100944519,0.16577723622322083,2,16,0.2555568516254425,0.8618955612182617,-0.3323679566383362,2,17,0.6480954885482788,0.8480433225631714,0.1758776307106018,2,18,0.28698408603668213,0.9171326756477356,-0.3561147451400757,2,19,0.647387683391571,0.8365305662155151,0.16733184456825256,2,20,0.3245250880718231,0.8903263211250305,-0.33392247557640076,2,21,0.6327468752861023,0.8235477805137634,0.16859354078769684,2,22,0.3234845697879791,0.8695970177650452,-0.31803175806999207,2,23,0.4202367961406708,0.7825292348861694,0.08518003672361374,2,24,0.2682625353336334,0.6412270069122314,-0.08453545719385147,2,25,0.35881832242012024,0.7988288402557373,0.5421488881111145,2,26,0.1786942332983017,0.6475273370742798,0.3991604447364807,2,27,0.3411955237388611,0.7698511481285095,1.0865610837936401,2,28,0.16326546669006348,0.6103301644325256,0.886897087097168,2,29,0.3393474519252777,0.7294683456420898,1.1491844654083252,2,30,0.16932044923305511,0.5592576265335083,0.9434841275215149,2,31,0.31404009461402893,0.8745942115783691,1.1886967420578003,2,32,0.14629223942756653,0.7747164964675903,0.9258372187614441,2
0,0.6477817893028259,0.8057018518447876,-0.9071879982948303,2,1,0.6793662905693054,0.7683502435684204,-0.9213578104972839,2,2,0.6875108480453491,0.7653871774673462,-0.9213389754295349,2,3,0.697413980960846,0.7610943913459778,-0.921447217464447,2,4,0.6587103605270386,0.7519549131393433,-0.9519789814949036,2,5,0.6532831192016602,0.7373193502426147,-0.9525569677352905,2,6,0.6479849219322205,0.721415102481842,-0.952616810798645,2,7,0.7161310315132141,0.714103639125824,-0.8158015608787537,2,8,0.6319872736930847,0.6262670159339905,-0.954437792301178,2,9,0.6313632726669312,0.8044987916946411,-0.8440038561820984,2,10,0.6158528923988342,0.7798842191696167,-0.8844432234764099,2,11,0.7072694301605225,0.6356445550918579,-0.6125814318656921,2,12,0.4220834970474243,0.4242456257343292,-0.752457857131958,2,13,0.6665671467781067,0.6897588968276978,-0.13151226937770844,2,14,0.15325859189033508,0.472481369972229,-0.4811910390853882,2,15,0.6313549876213074,0.8111863732337952,0.16582070291042328,2,16,0.2553681433200836,0.8619826436042786,-0.30967846512794495,2,17,0.6491677761077881,0.8452960252761841,0.17752337455749512,2,18,0.28263676166534424,0.9179097414016724,-0.3249320685863495,2,19,0.6428837180137634,0.83554607629776,0.16357217729091644,2,20,0.3249344229698181,0.8903222680091858,-0.31205594539642334,2,21,0.6282837390899658,0.8163579702377319,0.1682305634021759,2,22,0.32488584518432617,0.869443953037262,-0.2968631982803345,2,23,0.40439572930336,0.7798129320144653,0.08527983725070953,2,24,0.269649475812912,0.6536652445793152,-0.08461590111255646,2,25,0.3328327238559723,0.8104787468910217,0.5765073299407959,2,26,0.1688453108072281,0.6489114761352539,0.4433801770210266,2,27,0.2794620096683502,0.8251363039016724,1.2018431425094604,2,28,0.1436431109905243,0.6483913064002991,0.9867469668388367,2,29,0.27385708689689636,0.7959475517272949,1.2717233896255493,2,30,0.14589647948741913,0.60141521692276,1.049134612083435,2,31,0.23867695033550262,0.941874623298645,1.2874257564544678,2,32,0.12775938212871552,0.8429375290870667,1.0101187229156494,2
0,0.6453136205673218,0.7641534209251404,-0.9247124791145325,2,1,0.6801249980926514,0.725503146648407,-0.9371509552001953,2,2,0.6908776760101318,0.7251538038253784,-0.9371026158332825,2,3,0.7029039263725281,0.7252693176269531,-0.9372140169143677,2,4,0.6566517353057861,0.7018908858299255,-0.9647130966186523,2,5,0.6510511040687561,0.6827428340911865,-0.9651995897293091,2,6,0.6452105641365051,0.6660434007644653,-0.9652010202407837,2,7,0.7196119427680969,0.6649103164672852,-0.807980477809906,2,8,0.6303285956382751,0.5505404472351074,-0.9350185394287109,2,9,0.6308345794677734,0.7652000784873962,-0.8508837819099426,2,10,0.6127574443817139,0.7344042062759399,-0.8874202370643616,2,11,0.7179712057113647,0.6315643787384033,-0.5913865566253662,2,12,0.4219183921813965,0.40626224875450134,-0.7250179648399353,2,13,0.6757656931877136,0.6938591599464417,-0.11045030504465103,2,14,0.1529005914926529,0.46874186396598816,-0.46199968457221985,2,15,0.6370094418525696,0.8149269223213196,0.2060769498348236,2,16,0.25381532311439514,0.8594704270362854,-0.3067513108253479,2,17,0.6526111960411072,0.8464569449424744,0.21848399937152863,2,18,0.27877914905548096,0.9179626703262329,-0.33091843128204346,2,19,0.6471040844917297,0.8373240232467651,0.20087161660194397,2,20,0.32493409514427185,0.889653742313385,-0.314669132232666,2,21,0.6354497075080872,0.8172323703765869,0.20568469166755676,2,22,0.3248414695262909,0.8677706718444824,-0.29443681240081787,2,23,0.4051193296909332,0.7801213264465332,0.08112440258264542,2,24,0.2706097364425659,0.6626982688903809,-0.08034659177064896,2,25,0.35666424036026,0.8292199969291687,0.6048365235328674,2,26,0.1723596453666687,0.6597001552581787,0.4587390720844269,2,27,0.33612266182899475,0.8293999433517456,1.2120187282562256,2,28,0.15062209963798523,0.6468501687049866,0.9981831908226013,2,29,0.32767394185066223,0.7975921630859375,1.2801876068115234,2,30,0.15134844183921814,0.6003270745277405,1.0607324838638306,2,31,0.31435444951057434,0.9453967213630676,1.3137588500976562,2,32,0.13727110624313354,0.8273449540138245,1.0326743125915527,2
0,0.6444841623306274,0.7711672782897949,-0.8899837732315063,2,1,0.678642213344574,0.7353781461715698,-0.9089954495429993,2,2,0.6893612742424011,0.7334809899330139,-0.9089788198471069,2,3,0.7024494409561157,0.7293691635131836,-0.9091241955757141,2,4,0.655384361743927,0.7152184844017029,-0.9385442733764648,2,5,0.6495870351791382,0.6999102830886841,-0.9390893578529358,2,6,0.6436178684234619,0.6827255487442017,-0.9391533136367798,2,7,0.7165071368217468,0.6657143831253052,-0.8082471489906311,2,8,0.6289232969284058,0.5678398013114929,-0.9413947463035583,2,9,0.6315065622329712,0.7673859000205994,-0.8253623843193054,2,10,0.612051248550415,0.7413116097450256,-0.8645376563072205,2,11,0.7185582518577576,0.6148033142089844,-0.5951020121574402,2,12,0.421733558177948,0.40067344903945923,-0.7283934354782104,2,13,0.6676652431488037,0.6959563493728638,-0.10792317986488342,2,14,0.15055988729000092,0.46804022789001465,-0.443283349275589,2,15,0.6358823776245117,0.8164176940917969,0.21778827905654907,2,16,0.252177357673645,0.8590295910835266,-0.23645760118961334,2,17,0.649418830871582,0.8468239307403564,0.23677529394626617,2,18,0.275299608707428,0.9186322093009949,-0.2456490397453308,2,19,0.6455039381980896,0.8373280763626099,0.22376520931720734,2,20,0.3249805271625519,0.8893873691558838,-0.23101544380187988,2,21,0.6332082152366638,0.8168928027153015,0.22096103429794312,2,22,0.32477837800979614,0.8663483262062073,-0.2227029651403427,2,23,0.3974851071834564,0.7767770886421204,0.08140262216329575,2,24,0.2619185745716095,0.6510373950004578,-0.08067043125629425,2,25,0.3375358581542969,0.8337492346763611,0.5942354202270508,2,26,0.16199332475662231,0.6715086102485657,0.44645485281944275,2,27,0.3018786609172821,0.848166286945343,1.2092512845993042,2,28,0.1303928643465042,0.6627220511436462,0.9835208058357239,2,29,0.2944445312023163,0.8192789554595947,1.2775020599365234,2,30,0.12997323274612427,0.6135977506637573,1.0455474853515625,2,31,0.27152472734451294,0.9632221460342407,1.2974265813827515,2,32,0.11255916953086853,0.8419972658157349,1.0122531652450562,2
0,0.6435500383377075,0.7523727416992188,-0.8920436501502991,2,1,0.6776449680328369,0.7095585465431213,-0.9053666591644287,2,2,0.6885183453559875,0.7090264558792114,-0.9053695201873779,2,3,0.7010049223899841,0.7067168951034546,-0.9055200815200806,2,4,0.6550813913345337,0.6859534978866577,-0.9358885288238525,2,5,0.6491803526878357,0.6701591610908508,-0.9363899230957031,2,6,0.6406704783439636,0.6320319771766663,-0.9364120960235596,2,7,0.7164513468742371,0.6376695036888123,-0.7856939435005188,2,8,0.6270283460617065,0.5231521725654602,-0.9235417246818542,2,9,0.6302533745765686,0.7505972385406494,-0.8205784559249878,2,10,0.6118240356445312,0.72124844789505,-0.8603073954582214,2,11,0.7262094616889954,0.6159012317657471,-0.586587131023407,2,12,0.42106837034225464,0.378005713224411,-0.7181154489517212,2,13,0.6781721115112305,0.6960582137107849,-0.0968022346496582,2,14,0.1482737511396408,0.46611881256103516,-0.4456585943698883,2,15,0.6415639519691467,0.8154623508453369,0.1930132508277893,2,16,0.24966126680374146,0.8571528196334839,-0.2820635139942169,2,17,0.6568721532821655,0.8469500541687012,0.20590762794017792,2,18,0.27337896823883057,0.9190399646759033,-0.3023342788219452,2,19,0.6503052115440369,0.8368176817893982,0.19133345782756805,2,20,0.32433876395225525,0.8890512585639954,-0.2824932038784027,2,21,0.6408897042274475,0.8167934417724609,0.19359204173088074,2,22,0.32368019223213196,0.8656057715415955,-0.2678312361240387,2,23,0.3968101441860199,0.7725425362586975,0.07939636707305908,2,24,0.26392847299575806,0.653296947479248,-0.07866226136684418,2,25,0.33553797006607056,0.813904345035553,0.5943419337272644,2,26,0.1627078354358673,0.6186707615852356,0.4629043638706207,2,27,0.3001776933670044,0.8308838605880737,1.1992356777191162,2,28,0.13991931080818176,0.5802714824676514,0.999822199344635,2,29,0.2936786115169525,0.8059156537055969,1.266724705696106,2,30,0.13916724920272827,0.5288670063018799,1.061340093612671,2,31,0.2673138976097107,0.9551416635513306,1.2885193824768066,2,32,0.12466802448034286,0.7546575665473938,1.029627799987793,2
0,0.6442195773124695,0.7110067009925842,-1.0409873723983765,2,1,0.6799689531326294,0.6676375865936279,-1.047186255455017,2,2,0.6911459565162659,0.6679864525794983,-1.0471032857894897,2,3,0.704267680644989,0.6666943430900574,-1.0472004413604736,2,4,0.6552528738975525,0.6442452073097229,-1.0779249668121338,2,5,0.6484789252281189,0.6257615089416504,-1.0784168243408203,2,6,0.6400753855705261,0.6017000079154968,-1.0783878564834595,2,7,0.7155445218086243,0.6061177253723145,-0.8795025944709778,2,8,0.6265578866004944,0.4869314134120941,-1.0192978382110596,2,9,0.6311202645301819,0.7160107493400574,-0.9525683522224426,2,10,0.6112330555915833,0.6912651658058167,-0.993213415145874,2,11,0.7101419568061829,0.5813958048820496,-0.6330395936965942,2,12,0.42095115780830383,0.3635655641555786,-0.7807908654212952,2,13,0.6925255656242371,0.6819054484367371,-0.13282635807991028,2,14,0.1483280509710312,0.4565320909023285,-0.5297728776931763,2,15,0.642055094242096,0.8030151128768921,0.14714525640010834,2,16,0.24814815819263458,0.8551266193389893,-0.37270328402519226,2,17,0.66159987449646,0.846301257610321,0.1573571413755417,2,18,0.26771101355552673,0.9189940690994263,-0.40288907289505005,2,19,0.653735339641571,0.8366838693618774,0.13370850682258606,2,20,0.32258376479148865,0.8890529870986938,-0.3905376195907593,2,21,0.6420121788978577,0.815119206905365,0.14379388093948364,2,22,0.3205163776874542,0.8654654622077942,-0.36306458711624146,2,23,0.4064105451107025,0.7665999531745911,0.07969795167446136,2,24,0.2758432924747467,0.6532478928565979,-0.07898201793432236,2,25,0.37043464183807373,0.8054824471473694,0.6401405334472656,2,26,0.1639629304409027,0.6152622699737549,0.49096494913101196,2,27,0.33326926827430725,0.8116344213485718,1.2668750286102295,2,28,0.14625482261180878,0.5784053206443787,1.042926549911499,2,29,0.3230678141117096,0.7860893607139587,1.337140440940857,2,30,0.14780350029468536,0.5288592576980591,1.1061749458312988,2,31,0.31868264079093933,0.9037757515907288,1.3713396787643433,2,32,0.12919874489307404,0.7549819350242615,1.0749225616455078,2
0,0.6434327363967896,0.667705237865448,-1.0965651273727417,2,1,0.6792289614677429,0.6250618100166321,-1.107155203819275,2,2,0.6911352276802063,0.6221829652786255,-1.107046127319336,2,3,0.7039020657539368,0.6225129961967468,-1.107173204421997,2,4,0.6533858180046082,0.5994886755943298,-1.1366616487503052,2,5,0.6418403387069702,0.5795295238494873,-1.1372164487838745,2,6,0.6318352818489075,0.5532087683677673,-1.1372159719467163,2,7,0.7156428098678589,0.5620758533477783,-0.9434524774551392,2,8,0.615536630153656,0.42513391375541687,-1.0789719820022583,2,9,0.6305872797966003,0.6749423146247864,-1.0072503089904785,2,10,0.6099253296852112,0.6463127732276917,-1.0467835664749146,2,11,0.708448052406311,0.5575843453407288,-0.6954413652420044,2,12,0.4209560751914978,0.3352292478084564,-0.8145757913589478,2,13,0.6836768984794617,0.6764459013938904,-0.17763948440551758,2,14,0.14821627736091614,0.4498383104801178,-0.5438212156295776,2,15,0.6398872137069702,0.8008297085762024,0.09970609843730927,2,16,0.24749773740768433,0.855221152305603,-0.3766859471797943,2,17,0.6624050140380859,0.8465119004249573,0.11027728021144867,2,18,0.2686171233654022,0.9213852286338806,-0.4030638337135315,2,19,0.6546037197113037,0.8366527557373047,0.08321689814329147,2,20,0.32261422276496887,0.8895215392112732,-0.3866707384586334,2,21,0.6420180797576904,0.814697802066803,0.09761550277471542,2,22,0.32052502036094666,0.8656801581382751,-0.3643847107887268,2,23,0.4067921042442322,0.7615699172019958,0.07576896250247955,2,24,0.2821060121059418,0.6503954529762268,-0.07515033334493637,2,25,0.365741103887558,0.7907111048698425,0.6451514363288879,2,26,0.16664882004261017,0.6214475035667419,0.5095621347427368,2,27,0.3112320005893707,0.7796148657798767,1.3014222383499146,2,28,0.1481063812971115,0.594970166683197,1.0815584659576416,2,29,0.30244049429893494,0.7505230903625488,1.375004529953003,2,30,0.14872196316719055,0.5503883361816406,1.147019624710083,2,31,0.27662909030914307,0.8904351592063904,1.3991268873214722,2,32,0.13346104323863983,0.7965331673622131,1.1100389957427979,2
0,0.642337441444397,0.6299670934677124,-1.1952190399169922,2,1,0.6787282824516296,0.5863204598426819,-1.2011463642120361,2,2,0.6903190016746521,0.5812477469444275,-1.201001524925232,2,3,0.7027478814125061,0.577901303768158,-1.2011096477508545,2,4,0.6448112726211548,0.5677811503410339,-1.2335230112075806,2,5,0.6303590536117554,0.5484668016433716,-1.2341111898422241,2,6,0.616897463798523,0.524232029914856,-1.2341463565826416,2,7,0.714556872844696,0.5186616778373718,-1.0120950937271118,2,8,0.5975518822669983,0.4082644581794739,-1.161287784576416,2,9,0.6300457119941711,0.6384774446487427,-1.0966181755065918,2,10,0.6080411076545715,0.613257646560669,-1.1400142908096313,2,11,0.7078090310096741,0.5261496305465698,-0.7517969608306885,2,12,0.4208756387233734,0.31729063391685486,-0.89190274477005,2,13,0.6911468505859375,0.6584456562995911,-0.2377711832523346,2,14,0.14824849367141724,0.4390401840209961,-0.6462823152542114,2,15,0.6542016863822937,0.79700767993927,-0.006429527886211872,2,16,0.24914070963859558,0.8542136549949646,-0.5017596483230591,2,17,0.672382116317749,0.8466092348098755,-0.00840200949460268,2,18,0.272918164730072,0.9215633273124695,-0.5414360165596008,2,19,0.6595972180366516,0.8366879224777222,-0.04473412409424782,2,20,0.32512637972831726,0.8893866539001465,-0.5233063101768494,2,21,0.648262083530426,0.8147179484367371,-0.012401162646710873,2,22,0.32334384322166443,0.8643945455551147,-0.48826122283935547,2,23,0.40752097964286804,0.7596556544303894,0.07494961470365524,2,24,0.28190186619758606,0.6450498104095459,-0.07438454031944275,2,25,0.3472835421562195,0.7730761766433716,0.7219051122665405,2,26,0.16856074333190918,0.613593578338623,0.5762327909469604,2,27,0.2981678247451782,0.7518008351325989,1.4334425926208496,2,28,0.16855065524578094,0.5972437262535095,1.2218563556671143,2,29,0.2917129099369049,0.7217507362365723,1.514559268951416,2,30,0.1747588962316513,0.5526136159896851,1.296085000038147,2,31,0.2644439935684204,0.8663163781166077,1.5319066047668457,2,32,0.15547944605350494,0.7948363423347473,1.2647626399993896,2
0,0.6360716223716736,0.6146260499954224,-1.0909544229507446,2,1,0.6684665083885193,0.5689539909362793,-1.1015375852584839,2,2,0.678597629070282,0.56379634141922,-1.101452112197876,2,3,0.6888762712478638,0.5587433576583862,-1.101605772972107,2,4,0.640680193901062,0.5557238459587097,-1.134400486946106,2,5,0.6285557150840759,0.5402074456214905,-1.1350053548812866,2,6,0.6168314814567566,0.5215340852737427,-1.1350735425949097,2,7,0.7033830285072327,0.5005098581314087,-0.940221905708313,2,8,0.5941327810287476,0.4154150187969208,-1.0902354717254639,2,9,0.6281136870384216,0.6184422373771667,-1.0035169124603271,2,10,0.607166588306427,0.600121796131134,-1.047209620475769,2,11,0.707191526889801,0.5057326555252075,-0.715855062007904,2,12,0.4205802381038666,0.301397442817688,-0.8357574343681335,2,13,0.7017303109169006,0.6532719135284424,-0.2156703919172287,2,14,0.14837826788425446,0.43728014826774597,-0.5997018814086914,2,15,0.6606085300445557,0.7984737753868103,0.013983836397528648,2,16,0.24954725801944733,0.8554714322090149,-0.4674926698207855,2,17,0.6759560108184814,0.85490483045578,0.011237425729632378,2,18,0.27524664998054504,0.9243565201759338,-0.5041259527206421,2,19,0.6635635495185852,0.8436571955680847,-0.023495716974139214,2,20,0.32542598247528076,0.8914982676506042,-0.48635777831077576,2,21,0.6524978876113892,0.8192412257194519,0.008439677767455578,2,22,0.32335880398750305,0.8661221861839294,-0.45378389954566956,2,23,0.4079245924949646,0.7600283026695251,0.0688246488571167,2,24,0.2817337214946747,0.6429030299186707,-0.06832221150398254,2,25,0.3438769578933716,0.7542432546615601,0.6807838082313538,2,26,0.17269833385944366,0.6120604872703552,0.55430006980896,2,27,0.2970004975795746,0.7159104943275452,1.3582719564437866,2,28,0.1758849173784256,0.5951409339904785,1.1742554903030396,2,29,0.29243409633636475,0.6783655881881714,1.4357606172561646,2,30,0.18331772089004517,0.5497750043869019,1.245620608329773,2,31,0.2607012987136841,0.8222013711929321,1.4569263458251953,2,32,0.17043285071849823,0.6936521530151367,1.221048355102539,2
0,0.6352918148040771,0.5953842997550964,-1.078912377357483,2,1,0.6673265099525452,0.5540624856948853,-1.0898768901824951,2,2,0.678132951259613,0.5512568354606628,-1.0897960662841797,2,3,0.6889914870262146,0.5482075214385986,-1.0899513959884644,2,4,0.6398407816886902,0.5319241285324097,-1.1204571723937988,2,5,0.6284989714622498,0.5132360458374023,-1.1210157871246338,2,6,0.6174832582473755,0.49214234948158264,-1.1211035251617432,2,7,0.7034234404563904,0.49455899000167847,-0.9232200384140015,2,8,0.59587162733078,0.38987207412719727,-1.0635615587234497,2,9,0.6280586123466492,0.6007890701293945,-0.9883854985237122,2,10,0.6068451404571533,0.5769729018211365,-1.029166579246521,2,11,0.7075293660163879,0.5046254396438599,-0.694297730922699,2,12,0.4206877648830414,0.29318490624427795,-0.807709276676178,2,13,0.6982990503311157,0.6565953493118286,-0.19078205525875092,2,14,0.14839427173137665,0.4369797706604004,-0.5802847743034363,2,15,0.6576592922210693,0.8064895272254944,0.04874436929821968,2,16,0.2499563843011856,0.8568406701087952,-0.4464431703090668,2,17,0.672280490398407,0.8660629391670227,0.05122300609946251,2,18,0.2772039771080017,0.9256216883659363,-0.488780677318573,2,19,0.6620117425918579,0.8523726463317871,0.024394528940320015,2,20,0.32609307765960693,0.8919615149497986,-0.476065993309021,2,21,0.6513580679893494,0.8293978571891785,0.04580244794487953,2,22,0.32354485988616943,0.8665141463279724,-0.43856433033943176,2,23,0.410092294216156,0.7715182900428772,0.06165523827075958,2,24,0.2728165090084076,0.6319054365158081,-0.06118278577923775,2,25,0.3383547067642212,0.778151273727417,0.6589586734771729,2,26,0.172821506857872,0.6176400184631348,0.5502989292144775,2,27,0.29149654507637024,0.7738155722618103,1.3217740058898926,2,28,0.1804000735282898,0.6452222466468811,1.1574057340621948,2,29,0.2885231375694275,0.6821894645690918,1.3975437879562378,2,30,0.1899833232164383,0.6034093499183655,1.227569580078125,2,31,0.24723759293556213,0.8890882730484009,1.4124939441680908,2,32,0.16828109323978424,0.8105037212371826,1.2017244100570679,2
0,0.6331251859664917,0.5579976439476013,-1.0795891284942627,2,1,0.6641702055931091,0.5167118310928345,-1.0898150205612183,2,2,0.6746824383735657,0.5140029788017273,-1.0897523164749146,2,3,0.6863864064216614,0.5089061260223389,-1.0899266004562378,2,4,0.6364277601242065,0.4968787729740143,-1.1190204620361328,2,5,0.6249226927757263,0.47825440764427185,-1.1195467710494995,2,6,0.613189697265625,0.45640072226524353,-1.1196248531341553,2,7,0.7026705145835876,0.4471687376499176,-0.9109312891960144,2,8,0.5910106897354126,0.35498061776161194,-1.0455623865127563,2,9,0.6279612183570862,0.5674949884414673,-0.9831823110580444,2,10,0.6052656173706055,0.5442432165145874,-1.0216856002807617,2,11,0.7098366022109985,0.48256418108940125,-0.685493528842926,2,12,0.4183090329170227,0.2782750725746155,-0.7879069447517395,2,13,0.6968933343887329,0.6306638717651367,-0.18575230240821838,2,14,0.1460772603750229,0.43756523728370667,-0.5770595073699951,2,15,0.6584072113037109,0.8066621422767639,0.04174031689763069,2,16,0.24995489418506622,0.8642681837081909,-0.43792152404785156,2,17,0.6727794408798218,0.8657984137535095,0.03677020221948624,2,18,0.27756693959236145,0.9297255873680115,-0.4774111211299896,2,19,0.662120521068573,0.8516753315925598,-0.0009109044331125915,2,20,0.32636669278144836,0.8963502645492554,-0.4577177166938782,2,21,0.6517208814620972,0.8290753960609436,0.035006601363420486,2,22,0.32362785935401917,0.8717880845069885,-0.4247018098831177,2,23,0.4128885865211487,0.7720487713813782,0.0542171411216259,2,24,0.27752208709716797,0.6452175974845886,-0.05377160385251045,2,25,0.34686174988746643,0.7489590644836426,0.6638796329498291,2,26,0.1935053914785385,0.6108940839767456,0.578673779964447,2,27,0.3095598816871643,0.6405186653137207,1.3295866250991821,2,28,0.2183213084936142,0.5954245328903198,1.1871459484100342,2,29,0.30312925577163696,0.6428767442703247,1.4074203968048096,2,30,0.2299358993768692,0.5510613918304443,1.25919771194458,2,31,0.267482727766037,0.8003334999084473,1.4377293586730957,2,32,0.20832209289073944,0.7429326772689819,1.2578327655792236,2
0,0.6244627833366394,0.5328289866447449,-0.9118145108222961,2,1,0.6533759236335754,0.49310946464538574,-0.9270262122154236,2,2,0.6620591282844543,0.4909326136112213,-0.9270962476730347,2,3,0.6714459657669067,0.48763760924339294,-0.9273428320884705,2,4,0.6297403573989868,0.4750715494155884,-0.9514375925064087,2,5,0.6195094585418701,0.458042711019516,-0.9518423080444336,2,6,0.6086609363555908,0.4374611973762512,-0.9518325924873352,2,7,0.6893665790557861,0.4276154637336731,-0.7730087041854858,2,8,0.587355375289917,0.33630937337875366,-0.8800610899925232,2,9,0.6205742359161377,0.5398745536804199,-0.8256251811981201,2,10,0.5996134281158447,0.517608106136322,-0.8564960956573486,2,11,0.7069761157035828,0.4424656331539154,-0.5731533765792847,2,12,0.40827691555023193,0.2664036154747009,-0.615160346031189,2,13,0.6899624466896057,0.5937827229499817,-0.05512529984116554,2,14,0.1462605595588684,0.4358384907245636,-0.3885038197040558,2,15,0.6558723449707031,0.8000304102897644,0.16640177369117737,2,16,0.25126010179519653,0.8642194271087646,-0.29424068331718445,2,17,0.6712474226951599,0.8612314462661743,0.17201034724712372,2,18,0.2796812355518341,0.9296543598175049,-0.32066309452056885,2,19,0.6616785526275635,0.8489412069320679,0.13394413888454437,2,20,0.32647931575775146,0.8965296745300293,-0.2981664836406708,2,21,0.6513880491256714,0.8248099684715271,0.16028763353824615,2,22,0.3236680030822754,0.8717450499534607,-0.2791794538497925,2,23,0.41215404868125916,0.7683220505714417,0.055848393589258194,2,24,0.2764306664466858,0.6592251062393188,-0.055489420890808105,2,25,0.34678876399993896,0.7625571489334106,0.6136066317558289,2,26,0.19311325252056122,0.6308841109275818,0.555935263633728,2,27,0.30754679441452026,0.67681485414505,1.2097846269607544,2,28,0.2081436812877655,0.6899539232254028,1.080155611038208,2,29,0.30962133407592773,0.7523220777511597,1.2788807153701782,2,30,0.21577098965644836,0.6520309448242188,1.1406171321868896,2,31,0.268000066280365,0.9066729545593262,1.3039125204086304,2,32,0.20422139763832092,0.8593192100524902,1.141511082649231,2
0,0.6272833347320557,0.5048878788948059,-0.785313069820404,2,1,0.6554828882217407,0.46157345175743103,-0.7904008626937866,2,2,0.6634105443954468,0.46054619550704956,-0.790447473526001,2,3,0.6726059317588806,0.45750683546066284,-0.7906232476234436,2,4,0.6322121024131775,0.43798571825027466,-0.8152952790260315,2,5,0.6213703155517578,0.41857239603996277,-0.8155838251113892,2,6,0.6092231273651123,0.39647600054740906,-0.8154973387718201,2,7,0.6907059550285339,0.3979906737804413,-0.6309354901313782,2,8,0.5889626145362854,0.3035691976547241,-0.7393609285354614,2,9,0.621365487575531,0.5221804976463318,-0.7031276226043701,2,10,0.6000481843948364,0.49584588408470154,-0.733960747718811,2,11,0.7067030072212219,0.44257473945617676,-0.4552539587020874,2,12,0.4064153730869293,0.2648027241230011,-0.48907122015953064,2,13,0.6885687708854675,0.5985475778579712,0.026366064324975014,2,14,0.14626231789588928,0.43668434023857117,-0.29205307364463806,2,15,0.6621617078781128,0.7971835136413574,0.2173732966184616,2,16,0.250137597322464,0.8657363057136536,-0.21136082708835602,2,17,0.6766368746757507,0.8597241640090942,0.21903888881206512,2,18,0.28009292483329773,0.9299547076225281,-0.24009303748607635,2,19,0.6644605994224548,0.8486493229866028,0.18174868822097778,2,20,0.32656505703926086,0.8980204463005066,-0.20736163854599,2,21,0.6540880799293518,0.8245171904563904,0.20950952172279358,2,22,0.3235175907611847,0.8730430603027344,-0.1934986561536789,2,23,0.4185808598995209,0.760033905506134,0.05726819857954979,2,24,0.2818632125854492,0.6705203652381897,-0.0569634772837162,2,25,0.39506250619888306,0.723229169845581,0.5672726035118103,2,26,0.225328728556633,0.6175075769424438,0.5116223692893982,2,27,0.35086581110954285,0.6460831165313721,1.0720046758651733,2,28,0.26162806153297424,0.6544642448425293,0.9462535381317139,2,29,0.37462034821510315,0.7076483368873596,1.130667805671692,2,30,0.27402037382125854,0.6237779855728149,0.9967671036720276,2,31,0.34574535489082336,0.8606356978416443,1.1862294673919678,2,32,0.2534983456134796,0.8004580140113831,1.0215847492218018,2
0,0.6224596500396729,0.5032527446746826,-0.7907435894012451,2,1,0.650863528251648,0.4620964825153351,-0.8012213110923767,2,2,0.6588513851165771,0.461184561252594,-0.8012835383415222,2,3,0.6681159138679504,0.45856431126594543,-0.8014617562294006,2,4,0.6286029815673828,0.43893325328826904,-0.8257625102996826,2,5,0.6185469031333923,0.41952750086784363,-0.8260701298713684,2,6,0.6074979901313782,0.3972565829753876,-0.8259994387626648,2,7,0.6855003237724304,0.39881035685539246,-0.6487624645233154,2,8,0.5869277119636536,0.30120959877967834,-0.7562950253486633,2,9,0.617662250995636,0.5125430226325989,-0.7087279558181763,2,10,0.5976032018661499,0.4857059121131897,-0.7394589781761169,2,11,0.700201153755188,0.4270678460597992,-0.47012248635292053,2,12,0.4003245234489441,0.2415887862443924,-0.5031322836875916,2,13,0.6674260497093201,0.5757555961608887,0.014602499082684517,2,14,0.15012161433696747,0.4392605721950531,-0.31821295619010925,2,15,0.6603600978851318,0.7776473164558411,0.20587635040283203,2,16,0.24899670481681824,0.8696613907814026,-0.25715339183807373,2,17,0.6752879619598389,0.850441575050354,0.20784316956996918,2,18,0.2799648344516754,0.9344494938850403,-0.28791671991348267,2,19,0.6647176742553711,0.8400494456291199,0.17158307135105133,2,20,0.32661697268486023,0.9025350213050842,-0.2560344636440277,2,21,0.6546210646629333,0.8106005787849426,0.19837632775306702,2,22,0.32324841618537903,0.8775763511657715,-0.23976686596870422,2,23,0.41746893525123596,0.7593631744384766,0.05817795544862747,2,24,0.28170642256736755,0.675251305103302,-0.057911358773708344,2,25,0.38524532318115234,0.7333029508590698,0.576511561870575,2,26,0.21779343485832214,0.6342705488204956,0.5101856589317322,2,27,0.3483726680278778,0.6557878851890564,1.1192843914031982,2,28,0.24285341799259186,0.6860630512237549,0.9796782732009888,2,29,0.3586936593055725,0.7030766606330872,1.1814996004104614,2,30,0.2539670169353485,0.6520843505859375,1.0345388650894165,2,31,0.3261164426803589,0.858971118927002,1.2226135730743408,2,32,0.2291436344385147,0.8343590497970581,1.0404815673828125,2
0,0.6202667355537415,0.46174004673957825,-0.8470872044563293,2,1,0.6491479873657227,0.4244641065597534,-0.8592579364776611,2,2,0.6576111912727356,0.42262014746665955,-0.8592937588691711,2,3,0.6670745015144348,0.4198976755142212,-0.8595050573348999,2,4,0.6269865036010742,0.40273815393447876,-0.887246310710907,2,5,0.6173141598701477,0.3845667243003845,-0.8875784277915955,2,6,0.6068004965782166,0.3638947606086731,-0.8875534534454346,2,7,0.6837015151977539,0.3630164563655853,-0.7020909786224365,2,8,0.5851433873176575,0.2708054184913635,-0.8252896070480347,2,9,0.6150892972946167,0.4689846336841583,-0.7617467641830444,2,10,0.5953399538993835,0.44163981080055237,-0.7970288991928101,2,11,0.6960890293121338,0.389845609664917,-0.5014657378196716,2,12,0.3988538980484009,0.21071019768714905,-0.5674760341644287,2,13,0.6621425747871399,0.5527231693267822,-0.017202578485012054,2,14,0.15721318125724792,0.4480312466621399,-0.3764553666114807,2,15,0.6591216921806335,0.7729975581169128,0.18514567613601685,2,16,0.24938254058361053,0.8774693608283997,-0.30101197957992554,2,17,0.6747657060623169,0.8443902730941772,0.20563942193984985,2,18,0.2813892066478729,0.9403650164604187,-0.35224446654319763,2,19,0.6651672720909119,0.834477961063385,0.13265804946422577,2,20,0.32673242688179016,0.9088277816772461,-0.32598111033439636,2,21,0.655147135257721,0.8052094578742981,0.19606879353523254,2,22,0.3232472836971283,0.8852782249450684,-0.28769615292549133,2,23,0.41404545307159424,0.744283139705658,0.058922719210386276,2,24,0.2791934013366699,0.6744337677955627,-0.058633577078580856,2,25,0.3803931474685669,0.7315787672996521,0.6181565523147583,2,26,0.2246435433626175,0.631345808506012,0.5504650473594666,2,27,0.3427174687385559,0.6410529017448425,1.1847566366195679,2,28,0.2591225802898407,0.6298408508300781,1.0875993967056274,2,29,0.34965279698371887,0.618834912776947,1.2502460479736328,2,30,0.28096112608909607,0.6381332278251648,1.147927165031433,2,31,0.3334604799747467,0.8246617317199707,1.3011833429336548,2,32,0.2584858536720276,0.7323526740074158,1.1739493608474731,2
0,0.6149619221687317,0.3935577869415283,-0.8614016175270081,2,1,0.6441172361373901,0.35109591484069824,-0.8711854815483093,2,2,0.6537342667579651,0.34902891516685486,-0.8712748289108276,2,3,0.6647254228591919,0.344778835773468,-0.8715789318084717,2,4,0.6193738579750061,0.327396035194397,-0.9032585620880127,2,5,0.608790397644043,0.30857011675834656,-0.9035564661026001,2,6,0.5971760153770447,0.28672781586647034,-0.9035179018974304,2,7,0.682233989238739,0.2791842222213745,-0.7031969428062439,2,8,0.5703317523002625,0.19071237742900848,-0.8445059061050415,2,9,0.6102873086929321,0.40575459599494934,-0.7724034190177917,2,10,0.5867179036140442,0.37533876299858093,-0.8126986026763916,2,11,0.6840186715126038,0.3207235038280487,-0.5077878832817078,2,12,0.3935728073120117,0.16073516011238098,-0.5901392698287964,2,13,0.6458470225334167,0.5333295464515686,-0.03938673064112663,2,14,0.16671432554721832,0.45134761929512024,-0.3977256119251251,2,15,0.6584002375602722,0.7707106471061707,0.08007080852985382,2,16,0.24916790425777435,0.8798695206642151,-0.32797175645828247,2,17,0.6741363406181335,0.8408043384552002,0.07156150043010712,2,18,0.28139421343803406,0.9413854479789734,-0.378846138715744,2,19,0.6646074652671814,0.8338101506233215,0.01744088903069496,2,20,0.32744044065475464,0.9099234342575073,-0.36087557673454285,2,21,0.6543594598770142,0.8041797280311584,0.0686262920498848,2,22,0.3238454759120941,0.8864131569862366,-0.31981420516967773,2,23,0.4130193293094635,0.736361026763916,0.059180062264204025,2,24,0.27245083451271057,0.6746903657913208,-0.05905204266309738,2,25,0.38658884167671204,0.7760499119758606,0.6439149975776672,2,26,0.22083339095115662,0.6711006164550781,0.5558306574821472,2,27,0.3733961284160614,0.7446345686912537,1.2419416904449463,2,28,0.26938125491142273,0.6324630379676819,1.1260536909103394,2,29,0.3716643452644348,0.7021161913871765,1.3114337921142578,2,30,0.28133493661880493,0.6436899304389954,1.1911747455596924,2,31,0.3556405007839203,0.8279545903205872,1.3577605485916138,2,32,0.2750561833381653,0.7741518020629883,1.2189602851867676,2
0,0.6152346134185791,0.3689701557159424,-0.7666997909545898,2,1,0.6428571939468384,0.3260338008403778,-0.7713451981544495,2,2,0.6519986987113953,0.3228664696216583,-0.771492063999176,2,3,0.6623262166976929,0.3185163140296936,-0.7718183994293213,2,4,0.6195657849311829,0.30624547600746155,-0.8086896538734436,2,5,0.6095080971717834,0.28934621810913086,-0.8089368939399719,2,6,0.5985596179962158,0.2704703211784363,-0.8089049458503723,2,7,0.6745902299880981,0.25096938014030457,-0.606389045715332,2,8,0.5699018836021423,0.18263234198093414,-0.7691999077796936,2,9,0.6082996129989624,0.3807082176208496,-0.6812440156936646,2,10,0.5864632725715637,0.3529776632785797,-0.7277114391326904,2,11,0.6749755144119263,0.2937387526035309,-0.4419770836830139,2,12,0.39026039838790894,0.14162543416023254,-0.5341521501541138,2,13,0.6387908458709717,0.5140113830566406,-0.019747907295823097,2,14,0.16859294474124908,0.4500325918197632,-0.36293965578079224,2,15,0.657821536064148,0.7666712403297424,0.08645863831043243,2,16,0.2500903010368347,0.8797538876533508,-0.3016580641269684,2,17,0.6737186908721924,0.8350105285644531,0.07868175953626633,2,18,0.285857617855072,0.9428768157958984,-0.3386828303337097,2,19,0.6642140746116638,0.8332482576370239,0.03353910520672798,2,20,0.3291502296924591,0.9114741086959839,-0.3154442608356476,2,21,0.6542282104492188,0.8041060566902161,0.0751846581697464,2,22,0.3261648714542389,0.8876351714134216,-0.28911855816841125,2,23,0.413187712430954,0.7367962598800659,0.06163095310330391,2,24,0.26992109417915344,0.6851065754890442,-0.061719026416540146,2,25,0.3872588574886322,0.775394856929779,0.629750669002533,2,26,0.22435228526592255,0.6715316772460938,0.5368804335594177,2,27,0.36984315514564514,0.7393314242362976,1.1962621212005615,2,28,0.2780182659626007,0.63844233751297,1.0855653285980225,2,29,0.3676111400127411,0.6925414800643921,1.2630250453948975,2,30,0.2879325747489929,0.6379287838935852,1.1479166746139526,2,31,0.35527557134628296,0.7993876934051514,1.3182389736175537,2,32,0.2784852683544159,0.6972068548202515,1.184236764907837,2
0,0.6141843795776367,0.33611518144607544,-0.7941923141479492,2,1,0.6393649578094482,0.296449214220047,-0.8005101084709167,2,2,0.647720456123352,0.29347965121269226,-0.800642192363739,2,3,0.6572225689888,0.2895386219024658,-0.8009763956069946,2,4,0.6168472170829773,0.2813320755958557,-0.8356176614761353,2,5,0.6070420742034912,0.267286092042923,-0.8359216451644897,2,6,0.5965399146080017,0.251388281583786,-0.8359841704368591,2,7,0.6643028259277344,0.22507846355438232,-0.6410006284713745,2,8,0.5658806562423706,0.17107516527175903,-0.7937933802604675,2,9,0.6064636707305908,0.34580278396606445,-0.710333526134491,2,10,0.5850670337677002,0.322701096534729,-0.7540013194084167,2,11,0.6768249273300171,0.2749505043029785,-0.46768084168434143,2,12,0.3867504894733429,0.13094261288642883,-0.5638898015022278,2,13,0.6472025513648987,0.5053527355194092,-0.048758212476968765,2,14,0.17357812821865082,0.44495993852615356,-0.39221227169036865,2,15,0.657757580280304,0.7643410563468933,0.02052374742925167,2,16,0.24910235404968262,0.8803102970123291,-0.3613089621067047,2,17,0.6737490892410278,0.8335731029510498,0.013437001965939999,2,18,0.2805631756782532,0.9447986483573914,-0.39777979254722595,2,19,0.6626490950584412,0.8322550058364868,-0.025198789313435555,2,20,0.3275999128818512,0.9137306213378906,-0.37027591466903687,2,21,0.6524670124053955,0.8022214770317078,0.010498986579477787,2,22,0.3254721462726593,0.8896539211273193,-0.3460690379142761,2,23,0.42179495096206665,0.7299350500106812,0.06176863610744476,2,24,0.27064430713653564,0.6803533434867859,-0.06186545267701149,2,25,0.38773447275161743,0.7872896790504456,0.6107848882675171,2,26,0.22248683869838715,0.6856129765510559,0.5047751069068909,2,27,0.37514927983283997,0.7554548978805542,1.1535025835037231,2,28,0.2721797227859497,0.6677700281143188,1.0389811992645264,2,29,0.3736564517021179,0.7085496783256531,1.2177175283432007,2,30,0.2815871834754944,0.6443607807159424,1.1006368398666382,2,31,0.36381104588508606,0.8087001442909241,1.2686386108398438,2,32,0.272894948720932,0.7069448828697205,1.1454663276672363,2
0,0.6143226623535156,0.32883232831954956,-0.8513267040252686,2,1,0.6395560503005981,0.2868039608001709,-0.8587104082107544,2,2,0.6484079957008362,0.2820574641227722,-0.8588938117027283,2,3,0.6583359837532043,0.2757607102394104,-0.859344482421875,2,4,0.6160280704498291,0.2740497291088104,-0.8996759057044983,2,5,0.6063741445541382,0.26054847240448,-0.9000334143638611,2,6,0.5961196422576904,0.24497683346271515,-0.9002130031585693,2,7,0.6662765741348267,0.212539941072464,-0.6873070597648621,2,8,0.5671714544296265,0.16371166706085205,-0.8657132983207703,2,9,0.6067922711372375,0.3353375792503357,-0.7618479132652283,2,10,0.5852049589157104,0.3145240545272827,-0.8130318522453308,2,11,0.677914023399353,0.2768244445323944,-0.5017258524894714,2,12,0.3874133229255676,0.12344163656234741,-0.6433875560760498,2,13,0.6731904745101929,0.5146985650062561,-0.139133483171463,2,14,0.1776440292596817,0.4362052381038666,-0.511369526386261,2,15,0.6684838533401489,0.7678936123847961,-0.09588512778282166,2,16,0.2488948553800583,0.8839368224143982,-0.4803043007850647,2,17,0.6828903555870056,0.83645099401474,-0.1142633706331253,2,18,0.2776780426502228,0.9480552673339844,-0.5253113508224487,2,19,0.666381299495697,0.8399156332015991,-0.1552223116159439,2,20,0.32776281237602234,0.9161112308502197,-0.502352774143219,2,21,0.65587317943573,0.8118948340415955,-0.10881563276052475,2,22,0.32605090737342834,0.8927321434020996,-0.46621227264404297,2,23,0.4263729155063629,0.7256908416748047,0.06196962296962738,2,24,0.2720712125301361,0.680018424987793,-0.06205366551876068,2,25,0.3856949508190155,0.79002845287323,0.6273654103279114,2,26,0.2183421552181244,0.6954660415649414,0.5102860331535339,2,27,0.3689349293708801,0.7577860951423645,1.2066534757614136,2,28,0.2665536105632782,0.6805055737495422,1.0939229726791382,2,29,0.37157073616981506,0.713373064994812,1.2739198207855225,2,30,0.28092145919799805,0.6481485366821289,1.160316824913025,2,31,0.3541586995124817,0.8109784126281738,1.3143864870071411,2,32,0.26358017325401306,0.7179086804389954,1.1785061359405518,2
0,0.614646852016449,0.29004091024398804,-0.8348841071128845,2,1,0.6399346590042114,0.24435466527938843,-0.8423494696617126,2,2,0.6490280032157898,0.23945577442646027,-0.8425208330154419,2,3,0.660206139087677,0.2328103631734848,-0.8428846001625061,2,4,0.616664469242096,0.2311132401227951,-0.8764094710350037,2,5,0.6064336895942688,0.21660535037517548,-0.8766891956329346,2,6,0.5953152775764465,0.1988251507282257,-0.8768636584281921,2,7,0.6711278557777405,0.16257861256599426,-0.6731427907943726,2,8,0.561998188495636,0.10481571406126022,-0.8200649619102478,2,9,0.6070654392242432,0.29915598034858704,-0.7460548877716064,2,10,0.585490882396698,0.2794216275215149,-0.7881441712379456,2,11,0.6870813965797424,0.24116307497024536,-0.47901836037635803,2,12,0.38600459694862366,0.11573654413223267,-0.5794512033462524,2,13,0.6763219237327576,0.5030043125152588,-0.11606838554143906,2,14,0.18238131701946259,0.4339236319065094,-0.40825751423835754,2,15,0.6669420003890991,0.7687657475471497,-0.01177125796675682,2,16,0.2492895871400833,0.883789598941803,-0.340637743473053,2,17,0.6829995512962341,0.8372911810874939,-0.02100859209895134,2,18,0.2771623432636261,0.9478139281272888,-0.3694295585155487,2,19,0.6661433577537537,0.8417346477508545,-0.06038723886013031,2,20,0.32732880115509033,0.9160693287849426,-0.34990638494491577,2,21,0.6543328166007996,0.8130719661712646,-0.02239353023469448,2,22,0.32603156566619873,0.8925619721412659,-0.32602658867836,2,23,0.4398345947265625,0.7239112854003906,0.05216391757130623,2,24,0.288475900888443,0.6777763366699219,-0.052216846495866776,2,25,0.39253339171409607,0.8014203906059265,0.6075271964073181,2,26,0.218772754073143,0.7091691493988037,0.5039738416671753,2,27,0.3703789710998535,0.769563615322113,1.137825608253479,2,28,0.26258614659309387,0.6893040537834167,1.0348589420318604,2,29,0.36976584792137146,0.728388786315918,1.1991519927978516,2,30,0.2750558853149414,0.657452404499054,1.0952637195587158,2,31,0.35576778650283813,0.8655651807785034,1.2442002296447754,2,32,0.2598455548286438,0.7767630815505981,1.1201072931289673,2
0,0.6247748136520386,0.24750524759292603,-0.7687042951583862,2,1,0.6561437845230103,0.19147378206253052,-0.7661201357841492,2,2,0.6679233312606812,0.18696415424346924,-0.7663367390632629,2,3,0.6811707019805908,0.18159745633602142,-0.7666946649551392,2,4,0.62271648645401,0.18295739591121674,-0.8062682747840881,2,5,0.6090402603149414,0.16956588625907898,-0.8065232634544373,2,6,0.5955877900123596,0.15184305608272552,-0.8066123127937317,2,7,0.68655925989151,0.1244838610291481,-0.5914394855499268,2,8,0.558985710144043,0.05410094931721687,-0.7665354013442993,2,9,0.6157984137535095,0.26466819643974304,-0.6817305684089661,2,10,0.5884271264076233,0.24955762922763824,-0.7319164872169495,2,11,0.6919744610786438,0.211336150765419,-0.42176926136016846,2,12,0.38248249888420105,0.10197906941175461,-0.5437652468681335,2,13,0.673713743686676,0.48603498935699463,-0.02270512841641903,2,14,0.1839098185300827,0.4322570562362671,-0.3956345021724701,2,15,0.6666166186332703,0.7476264834403992,0.06539861857891083,2,16,0.2493668645620346,0.8823846578598022,-0.32223597168922424,2,17,0.6848694086074829,0.8272435069084167,0.0651843473315239,2,18,0.2776933014392853,0.9475979208946228,-0.34810227155685425,2,19,0.6659455895423889,0.8352569937705994,0.028339209035038948,2,20,0.32758182287216187,0.9158930778503418,-0.3240402638912201,2,21,0.6538926362991333,0.7989122867584229,0.05486403405666351,2,22,0.3262864053249359,0.8911954164505005,-0.30604976415634155,2,23,0.4470658302307129,0.7172009348869324,0.04916049540042877,2,24,0.2946982979774475,0.6789723634719849,-0.04925355687737465,2,25,0.41930091381073,0.8440581560134888,0.5633886456489563,2,26,0.23162242770195007,0.7574443221092224,0.4749504625797272,2,27,0.40022531151771545,0.8664476871490479,1.0851428508758545,2,28,0.2682017385959625,0.7456737756729126,0.9811962246894836,2,29,0.3969961702823639,0.8356987237930298,1.143451452255249,2,30,0.2734500467777252,0.7323270440101624,1.0387768745422363,2,31,0.3842335641384125,0.8867984414100647,1.179080843925476,2,32,0.28413280844688416,0.8134514093399048,1.04951810836792,2
END PUSHUP
0,0.6345263719558716,0.46141746640205383,-0.8272373676300049,2,1,0.6652988195419312,0.4215785562992096,-0.8391966223716736,2,2,0.6752376556396484,0.41921377182006836,-0.8390973806381226,2,3,0.6871159076690674,0.4155457615852356,-0.8391746878623962,2,4,0.636886715888977,0.3964751660823822,-0.8654931783676147,2,5,0.6249587535858154,0.37612184882164,-0.8659498691558838,2,6,0.6119400262832642,0.35333558917045593,-0.866001546382904,2,7,0.6924769878387451,0.3443291485309601,-0.6830313205718994,2,8,0.5807058215141296,0.25545111298561096,-0.8093078136444092,2,9,0.6209347248077393,0.4737665355205536,-0.7427884936332703,2,10,0.5963337421417236,0.44664767384529114,-0.7777180075645447,2,11,0.6946273446083069,0.3774203658103943,-0.4945089519023895,2,12,0.39533230662345886,0.25268396735191345,-0.5566617250442505,2,13,0.7066134214401245,0.5290067791938782,-0.05443772301077843,2,14,0.14757172763347626,0.46387529373168945,-0.33279305696487427,2,15,0.6728689074516296,0.7783083319664001,0.08501217514276505,2,16,0.2537882924079895,0.8874366879463196,-0.20741014182567596,2,17,0.6822950839996338,0.8397982120513916,0.08494092524051666,2,18,0.290525883436203,0.9611266851425171,-0.22307991981506348,2,19,0.659596860408783,0.8371622562408447,0.05533844232559204,2,20,0.33634212613105774,0.9050137996673584,-0.19136279821395874,2,21,0.6494954228401184,0.8105359673500061,0.08086199313402176,2,22,0.3319747745990753,0.8744969367980957,-0.18565057218074799,2,23,0.47659313678741455,0.7381596565246582,0.0468645915389061,2,24,0.32342207431793213,0.7106764912605286,-0.04667629301548004,2,25,0.37048307061195374,0.728209912776947,0.5810177326202393,2,26,0.24766387045383453,0.6656212210655212,0.4632076025009155,2,27,0.34440627694129944,0.7000921964645386,1.1008327007293701,2,28,0.22009322047233582,0.6436513066291809,0.9330179691314697,2,29,0.33377543091773987,0.6719434857368469,1.1662213802337646,2,30,0.22034777700901031,0.598413348197937,0.989631712436676,2,31,0.3265431821346283,0.7984983325004578,1.2287977933883667,2,32,0.2260054498910904,0.7347657084465027,1.0007390975952148,2
0,0.6331244111061096,0.5063082575798035,-0.7597655653953552,2,1,0.6646166443824768,0.47406235337257385,-0.773267388343811,2,2,0.6752040982246399,0.47401243448257446,-0.7731866836547852,2,3,0.6873772144317627,0.47245869040489197,-0.773252546787262,2,4,0.634408175945282,0.4523509442806244,-0.802445650100708,2,5,0.6226819753646851,0.4364200830459595,-0.8029130697250366,2,6,0.6106924414634705,0.41772106289863586,-0.8029712438583374,2,7,0.6972059607505798,0.40957775712013245,-0.6260029077529907,2,8,0.5843798518180847,0.3107611835002899,-0.7630568742752075,2,9,0.6205612421035767,0.518337607383728,-0.678353488445282,2,10,0.596446692943573,0.49232223629951477,-0.7173610329627991,2,11,0.6984355449676514,0.40983328223228455,-0.45328208804130554,2,12,0.394735187292099,0.2809341847896576,-0.5080906748771667,2,13,0.7036162614822388,0.5335339307785034,0.005840626545250416,2,14,0.1408499926328659,0.4638338088989258,-0.2692311406135559,2,15,0.6729470491409302,0.7782736420631409,0.18366004526615143,2,16,0.2537153363227844,0.8867939114570618,-0.10870544612407684,2,17,0.6817482709884644,0.8395130038261414,0.1957724690437317,2,18,0.29017165303230286,0.9562249183654785,-0.11008783429861069,2,19,0.6594892144203186,0.8365336656570435,0.17099294066429138,2,20,0.3345353901386261,0.8998864889144897,-0.07059605419635773,2,21,0.6495504379272461,0.8100326061248779,0.1831829994916916,2,22,0.3291798532009125,0.8729477524757385,-0.08228723704814911,2,23,0.47624292969703674,0.7644139528274536,0.05517240986227989,2,24,0.32157838344573975,0.7540009617805481,-0.05489490553736687,2,25,0.3597264885902405,0.722899317741394,0.5417777895927429,2,26,0.24658742547035217,0.691010057926178,0.4307103753089905,2,27,0.3423822820186615,0.7472628355026245,1.043357491493225,2,28,0.22212548553943634,0.6932976841926575,0.8782394528388977,2,29,0.33318760991096497,0.7163200974464417,1.1049188375473022,2,30,0.22168824076652527,0.6444554924964905,0.9328068494796753,2,31,0.3179827630519867,0.8642457723617554,1.1683799028396606,2,32,0.22850392758846283,0.8206464052200317,0.9514051675796509,2
0,0.6327327489852905,0.5446829199790955,-0.8544862866401672,2,1,0.6638870239257812,0.516937255859375,-0.8845921158790588,2,2,0.6744243502616882,0.5189975500106812,-0.8843916654586792,2,3,0.6867398619651794,0.5192505717277527,-0.8844910264015198,2,4,0.6332644820213318,0.48611122369766235,-0.9104796648025513,2,5,0.6204701066017151,0.4664106070995331,-0.9110346436500549,2,6,0.608181357383728,0.4430043399333954,-0.9111666083335876,2,7,0.7006834745407104,0.45085012912750244,-0.7384814023971558,2,8,0.5848910212516785,0.3291899561882019,-0.858009934425354,2,9,0.6222038865089417,0.557157576084137,-0.76510089635849,2,10,0.5959752202033997,0.5248829126358032,-0.8020499348640442,2,11,0.7164834141731262,0.4041973948478699,-0.4950179159641266,2,12,0.39683839678764343,0.2923826277256012,-0.526378870010376,2,13,0.6908319592475891,0.5617955327033997,-0.05370767414569855,2,14,0.14308731257915497,0.46329593658447266,-0.34537404775619507,2,15,0.6722908020019531,0.7821211814880371,0.1288636177778244,2,16,0.25049376487731934,0.8854711055755615,-0.15743818879127502,2,17,0.6793419718742371,0.8397679924964905,0.14578452706336975,2,18,0.28215935826301575,0.9558706879615784,-0.15776066482067108,2,19,0.6600407361984253,0.8352636098861694,0.11508045345544815,2,20,0.3267684578895569,0.9001238346099854,-0.11872398108243942,2,21,0.6503270864486694,0.8088324069976807,0.12509945034980774,2,22,0.32119452953338623,0.873173713684082,-0.13090267777442932,2,23,0.47879838943481445,0.7659193277359009,0.05482025817036629,2,24,0.32067638635635376,0.7522924542427063,-0.054507188498973846,2,25,0.36964789032936096,0.7472218871116638,0.5499728918075562,2,26,0.20729757845401764,0.7373210787773132,0.43881094455718994,2,27,0.3525100648403168,0.8059217929840088,1.0596386194229126,2,28,0.20353694260120392,0.7322321534156799,0.9192638993263245,2,29,0.3445322811603546,0.7713150978088379,1.1171530485153198,2,30,0.20651470124721527,0.6866083741188049,0.9762139916419983,2,31,0.3334295153617859,0.9271283745765686,1.1752382516860962,2,32,0.200872004032135,0.873139500617981,0.9749705195426941,2
0,0.6251983642578125,0.5429505705833435,-0.8574028611183167,2,1,0.6611621975898743,0.5181163549423218,-0.8814675211906433,2,2,0.6740177869796753,0.5226026773452759,-0.8813031315803528,2,3,0.6860821843147278,0.5239896178245544,-0.8814325332641602,2,4,0.6299638748168945,0.48291683197021484,-0.9060960412025452,2,5,0.618998646736145,0.4608031213283539,-0.906613290309906,2,6,0.6080395579338074,0.43416833877563477,-0.906720757484436,2,7,0.7052161693572998,0.46673521399497986,-0.7379089593887329,2,8,0.5840158462524414,0.3225182294845581,-0.8558351397514343,2,9,0.6199939250946045,0.5644370317459106,-0.7698655724525452,2,10,0.5938000082969666,0.5249163508415222,-0.8031690716743469,2,11,0.7145747542381287,0.4366476833820343,-0.5033241510391235,2,12,0.3971612751483917,0.2941715121269226,-0.5578905940055847,2,13,0.6937015056610107,0.5839580297470093,-0.04655678942799568,2,14,0.1443249136209488,0.4637759029865265,-0.33307239413261414,2,15,0.6725980639457703,0.7909060716629028,0.13356056809425354,2,16,0.24967966973781586,0.8853788375854492,-0.17271144688129425,2,17,0.6793458461761475,0.842930257320404,0.1463186889886856,2,18,0.2797558605670929,0.9549390077590942,-0.178321972489357,2,19,0.6600447297096252,0.8354009985923767,0.11770575493574142,2,20,0.3247202932834625,0.9001535773277283,-0.13920828700065613,2,21,0.6503442525863647,0.8089951872825623,0.13040058314800262,2,22,0.3194290101528168,0.8734809160232544,-0.14743423461914062,2,23,0.4788554310798645,0.7661541700363159,0.05544706806540489,2,24,0.32118427753448486,0.7488017678260803,-0.05506880581378937,2,25,0.3687690794467926,0.7492454648017883,0.5419521927833557,2,26,0.2059323489665985,0.7586365342140198,0.43513140082359314,2,27,0.35446029901504517,0.824170708656311,1.0573959350585938,2,28,0.2079731673002243,0.7479851245880127,0.8980078101158142,2,29,0.3464861512184143,0.789303719997406,1.1182531118392944,2,30,0.2091328203678131,0.7030583024024963,0.9533647894859314,2,31,0.32838451862335205,0.9454180002212524,1.1617600917816162,2,32,0.20980136096477509,0.8856128454208374,0.9470421671867371,2
0,0.6224095821380615,0.5820801258087158,-0.8570359945297241,2,1,0.6601289510726929,0.5564764738082886,-0.8789498209953308,2,2,0.6736133694648743,0.559150755405426,-0.8787978887557983,2,3,0.685723066329956,0.5602304339408875,-0.8789495229721069,2,4,0.6265050172805786,0.5241493582725525,-0.9036762714385986,2,5,0.6162046790122986,0.5034501552581787,-0.9041736721992493,2,6,0.6059171557426453,0.4780493974685669,-0.9042643308639526,2,7,0.7070539593696594,0.49800968170166016,-0.7359263300895691,2,8,0.582510769367218,0.3572097420692444,-0.8513060212135315,2,9,0.6199510097503662,0.600105881690979,-0.7714906334877014,2,10,0.5934035181999207,0.5640766024589539,-0.8042608499526978,2,11,0.7131434679031372,0.4630495309829712,-0.5079673528671265,2,12,0.39871785044670105,0.3109809160232544,-0.5704529881477356,2,13,0.6924653649330139,0.5954241752624512,-0.051861703395843506,2,14,0.14378604292869568,0.46369069814682007,-0.34328505396842957,2,15,0.6722985506057739,0.7994750142097473,0.13128702342510223,2,16,0.248406320810318,0.884370744228363,-0.17359165847301483,2,17,0.6789532899856567,0.8440654873847961,0.1458015739917755,2,18,0.2787429690361023,0.9520957469940186,-0.17589171230793,2,19,0.6612781882286072,0.8362637758255005,0.11952341347932816,2,20,0.32270970940589905,0.8999291658401489,-0.13446494936943054,2,21,0.6526378393173218,0.812513530254364,0.1288258582353592,2,22,0.3170599639415741,0.8736373782157898,-0.1472415179014206,2,23,0.4762799143791199,0.7594667673110962,0.0584232471883297,2,24,0.32018983364105225,0.7444654703140259,-0.05805862694978714,2,25,0.37048250436782837,0.7413631081581116,0.5457409620285034,2,26,0.2121138870716095,0.741379976272583,0.4389593303203583,2,27,0.35486745834350586,0.7920188903808594,1.0665624141693115,2,28,0.2173612117767334,0.7385246753692627,0.9159947633743286,2,29,0.34646931290626526,0.7660757899284363,1.12407648563385,2,30,0.21730877459049225,0.697462797164917,0.9728737473487854,2,31,0.3298637270927429,0.9108513593673706,1.1719964742660522,2,32,0.2228146493434906,0.8564236164093018,0.9680149555206299,2
0,0.6272305846214294,0.6126279234886169,-0.8254319429397583,2,1,0.6681064963340759,0.5868461728096008,-0.845028281211853,2,2,0.682398796081543,0.5879532694816589,-0.844936192035675,2,3,0.6956007480621338,0.5878444314002991,-0.845115602016449,2,4,0.6300899386405945,0.5601518154144287,-0.8762723207473755,2,5,0.6193605661392212,0.5422224998474121,-0.8767932653427124,2,6,0.6094601154327393,0.5220432877540588,-0.8768656253814697,2,7,0.7162511944770813,0.5233159065246582,-0.7143554091453552,2,8,0.5839007496833801,0.4472072422504425,-0.8491539359092712,2,9,0.6247698664665222,0.6246910095214844,-0.7467359304428101,2,10,0.5953236818313599,0.5949092507362366,-0.7877523899078369,2,11,0.7175680994987488,0.43715259432792664,-0.5088609457015991,2,12,0.39896920323371887,0.32788363099098206,-0.5714637637138367,2,13,0.6941724419593811,0.5904826521873474,-0.041334040462970734,2,14,0.1409267783164978,0.46326854825019836,-0.37459418177604675,2,15,0.6723417043685913,0.7943630218505859,0.1635117083787918,2,16,0.24522371590137482,0.8838110566139221,-0.20827700197696686,2,17,0.6797555685043335,0.8388984799385071,0.1832311600446701,2,18,0.2785413861274719,0.9501403570175171,-0.21189531683921814,2,19,0.6657044291496277,0.83617103099823,0.16126824915409088,2,20,0.3196074664592743,0.8986337184906006,-0.1700543314218521,2,21,0.655764639377594,0.8126418590545654,0.16227476298809052,2,22,0.3125149607658386,0.8730301856994629,-0.18287554383277893,2,23,0.47174549102783203,0.7516570687294006,0.07357846945524216,2,24,0.31800374388694763,0.7552334070205688,-0.07313919812440872,2,25,0.36998674273490906,0.7481939196586609,0.5365694761276245,2,26,0.19384653866291046,0.7539810538291931,0.4150572717189789,2,27,0.36344659328460693,0.8009320497512817,1.0579596757888794,2,28,0.19146129488945007,0.7414817810058594,0.864754319190979,2,29,0.35382935404777527,0.7692355513572693,1.1180932521820068,2,30,0.18651561439037323,0.694671094417572,0.9176849126815796,2,31,0.3316650390625,0.9251801371574402,1.1577434539794922,2,32,0.20291252434253693,0.8762301206588745,0.9070943593978882,2
0,0.626361072063446,0.6219182014465332,-0.8377204537391663,2,1,0.6671062707901001,0.5958624482154846,-0.8516063094139099,2,2,0.6816413998603821,0.5970049500465393,-0.8515310883522034,2,3,0.6954777836799622,0.5963277816772461,-0.8516746759414673,2,4,0.6297670006752014,0.5653705596923828,-0.8791224956512451,2,5,0.6185886263847351,0.5447378158569336,-0.8795814514160156,2,6,0.6082695126533508,0.5196325182914734,-0.8796805143356323,2,7,0.7175121903419495,0.5316630601882935,-0.7237574458122253,2,8,0.5835942625999451,0.3982939124107361,-0.8571061491966248,2,9,0.6245450973510742,0.6360385417938232,-0.7557743787765503,2,10,0.5950583219528198,0.6032012701034546,-0.7925269603729248,2,11,0.7187903523445129,0.4375978410243988,-0.5162740349769592,2,12,0.3986939787864685,0.33323296904563904,-0.5794045925140381,2,13,0.6849223375320435,0.5930622816085815,-0.051000915467739105,2,14,0.13905145227909088,0.4657267928123474,-0.37549859285354614,2,15,0.6590031385421753,0.7945082187652588,0.15446795523166656,2,16,0.2452470362186432,0.8831822872161865,-0.1895608901977539,2,17,0.6728636026382446,0.8393844366073608,0.17580676078796387,2,18,0.27888280153274536,0.9480770826339722,-0.18894247710704803,2,19,0.6640280485153198,0.8362169861793518,0.1521773785352707,2,20,0.31956884264945984,0.8979623913764954,-0.1453130692243576,2,21,0.654825747013092,0.8127028346061707,0.15292809903621674,2,22,0.31239786744117737,0.8725771903991699,-0.16307735443115234,2,23,0.47055789828300476,0.7514122128486633,0.07649404555559158,2,24,0.3174573481082916,0.7591812014579773,-0.07604818791151047,2,25,0.3706875443458557,0.7493502497673035,0.5413383841514587,2,26,0.18609169125556946,0.7562540769577026,0.41864338517189026,2,27,0.37346526980400085,0.7872795462608337,1.0644659996032715,2,28,0.18185880780220032,0.7353131175041199,0.8757341504096985,2,29,0.36256664991378784,0.7554163336753845,1.1249178647994995,2,30,0.1766723096370697,0.6865639686584473,0.9301056265830994,2,31,0.34479233622550964,0.908976674079895,1.1634494066238403,2,32,0.1944194734096527,0.8733131289482117,0.9212535619735718,2
0,0.6234734654426575,0.6488229632377625,-0.8761531710624695,2,1,0.6670096516609192,0.6211746335029602,-0.9004815220832825,2,2,0.6810534000396729,0.6224200129508972,-0.900333821773529,2,3,0.6948643326759338,0.6223238110542297,-0.900493860244751,2,4,0.629045307636261,0.5899702310562134,-0.9283421039581299,2,5,0.6184729933738708,0.5698860287666321,-0.9288654327392578,2,6,0.6076174378395081,0.5472196340560913,-0.9289912581443787,2,7,0.715323269367218,0.5520864129066467,-0.7756848931312561,2,8,0.5833603143692017,0.4184313118457794,-0.9033117294311523,2,9,0.6218805909156799,0.6581622958183289,-0.7977571487426758,2,10,0.5925424695014954,0.6255097985267639,-0.835178554058075,2,11,0.7306516170501709,0.4457738995552063,-0.5678513646125793,2,12,0.3986167907714844,0.35070541501045227,-0.6184669137001038,2,13,0.6973711252212524,0.5936201810836792,-0.05669587105512619,2,14,0.13630731403827667,0.4655509889125824,-0.3790903389453888,2,15,0.6592906713485718,0.7892203330993652,0.13330991566181183,2,16,0.24551893770694733,0.8811755180358887,-0.21603325009346008,2,17,0.6715829968452454,0.8394570350646973,0.15037710964679718,2,18,0.28085190057754517,0.9423863887786865,-0.21949408948421478,2,19,0.6626185178756714,0.835999071598053,0.12881478667259216,2,20,0.3197043240070343,0.8971162438392639,-0.17801888287067413,2,21,0.6517202854156494,0.8117255568504333,0.13290700316429138,2,22,0.3127407729625702,0.871564507484436,-0.1905488818883896,2,23,0.4784310758113861,0.7484114170074463,0.07424154877662659,2,24,0.3202574849128723,0.7478666305541992,-0.07380295544862747,2,25,0.38458052277565,0.7448481917381287,0.5428593754768372,2,26,0.19808050990104675,0.7550457715988159,0.43166854977607727,2,27,0.4065357446670532,0.7715317010879517,1.0961588621139526,2,28,0.19421689212322235,0.7059541344642639,0.89652419090271,2,29,0.3960314095020294,0.7335667610168457,1.1617695093154907,2,30,0.19059346616268158,0.649616003036499,0.9533559083938599,2,31,0.3840862214565277,0.9001185894012451,1.2018569707870483,2,32,0.20566469430923462,0.8629291653633118,0.9565266966819763,2
0,0.6235904693603516,0.6761592030525208,-0.8758243322372437,2,1,0.6663040518760681,0.6489803791046143,-0.8976947665214539,2,2,0.6802616119384766,0.6493363976478577,-0.8975646495819092,2,3,0.694013774394989,0.6486591696739197,-0.897727906703949,2,4,0.6285054087638855,0.6216031908988953,-0.9248688817024231,2,5,0.6177461743354797,0.6014533042907715,-0.925376832485199,2,6,0.6068630814552307,0.5789034366607666,-0.9254956841468811,2,7,0.7144346833229065,0.5754467844963074,-0.7709468603134155,2,8,0.5832363367080688,0.4596327245235443,-0.8932787775993347,2,9,0.6219030022621155,0.6858206391334534,-0.796413779258728,2,10,0.5923375487327576,0.6525969505310059,-0.832937479019165,2,11,0.7244113087654114,0.4649200737476349,-0.573330283164978,2,12,0.398470014333725,0.3703349828720093,-0.6167976260185242,2,13,0.7099937200546265,0.5926124453544617,-0.06800762563943863,2,14,0.13614968955516815,0.4674222767353058,-0.3870941996574402,2,15,0.6618823409080505,0.7753366827964783,0.11505694687366486,2,16,0.24573661386966705,0.8806225061416626,-0.22635039687156677,2,17,0.6722318530082703,0.8341348171234131,0.12707974016666412,2,18,0.28166013956069946,0.9399731159210205,-0.232303187251091,2,19,0.6625503897666931,0.8280452489852905,0.10629577934741974,2,20,0.3191094398498535,0.896660566329956,-0.19344501197338104,2,21,0.6516966223716736,0.8011216521263123,0.1147550493478775,2,22,0.3123909831047058,0.8711566925048828,-0.20229719579219818,2,23,0.4790955185890198,0.745418906211853,0.07289799302816391,2,24,0.32051733136177063,0.7437647581100464,-0.07247564941644669,2,25,0.4003303647041321,0.7302758693695068,0.5449882745742798,2,26,0.22573018074035645,0.7291658520698547,0.44534388184547424,2,27,0.4114009141921997,0.749156653881073,1.1059588193893433,2,28,0.1955961287021637,0.6814289689064026,0.9253538250923157,2,29,0.401534765958786,0.7086634039878845,1.1731799840927124,2,30,0.19284328818321228,0.6249161958694458,0.9836671352386475,2,31,0.3907627463340759,0.8742877840995789,1.217254400253296,2,32,0.20647208392620087,0.8353754281997681,0.9928338527679443,2
0,0.6568845510482788,0.7370488047599792,-0.7888133525848389,2,1,0.6864478588104248,0.7033852338790894,-0.799799919128418,2,2,0.6973229646682739,0.7010666131973267,-0.7996618747711182,2,3,0.707145094871521,0.6979186534881592,-0.799797773361206,2,4,0.6545566320419312,0.6936172842979431,-0.8371052145957947,2,5,0.6427736282348633,0.6824596524238586,-0.8375781774520874,2,6,0.617965817451477,0.6581020951271057,-0.8376652002334595,2,7,0.721137285232544,0.6224034428596497,-0.6683841943740845,2,8,0.596412718296051,0.5698117613792419,-0.8388583660125732,2,9,0.6494251489639282,0.7306621074676514,-0.7147397398948669,2,10,0.6143807768821716,0.7134396433830261,-0.763790488243103,2,11,0.7150006890296936,0.46535786986351013,-0.5180417895317078,2,12,0.3990035951137543,0.39871811866760254,-0.5788344740867615,2,13,0.7082825303077698,0.591161847114563,-0.06997369974851608,2,14,0.1365579515695572,0.46721017360687256,-0.38280388712882996,2,15,0.6604040265083313,0.7749587297439575,0.09784433990716934,2,16,0.2467411309480667,0.88099604845047,-0.21814462542533875,2,17,0.6727861166000366,0.8342288136482239,0.09490057080984116,2,18,0.2846447229385376,0.9374434351921082,-0.2244292050600052,2,19,0.6609554886817932,0.8264485597610474,0.07706986367702484,2,20,0.31933778524398804,0.8970382213592529,-0.1852026730775833,2,21,0.649256706237793,0.8017090559005737,0.09600354731082916,2,22,0.31257009506225586,0.8720804452896118,-0.193115234375,2,23,0.4826277494430542,0.7434728741645813,0.0780555009841919,2,24,0.32240286469459534,0.7603753805160522,-0.07781772315502167,2,25,0.41169774532318115,0.714061975479126,0.520894467830658,2,26,0.262593537569046,0.6987283825874329,0.4232886731624603,2,27,0.3916379511356354,0.6463579535484314,1.0590710639953613,2,28,0.24382415413856506,0.6532844305038452,0.8855085968971252,2,29,0.4032742381095886,0.667993426322937,1.1242865324020386,2,30,0.24220488965511322,0.6012195944786072,0.9400191903114319,2,31,0.3890041708946228,0.8371735215187073,1.1841485500335693,2,32,0.24915151298046112,0.7756822109222412,0.9633907675743103,2
0,0.6591725945472717,0.76761794090271,-0.737628698348999,2,1,0.6878189444541931,0.7358055114746094,-0.7458768486976624,2,2,0.6991092562675476,0.733062207698822,-0.7457593083381653,2,3,0.7086580991744995,0.7270563244819641,-0.7459076642990112,2,4,0.6547201871871948,0.7251030206680298,-0.786419153213501,2,5,0.638479471206665,0.6901429891586304,-0.786920428276062,2,6,0.6208343505859375,0.6772552132606506,-0.7870542407035828,2,7,0.7206903696060181,0.6523484587669373,-0.6156975626945496,2,8,0.5974310636520386,0.5710265040397644,-0.8003418445587158,2,9,0.6509594321250916,0.7595154643058777,-0.6665010452270508,2,10,0.6163586974143982,0.7426049709320068,-0.7198110818862915,2,11,0.714614748954773,0.4737057387828827,-0.46973589062690735,2,12,0.3963152766227722,0.4149710536003113,-0.5637058019638062,2,13,0.7156028747558594,0.59881192445755,-0.06316769123077393,2,14,0.13740961253643036,0.4671564996242523,-0.3867390751838684,2,15,0.661550760269165,0.7877698540687561,0.06653307378292084,2,16,0.24748386442661285,0.8818910717964172,-0.2297130972146988,2,17,0.6729611158370972,0.8343191742897034,0.05910683423280716,2,18,0.28526484966278076,0.9374533891677856,-0.23982366919517517,2,19,0.6609547734260559,0.8263674378395081,0.042623404413461685,2,20,0.3194544017314911,0.8986331224441528,-0.19913332164287567,2,21,0.6497939825057983,0.8020493388175964,0.06294658035039902,2,22,0.312865287065506,0.8740392327308655,-0.2043919563293457,2,23,0.483447402715683,0.7421537637710571,0.0815533697605133,2,24,0.3055538237094879,0.7562275528907776,-0.08142411708831787,2,25,0.4304545223712921,0.6956937909126282,0.5175120234489441,2,26,0.28351956605911255,0.6888460516929626,0.4087179899215698,2,27,0.41295158863067627,0.6678947806358337,1.0527291297912598,2,28,0.27879372239112854,0.6553622484207153,0.8760724663734436,2,29,0.40880200266838074,0.6653661131858826,1.1168358325958252,2,30,0.28161242604255676,0.6019392609596252,0.9298726320266724,2,31,0.3882913589477539,0.8370748162269592,1.1753770112991333,2,32,0.2931574583053589,0.7720393538475037,0.9485374689102173,2
0,0.6566574573516846,0.7890545129776001,-0.7391293048858643,2,1,0.6856471300125122,0.7552709579467773,-0.7475332021713257,2,2,0.6977662444114685,0.751185953617096,-0.7473913431167603,2,3,0.7075417637825012,0.7458316087722778,-0.747522234916687,2,4,0.6513630151748657,0.7470179796218872,-0.7839422225952148,2,5,0.6358950734138489,0.7315365076065063,-0.7844153046607971,2,6,0.62160325050354,0.7229391932487488,-0.7845107913017273,2,7,0.7198261618614197,0.66412353515625,-0.6177471876144409,2,8,0.5959914326667786,0.5946916341781616,-0.7828801274299622,2,9,0.6485456228256226,0.7806453704833984,-0.6683315634727478,2,10,0.6147477030754089,0.767645001411438,-0.7160904407501221,2,11,0.7143130898475647,0.49701815843582153,-0.46654966473579407,2,12,0.39510610699653625,0.43207576870918274,-0.5486804246902466,2,13,0.7185554504394531,0.6107621192932129,-0.06827224791049957,2,14,0.138236865401268,0.46540266275405884,-0.38791877031326294,2,15,0.671151876449585,0.7875741720199585,0.03600611537694931,2,16,0.24793702363967896,0.8818684220314026,-0.2361845225095749,2,17,0.6833928227424622,0.8304818868637085,0.027844415977597237,2,18,0.2863507866859436,0.9351581335067749,-0.24538840353488922,2,19,0.6707305312156677,0.8246118426322937,0.010350864380598068,2,20,0.31959736347198486,0.8987335562705994,-0.20905877649784088,2,21,0.6541990041732788,0.802561342716217,0.0313786119222641,2,22,0.3130141794681549,0.8744221925735474,-0.21241585910320282,2,23,0.4836322069168091,0.7383577823638916,0.08082026988267899,2,24,0.3144398629665375,0.7537872195243835,-0.08072038739919662,2,25,0.4360309839248657,0.6811425089836121,0.5106337070465088,2,26,0.29284757375717163,0.6576620936393738,0.40794941782951355,2,27,0.4240347743034363,0.6793434023857117,1.047967553138733,2,28,0.27765268087387085,0.6543465256690979,0.8740469813346863,2,29,0.41642990708351135,0.6526051759719849,1.1123154163360596,2,30,0.2804107964038849,0.6053154468536377,0.927064061164856,2,31,0.39049163460731506,0.8247672915458679,1.1681309938430786,2,32,0.27922293543815613,0.769676685333252,0.9417321681976318,2
0,0.6535802483558655,0.775773286819458,-0.7662940621376038,2,1,0.68448406457901,0.7455044388771057,-0.7742501497268677,2,2,0.696209728717804,0.741940975189209,-0.7741211652755737,2,3,0.7065287232398987,0.7394099831581116,-0.7742623090744019,2,4,0.6496199369430542,0.7334367036819458,-0.8076444268226624,2,5,0.6347149014472961,0.7192146182060242,-0.8081148266792297,2,6,0.6195899844169617,0.6927920579910278,-0.8082032799720764,2,7,0.7191063165664673,0.662886381149292,-0.6318605542182922,2,8,0.595657229423523,0.5839969515800476,-0.782063364982605,2,9,0.6460667252540588,0.7735447883605957,-0.6909341812133789,2,10,0.6128226518630981,0.755879282951355,-0.7346529364585876,2,11,0.7111416459083557,0.4990435540676117,-0.470863401889801,2,12,0.39467567205429077,0.445226788520813,-0.5393661260604858,2,13,0.7165591716766357,0.6263322830200195,-0.06734276562929153,2,14,0.13985706865787506,0.46530723571777344,-0.3808848559856415,2,15,0.6674243807792664,0.7886807322502136,0.041969094425439835,2,16,0.24859413504600525,0.8806999325752258,-0.24030658602714539,2,17,0.6717583537101746,0.8301118016242981,0.03781992942094803,2,18,0.28740745782852173,0.9324135780334473,-0.2509544789791107,2,19,0.6605689525604248,0.8211454153060913,0.01704845391213894,2,20,0.3196520507335663,0.8987674713134766,-0.2122810333967209,2,21,0.635723888874054,0.8128572106361389,0.03780309855937958,2,22,0.31307822465896606,0.8744416832923889,-0.21598999202251434,2,23,0.4813808500766754,0.7380380630493164,0.08170916885137558,2,24,0.3190067708492279,0.7548775672912598,-0.08168181777000427,2,25,0.4338458478450775,0.6827811002731323,0.5088083148002625,2,26,0.291057288646698,0.6589589715003967,0.4073001742362976,2,27,0.4335753321647644,0.6853140592575073,1.0329252481460571,2,28,0.27330413460731506,0.6573343873023987,0.8552893400192261,2,29,0.42525702714920044,0.6508392691612244,1.0963776111602783,2,30,0.2745572030544281,0.6080942153930664,0.9066179394721985,2,31,0.40076759457588196,0.8231679201126099,1.1530078649520874,2,32,0.2727144658565521,0.7719956040382385,0.9180114269256592,2
0,0.6693351864814758,0.8346975445747375,-0.7787885665893555,2,1,0.699353814125061,0.8019190430641174,-0.7855506539344788,2,2,0.7121312618255615,0.7965226173400879,-0.7854517102241516,2,3,0.7219534516334534,0.7906243205070496,-0.7856075763702393,2,4,0.6656068563461304,0.7972422242164612,-0.8153389692306519,2,5,0.6510680913925171,0.7851002812385559,-0.8156769871711731,2,6,0.6234980821609497,0.7579524517059326,-0.8156751394271851,2,7,0.7323192358016968,0.7072573900222778,-0.6673030257225037,2,8,0.6017370820045471,0.6451559662818909,-0.8235670328140259,2,9,0.6639829874038696,0.8290432691574097,-0.6922012567520142,2,10,0.6257545351982117,0.8084063529968262,-0.7400196194648743,2,11,0.7164067029953003,0.5257457494735718,-0.5223792791366577,2,12,0.39702099561691284,0.4532463848590851,-0.5757553577423096,2,13,0.734533429145813,0.6253046989440918,-0.1120569184422493,2,14,0.13998845219612122,0.46640363335609436,-0.42884954810142517,2,15,0.6710938811302185,0.8156174421310425,0.01196467038244009,2,16,0.24973410367965698,0.8805612921714783,-0.299550861120224,2,17,0.6852037310600281,0.8340014815330505,0.0020457094069570303,2,18,0.2910694479942322,0.9319511651992798,-0.32034581899642944,2,19,0.6609532833099365,0.8214073181152344,-0.009636660106480122,2,20,0.32062608003616333,0.8991042375564575,-0.2795329689979553,2,21,0.6359459757804871,0.814391553401947,0.010664238594472408,2,22,0.3145122826099396,0.8746321797370911,-0.27592846751213074,2,23,0.48545581102371216,0.7403369545936584,0.08118268847465515,2,24,0.31213727593421936,0.738796591758728,-0.08110848069190979,2,25,0.49254289269447327,0.7063669562339783,0.5002569556236267,2,26,0.30136698484420776,0.6610085368156433,0.40967854857444763,2,27,0.4571489989757538,0.7093254327774048,1.0421192646026611,2,28,0.27411985397338867,0.6568565368652344,0.8587852120399475,2,29,0.44966602325439453,0.6639302372932434,1.105711579322815,2,30,0.27606138586997986,0.6079317331314087,0.9090012311935425,2,31,0.423002153635025,0.8381473422050476,1.158401370048523,2,32,0.26985040307044983,0.7743655443191528,0.919752836227417,2
0,0.6675737500190735,0.861150860786438,-0.7850635051727295,2,1,0.6986493468284607,0.8292768001556396,-0.7949530482292175,2,2,0.7121678590774536,0.8222094774246216,-0.7948544025421143,2,3,0.7228355407714844,0.8148096203804016,-0.7950112819671631,2,4,0.6633533239364624,0.8256420493125916,-0.825827419757843,2,5,0.6488561630249023,0.8134303689002991,-0.8262277841567993,2,6,0.6227031946182251,0.7980295419692993,-0.8262689709663391,2,7,0.7372686266899109,0.7314062714576721,-0.6919165253639221,2,8,0.6025336384773254,0.6843128800392151,-0.8290489912033081,2,9,0.6679942607879639,0.8553449511528015,-0.7001153230667114,2,10,0.6255187392234802,0.8334318399429321,-0.748634397983551,2,11,0.7268030047416687,0.5423679351806641,-0.5395082235336304,2,12,0.4018804132938385,0.4691506028175354,-0.5823147892951965,2,13,0.7631213068962097,0.6242821216583252,-0.13598431646823883,2,14,0.14030274748802185,0.46338263154029846,-0.425331711769104,2,15,0.7026964426040649,0.8135796189308167,-0.0009831510251387954,2,16,0.24966898560523987,0.8800983428955078,-0.29213085770606995,2,17,0.7268902659416199,0.8238528370857239,-0.011517707258462906,2,18,0.2908639907836914,0.9320403337478638,-0.3114047348499298,2,19,0.6918556690216064,0.8084028959274292,-0.01646823063492775,2,20,0.3198379576206207,0.8999326229095459,-0.269906610250473,2,21,0.6703159809112549,0.806731641292572,-0.0003340529801789671,2,22,0.31363269686698914,0.8749085068702698,-0.2681944966316223,2,23,0.486641526222229,0.7437269687652588,0.08094029873609543,2,24,0.31392785906791687,0.7343370318412781,-0.08081810176372528,2,25,0.46884116530418396,0.7078635096549988,0.49851343035697937,2,26,0.3001919686794281,0.6621325612068176,0.4128454327583313,2,27,0.44988831877708435,0.6999807953834534,1.047486424446106,2,28,0.2793722152709961,0.6540399193763733,0.8855462670326233,2,29,0.44400152564048767,0.6739128232002258,1.114881992340088,2,30,0.2727634608745575,0.6056913733482361,0.9380376935005188,2,31,0.4176965653896332,0.8431273102760315,1.1615904569625854,2,32,0.2742191553115845,0.773415207862854,0.9445407390594482,2
0,0.6655300855636597,0.8497793674468994,-0.8021396398544312,2,1,0.6976242065429688,0.8180937170982361,-0.8180999755859375,2,2,0.7105746865272522,0.8114618062973022,-0.8179751038551331,2,3,0.7221338152885437,0.8053277134895325,-0.8181313872337341,2,4,0.6613336205482483,0.8120812773704529,-0.8442814946174622,2,5,0.647875189781189,0.8011000156402588,-0.844768226146698,2,6,0.6286420822143555,0.7865601778030396,-0.8449024558067322,2,7,0.7385470271110535,0.721701443195343,-0.7127811908721924,2,8,0.6015942692756653,0.6722352504730225,-0.8332282900810242,2,9,0.6655870079994202,0.8460310697555542,-0.7288047075271606,2,10,0.6258786916732788,0.8250293731689453,-0.7657915949821472,2,11,0.7326164245605469,0.5474278926849365,-0.5492866039276123,2,12,0.4045184254646301,0.47195789217948914,-0.5834085941314697,2,13,0.7705474495887756,0.6228713393211365,-0.13659867644309998,2,14,0.14257360994815826,0.4605877101421356,-0.4321315586566925,2,15,0.7116884589195251,0.8175878524780273,0.00699861254543066,2,16,0.24969056248664856,0.878789484500885,-0.3205103278160095,2,17,0.737471878528595,0.8238649964332581,-0.0007428181706927717,2,18,0.290774405002594,0.9320372939109802,-0.3441718518733978,2,19,0.7014818787574768,0.8087767362594604,-0.008805150166153908,2,20,0.31922486424446106,0.9005520343780518,-0.2997869551181793,2,21,0.6811901926994324,0.8068807721138,0.006875472608953714,2,22,0.3129967451095581,0.8749796152114868,-0.2959181070327759,2,23,0.48675885796546936,0.7512147426605225,0.08075165748596191,2,24,0.3144918978214264,0.7336291074752808,-0.08060955256223679,2,25,0.49479207396507263,0.7290763258934021,0.49323663115501404,2,26,0.293631374835968,0.6627258658409119,0.4180820882320404,2,27,0.46210533380508423,0.7355421185493469,1.0502322912216187,2,28,0.27596381306648254,0.6548044681549072,0.894069254398346,2,29,0.4563692510128021,0.6964532732963562,1.1169878244400024,2,30,0.27072638273239136,0.6054479479789734,0.946574866771698,2,31,0.42806607484817505,0.8597120046615601,1.1609998941421509,2,32,0.27337947487831116,0.7743736505508423,0.9472078680992126,2
0,0.6643922328948975,0.8675302863121033,-0.767020583152771,2,1,0.6994096040725708,0.8424232602119446,-0.7863948345184326,2,2,0.7121769785881042,0.8367273211479187,-0.7862570285797119,2,3,0.7255078554153442,0.8323712348937988,-0.7863967418670654,2,4,0.6630569696426392,0.8344389796257019,-0.8145169019699097,2,5,0.6496302485466003,0.8226031064987183,-0.8150376081466675,2,6,0.6357666254043579,0.8097741007804871,-0.8152391910552979,2,7,0.7436226606369019,0.7556015253067017,-0.7045248746871948,2,8,0.6016581654548645,0.7061737179756165,-0.822607159614563,2,9,0.6647148728370667,0.8628715872764587,-0.7072022557258606,2,10,0.6259381771087646,0.8409969210624695,-0.7437924742698669,2,11,0.7324889898300171,0.5485188364982605,-0.5429866909980774,2,12,0.41095563769340515,0.477948397397995,-0.58163982629776,2,13,0.7656503915786743,0.6215475797653198,-0.13211050629615784,2,14,0.1422157883644104,0.46044230461120605,-0.43645763397216797,2,15,0.7188295125961304,0.8154314756393433,0.013449709862470627,2,16,0.249480202794075,0.8772373199462891,-0.3257068991661072,2,17,0.7499449849128723,0.8147862553596497,0.006600190419703722,2,18,0.290730744600296,0.9320521354675293,-0.34861981868743896,2,19,0.7147583365440369,0.8029187321662903,-0.002682965248823166,2,20,0.31890812516212463,0.9016444683074951,-0.30131274461746216,2,21,0.6931774616241455,0.8031281232833862,0.012767812237143517,2,22,0.3127502501010895,0.8754892349243164,-0.30020999908447266,2,23,0.4866255521774292,0.7502043843269348,0.08133456856012344,2,24,0.31692060828208923,0.7324959635734558,-0.08122602850198746,2,25,0.46242696046829224,0.7274880409240723,0.49355000257492065,2,26,0.29805946350097656,0.6661075353622437,0.43495410680770874,2,27,0.44994011521339417,0.7397813200950623,1.0818098783493042,2,28,0.2838970422744751,0.651203989982605,0.9321601986885071,2,29,0.44699278473854065,0.6979588866233826,1.1501377820968628,2,30,0.26862308382987976,0.5997385382652283,0.9863007664680481,2,31,0.39320188760757446,0.8213262557983398,1.1924854516983032,2,32,0.28186291456222534,0.7693009376525879,0.9936219453811646,2
0,0.667439341545105,0.8742476105690002,-0.7228628993034363,2,1,0.7037551999092102,0.8555700182914734,-0.742629885673523,2,2,0.7151545882225037,0.8507986664772034,-0.7425099015235901,2,3,0.7284052968025208,0.8481605052947998,-0.7426391243934631,2,4,0.6703363656997681,0.8474187850952148,-0.7746096849441528,2,5,0.6565383076667786,0.8364830613136292,-0.7751408815383911,2,6,0.6459726095199585,0.8273438215255737,-0.7753760814666748,2,7,0.7437611818313599,0.7662239670753479,-0.6708228588104248,2,8,0.6032946109771729,0.7142108678817749,-0.8084177374839783,2,9,0.6668007969856262,0.8687469959259033,-0.6694345474243164,2,10,0.6289350390434265,0.8498737812042236,-0.7107917070388794,2,11,0.7321667075157166,0.5565294027328491,-0.5220224261283875,2,12,0.4117698669433594,0.486455500125885,-0.5831931829452515,2,13,0.7619717717170715,0.6347311735153198,-0.12221528589725494,2,14,0.1419798582792282,0.4600696563720703,-0.4495698809623718,2,15,0.7298048138618469,0.8179857134819031,0.01782199926674366,2,16,0.25016579031944275,0.8773401975631714,-0.3283982276916504,2,17,0.7667285799980164,0.8154740929603577,0.010117392987012863,2,18,0.2932493984699249,0.9322069883346558,-0.3494875729084015,2,19,0.7323195338249207,0.8039901852607727,0.013032482005655766,2,20,0.3203408122062683,0.902343213558197,-0.29935720562934875,2,21,0.7081677317619324,0.803205668926239,0.019725626334547997,2,22,0.3143959939479828,0.876679003238678,-0.3009055554866791,2,23,0.4813776910305023,0.7561308145523071,0.0879133939743042,2,24,0.31031322479248047,0.7330054640769958,-0.08775261044502258,2,25,0.4346151649951935,0.750708818435669,0.5172993540763855,2,26,0.28637856245040894,0.6751625537872314,0.43481582403182983,2,27,0.42952898144721985,0.7484017014503479,1.1197540760040283,2,28,0.2815583348274231,0.6601966619491577,0.9410219192504883,2,29,0.4262424409389496,0.7034274935722351,1.1899267435073853,2,30,0.26807162165641785,0.6088226437568665,0.9976574182510376,2,31,0.3742656409740448,0.821596086025238,1.239375352859497,2,32,0.27938902378082275,0.7686429023742676,1.0073325634002686,2
0,0.6668215990066528,0.9174579977989197,-0.7451894283294678,2,1,0.7021242380142212,0.8981789946556091,-0.7440795302391052,2,2,0.7151949405670166,0.8960242867469788,-0.7438560128211975,2,3,0.7278969287872314,0.8924481272697449,-0.7439352869987488,2,4,0.6679583787918091,0.884154736995697,-0.7820395827293396,2,5,0.6547199487686157,0.8688634634017944,-0.7824680805206299,2,6,0.6421991586685181,0.8574162125587463,-0.782482922077179,2,7,0.7462251782417297,0.815879225730896,-0.7272595763206482,2,8,0.603198766708374,0.7584539651870728,-0.8507288694381714,2,9,0.6501558423042297,0.9269353151321411,-0.6776698231697083,2,10,0.6258623003959656,0.8812227249145508,-0.7134487628936768,2,11,0.7540542483329773,0.6206807494163513,-0.5558721423149109,2,12,0.41141432523727417,0.5049521327018738,-0.6253319978713989,2,13,0.8015094995498657,0.6379420757293701,-0.1477295607328415,2,14,0.14203299582004547,0.4601110816001892,-0.4573810398578644,2,15,0.794829785823822,0.8200697302818298,-0.006264504976570606,2,16,0.25385230779647827,0.8771772384643555,-0.3397360146045685,2,17,0.840455174446106,0.8159419894218445,-0.018464144319295883,2,18,0.29490554332733154,0.9323098063468933,-0.3598997890949249,2,19,0.8045704364776611,0.8077278137207031,-0.018492605537176132,2,20,0.32199785113334656,0.9025205373764038,-0.31658750772476196,2,21,0.7762468457221985,0.8063081502914429,-0.006724096368998289,2,22,0.31644195318222046,0.8766978979110718,-0.3136560320854187,2,23,0.4814435541629791,0.7568313479423523,0.08862634003162384,2,24,0.3107377588748932,0.7320273518562317,-0.08840659260749817,2,25,0.4344688951969147,0.7790326476097107,0.5251551866531372,2,26,0.2858516275882721,0.6952975392341614,0.43687647581100464,2,27,0.39743363857269287,0.7481182813644409,1.1301929950714111,2,28,0.27883774042129517,0.6650729775428772,0.9495114684104919,2,29,0.3924245834350586,0.7028189897537231,1.200194239616394,2,30,0.271392822265625,0.6127196550369263,1.0071254968643188,2,31,0.34729158878326416,0.815005362033844,1.241716980934143,2,32,0.27795925736427307,0.7660893201828003,1.0117651224136353,2
0,0.6456286907196045,0.901947557926178,-0.6953490972518921,2,1,0.6907398700714111,0.8846670389175415,-0.7162923812866211,2,2,0.7023433446884155,0.8822579383850098,-0.7161207795143127,2,3,0.7183856964111328,0.8832535147666931,-0.7161810994148254,2,4,0.6560577154159546,0.8692775368690491,-0.7511909008026123,2,5,0.6463606357574463,0.8580439686775208,-0.7516974806785583,2,6,0.6348227858543396,0.8440530300140381,-0.7519274950027466,2,7,0.7363858819007874,0.810024619102478,-0.6719639897346497,2,8,0.6029595136642456,0.7555660605430603,-0.8249233961105347,2,9,0.638334333896637,0.8967382311820984,-0.6469575762748718,2,10,0.6110327839851379,0.8694658875465393,-0.6910181045532227,2,11,0.7142597436904907,0.5928490161895752,-0.5317665338516235,2,12,0.4097549319267273,0.505868673324585,-0.6210375428199768,2,13,0.734822690486908,0.6606230735778809,-0.11376605182886124,2,14,0.14293794333934784,0.4598979651927948,-0.44905343651771545,2,15,0.7487533092498779,0.8195235133171082,0.03585945442318916,2,16,0.2620064616203308,0.8754732608795166,-0.3046033978462219,2,17,0.8118343949317932,0.811549723148346,0.030208652839064598,2,18,0.29656103253364563,0.9299600720405579,-0.3203623592853546,2,19,0.7755914926528931,0.8018384575843811,0.029028914868831635,2,20,0.32431188225746155,0.8989207148551941,-0.27610424160957336,2,21,0.740382969379425,0.7991169691085815,0.03627584129571915,2,22,0.32135456800460815,0.8723047971725464,-0.27733099460601807,2,23,0.46971121430397034,0.7560869455337524,0.08912794291973114,2,24,0.29822781682014465,0.7314196825027466,-0.08889064937829971,2,25,0.41776561737060547,0.7839716672897339,0.5250037908554077,2,26,0.25170841813087463,0.7212246656417847,0.39428630471229553,2,27,0.38377809524536133,0.7386526465415955,1.1050975322723389,2,28,0.23670177161693573,0.7025214433670044,0.8767274022102356,2,29,0.3801327049732208,0.6851370334625244,1.168399691581726,2,30,0.23694099485874176,0.6562773585319519,0.9294367432594299,2,31,0.33959028124809265,0.8104050755500793,1.1948610544204712,2,32,0.221559539437294,0.8135203123092651,0.9149482846260071,2
0,0.6300764083862305,0.9085960388183594,-0.7003353238105774,2,1,0.6726602911949158,0.8925312757492065,-0.7210263609886169,2,2,0.6870214343070984,0.8951386213302612,-0.7210534811019897,2,3,0.7013099193572998,0.8958179354667664,-0.7212881445884705,2,4,0.6394943594932556,0.8725346326828003,-0.7573204636573792,2,5,0.628876805305481,0.8582226037979126,-0.7577914595603943,2,6,0.621232807636261,0.8457386493682861,-0.7578722834587097,2,7,0.7243677377700806,0.8299121856689453,-0.6747786998748779,2,8,0.6002313494682312,0.7365292906761169,-0.8210376501083374,2,9,0.6279443502426147,0.8994615077972412,-0.6502770185470581,2,10,0.5990772247314453,0.8725696802139282,-0.6953085660934448,2,11,0.7108370065689087,0.6220817565917969,-0.524348795413971,2,12,0.4077456593513489,0.5200772881507874,-0.5901814699172974,2,13,0.7297107577323914,0.7088910341262817,-0.09897901117801666,2,14,0.15224777162075043,0.45862045884132385,-0.4040907025337219,2,15,0.6789077520370483,0.8202260732650757,0.05183016136288643,2,16,0.26446226239204407,0.8740540146827698,-0.2542976140975952,2,17,0.7017902731895447,0.8116957545280457,0.04738931730389595,2,18,0.29691314697265625,0.9287646412849426,-0.2696410119533539,2,19,0.6712063550949097,0.791683554649353,0.05351072922348976,2,20,0.32430800795555115,0.898141086101532,-0.2197198122739792,2,21,0.6543050408363342,0.7905682325363159,0.05706948786973953,2,22,0.32123076915740967,0.8713602423667908,-0.2252955287694931,2,23,0.46856194734573364,0.7558242678642273,0.08906310051679611,2,24,0.3005412817001343,0.719523549079895,-0.08885213732719421,2,25,0.4170001447200775,0.7778918147087097,0.5188509821891785,2,26,0.25589001178741455,0.7202526926994324,0.38828951120376587,2,27,0.37672296166419983,0.7252071499824524,1.049190640449524,2,28,0.23305724561214447,0.7003304958343506,0.8389338254928589,2,29,0.3725796937942505,0.6688657999038696,1.1108150482177734,2,30,0.23152540624141693,0.6522218585014343,0.888972282409668,2,31,0.33063358068466187,0.783452570438385,1.143362045288086,2,32,0.21600720286369324,0.8093595504760742,0.8784362077713013,2
0,0.6234527826309204,0.9133363962173462,-0.8101360201835632,2,1,0.6614217162132263,0.8967275023460388,-0.8374391198158264,2,2,0.6766393780708313,0.8999468088150024,-0.837277352809906,2,3,0.6906768679618835,0.9013354778289795,-0.8374128341674805,2,4,0.6306082606315613,0.8743281960487366,-0.862892746925354,2,5,0.6222022175788879,0.8614826798439026,-0.8634406924247742,2,6,0.6146870255470276,0.8479136228561401,-0.8636353611946106,2,7,0.7160847187042236,0.840308427810669,-0.7628381252288818,2,8,0.5959743857383728,0.7597761750221252,-0.8767257332801819,2,9,0.6222848296165466,0.8988369703292847,-0.7550220489501953,2,10,0.593854546546936,0.8718169331550598,-0.7879299521446228,2,11,0.7237054705619812,0.6514370441436768,-0.5883998870849609,2,12,0.40230312943458557,0.5276603698730469,-0.6255444288253784,2,13,0.7595676183700562,0.6906542778015137,-0.1482067108154297,2,14,0.15214715898036957,0.46293455362319946,-0.42722171545028687,2,15,0.6994364261627197,0.7950634956359863,0.047936487942934036,2,16,0.2645814120769501,0.8749790787696838,-0.2959142327308655,2,17,0.7181863784790039,0.7792267203330994,0.0418926402926445,2,18,0.29706013202667236,0.9308949708938599,-0.31906503438949585,2,19,0.6833801865577698,0.7598413228988647,0.04721380025148392,2,20,0.3238702118396759,0.8985743522644043,-0.27548807859420776,2,21,0.6689433455467224,0.7603305578231812,0.05590950325131416,2,22,0.3211621642112732,0.8727529644966125,-0.2700560390949249,2,23,0.4750259816646576,0.7526673078536987,0.08934050053358078,2,24,0.3021986782550812,0.7059059143066406,-0.08910199999809265,2,25,0.4184231162071228,0.7738109230995178,0.5202763080596924,2,26,0.25771892070770264,0.713196873664856,0.3918364346027374,2,27,0.37768879532814026,0.6994972825050354,1.0642457008361816,2,28,0.23299384117126465,0.6767329573631287,0.8497244119644165,2,29,0.37337732315063477,0.6446074843406677,1.1290463209152222,2,30,0.23076926171779633,0.6268996000289917,0.9011613130569458,2,31,0.3366652727127075,0.7748714089393616,1.1557482481002808,2,32,0.21913956105709076,0.7901393175125122,0.9057915806770325,2
0,0.6178476214408875,0.9049084782600403,-0.8055635094642639,2,1,0.6585022211074829,0.8919824361801147,-0.831447422504425,2,2,0.6724579334259033,0.8931038975715637,-0.8313397765159607,2,3,0.687737762928009,0.895713210105896,-0.8315384387969971,2,4,0.6280996203422546,0.8702058792114258,-0.8549924492835999,2,5,0.6187081933021545,0.8561379313468933,-0.8555669188499451,2,6,0.6120518445968628,0.8439702987670898,-0.8557643890380859,2,7,0.7122675776481628,0.8357283473014832,-0.742469072341919,2,8,0.5942655205726624,0.7600143551826477,-0.8689572215080261,2,9,0.6145753264427185,0.8931059837341309,-0.7453290820121765,2,10,0.5881184339523315,0.8656158447265625,-0.7793473601341248,2,11,0.71051025390625,0.6584222912788391,-0.5715286731719971,2,12,0.40176522731781006,0.538767397403717,-0.6250179409980774,2,13,0.7349460124969482,0.6831064224243164,-0.1482417732477188,2,14,0.15309439599514008,0.4649987816810608,-0.44587692618370056,2,15,0.716011106967926,0.7915714383125305,0.009462535381317139,2,16,0.26608315110206604,0.8763880729675293,-0.3211421072483063,2,17,0.7503020763397217,0.7801026701927185,0.000601832929532975,2,18,0.29845401644706726,0.9315904378890991,-0.3419833183288574,2,19,0.7207499742507935,0.7641336917877197,-0.003813662799075246,2,20,0.32410508394241333,0.8984562158584595,-0.30051761865615845,2,21,0.6990849375724792,0.7628222703933716,0.00941409170627594,2,22,0.32130852341651917,0.8727980256080627,-0.29592397809028625,2,23,0.4687833786010742,0.7526024580001831,0.08926054835319519,2,24,0.2960726320743561,0.7072312235832214,-0.08905544131994247,2,25,0.4171414375305176,0.7737054824829102,0.5209142565727234,2,26,0.24602504074573517,0.7036305069923401,0.3962865471839905,2,27,0.3802494704723358,0.7018771767616272,1.0659713745117188,2,28,0.21861332654953003,0.6594464778900146,0.8645527362823486,2,29,0.3765777349472046,0.6501765251159668,1.1317710876464844,2,30,0.21664665639400482,0.6116184592247009,0.9169232845306396,2,31,0.33942392468452454,0.7817893624305725,1.161350965499878,2,32,0.2014513909816742,0.7683947086334229,0.9111197590827942,2
0,0.6217668056488037,0.9139623641967773,-0.8943356871604919,2,1,0.6613664627075195,0.9069657325744629,-0.9136817455291748,2,2,0.6748613119125366,0.9067912101745605,-0.913459837436676,2,3,0.6916371583938599,0.9088494181632996,-0.9135183095932007,2,4,0.6308889389038086,0.8828337788581848,-0.9454542994499207,2,5,0.6200512051582336,0.8656537532806396,-0.9460493326187134,2,6,0.6147300004959106,0.8519180417060852,-0.9462572932243347,2,7,0.7161752581596375,0.8471456170082092,-0.8006400465965271,2,8,0.5974549651145935,0.7639995217323303,-0.9454710483551025,2,9,0.6182891130447388,0.9011566042900085,-0.8262307047843933,2,10,0.5900833010673523,0.8705293536186218,-0.8679172992706299,2,11,0.7136297821998596,0.7054078578948975,-0.6156275868415833,2,12,0.40881145000457764,0.5467044115066528,-0.6751725077629089,2,13,0.7273820638656616,0.7009565830230713,-0.14801928400993347,2,14,0.17328257858753204,0.4673917889595032,-0.46492764353752136,2,15,0.701202929019928,0.8431106209754944,0.012039754539728165,2,16,0.2656506597995758,0.8763743042945862,-0.32328614592552185,2,17,0.7370423078536987,0.852553129196167,0.00767886359244585,2,18,0.29837745428085327,0.9316173195838928,-0.3439030349254608,2,19,0.7058764696121216,0.8320865631103516,0.0001282847224501893,2,20,0.3240847885608673,0.8996025323867798,-0.3020206093788147,2,21,0.6848496198654175,0.8226870894432068,0.01128751877695322,2,22,0.3213004469871521,0.8751614093780518,-0.2977474331855774,2,23,0.46911564469337463,0.7539721131324768,0.08909674733877182,2,24,0.2966068685054779,0.7055608034133911,-0.0888780727982521,2,25,0.45351606607437134,0.7695028185844421,0.5317140221595764,2,26,0.25440388917922974,0.6450970768928528,0.42139947414398193,2,27,0.42235854268074036,0.6978108286857605,1.0959928035736084,2,28,0.2213154435157776,0.5389131903648376,0.8916540145874023,2,29,0.4183126389980316,0.6476433277130127,1.1617048978805542,2,30,0.21821291744709015,0.4833010733127594,0.9426573514938354,2,31,0.3852071166038513,0.7827771306037903,1.2063177824020386,2,32,0.19848346710205078,0.6337083578109741,0.9494228363037109,2
0,0.6233718395233154,0.9146491885185242,-0.8576129674911499,2,1,0.6683971881866455,0.905780553817749,-0.8822451233863831,2,2,0.6801432371139526,0.9047891497612,-0.8820475339889526,2,3,0.6966267228126526,0.90608811378479,-0.8821264505386353,2,4,0.6381893754005432,0.8862957954406738,-0.9139277935028076,2,5,0.6262442469596863,0.8699857592582703,-0.9145275950431824,2,6,0.621590256690979,0.8585131168365479,-0.9147650599479675,2,7,0.7188637852668762,0.8402130007743835,-0.7984333038330078,2,8,0.6017104387283325,0.7683596611022949,-0.9417833089828491,2,9,0.6204367876052856,0.9003930687904358,-0.7975695133209229,2,10,0.5912970900535583,0.8734380006790161,-0.8390291929244995,2,11,0.7146269083023071,0.6485138535499573,-0.6138314604759216,2,12,0.41197049617767334,0.538964033126831,-0.683577835559845,2,13,0.7286099791526794,0.6932709813117981,-0.1439194232225418,2,14,0.17002300918102264,0.4669998586177826,-0.49124523997306824,2,15,0.7231805920600891,0.8385316133499146,0.04670405760407448,2,16,0.2656727731227875,0.8763335347175598,-0.359699547290802,2,17,0.7648003697395325,0.8460084199905396,0.04815787449479103,2,18,0.29826173186302185,0.9318515658378601,-0.3814612925052643,2,19,0.7352414727210999,0.830125629901886,0.030796853825449944,2,20,0.3240620791912079,0.8994730710983276,-0.34117457270622253,2,21,0.7117809653282166,0.821641743183136,0.04306464642286301,2,22,0.32125601172447205,0.8751518726348877,-0.3345932364463806,2,23,0.46941813826560974,0.7419485449790955,0.0910860076546669,2,24,0.2967938184738159,0.6962462663650513,-0.09091177582740784,2,25,0.44952186942100525,0.7610737085342407,0.5328432321548462,2,26,0.2555758059024811,0.6411084532737732,0.42494282126426697,2,27,0.41620609164237976,0.699309229850769,1.1150833368301392,2,28,0.22573988139629364,0.5710949897766113,0.9115993976593018,2,29,0.41052156686782837,0.6504727602005005,1.1824208498001099,2,30,0.22643950581550598,0.5188633799552917,0.9653227925300598,2,31,0.3805205523967743,0.7856032848358154,1.2230041027069092,2,32,0.20827484130859375,0.6643714308738708,0.9715130925178528,2
0,0.6256144642829895,0.908294677734375,-0.8566386103630066,2,1,0.6741970181465149,0.8960838317871094,-0.8789233565330505,2,2,0.6868736147880554,0.8950687646865845,-0.8787757158279419,2,3,0.702987015247345,0.8961357474327087,-0.8789406418800354,2,4,0.641513466835022,0.878496527671814,-0.9072745442390442,2,5,0.6318966746330261,0.8625191450119019,-0.9078143239021301,2,6,0.6251839995384216,0.8550347089767456,-0.9079691171646118,2,7,0.7253208160400391,0.829426109790802,-0.7828862071037292,2,8,0.6082144379615784,0.7602784037590027,-0.9145786762237549,2,9,0.622020423412323,0.8947525024414062,-0.7928202152252197,2,10,0.5921260714530945,0.8692837357521057,-0.8294708728790283,2,11,0.7324507236480713,0.6270126104354858,-0.5984499454498291,2,12,0.4160979986190796,0.5355236530303955,-0.6627292633056641,2,13,0.7868759632110596,0.6928684711456299,-0.14153750240802765,2,14,0.16804353892803192,0.4624802768230438,-0.4815041720867157,2,15,0.7655695080757141,0.8380524516105652,0.0780624970793724,2,16,0.2632863521575928,0.8754104971885681,-0.3472970128059387,2,17,0.8042469024658203,0.8436824083328247,0.07696307450532913,2,18,0.2977547347545624,0.931847333908081,-0.3669678568840027,2,19,0.7740578055381775,0.8322840332984924,0.06470722705125809,2,20,0.323355495929718,0.8994409441947937,-0.3242413103580475,2,21,0.7500799298286438,0.8260249495506287,0.0757300928235054,2,22,0.32052505016326904,0.8749974966049194,-0.3206654489040375,2,23,0.46976760029792786,0.7601916790008545,0.0911620557308197,2,24,0.2974754869937897,0.6962143778800964,-0.09095954895019531,2,25,0.41720589995384216,0.7607568502426147,0.5433140993118286,2,26,0.2565189003944397,0.6471535563468933,0.4611445963382721,2,27,0.413113534450531,0.7014479637145996,1.1552048921585083,2,28,0.23361583054065704,0.588382363319397,0.977019727230072,2,29,0.3679031431674957,0.6202725172042847,1.2287501096725464,2,30,0.2366604506969452,0.5368282794952393,1.0364607572555542,2,31,0.37885695695877075,0.7927194833755493,1.2840373516082764,2,32,0.2215239703655243,0.6652007102966309,1.0511178970336914,2
0,0.6389157772064209,0.8964493274688721,-0.7813300490379333,2,1,0.6789015531539917,0.8795552253723145,-0.7942772507667542,2,2,0.6901131868362427,0.8765096664428711,-0.7941775918006897,2,3,0.7039319276809692,0.8737098574638367,-0.7943191528320312,2,4,0.64990234375,0.8688773512840271,-0.826224148273468,2,5,0.6413363218307495,0.8581255674362183,-0.8266849517822266,2,6,0.6337375044822693,0.8538117408752441,-0.8267603516578674,2,7,0.7231202721595764,0.808967113494873,-0.6892837882041931,2,8,0.6107999682426453,0.7592734098434448,-0.8301946520805359,2,9,0.6290232539176941,0.8882464170455933,-0.7188884615898132,2,10,0.601239800453186,0.8651835322380066,-0.7593562602996826,2,11,0.7281675934791565,0.6147904396057129,-0.5310090184211731,2,12,0.4153868854045868,0.5310573577880859,-0.5983119606971741,2,13,0.7739394307136536,0.6799218058586121,-0.074302539229393,2,14,0.16593891382217407,0.46416398882865906,-0.42926135659217834,2,15,0.7551413178443909,0.8355913758277893,0.10281937569379807,2,16,0.26169416308403015,0.8721956610679626,-0.3310743272304535,2,17,0.795111358165741,0.8410505056381226,0.10155432671308517,2,18,0.2974766194820404,0.9300826191902161,-0.35295388102531433,2,19,0.7656106352806091,0.8293541073799133,0.08409043401479721,2,20,0.3229430317878723,0.8978808522224426,-0.3174394369125366,2,21,0.7416126728057861,0.8235057592391968,0.09815862029790878,2,22,0.32022377848625183,0.8738585114479065,-0.3093152344226837,2,23,0.46268361806869507,0.7608411312103271,0.09381281584501266,2,24,0.2950593829154968,0.6957006454467773,-0.09363638609647751,2,25,0.4081166088581085,0.7580507397651672,0.5277783274650574,2,26,0.25171980261802673,0.6512507796287537,0.4143926799297333,2,27,0.4107019603252411,0.7020570635795593,1.0930618047714233,2,28,0.22796735167503357,0.5940922498703003,0.8825342059135437,2,29,0.36303985118865967,0.6046180129051208,1.1599481105804443,2,30,0.2285042554140091,0.5426164865493774,0.9370502829551697,2,31,0.3775559961795807,0.7923672795295715,1.2065526247024536,2,32,0.21968871355056763,0.6876938939094543,0.9424231052398682,2
0,0.6426892876625061,0.8380558490753174,-0.785632848739624,2,1,0.6764951348304749,0.8132395148277283,-0.8029414415359497,2,2,0.6866291761398315,0.811314582824707,-0.8028157949447632,2,3,0.6981331706047058,0.8085165619850159,-0.8029465079307556,2,4,0.6498554348945618,0.7966873645782471,-0.8342570662498474,2,5,0.6409962177276611,0.783682107925415,-0.8347472548484802,2,6,0.6330226063728333,0.7713137865066528,-0.834865927696228,2,7,0.71440589427948,0.7437464594841003,-0.690696120262146,2,8,0.6104586720466614,0.6749453544616699,-0.8273668885231018,2,9,0.6348443627357483,0.8396832346916199,-0.7246415019035339,2,10,0.6089886426925659,0.8144290447235107,-0.7645450234413147,2,11,0.7247865200042725,0.6015754342079163,-0.5313010215759277,2,12,0.4141625463962555,0.5073716640472412,-0.5773799419403076,2,13,0.7260052561759949,0.6786720752716064,-0.0661659985780716,2,14,0.16464580595493317,0.46187785267829895,-0.4089125692844391,2,15,0.6705520153045654,0.8471633791923523,0.11330599337816238,2,16,0.2562861740589142,0.8607314825057983,-0.31650716066360474,2,17,0.6856812238693237,0.8411339521408081,0.11443182826042175,2,18,0.29323461651802063,0.9214426875114441,-0.3419915735721588,2,19,0.6797780990600586,0.8313805460929871,0.09782280772924423,2,20,0.3226487338542938,0.891043484210968,-0.30661165714263916,2,21,0.6608206629753113,0.8226416110992432,0.11210038512945175,2,22,0.3188645541667938,0.8664734959602356,-0.29614898562431335,2,23,0.46295130252838135,0.7772011160850525,0.0944952443242073,2,24,0.31246981024742126,0.7347431778907776,-0.09432251006364822,2,25,0.4137488007545471,0.7632499933242798,0.5279600620269775,2,26,0.2445150911808014,0.6971430778503418,0.39668476581573486,2,27,0.4121943414211273,0.7219361662864685,1.0737416744232178,2,28,0.22710302472114563,0.6856498718261719,0.8508703708648682,2,29,0.3913325071334839,0.6670585870742798,1.1376328468322754,2,30,0.2274479866027832,0.6385906934738159,0.9044246077537537,2,31,0.385608047246933,0.8170680403709412,1.1856807470321655,2,32,0.21976369619369507,0.8128231167793274,0.9052990078926086,2
0,0.6504967212677002,0.809967041015625,-0.7815322279930115,2,1,0.6765709519386292,0.7783373594284058,-0.7928913235664368,2,2,0.6862519383430481,0.7743836045265198,-0.7928025722503662,2,3,0.6964412927627563,0.7698305249214172,-0.7929476499557495,2,4,0.6520536541938782,0.7664629817008972,-0.8307685256004333,2,5,0.6438676118850708,0.7549461722373962,-0.8312174677848816,2,6,0.6357250809669495,0.7429459691047668,-0.8313015103340149,2,7,0.7061063647270203,0.6965872049331665,-0.6645240187644958,2,8,0.6106980443000793,0.6499471068382263,-0.833343505859375,2,9,0.6401978135108948,0.8092921376228333,-0.7123916149139404,2,10,0.6168835163116455,0.7892526984214783,-0.7612950801849365,2,11,0.7084591388702393,0.5942182540893555,-0.5153958201408386,2,12,0.41054603457450867,0.49333491921424866,-0.5839369893074036,2,13,0.6818848252296448,0.6820042133331299,-0.04789130389690399,2,14,0.16490094363689423,0.4607103168964386,-0.42492198944091797,2,15,0.6278622150421143,0.8737806677818298,0.10339999943971634,2,16,0.2530372738838196,0.857267439365387,-0.3230664134025574,2,17,0.6564327478408813,0.8448224663734436,0.10602346807718277,2,18,0.285782128572464,0.9201428890228271,-0.3469475507736206,2,19,0.6522082090377808,0.8349632024765015,0.08655012398958206,2,20,0.31722986698150635,0.890295147895813,-0.31053799390792847,2,21,0.6049624085426331,0.859914243221283,0.10139594227075577,2,22,0.3126688003540039,0.8654128909111023,-0.30219632387161255,2,23,0.4595321714878082,0.7854889631271362,0.09938757866621017,2,24,0.31220561265945435,0.7652066946029663,-0.09921403974294662,2,25,0.41887366771698,0.7785928845405579,0.5257627367973328,2,26,0.23631824553012848,0.7771769165992737,0.345560222864151,2,27,0.42008665204048157,0.7363051176071167,1.0338422060012817,2,28,0.22701293230056763,0.8070218563079834,0.7768324017524719,2,29,0.4119357168674469,0.6924093961715698,1.0928720235824585,2,30,0.22626559436321259,0.7635794878005981,0.8275324106216431,2,31,0.39837124943733215,0.8326759338378906,1.1508471965789795,2,32,0.22055760025978088,0.9406046271324158,0.8263269066810608,2
0,0.6547578573226929,0.7682596445083618,-0.7943503260612488,2,1,0.6787492632865906,0.7299079895019531,-0.8061826229095459,2,2,0.6880394816398621,0.7260781526565552,-0.8061720728874207,2,3,0.6981133222579956,0.7213438153266907,-0.8064150214195251,2,4,0.6560376882553101,0.7150208950042725,-0.8507703542709351,2,5,0.6482669115066528,0.7013585567474365,-0.8512327075004578,2,6,0.6408182978630066,0.6881043314933777,-0.8511912822723389,2,7,0.7076832056045532,0.6400962471961975,-0.6689256429672241,2,8,0.6129311919212341,0.5897405743598938,-0.8750048279762268,2,9,0.6416589617729187,0.7726713418960571,-0.7193472385406494,2,10,0.6195707321166992,0.7492866516113281,-0.778313398361206,2,11,0.7066715359687805,0.5737509727478027,-0.5207512378692627,2,12,0.4035630524158478,0.46523213386535645,-0.6334265470504761,2,13,0.6441952586174011,0.6763684749603271,-0.030150283128023148,2,14,0.16439054906368256,0.46031004190444946,-0.41557756066322327,2,15,0.6485069990158081,0.8462182879447937,0.1779417097568512,2,16,0.24962131679058075,0.8540116548538208,-0.2342437356710434,2,17,0.6664608716964722,0.8577104806900024,0.19334158301353455,2,18,0.27964648604393005,0.9195038080215454,-0.24048654735088348,2,19,0.659386932849884,0.8445472717285156,0.16578947007656097,2,20,0.3173077702522278,0.8887080550193787,-0.21230442821979523,2,21,0.6349872350692749,0.8518068790435791,0.17602187395095825,2,22,0.31283536553382874,0.8612998723983765,-0.21433669328689575,2,23,0.45359912514686584,0.789483904838562,0.101120725274086,2,24,0.30420371890068054,0.7620921730995178,-0.10079788416624069,2,25,0.4213407635688782,0.8243045806884766,0.5278629660606384,2,26,0.18844301998615265,0.7986812591552734,0.35249418020248413,2,27,0.3883294463157654,0.8006907105445862,1.0538171529769897,2,28,0.16677021980285645,0.8417469263076782,0.7979811429977417,2,29,0.3809797167778015,0.7566753625869751,1.1131739616394043,2,30,0.16369375586509705,0.7944058775901794,0.8511262536048889,2,31,0.3505209982395172,0.9215036630630493,1.1874927282333374,2,32,0.1628447324037552,1.0067602396011353,0.8403959274291992,2
0,0.6555694341659546,0.7549716830253601,-0.7795981168746948,2,1,0.6791566610336304,0.7156028747558594,-0.7947006225585938,2,2,0.6882410049438477,0.712146520614624,-0.7946869730949402,2,3,0.6985400915145874,0.7059077024459839,-0.7949446439743042,2,4,0.657076895236969,0.7004052996635437,-0.8353734612464905,2,5,0.6493927836418152,0.6861016154289246,-0.8358257412910461,2,6,0.6420431733131409,0.6719037294387817,-0.8357526659965515,2,7,0.7087745666503906,0.6260647177696228,-0.6791451573371887,2,8,0.6131325364112854,0.5696332454681396,-0.8671995401382446,2,9,0.6418634653091431,0.7596146464347839,-0.7112120389938354,2,10,0.6200742125511169,0.7342841029167175,-0.7646964192390442,2,11,0.7021968364715576,0.5560592412948608,-0.5258880853652954,2,12,0.3972526490688324,0.4557424783706665,-0.6283245086669922,2,13,0.6659083962440491,0.6772477626800537,-0.017402982339262962,2,14,0.16399358212947845,0.46067455410957336,-0.3646010756492615,2,15,0.6534596681594849,0.8298171162605286,0.21472343802452087,2,16,0.24991120398044586,0.8543652296066284,-0.16957111656665802,2,17,0.6700315475463867,0.8573929667472839,0.23005841672420502,2,18,0.2798362076282501,0.9184176921844482,-0.17254453897476196,2,19,0.6623010039329529,0.8441464900970459,0.20342235267162323,2,20,0.3196713626384735,0.8873898983001709,-0.14493295550346375,2,21,0.6459625959396362,0.8514639735221863,0.21337303519248962,2,22,0.3137863874435425,0.8604609370231628,-0.1503538340330124,2,23,0.4521532654762268,0.7895748615264893,0.1012679785490036,2,24,0.29755499958992004,0.7620570063591003,-0.10087408125400543,2,25,0.4276040494441986,0.843120276927948,0.5154532790184021,2,26,0.17580121755599976,0.8117840886116028,0.34531891345977783,2,27,0.38048961758613586,0.8526411652565002,1.054834008216858,2,28,0.15226700901985168,0.873614490032196,0.7772838473320007,2,29,0.37166455388069153,0.8104348182678223,1.11624276638031,2,30,0.1497398167848587,0.827151358127594,0.8289151787757874,2,31,0.3429993987083435,0.9853358268737793,1.177924633026123,2,32,0.15059763193130493,1.0503615140914917,0.8113165497779846,2
0,0.6626731753349304,0.7274382710456848,-0.717180609703064,2,1,0.6881032586097717,0.6734045743942261,-0.7309623956680298,2,2,0.6973595023155212,0.6661579012870789,-0.7309837937355042,2,3,0.7071744799613953,0.6583415269851685,-0.7312366962432861,2,4,0.6664610505104065,0.6655080318450928,-0.7687923908233643,2,5,0.6593173742294312,0.653275728225708,-0.769250750541687,2,6,0.6513592600822449,0.6388577222824097,-0.7691680788993835,2,7,0.7092353105545044,0.5809906721115112,-0.6245336532592773,2,8,0.6166765689849854,0.5420700907707214,-0.7947655916213989,2,9,0.6468156576156616,0.7301269769668579,-0.6522292494773865,2,10,0.6286123991012573,0.7116785049438477,-0.7017170786857605,2,11,0.7003380060195923,0.5268417596817017,-0.4850298762321472,2,12,0.3976335823535919,0.4360867440700531,-0.5645167231559753,2,13,0.6763574481010437,0.6668583154678345,0.037464700639247894,2,14,0.16224254667758942,0.4619165360927582,-0.29727399349212646,2,15,0.6497501134872437,0.8240319490432739,0.27137306332588196,2,16,0.2486651986837387,0.8539736866950989,-0.09904135763645172,2,17,0.6687343120574951,0.8588665723800659,0.2849263846874237,2,18,0.2749480605125427,0.9173969030380249,-0.0983959287405014,2,19,0.6590245962142944,0.8437561988830566,0.2566206753253937,2,20,0.3194291889667511,0.8867793679237366,-0.07557692378759384,2,21,0.6455774903297424,0.8491158485412598,0.2700088620185852,2,22,0.31326207518577576,0.8590923547744751,-0.08140622079372406,2,23,0.4480009078979492,0.7895297408103943,0.10184510797262192,2,24,0.2951849400997162,0.7621200084686279,-0.10137572139501572,2,25,0.3938433527946472,0.8823584914207458,0.4878285229206085,2,26,0.16694770753383636,0.8438937664031982,0.3244915008544922,2,27,0.29982560873031616,0.9324147701263428,1.025909423828125,2,28,0.12828728556632996,0.9831897020339966,0.7449008822441101,2,29,0.28716421127319336,0.8920384049415588,1.0865684747695923,2,30,0.1229206845164299,0.9442040324211121,0.7936529517173767,2,31,0.2564038634300232,1.08760666847229,1.1252185106277466,2,32,0.12717236578464508,1.1922619342803955,0.7549655437469482,2
0,0.6621525883674622,0.6909695863723755,-0.7516316175460815,2,1,0.6928817629814148,0.632279634475708,-0.7389320731163025,2,2,0.7030132412910461,0.626945972442627,-0.7393752932548523,2,3,0.7134835124015808,0.6206440925598145,-0.7399421334266663,2,4,0.6672218441963196,0.6212900280952454,-0.7802063226699829,2,5,0.6584089994430542,0.6067773699760437,-0.7808989882469177,2,6,0.6495007276535034,0.5895358324050903,-0.7811784148216248,2,7,0.7110317349433899,0.5496446490287781,-0.6446117162704468,2,8,0.6163637638092041,0.48473262786865234,-0.781861424446106,2,9,0.6465322971343994,0.7009490132331848,-0.6540723443031311,2,10,0.6270719766616821,0.6794453859329224,-0.7202256917953491,2,11,0.7016861438751221,0.5286150574684143,-0.49431493878364563,2,12,0.39794185757637024,0.4147864878177643,-0.5351355671882629,2,13,0.6551397442817688,0.6384074091911316,-0.0025540441274642944,2,14,0.16042320430278778,0.46161341667175293,-0.31951266527175903,2,15,0.6514061689376831,0.8154276013374329,0.2066407948732376,2,16,0.242684468626976,0.853190004825592,-0.17463521659374237,2,17,0.6689083576202393,0.8573710322380066,0.21432927250862122,2,18,0.2598169147968292,0.9161703586578369,-0.18415004014968872,2,19,0.6609875559806824,0.8431839942932129,0.19143977761268616,2,20,0.3153635561466217,0.8859246373176575,-0.15211670100688934,2,21,0.6487284898757935,0.8468904495239258,0.2049400955438614,2,22,0.3103432357311249,0.858109712600708,-0.15477792918682098,2,23,0.4490359127521515,0.7890728116035461,0.09743204712867737,2,24,0.29582980275154114,0.7592759132385254,-0.09702955186367035,2,25,0.40763357281684875,0.8585787415504456,0.4923030436038971,2,26,0.17878271639347076,0.8266604542732239,0.3516777753829956,2,27,0.3328506350517273,0.882389485836029,1.0090256929397583,2,28,0.1620674729347229,0.8830649256706238,0.7789245247840881,2,29,0.32061707973480225,0.8415012359619141,1.0686984062194824,2,30,0.1653503030538559,0.8396621942520142,0.8287985920906067,2,31,0.29532450437545776,1.0249183177947998,1.1122771501541138,2,32,0.2268325537443161,1.0456875562667847,0.8091990351676941,2
0,0.6569404006004333,0.5993345379829407,-0.8416155576705933,2,1,0.6868757605552673,0.538216233253479,-0.8360921740531921,2,2,0.6979280710220337,0.5332186818122864,-0.8362755179405212,2,3,0.7095662355422974,0.5259701609611511,-0.8366057872772217,2,4,0.6561171412467957,0.5230063199996948,-0.8659152984619141,2,5,0.6440194845199585,0.5056527256965637,-0.8663216233253479,2,6,0.6318148374557495,0.4859933853149414,-0.8662526607513428,2,7,0.711357831954956,0.4580221474170685,-0.655909538269043,2,8,0.6010497212409973,0.38162925839424133,-0.7995932102203369,2,9,0.6454088687896729,0.61012864112854,-0.7486158609390259,2,10,0.6214982867240906,0.5915657877922058,-0.7887158989906311,2,11,0.7018964886665344,0.5082972049713135,-0.498460978269577,2,12,0.39823228120803833,0.36591362953186035,-0.5547317862510681,2,13,0.6642635464668274,0.6316547393798828,-0.013252852484583855,2,14,0.1564275473356247,0.4548547863960266,-0.33642876148223877,2,15,0.654852569103241,0.8136954307556152,0.18962498009204865,2,16,0.23697258532047272,0.8534404635429382,-0.18962818384170532,2,17,0.6750171780586243,0.8563966155052185,0.19583235681056976,2,18,0.2479228973388672,0.9160796999931335,-0.20199604332447052,2,19,0.6650301218032837,0.8426399230957031,0.17151936888694763,2,20,0.3117184638977051,0.8857044577598572,-0.17628763616085052,2,21,0.6511377096176147,0.8449249267578125,0.18678320944309235,2,22,0.305520236492157,0.8572648763656616,-0.17353695631027222,2,23,0.44202154874801636,0.7885546684265137,0.08866189420223236,2,24,0.2973842918872833,0.7576565146446228,-0.0883740559220314,2,25,0.4083678424358368,0.8477262854576111,0.556705892086029,2,26,0.19039706885814667,0.7901791334152222,0.435365229845047,2,27,0.3370365798473358,0.865563690662384,1.0850602388381958,2,28,0.1792440414428711,0.8188295364379883,0.8917362689971924,2,29,0.334031879901886,0.8284665942192078,1.1460734605789185,2,30,0.18511001765727997,0.7781966328620911,0.9453379511833191,2,31,0.32286322116851807,0.9983488917350769,1.191308856010437,2,32,0.2217213362455368,1.0220924615859985,0.9360107183456421,2
0,0.6458854079246521,0.5461458563804626,-0.9134620428085327,2,1,0.6697940230369568,0.4963323473930359,-0.9184848666191101,2,2,0.6795111894607544,0.4924740791320801,-0.9185708165168762,2,3,0.6900961399078369,0.4870370924472809,-0.9188798069953918,2,4,0.6408645510673523,0.48244160413742065,-0.9453968405723572,2,5,0.6294878721237183,0.46786239743232727,-0.9458158016204834,2,6,0.6182690858840942,0.45024532079696655,-0.9457323551177979,2,7,0.6976253390312195,0.41758573055267334,-0.7429117560386658,2,8,0.5902124047279358,0.34828266501426697,-0.8577964305877686,2,9,0.6385705471038818,0.5561108589172363,-0.8234041929244995,2,10,0.6125478744506836,0.5424860715866089,-0.8571268916130066,2,11,0.7028032541275024,0.46127527952194214,-0.5633783340454102,2,12,0.39842525124549866,0.322674959897995,-0.5920146107673645,2,13,0.6881960034370422,0.6104991436004639,-0.08315731585025787,2,14,0.1563205122947693,0.45496833324432373,-0.3652205467224121,2,15,0.6682907938957214,0.8069212436676025,0.12285573780536652,2,16,0.23728273808956146,0.8643714189529419,-0.2797068655490875,2,17,0.6787227988243103,0.8561261296272278,0.11929209530353546,2,18,0.2528943717479706,0.9242546558380127,-0.3061312735080719,2,19,0.6670218706130981,0.8421386480331421,0.08895912021398544,2,20,0.3144668638706207,0.890988290309906,-0.29202792048454285,2,21,0.6523271799087524,0.8413459062576294,0.11906711012125015,2,22,0.3093090057373047,0.8639718890190125,-0.26963093876838684,2,23,0.43194758892059326,0.7877093553543091,0.07281798869371414,2,24,0.29631373286247253,0.7466815114021301,-0.07265445590019226,2,25,0.36992403864860535,0.8500509262084961,0.5816094279289246,2,26,0.1863999366760254,0.7513605356216431,0.4943818747997284,2,27,0.32584792375564575,0.8949328660964966,1.1728286743164062,2,28,0.1786705106496811,0.8178902864456177,1.008996605873108,2,29,0.32283973693847656,0.8662189245223999,1.2417446374893188,2,30,0.1834842413663864,0.771382749080658,1.0701725482940674,2,31,0.2974001169204712,1.022936463356018,1.260751485824585,2,32,0.18941186368465424,0.9842504262924194,1.0474348068237305,2
0,0.6243671178817749,0.5001644492149353,-0.9264592528343201,2,1,0.6552127003669739,0.45661941170692444,-0.9403640031814575,2,2,0.6655665636062622,0.4543573260307312,-0.9404033422470093,2,3,0.676405668258667,0.45051610469818115,-0.9406319260597229,2,4,0.6255083680152893,0.4339558780193329,-0.9653889536857605,2,5,0.6141659021377563,0.4140559136867523,-0.9658018946647644,2,6,0.6020863056182861,0.38955801725387573,-0.9657686352729797,2,7,0.6919373273849487,0.37783730030059814,-0.7840749621391296,2,8,0.5777773261070251,0.2802049517631531,-0.8910102248191833,2,9,0.6191940903663635,0.5138307809829712,-0.8400240540504456,2,10,0.592581570148468,0.4844389855861664,-0.8719075322151184,2,11,0.7031891345977783,0.4398486316204071,-0.5556145906448364,2,12,0.39750728011131287,0.2782456576824188,-0.6363993287086487,2,13,0.6849614977836609,0.5981065034866333,-0.028538931161165237,2,14,0.1555832475423813,0.45606017112731934,-0.3933616876602173,2,15,0.668049156665802,0.7980068325996399,0.23537860810756683,2,16,0.23814542591571808,0.8710745573043823,-0.2752966582775116,2,17,0.678432047367096,0.8502946496009827,0.26118525862693787,2,18,0.256330668926239,0.9328991770744324,-0.29206591844558716,2,19,0.6684585809707642,0.8406083583831787,0.22991687059402466,2,20,0.31463244557380676,0.89400315284729,-0.2724080979824066,2,21,0.6525753140449524,0.8327561616897583,0.23286543786525726,2,22,0.30944493412971497,0.8670867085456848,-0.2607005834579468,2,23,0.41534483432769775,0.7909940481185913,0.05879807472229004,2,24,0.2895594835281372,0.7313816547393799,-0.058659810572862625,2,25,0.3103151321411133,0.9039626121520996,0.5925979614257812,2,26,0.16352273523807526,0.7543323040008545,0.499956876039505,2,27,0.27769094705581665,0.9977971911430359,1.2284293174743652,2,28,0.14352421462535858,0.8704439997673035,1.0643755197525024,2,29,0.2776373624801636,0.9780598878860474,1.2978941202163696,2,30,0.14861729741096497,0.8384860754013062,1.1289821863174438,2,31,0.23499318957328796,1.1148438453674316,1.2713277339935303,2,32,0.12684307992458344,1.0557715892791748,1.0675299167633057,2
0,0.6235326528549194,0.49525710940361023,-0.9715306758880615,2,1,0.6508958339691162,0.45062577724456787,-0.981724739074707,2,2,0.6599744558334351,0.446924090385437,-0.9817374348640442,2,3,0.669667661190033,0.44217532873153687,-0.981981635093689,2,4,0.6261172890663147,0.43397536873817444,-1.008677363395691,2,5,0.6164109706878662,0.4173944294452667,-1.0091311931610107,2,6,0.6060819029808044,0.398252010345459,-1.0091427564620972,2,7,0.6829943060874939,0.37884899973869324,-0.8094961643218994,2,8,0.5805748701095581,0.2976749539375305,-0.928055465221405,2,9,0.6165505051612854,0.5015076398849487,-0.8803759217262268,2,10,0.5936422348022461,0.4790031611919403,-0.9147760272026062,2,11,0.7018845677375793,0.43183398246765137,-0.5873701572418213,2,12,0.3975987434387207,0.27231624722480774,-0.6805724501609802,2,13,0.6855915188789368,0.593187153339386,-0.08443465083837509,2,14,0.15542514622211456,0.46046334505081177,-0.4796513319015503,2,15,0.6672642827033997,0.7977861762046814,0.10129335522651672,2,16,0.23880557715892792,0.8841984272003174,-0.40028631687164307,2,17,0.6767290234565735,0.8477208614349365,0.10474347323179245,2,18,0.2575910985469818,0.9411423802375793,-0.4350525438785553,2,19,0.6681987643241882,0.8400664925575256,0.0637759193778038,2,20,0.31466326117515564,0.9032370448112488,-0.41581425070762634,2,21,0.6539434194564819,0.8302446007728577,0.09286864846944809,2,22,0.309537410736084,0.8804665207862854,-0.3871910870075226,2,23,0.4132124185562134,0.7875877022743225,0.05910385400056839,2,24,0.2871340215206146,0.7095125913619995,-0.058962639421224594,2,25,0.3395615518093109,0.8113677501678467,0.6539442539215088,2,26,0.1744585484266281,0.6822755932807922,0.5429957509040833,2,27,0.3023439347743988,0.8058399558067322,1.2961028814315796,2,28,0.18914611637592316,0.7132349610328674,1.1398786306381226,2,29,0.2842424809932709,0.7780636548995972,1.3704860210418701,2,30,0.20343610644340515,0.6722341775894165,1.2101856470108032,2,31,0.2558925151824951,0.8954609632492065,1.396108865737915,2,32,0.17420150339603424,0.8721679449081421,1.1982877254486084,2
0,0.6147827506065369,0.45641785860061646,-0.8734639286994934,2,1,0.6429159045219421,0.4129672050476074,-0.8857815265655518,2,2,0.6515569686889648,0.40976566076278687,-0.8857805728912354,2,3,0.6617076992988586,0.4044344425201416,-0.8858658075332642,2,4,0.6211444139480591,0.3949899673461914,-0.9185973405838013,2,5,0.6125553250312805,0.3775133490562439,-0.9190494418144226,2,6,0.6042057275772095,0.3599717915058136,-0.9189793467521667,2,7,0.6698119044303894,0.34552857279777527,-0.7520836591720581,2,8,0.5784196853637695,0.2622640132904053,-0.9023532271385193,2,9,0.6041280031204224,0.4666237533092499,-0.7967086434364319,2,10,0.5875797867774963,0.43746867775917053,-0.8398941159248352,2,11,0.6757264733314514,0.40820473432540894,-0.503716766834259,2,12,0.3926407992839813,0.2343679517507553,-0.6617870926856995,2,13,0.6650837659835815,0.5764173865318298,0.02435334399342537,2,14,0.1550138294696808,0.4619427025318146,-0.44953957200050354,2,15,0.6589677333831787,0.790163516998291,0.20599325001239777,2,16,0.23929987847805023,0.8873266577720642,-0.3755947947502136,2,17,0.6764360070228577,0.8467910885810852,0.2282366156578064,2,18,0.25925227999687195,0.9458041787147522,-0.39855948090553284,2,19,0.6659144163131714,0.8392692804336548,0.18132081627845764,2,20,0.31473052501678467,0.9063084125518799,-0.3858662545681,2,21,0.6507872343063354,0.8219375014305115,0.19755104184150696,2,22,0.3096310794353485,0.8837959170341492,-0.36224690079689026,2,23,0.38931551575660706,0.7840278744697571,0.04092572256922722,2,24,0.23695500195026398,0.6934639811515808,-0.04073648527264595,2,25,0.23344513773918152,0.9680593013763428,0.5512218475341797,2,26,0.1164969876408577,0.8287630677223206,0.4466378390789032,2,27,0.16019095480442047,1.1454795598983765,1.2774722576141357,2,28,0.019748959690332413,1.0559883117675781,1.0756957530975342,2,29,0.1549515277147293,1.1354265213012695,1.3447811603546143,2,30,0.017815526574850082,1.0510927438735962,1.1667391061782837,2,31,0.10074593871831894,1.2677210569381714,1.1646366119384766,2,32,-0.02599664404988289,1.23416006565094,0.923008918762207,2
0,0.5959117412567139,0.3950950503349304,-0.9204874038696289,2,1,0.6270776391029358,0.34862878918647766,-0.939322292804718,2,2,0.6369400024414062,0.3462122976779938,-0.9393187165260315,2,3,0.6490288376808167,0.3401259183883667,-0.9395735859870911,2,4,0.6008950471878052,0.3277275562286377,-0.9674997329711914,2,5,0.5918694734573364,0.3127955198287964,-0.9679440259933472,2,6,0.5824103951454163,0.29256418347358704,-0.9678964614868164,2,7,0.6581421494483948,0.2885133624076843,-0.8088333606719971,2,8,0.5590954422950745,0.19371691346168518,-0.9371954798698425,2,9,0.5890387892723083,0.4056966006755829,-0.8424280285835266,2,10,0.5697556734085083,0.3749137818813324,-0.8799210786819458,2,11,0.6654195189476013,0.37104901671409607,-0.5801824331283569,2,12,0.3823469877243042,0.20231151580810547,-0.6979767680168152,2,13,0.6615673303604126,0.5427555441856384,-0.045773956924676895,2,14,0.15482737123966217,0.4630565941333771,-0.4784696698188782,2,15,0.6580325365066528,0.7902801036834717,0.17127953469753265,2,16,0.24134017527103424,0.8867105841636658,-0.39716991782188416,2,17,0.6772744655609131,0.8467521667480469,0.19740644097328186,2,18,0.26668646931648254,0.947616457939148,-0.42479953169822693,2,19,0.66211998462677,0.8398605585098267,0.14640562236309052,2,20,0.31970760226249695,0.9069114923477173,-0.413924902677536,2,21,0.6471246480941772,0.8218275904655457,0.16503946483135223,2,22,0.31656742095947266,0.8838202357292175,-0.38555318117141724,2,23,0.39136525988578796,0.7592288851737976,0.03541680425405502,2,24,0.24739089608192444,0.6698796153068542,-0.03524718061089516,2,25,0.293256551027298,0.849974513053894,0.5982693433761597,2,26,0.13829302787780762,0.8010809421539307,0.4985247850418091,2,27,0.23741911351680756,0.7632232308387756,1.2943280935287476,2,28,0.09175609052181244,1.0021049976348877,1.1301956176757812,2,29,0.23556028306484222,0.8415579199790955,1.3672668933868408,2,30,0.09117341786623001,1.0358461141586304,1.2020734548568726,2,31,0.1909024715423584,0.9576979875564575,1.350024700164795,2,32,0.06900124996900558,1.1428709030151367,1.14252507686615,2
0,0.5809639692306519,0.27050796151161194,-0.9062095880508423,2,1,0.6177981495857239,0.22850947082042694,-0.9200764298439026,2,2,0.6283092498779297,0.23249639570713043,-0.9200338125228882,2,3,0.6391419768333435,0.23345443606376648,-0.9202520251274109,2,4,0.586851179599762,0.19062131643295288,-0.9604660868644714,2,5,0.5754948854446411,0.16821563243865967,-0.961357057094574,2,6,0.5652458667755127,0.14569930732250214,-0.9614263772964478,2,7,0.6538705229759216,0.20702075958251953,-0.7477930188179016,2,8,0.5456831455230713,0.08772129565477371,-0.825427234172821,2,9,0.5748637914657593,0.313720703125,-0.8256367444992065,2,10,0.5466039776802063,0.2738824486732483,-0.8768271803855896,2,11,0.6548629403114319,0.34601959586143494,-0.5175252556800842,2,12,0.3813273012638092,0.13227508962154388,-0.6634368896484375,2,13,0.6645199060440063,0.5443987250328064,-0.14173632860183716,2,14,0.158262237906456,0.4630909264087677,-0.5625835657119751,2,15,0.656417727470398,0.7825576066970825,-0.11780977249145508,2,16,0.24248415231704712,0.8869730830192566,-0.6695796251296997,2,17,0.6752654910087585,0.8423221111297607,-0.15803679823875427,2,18,0.2758483290672302,0.9494448900222778,-0.7538095712661743,2,19,0.6551609635353088,0.8345440626144409,-0.19955678284168243,2,20,0.32232987880706787,0.909436047077179,-0.7459965348243713,2,21,0.6412299275398254,0.8131557703018188,-0.1318899691104889,2,22,0.31930631399154663,0.886181652545929,-0.6651178598403931,2,23,0.39184191823005676,0.7428013682365417,0.014633367769420147,2,24,0.25368693470954895,0.6468104720115662,-0.014447568915784359,2,25,0.30506351590156555,0.8365487456321716,0.5979432463645935,2,26,0.1496102511882782,0.7452327609062195,0.5374845862388611,2,27,0.2501985728740692,0.7957513928413391,1.236871361732483,2,28,0.18320396542549133,0.7695809602737427,1.14141845703125,2,29,0.27783048152923584,0.8374109268188477,1.3075709342956543,2,30,0.1968792974948883,0.7569626569747925,1.2093788385391235,2,31,0.24099645018577576,0.938529908657074,1.3044946193695068,2,32,0.17630653083324432,0.8774172067642212,1.154611587524414,2
0,0.5852853059768677,0.2566160559654236,-0.8986274003982544,2,1,0.6201795339584351,0.21295985579490662,-0.9179210066795349,2,2,0.6309482455253601,0.2144085019826889,-0.9177395701408386,2,3,0.6418429017066956,0.21469850838184357,-0.9178469777107239,2,4,0.5906370282173157,0.18225105106830597,-0.9549567699432373,2,5,0.5786588191986084,0.1612027883529663,-0.956020712852478,2,6,0.5672191381454468,0.13755513727664948,-0.95601487159729,2,7,0.6533581614494324,0.17532673478126526,-0.7368394732475281,2,8,0.5404485464096069,0.06821507960557938,-0.8367945551872253,2,9,0.5748561024665833,0.29476067423820496,-0.8193876147270203,2,10,0.5470594763755798,0.2634521424770355,-0.8652210235595703,2,11,0.6513373255729675,0.2875077426433563,-0.5220202803611755,2,12,0.3729747533798218,0.10919971019029617,-0.6667947173118591,2,13,0.6667373180389404,0.5015769600868225,-0.14707277715206146,2,14,0.16261300444602966,0.4609453082084656,-0.5823695659637451,2,15,0.6569896340370178,0.7624064087867737,-0.04323071241378784,2,16,0.24439238011837006,0.8853392004966736,-0.6235906481742859,2,17,0.6759185194969177,0.8273211717605591,-0.060849208384752274,2,18,0.2785755693912506,0.950683057308197,-0.6858571171760559,2,19,0.653436005115509,0.8235388994216919,-0.0953214019536972,2,20,0.3272586166858673,0.9090811610221863,-0.6812213659286499,2,21,0.6387973427772522,0.7956137657165527,-0.052884023636579514,2,22,0.3259824514389038,0.8858036398887634,-0.6193231344223022,2,23,0.397197425365448,0.7232205867767334,0.02580575831234455,2,24,0.25819024443626404,0.6382795572280884,-0.025604337453842163,2,25,0.32113510370254517,0.8364091515541077,0.5926710963249207,2,26,0.17129896581172943,0.7454251050949097,0.5103590488433838,2,27,0.3094251751899719,0.7977481484413147,1.176095724105835,2,28,0.22616267204284668,0.7618474364280701,1.076337218284607,2,29,0.31855782866477966,0.8376491069793701,1.2372909784317017,2,30,0.23241883516311646,0.7389353513717651,1.1398406028747559,2,31,0.3071993589401245,0.948464035987854,1.2285888195037842,2,32,0.2409202754497528,0.8801904916763306,1.0950872898101807,2
0,0.5786083340644836,0.24067756533622742,-0.8826115131378174,2,1,0.6169716715812683,0.19095782935619354,-0.8918589353561401,2,2,0.6286588907241821,0.19314731657505035,-0.8918946981430054,2,3,0.640142560005188,0.19262094795703888,-0.8921291828155518,2,4,0.5840633511543274,0.158559188246727,-0.9203356504440308,2,5,0.570659875869751,0.13613826036453247,-0.9208194613456726,2,6,0.5587078332901001,0.11106116324663162,-0.9208700060844421,2,7,0.649875819683075,0.1539250910282135,-0.7231158018112183,2,8,0.5305222272872925,0.04148959368467331,-0.8315199017524719,2,9,0.5682617425918579,0.2746296226978302,-0.8034216165542603,2,10,0.5398357510566711,0.24525578320026398,-0.8402706980705261,2,11,0.6544862389564514,0.23998814821243286,-0.5217269062995911,2,12,0.361796110868454,0.10860264301300049,-0.6641599535942078,2,13,0.665844738483429,0.4797827899456024,-0.1436614841222763,2,14,0.16721630096435547,0.4600866138935089,-0.5711458325386047,2,15,0.6481218338012695,0.732194185256958,-0.01885315217077732,2,16,0.24638906121253967,0.8804473876953125,-0.6190500259399414,2,17,0.6714847087860107,0.8210332989692688,-0.03521876409649849,2,18,0.28045567870140076,0.9502460360527039,-0.6853237748146057,2,19,0.6468029022216797,0.8108972907066345,-0.06917428225278854,2,20,0.32932546734809875,0.9081550240516663,-0.6781687140464783,2,21,0.6301824450492859,0.7694365978240967,-0.0278015099465847,2,22,0.32743629813194275,0.8832328915596008,-0.6150041222572327,2,23,0.3982776999473572,0.7018365859985352,0.022402705624699593,2,24,0.2605026364326477,0.6359732151031494,-0.022083627060055733,2,25,0.36755621433258057,0.8349042534828186,0.5763253569602966,2,26,0.200689896941185,0.7523782253265381,0.49951446056365967,2,27,0.3684478998184204,0.8126521110534668,1.0979429483413696,2,28,0.2620712220668793,0.7555538415908813,1.0524197816848755,2,29,0.36865827441215515,0.8363123536109924,1.1535651683807373,2,30,0.2720626890659332,0.7289969325065613,1.1089606285095215,2,31,0.365592896938324,0.8969866633415222,1.15574049949646,2,32,0.27131450176239014,0.8691799640655518,1.0841375589370728,2
END PUSHUP
0,0.5743282437324524,0.7340725064277649,-0.6147103905677795,2,1,0.6141985654830933,0.7018433213233948,-0.660270094871521,2,2,0.6260490417480469,0.6974960565567017,-0.6602293848991394,2,3,0.6379684209823608,0.6934077739715576,-0.6602573990821838,2,4,0.5820536017417908,0.6912022829055786,-0.6878408789634705,2,5,0.5740489363670349,0.6784788370132446,-0.6883461475372314,2,6,0.5638031363487244,0.6664301753044128,-0.68860924243927,2,7,0.6564511060714722,0.6202809810638428,-0.6651818752288818,2,8,0.5519969463348389,0.5375673770904541,-0.8276091814041138,2,9,0.5795732736587524,0.6902177929878235,-0.5790755152702332,2,10,0.5484174489974976,0.6765287518501282,-0.6083384156227112,2,11,0.6833289861679077,0.35780876874923706,-0.5723486542701721,2,12,0.3968844413757324,0.24726220965385437,-0.6857951283454895,2,13,0.6755648851394653,0.5551617741584778,-0.19223475456237793,2,14,0.1621408611536026,0.44756999611854553,-0.6563228368759155,2,15,0.6634373068809509,0.7739667296409607,-0.059718623757362366,2,16,0.25403985381126404,0.8863856196403503,-0.6582967638969421,2,17,0.6858235597610474,0.7902998924255371,-0.0597316175699234,2,18,0.2865333557128906,0.9485219120979309,-0.7085707187652588,2,19,0.6621209979057312,0.7750353813171387,-0.0797637552022934,2,20,0.32882702350616455,0.9069054126739502,-0.6735671758651733,2,21,0.6510027647018433,0.77227783203125,-0.06287220865488052,2,22,0.32615917921066284,0.8808659911155701,-0.6407888531684875,2,23,0.47039860486984253,0.6533872485160828,0.08776155114173889,2,24,0.2962521016597748,0.6463025808334351,-0.08730748295783997,2,25,0.5125728249549866,0.666516125202179,0.5404764413833618,2,26,0.28038647770881653,0.6868323683738708,0.41283220052719116,2,27,0.5144426822662354,0.6928418278694153,1.1444051265716553,2,28,0.31508323550224304,0.7387422323226929,0.9702555537223816,2,29,0.5099706649780273,0.6597568988800049,1.208792805671692,2,30,0.3197439908981323,0.6928422451019287,1.0269644260406494,2,31,0.4832669496536255,0.8245100975036621,1.2320467233657837,2,32,0.305073618888855,0.8977636694908142,1.0131505727767944,2
0,0.6071128249168396,0.7649332284927368,-0.6320161819458008,2,1,0.6515751481056213,0.7493507266044617,-0.6748043894767761,2,2,0.6600404381752014,0.7432525157928467,-0.6748033165931702,2,3,0.6739482879638672,0.7337248921394348,-0.6748535633087158,2,4,0.6237252354621887,0.7459640502929688,-0.6950767040252686,2,5,0.611493706703186,0.7369413375854492,-0.6953510046005249,2,6,0.6037910580635071,0.730488657951355,-0.6953914761543274,2,7,0.6820576786994934,0.6513087749481201,-0.6755343079566956,2,8,0.5823276042938232,0.5619460940361023,-0.855407178401947,2,9,0.6017308831214905,0.7253062129020691,-0.588464081287384,2,10,0.5765004754066467,0.7123815417289734,-0.6303163766860962,2,11,0.6893750429153442,0.39572209119796753,-0.5765195488929749,2,12,0.40449726581573486,0.2721033990383148,-0.6983259320259094,2,13,0.677760660648346,0.5544416904449463,-0.18668873608112335,2,14,0.16136150062084198,0.45071420073509216,-0.6381068825721741,2,15,0.662891685962677,0.7670984864234924,-0.015764901414513588,2,16,0.2541954815387726,0.8964078426361084,-0.6153380870819092,2,17,0.6858875155448914,0.7772533893585205,-0.016195300966501236,2,18,0.2875496745109558,0.9551470875740051,-0.6520534753799438,2,19,0.6621494293212891,0.7654195427894592,-0.031005198135972023,2,20,0.32902854681015015,0.9111858606338501,-0.6044922471046448,2,21,0.6485315561294556,0.7601802349090576,-0.0172743983566761,2,22,0.3262490928173065,0.8862917423248291,-0.5885941982269287,2,23,0.4759608805179596,0.6624369621276855,0.08913777768611908,2,24,0.2982025742530823,0.6514756083488464,-0.08871565014123917,2,25,0.4785213768482208,0.6738558411598206,0.5707497000694275,2,26,0.27061691880226135,0.672492504119873,0.44346627593040466,2,27,0.45389828085899353,0.6821014881134033,1.1952388286590576,2,28,0.277840256690979,0.6634213328361511,1.020928978919983,2,29,0.4497378170490265,0.652646541595459,1.2650634050369263,2,30,0.27554717659950256,0.6046784520149231,1.082030177116394,2,31,0.4237004220485687,0.8048733472824097,1.3034873008728027,2,32,0.2721599042415619,0.8287554979324341,1.0969746112823486,2
0,0.6386661529541016,0.817388117313385,-0.5938085317611694,2,1,0.6684277057647705,0.8026628494262695,-0.6385620832443237,2,2,0.6779794096946716,0.792407214641571,-0.6384320855140686,2,3,0.6867513060569763,0.7841466665267944,-0.6383888125419617,2,4,0.6417226791381836,0.8006175756454468,-0.6749294400215149,2,5,0.6293389797210693,0.7926649451255798,-0.6755089163780212,2,6,0.6218971014022827,0.786819577217102,-0.6758970618247986,2,7,0.6903612017631531,0.6923896074295044,-0.6566923260688782,2,8,0.5942739844322205,0.6334628462791443,-0.8479065299034119,2,9,0.631890594959259,0.789885938167572,-0.568793535232544,2,10,0.6059597730636597,0.7830332517623901,-0.6201156973838806,2,11,0.6932966113090515,0.423484206199646,-0.5609856843948364,2,12,0.4077724814414978,0.2988310754299164,-0.6855620741844177,2,13,0.680438756942749,0.5434474945068359,-0.163831889629364,2,14,0.15994825959205627,0.456770122051239,-0.6200929284095764,2,15,0.6759100556373596,0.7532025575637817,-0.005535478238016367,2,16,0.2545913755893707,0.8975934982299805,-0.5742531418800354,2,17,0.7097333073616028,0.7657037973403931,-0.009410295635461807,2,18,0.2911110520362854,0.9560443758964539,-0.6113988161087036,2,19,0.682285487651825,0.7608690857887268,-0.027371149510145187,2,20,0.3301221430301666,0.9120670557022095,-0.5683179497718811,2,21,0.6601602435112,0.7536326050758362,-0.009933658875524998,2,22,0.3265621066093445,0.8880427479743958,-0.5494257807731628,2,23,0.47538408637046814,0.6758602857589722,0.09198936074972153,2,24,0.29964420199394226,0.6552678942680359,-0.09151961654424667,2,25,0.4683125913143158,0.6778040528297424,0.5653522610664368,2,26,0.26421698927879333,0.6690181493759155,0.42536216974258423,2,27,0.43446189165115356,0.6842124462127686,1.1704343557357788,2,28,0.2666861414909363,0.6570467352867126,0.9724810719490051,2,29,0.42957258224487305,0.6505138278007507,1.2381972074508667,2,30,0.2647362947463989,0.6035997271537781,1.028810739517212,2,31,0.40385299921035767,0.8047035336494446,1.2698410749435425,2,32,0.2614261209964752,0.7999399304389954,1.0434359312057495,2
0,0.6403993964195251,0.8109326958656311,-0.6127414107322693,2,1,0.67116379737854,0.8012316823005676,-0.6550934314727783,2,2,0.683526337146759,0.7979379892349243,-0.6549587249755859,2,3,0.6916606426239014,0.7905632853507996,-0.6549285650253296,2,4,0.6429021954536438,0.8026019930839539,-0.6909717917442322,2,5,0.6342675685882568,0.7984191179275513,-0.6915470957756042,2,6,0.6228469014167786,0.7838860750198364,-0.6919211745262146,2,7,0.6905146837234497,0.6762502789497375,-0.6601436138153076,2,8,0.5987198948860168,0.6314743161201477,-0.8508194088935852,2,9,0.6385622024536133,0.7883437871932983,-0.5841029286384583,2,10,0.611924946308136,0.7819920182228088,-0.6297206282615662,2,11,0.6908686757087708,0.4177425503730774,-0.5618857145309448,2,12,0.40767672657966614,0.30694302916526794,-0.6857888698577881,2,13,0.6610165238380432,0.5132264494895935,-0.1641659140586853,2,14,0.15835723280906677,0.4604937434196472,-0.6121289134025574,2,15,0.6711609959602356,0.6697246432304382,0.04269472509622574,2,16,0.25370436906814575,0.9008387327194214,-0.5256957411766052,2,17,0.7081186175346375,0.6661351919174194,0.047904834151268005,2,18,0.292465478181839,0.9573427438735962,-0.5525257587432861,2,19,0.6803777813911438,0.668705940246582,0.038960978388786316,2,20,0.3301359713077545,0.912966251373291,-0.5097588896751404,2,21,0.6592574715614319,0.668601393699646,0.042861297726631165,2,22,0.3255684971809387,0.8898739218711853,-0.5007156133651733,2,23,0.4752993881702423,0.6864171624183655,0.09040603041648865,2,24,0.30035316944122314,0.6766482591629028,-0.08997417241334915,2,25,0.48907405138015747,0.6896005272865295,0.5479241609573364,2,26,0.2647208571434021,0.6697995662689209,0.425533264875412,2,27,0.4469796121120453,0.6873606443405151,1.160264492034912,2,28,0.2614766061306,0.622947096824646,0.9818249940872192,2,29,0.4365350306034088,0.6494966745376587,1.2286522388458252,2,30,0.2603527903556824,0.5981709361076355,1.0408819913864136,2,31,0.4148169755935669,0.804802417755127,1.267480492591858,2,32,0.25790759921073914,0.7933289408683777,1.0624468326568604,2
0,0.6272254586219788,0.8187236785888672,-0.653179407119751,2,1,0.6598754525184631,0.8215263485908508,-0.6961439847946167,2,2,0.6710980534553528,0.8182185888290405,-0.6959372162818909,2,3,0.6810398101806641,0.8113418817520142,-0.695827305316925,2,4,0.6313722729682922,0.8108577132225037,-0.7238301038742065,2,5,0.6206441521644592,0.7980424165725708,-0.7244654893875122,2,6,0.6110743880271912,0.7882267832756042,-0.7249460220336914,2,7,0.6915423274040222,0.6676555871963501,-0.6981720328330994,2,8,0.5880843997001648,0.6541965007781982,-0.8467234969139099,2,9,0.6296310424804688,0.7660351395606995,-0.6257765889167786,2,10,0.5982854962348938,0.7689458131790161,-0.6632143259048462,2,11,0.6878095269203186,0.43911662697792053,-0.5819373726844788,2,12,0.40674006938934326,0.3195033669471741,-0.6734088659286499,2,13,0.6571983098983765,0.4548446536064148,-0.19644735753536224,2,14,0.15533873438835144,0.4615328907966614,-0.569844663143158,2,15,0.6601012349128723,0.5566093921661377,0.019062796607613564,2,16,0.25380998849868774,0.9002083539962769,-0.478561669588089,2,17,0.6946665644645691,0.5393993854522705,0.01745375618338585,2,18,0.29239997267723083,0.9570583701133728,-0.5015763640403748,2,19,0.6684958934783936,0.5445261597633362,0.01726805791258812,2,20,0.33016160130500793,0.9123926162719727,-0.46100473403930664,2,21,0.6477844715118408,0.5492937564849854,0.022612009197473526,2,22,0.3253888785839081,0.8897841572761536,-0.4538286030292511,2,23,0.47499948740005493,0.729703426361084,0.08259899169206619,2,24,0.30027106404304504,0.7118568420410156,-0.08228573203086853,2,25,0.47906556725502014,0.7311134934425354,0.5118259191513062,2,26,0.27058228850364685,0.6782410740852356,0.42581671476364136,2,27,0.455586701631546,0.7160345911979675,1.1203495264053345,2,28,0.26159971952438354,0.6380139589309692,0.9804365038871765,2,29,0.44926297664642334,0.6727991104125977,1.188571810722351,2,30,0.262807160615921,0.5995877981185913,1.0393261909484863,2,31,0.42282015085220337,0.8279088735580444,1.2244185209274292,2,32,0.2548121213912964,0.7863026261329651,1.0588809251785278,2
0,0.6284593939781189,0.8579597473144531,-0.6109288930892944,2,1,0.6621854901313782,0.8477638363838196,-0.6533363461494446,2,2,0.6745007038116455,0.8460831046104431,-0.6531203389167786,2,3,0.68419349193573,0.8405646085739136,-0.653033971786499,2,4,0.6330641508102417,0.850188136100769,-0.6871083378791809,2,5,0.6247645616531372,0.8443998098373413,-0.6876919865608215,2,6,0.6167749166488647,0.8376350402832031,-0.6881246566772461,2,7,0.6942312121391296,0.740156352519989,-0.6615036129951477,2,8,0.5995161533355713,0.6720330119132996,-0.8235138654708862,2,9,0.6334283351898193,0.8227413296699524,-0.5857508182525635,2,10,0.6046656370162964,0.8175889253616333,-0.6315545439720154,2,11,0.691006600856781,0.46239498257637024,-0.5616928935050964,2,12,0.4101017713546753,0.3241482377052307,-0.6485812664031982,2,13,0.6700372695922852,0.46050989627838135,-0.18791715800762177,2,14,0.15522116422653198,0.4599396884441376,-0.5579885244369507,2,15,0.6729958057403564,0.5769216418266296,0.00992714986205101,2,16,0.258574903011322,0.8974351286888123,-0.4900144040584564,2,17,0.7046194076538086,0.5659793615341187,0.003897794522345066,2,18,0.29523223638534546,0.9546626210212708,-0.5210399031639099,2,19,0.678922712802887,0.5666291117668152,0.0021770629100501537,2,20,0.3320223391056061,0.9107485413551331,-0.48013389110565186,2,21,0.6590969562530518,0.5678839087486267,0.01190496701747179,2,22,0.32739415764808655,0.8883478045463562,-0.46647462248802185,2,23,0.47450125217437744,0.7190253734588623,0.08201920241117477,2,24,0.30137062072753906,0.6964388489723206,-0.08172468841075897,2,25,0.49578502774238586,0.7228841781616211,0.506406843662262,2,26,0.27415648102760315,0.6748030781745911,0.424590528011322,2,27,0.45359134674072266,0.7074865102767944,1.12261164188385,2,28,0.2621077299118042,0.6336415410041809,0.9795538187026978,2,29,0.4453309178352356,0.6654344201087952,1.1919353008270264,2,30,0.26318496465682983,0.5894832611083984,1.0385220050811768,2,31,0.4155890643596649,0.8184986114501953,1.2287771701812744,2,32,0.2511795461177826,0.7568011283874512,1.0563868284225464,2
0,0.633770763874054,0.8630662560462952,-0.5817667245864868,2,1,0.665211021900177,0.854410707950592,-0.6295973062515259,2,2,0.6792216897010803,0.8482009768486023,-0.6293989419937134,2,3,0.688489556312561,0.8425306677818298,-0.6293498277664185,2,4,0.6382479071617126,0.8522380590438843,-0.6666983366012573,2,5,0.6308658123016357,0.8475096225738525,-0.6672868132591248,2,6,0.6196683049201965,0.8380868434906006,-0.6677062511444092,2,7,0.6976941823959351,0.7487778663635254,-0.6531420946121216,2,8,0.5996541380882263,0.7393777370452881,-0.8228955864906311,2,9,0.6399146914482117,0.832109808921814,-0.5606786608695984,2,10,0.6112343668937683,0.8329329490661621,-0.6110334396362305,2,11,0.6986673474311829,0.47210386395454407,-0.5601342916488647,2,12,0.4119426906108856,0.3226166069507599,-0.6491889357566833,2,13,0.6802271604537964,0.4881366789340973,-0.17798057198524475,2,14,0.15506581962108612,0.4596817195415497,-0.5618723630905151,2,15,0.6831885576248169,0.620676577091217,0.011460275389254093,2,16,0.2593614161014557,0.8933980464935303,-0.49527502059936523,2,17,0.7160776853561401,0.6257208585739136,0.005395398009568453,2,18,0.2959512770175934,0.9514910578727722,-0.5293400287628174,2,19,0.6908877491950989,0.6250939965248108,-0.002747401362285018,2,20,0.33226361870765686,0.9089787006378174,-0.48964664340019226,2,21,0.6696798205375671,0.6211121678352356,0.01110946573317051,2,22,0.32763582468032837,0.8864349722862244,-0.4728657901287079,2,23,0.47577986121177673,0.7138581871986389,0.08132757246494293,2,24,0.3014303147792816,0.6864409446716309,-0.0810416042804718,2,25,0.4945879876613617,0.7263205051422119,0.511014997959137,2,26,0.2726988196372986,0.6742776036262512,0.42737066745758057,2,27,0.4501602351665497,0.7093736529350281,1.1445153951644897,2,28,0.2622571289539337,0.6332837343215942,0.9918040633201599,2,29,0.442426860332489,0.6659032106399536,1.2149512767791748,2,30,0.2634984254837036,0.5868067145347595,1.0524643659591675,2,31,0.4100688695907593,0.8189656138420105,1.2503643035888672,2,32,0.2482742965221405,0.7535391449928284,1.0692325830459595,2
0,0.6364299654960632,0.8693816065788269,-0.5954070687294006,2,1,0.6672073602676392,0.8622761368751526,-0.6387837529182434,2,2,0.6797601580619812,0.8598631620407104,-0.6386004090309143,2,3,0.6882975101470947,0.8544819951057434,-0.638533890247345,2,4,0.6403986811637878,0.8642265796661377,-0.6722434163093567,2,5,0.6329295635223389,0.8597334623336792,-0.6728092432022095,2,6,0.6237917542457581,0.8530970215797424,-0.6732143759727478,2,7,0.7001093626022339,0.7536974549293518,-0.6555353403091431,2,8,0.5981924533843994,0.7539292573928833,-0.8118363618850708,2,9,0.6378615498542786,0.8442789316177368,-0.5726969242095947,2,10,0.6101840138435364,0.8378387093544006,-0.6194998621940613,2,11,0.6957242488861084,0.46600404381752014,-0.5615980625152588,2,12,0.4129844009876251,0.35169896483421326,-0.6394250988960266,2,13,0.6639005541801453,0.39068934321403503,-0.1779625564813614,2,14,0.1514342874288559,0.46033599972724915,-0.5494500398635864,2,15,0.6783145070075989,0.529801607131958,0.03377204388380051,2,16,0.2576678395271301,0.8944941163063049,-0.46403005719184875,2,17,0.7136330008506775,0.5243129134178162,0.02418702282011509,2,18,0.2934623062610626,0.9518488049507141,-0.49133455753326416,2,19,0.6901641488075256,0.5355618000030518,0.017227649688720703,2,20,0.33121880888938904,0.9094213843345642,-0.4520568549633026,2,21,0.667413592338562,0.5368067622184753,0.032686833292245865,2,22,0.32615822553634644,0.8873414993286133,-0.44090694189071655,2,23,0.47090429067611694,0.7080239057540894,0.08083231747150421,2,24,0.3001912534236908,0.6806041598320007,-0.08053040504455566,2,25,0.4952720105648041,0.7221461534500122,0.49172571301460266,2,26,0.2647385895252228,0.6727680563926697,0.4193628430366516,2,27,0.45359906554222107,0.7139390707015991,1.1189217567443848,2,28,0.24809546768665314,0.6309229135513306,0.9738249182701111,2,29,0.44542229175567627,0.6701641082763672,1.188058614730835,2,30,0.25144311785697937,0.5804253220558167,1.0332027673721313,2,31,0.416415274143219,0.8250693678855896,1.2224260568618774,2,32,0.231350839138031,0.7534635066986084,1.0429209470748901,2
0,0.636950671672821,0.8862554430961609,-0.5188817977905273,2,1,0.6677755117416382,0.8758641481399536,-0.5655227899551392,2,2,0.6811556220054626,0.8733432292938232,-0.5653502941131592,2,3,0.6904682517051697,0.8655766248703003,-0.5652398467063904,2,4,0.6416240930557251,0.8737750053405762,-0.6007762551307678,2,5,0.6346095204353333,0.8675192594528198,-0.6013267040252686,2,6,0.6234642863273621,0.8573363423347473,-0.6017141938209534,2,7,0.6998754143714905,0.7842047214508057,-0.6011046171188354,2,8,0.5972421169281006,0.7329038381576538,-0.7641153335571289,2,9,0.6383668184280396,0.863846480846405,-0.5037513375282288,2,10,0.6116617918014526,0.8560413122177124,-0.5518861413002014,2,11,0.6943751573562622,0.501277506351471,-0.5133683085441589,2,12,0.41287311911582947,0.35806265473365784,-0.6169140338897705,2,13,0.6665188074111938,0.4095331132411957,-0.15287302434444427,2,14,0.15000629425048828,0.46216437220573425,-0.5334241390228271,2,15,0.6856979727745056,0.5818595886230469,0.02056208625435829,2,16,0.25667932629585266,0.8944360613822937,-0.46289122104644775,2,17,0.7261010408401489,0.584896445274353,0.010210121981799603,2,18,0.2922424077987671,0.9522325396537781,-0.4935021996498108,2,19,0.699812114238739,0.5901974439620972,0.004622787702828646,2,20,0.3303295969963074,0.9101869463920593,-0.45268580317497253,2,21,0.6749732494354248,0.587600588798523,0.019425710663199425,2,22,0.32528257369995117,0.8882977962493896,-0.4397098422050476,2,23,0.4672185778617859,0.7244834899902344,0.08983353525400162,2,24,0.29119664430618286,0.6973778009414673,-0.0893181711435318,2,25,0.4567456543445587,0.7443997859954834,0.5001828074455261,2,26,0.24709877371788025,0.7020912170410156,0.4086936116218567,2,27,0.40912097692489624,0.7386376261711121,1.1226998567581177,2,28,0.24493363499641418,0.6791614890098572,0.9542723298072815,2,29,0.4009726345539093,0.6967201828956604,1.1907728910446167,2,30,0.24498623609542847,0.6260533928871155,1.0123826265335083,2,31,0.36608853936195374,0.850928008556366,1.2250758409500122,2,32,0.23554468154907227,0.8150046467781067,1.0211126804351807,2
0,0.6384665369987488,0.9381546378135681,-0.5026699304580688,2,1,0.6663297414779663,0.916637122631073,-0.5572547316551208,2,2,0.6783542037010193,0.9066944718360901,-0.5570387244224548,2,3,0.6875178217887878,0.8983443975448608,-0.5569473505020142,2,4,0.6402950286865234,0.9212351441383362,-0.5912584066390991,2,5,0.6315769553184509,0.9164078831672668,-0.591709554195404,2,6,0.6219760775566101,0.9125247001647949,-0.5920501947402954,2,7,0.6975810527801514,0.8264943361282349,-0.6148647665977478,2,8,0.5953367948532104,0.7780059576034546,-0.7706547975540161,2,9,0.6439153552055359,0.9092628955841064,-0.49552232027053833,2,10,0.6177037358283997,0.9137151837348938,-0.5410722494125366,2,11,0.6964691281318665,0.5433475375175476,-0.5221611857414246,2,12,0.4162062406539917,0.39456072449684143,-0.6163139939308167,2,13,0.7130178213119507,0.4921019971370697,-0.1823241114616394,2,14,0.15071068704128265,0.46237698197364807,-0.5404547452926636,2,15,0.6980107426643372,0.600886881351471,-0.0262717567384243,2,16,0.25719037652015686,0.894313395023346,-0.4774455726146698,2,17,0.7282467484474182,0.5983643531799316,-0.04801586642861366,2,18,0.2915297746658325,0.9499685764312744,-0.5116220116615295,2,19,0.7015777230262756,0.5967623591423035,-0.03052815981209278,2,20,0.3301454186439514,0.9100440740585327,-0.465042382478714,2,21,0.6790392994880676,0.594506025314331,-0.020608194172382355,2,22,0.3254876732826233,0.8884274363517761,-0.4428672790527344,2,23,0.49028050899505615,0.7191635966300964,0.08903335779905319,2,24,0.3280450403690338,0.6640681028366089,-0.08886308968067169,2,25,0.5018659234046936,0.7595639824867249,0.4792196452617645,2,26,0.25199103355407715,0.7169968485832214,0.3733670115470886,2,27,0.4432733356952667,0.7913569808006287,1.0966370105743408,2,28,0.24036113917827606,0.7391805648803711,0.8924287557601929,2,29,0.4347023367881775,0.7572267651557922,1.1621240377426147,2,30,0.23846188187599182,0.6987223625183105,0.9457539916038513,2,31,0.3960270881652832,0.9012576341629028,1.1623046398162842,2,32,0.22397606074810028,0.8669524192810059,0.8986374139785767,2
0,0.6353999972343445,0.9747849106788635,-0.5112438201904297,2,1,0.6547426581382751,0.9571260809898376,-0.568938672542572,2,2,0.6666610836982727,0.9470628499984741,-0.5686632990837097,2,3,0.6729874014854431,0.9444467425346375,-0.5685462355613708,2,4,0.6297053098678589,0.9616349935531616,-0.5969535112380981,2,5,0.6215476989746094,0.9585495591163635,-0.5974253416061401,2,6,0.6133831143379211,0.954452395439148,-0.5977973937988281,2,7,0.6968530416488647,0.8508267402648926,-0.6244891881942749,2,8,0.5949283242225647,0.8453856706619263,-0.7703982591629028,2,9,0.6406459808349609,0.9442525506019592,-0.5096904039382935,2,10,0.6159846782684326,0.951384961605072,-0.5468395948410034,2,11,0.6982753872871399,0.5749371647834778,-0.5638105273246765,2,12,0.4161451458930969,0.45693859457969666,-0.605324923992157,2,13,0.7067851424217224,0.42157649993896484,-0.1843792051076889,2,14,0.15120235085487366,0.45632579922676086,-0.5034730434417725,2,15,0.674225389957428,0.5202369689941406,0.027492862194776535,2,16,0.25729286670684814,0.8926634788513184,-0.44159841537475586,2,17,0.6977099180221558,0.5093876123428345,0.007115708664059639,2,18,0.29079172015190125,0.9489873647689819,-0.47057539224624634,2,19,0.6693858504295349,0.5152915716171265,0.024245191365480423,2,20,0.33005794882774353,0.9100431203842163,-0.434439480304718,2,21,0.6504827737808228,0.516211748123169,0.03427235037088394,2,22,0.3256089389324188,0.888488233089447,-0.41836854815483093,2,23,0.495260626077652,0.7099587321281433,0.08611569553613663,2,24,0.3375861942768097,0.6544934511184692,-0.08559083938598633,2,25,0.495293527841568,0.7543535828590393,0.48861801624298096,2,26,0.2744634747505188,0.7132729887962341,0.3975954055786133,2,27,0.4267425835132599,0.7828963994979858,1.11666738986969,2,28,0.24861393868923187,0.7350268363952637,0.9383078813552856,2,29,0.41592472791671753,0.7375790476799011,1.1873944997787476,2,30,0.2454274445772171,0.6962144374847412,0.9975407123565674,2,31,0.3769288659095764,0.8702430725097656,1.1956474781036377,2,32,0.23336157202720642,0.8519159555435181,0.9429510831832886,2
0,0.6215696334838867,0.9654910564422607,-0.4679509699344635,2,1,0.6389266848564148,0.950775682926178,-0.5297718048095703,2,2,0.649826169013977,0.9437499046325684,-0.529459536075592,2,3,0.6590697765350342,0.9382975101470947,-0.529323160648346,2,4,0.6118104457855225,0.9505901336669922,-0.5584262013435364,2,5,0.6039494276046753,0.9427438974380493,-0.5588399171829224,2,6,0.5962465405464172,0.935035228729248,-0.5592555403709412,2,7,0.6913977265357971,0.8430977463722229,-0.6268298029899597,2,8,0.5893991589546204,0.823553740978241,-0.7644003629684448,2,9,0.6307140588760376,0.932221531867981,-0.4784545302391052,2,10,0.6009371280670166,0.9300040006637573,-0.517095148563385,2,11,0.699090838432312,0.5783149600028992,-0.5728418827056885,2,12,0.4156823456287384,0.42856404185295105,-0.606380820274353,2,13,0.7076261639595032,0.48185017704963684,-0.20317627489566803,2,14,0.15163332223892212,0.44846710562705994,-0.5123120546340942,2,15,0.675581157207489,0.5452360510826111,-0.011679784394800663,2,16,0.2559141516685486,0.8851940631866455,-0.4612383246421814,2,17,0.6980075836181641,0.539497971534729,-0.03496070206165314,2,18,0.2871864140033722,0.944766104221344,-0.4946335256099701,2,19,0.6698099970817566,0.549701452255249,-0.0048708124086260796,2,20,0.32841968536376953,0.9091798067092896,-0.4598592519760132,2,21,0.6513883471488953,0.5510143637657166,-0.00019252841593697667,2,22,0.324130654335022,0.8876451253890991,-0.43970003724098206,2,23,0.5018917322158813,0.6938441395759583,0.08554504066705704,2,24,0.34763097763061523,0.6162272691726685,-0.08512452244758606,2,25,0.49185726046562195,0.7665517330169678,0.49325627088546753,2,26,0.26947784423828125,0.7071748971939087,0.3822762072086334,2,27,0.43779003620147705,0.8093369007110596,1.1165772676467896,2,28,0.23472380638122559,0.7439252734184265,0.9067664742469788,2,29,0.43187570571899414,0.7768223285675049,1.1845643520355225,2,30,0.2351822704076767,0.7037023901939392,0.9599087238311768,2,31,0.3887871205806732,0.9084463119506836,1.178769588470459,2,32,0.20529396831989288,0.8810055255889893,0.8962501287460327,2
0,0.622228741645813,0.9628989696502686,-0.4567963480949402,2,1,0.639913022518158,0.9385255575180054,-0.5121164917945862,2,2,0.6508884429931641,0.9301080107688904,-0.5118445754051208,2,3,0.6596906185150146,0.9209115505218506,-0.5117274522781372,2,4,0.615029513835907,0.9507456421852112,-0.5454511046409607,2,5,0.6060693264007568,0.9464073181152344,-0.5458868741989136,2,6,0.5989218950271606,0.9428746104240417,-0.5461723208427429,2,7,0.6734451055526733,0.8383170366287231,-0.5969130396842957,2,8,0.5882722735404968,0.8359298706054688,-0.7490702867507935,2,9,0.6283774971961975,0.9326707720756531,-0.459401398897171,2,10,0.6005690097808838,0.9459315538406372,-0.5040291547775269,2,11,0.6814397573471069,0.5539082884788513,-0.5500941872596741,2,12,0.41493213176727295,0.4489745795726776,-0.5921780467033386,2,13,0.6877347826957703,0.4719034433364868,-0.16057562828063965,2,14,0.15241937339305878,0.4482249915599823,-0.5011338591575623,2,15,0.685617983341217,0.5628258585929871,0.0059690396301448345,2,16,0.25266900658607483,0.8793457746505737,-0.4280959963798523,2,17,0.7233735918998718,0.561229944229126,-0.019397469237446785,2,18,0.2849641442298889,0.9414131045341492,-0.4565547704696655,2,19,0.6882731318473816,0.5650008320808411,-0.005136298947036266,2,20,0.3253176808357239,0.9059247374534607,-0.4293328821659088,2,21,0.6605460047721863,0.5615668892860413,0.011357034556567669,2,22,0.3187423050403595,0.8839694261550903,-0.41054385900497437,2,23,0.47805896401405334,0.6806344389915466,0.09862415492534637,2,24,0.33705785870552063,0.6181536912918091,-0.09788546711206436,2,25,0.4868571162223816,0.7640256285667419,0.4963267743587494,2,26,0.2502042055130005,0.7368990182876587,0.3466092050075531,2,27,0.41522514820098877,0.7916331887245178,1.111369013786316,2,28,0.2189277708530426,0.7981151342391968,0.8426971435546875,2,29,0.4021299481391907,0.7579632997512817,1.1762367486953735,2,30,0.2117190957069397,0.7595387101173401,0.8934169411659241,2,31,0.3800423741340637,0.8834130764007568,1.1865060329437256,2,32,0.21101121604442596,0.9330387711524963,0.8504903316497803,2
0,0.622252881526947,0.9674162864685059,-0.49139267206192017,2,1,0.6406422257423401,0.9415463209152222,-0.5446465015411377,2,2,0.6510524153709412,0.9321181178092957,-0.5444177389144897,2,3,0.6598338484764099,0.9189673066139221,-0.5443230271339417,2,4,0.6151159405708313,0.95579594373703,-0.57728511095047,2,5,0.6064125299453735,0.9539947509765625,-0.5777665972709656,2,6,0.5991286039352417,0.9482423067092896,-0.57810378074646,2,7,0.674180805683136,0.8417118191719055,-0.6407712697982788,2,8,0.588493287563324,0.8435674905776978,-0.7872003316879272,2,9,0.6278452277183533,0.9406825304031372,-0.4845621883869171,2,10,0.6002292633056641,0.9507953524589539,-0.5288388729095459,2,11,0.6812862753868103,0.5655512809753418,-0.5910597443580627,2,12,0.4148024618625641,0.451450377702713,-0.6266366839408875,2,13,0.687965452671051,0.4733634889125824,-0.18535837531089783,2,14,0.15332692861557007,0.44698959589004517,-0.5276839137077332,2,15,0.6911798715591431,0.5658079385757446,-0.000126817831187509,2,16,0.24976389110088348,0.8750967383384705,-0.44723474979400635,2,17,0.7250497937202454,0.5576997399330139,-0.02742156945168972,2,18,0.2800876796245575,0.9360194206237793,-0.46710243821144104,2,19,0.6929249167442322,0.5614893436431885,-0.006332365330308676,2,20,0.321309894323349,0.9043751358985901,-0.46915751695632935,2,21,0.6654223203659058,0.5610119700431824,0.009619507938623428,2,22,0.31468820571899414,0.882858395576477,-0.441558837890625,2,23,0.4781832695007324,0.6760949492454529,0.09815295785665512,2,24,0.3376260995864868,0.6235500574111938,-0.0972374752163887,2,25,0.4898347854614258,0.7695325016975403,0.4972866177558899,2,26,0.2515160143375397,0.7734615802764893,0.351498007774353,2,27,0.4123944044113159,0.7871965765953064,1.142406940460205,2,28,0.20608530938625336,0.8588959574699402,0.8706737160682678,2,29,0.3982051610946655,0.7509592175483704,1.2074605226516724,2,30,0.19463740289211273,0.8271206617355347,0.9227100610733032,2,31,0.3774179220199585,0.8921643495559692,1.1867767572402954,2,32,0.19493909180164337,0.9922606348991394,0.8464590311050415,2
0,0.6168232560157776,0.9752904772758484,-0.490548700094223,2,1,0.6345931887626648,0.9791294932365417,-0.5478924512863159,2,2,0.6442505121231079,0.9712075591087341,-0.5476236343383789,2,3,0.6533079743385315,0.96268230676651,-0.5475178360939026,2,4,0.6121927499771118,0.9623677730560303,-0.5784429907798767,2,5,0.6042482852935791,0.9584037661552429,-0.5789145827293396,2,6,0.5958888530731201,0.9520323872566223,-0.5792693495750427,2,7,0.6637580990791321,0.8662547469139099,-0.6409966945648193,2,8,0.5792182087898254,0.8871335983276367,-0.7819799184799194,2,9,0.6233766078948975,0.9445722103118896,-0.49202534556388855,2,10,0.5964993834495544,0.9482048749923706,-0.5330098867416382,2,11,0.6844342947006226,0.5855401754379272,-0.588403046131134,2,12,0.4153282940387726,0.45724838972091675,-0.6144519448280334,2,13,0.6903213262557983,0.4488707482814789,-0.1826619803905487,2,14,0.15475116670131683,0.44578421115875244,-0.5171545743942261,2,15,0.6904496550559998,0.5696452856063843,0.009462784044444561,2,16,0.24845926463603973,0.8707184791564941,-0.4521591365337372,2,17,0.7254999279975891,0.5670533180236816,-0.01755809411406517,2,18,0.2804369032382965,0.9313676357269287,-0.47952860593795776,2,19,0.6920992136001587,0.5698679089546204,-0.0030031234491616488,2,20,0.32045719027519226,0.9025664329528809,-0.45575931668281555,2,21,0.6653741598129272,0.5678656697273254,0.01596616581082344,2,22,0.31356850266456604,0.8812037110328674,-0.43601423501968384,2,23,0.4803614914417267,0.6622018814086914,0.09644923359155655,2,24,0.3351730406284332,0.6084098219871521,-0.09554246068000793,2,25,0.4811328053474426,0.7147148847579956,0.5138837695121765,2,26,0.25360074639320374,0.66506427526474,0.40711158514022827,2,27,0.4098730981349945,0.6875728964805603,1.1655082702636719,2,28,0.22501860558986664,0.6129814982414246,0.9635463356971741,2,29,0.39782434701919556,0.6445316672325134,1.2354633808135986,2,30,0.21766947209835052,0.559538722038269,1.0239577293395996,2,31,0.3749046325683594,0.7702353000640869,1.2521406412124634,2,32,0.2281593382358551,0.7156966328620911,1.012101173400879,2
0,0.6150547862052917,0.9799644351005554,-0.48289069533348083,2,1,0.6325521469116211,0.9637532830238342,-0.5370779633522034,2,2,0.641743540763855,0.9549790024757385,-0.5368090271949768,2,3,0.6500831246376038,0.9447798132896423,-0.5367181897163391,2,4,0.6114809513092041,0.9669475555419922,-0.5696185231208801,2,5,0.6029720902442932,0.9621202349662781,-0.5700646042823792,2,6,0.5954725742340088,0.957913339138031,-0.5703999400138855,2,7,0.6610851883888245,0.86403888463974,-0.6211455464363098,2,8,0.5761346817016602,0.9057281017303467,-0.7672011256217957,2,9,0.6185481548309326,0.9447396397590637,-0.48403865098953247,2,10,0.596043586730957,0.9543666243553162,-0.5270154476165771,2,11,0.6873767971992493,0.5793977975845337,-0.5711570978164673,2,12,0.4154643416404724,0.44830968976020813,-0.6024397015571594,2,13,0.6933348774909973,0.4504898190498352,-0.16959615051746368,2,14,0.156424418091774,0.4458271861076355,-0.5098634958267212,2,15,0.6999292373657227,0.5749333500862122,0.013068806380033493,2,16,0.2482530027627945,0.869574248790741,-0.446218341588974,2,17,0.7420579791069031,0.5717596411705017,-0.013147746212780476,2,18,0.28104498982429504,0.9269406795501709,-0.4770697057247162,2,19,0.7053268551826477,0.5731232762336731,-0.0035472447052598,2,20,0.31991511583328247,0.9013650417327881,-0.4479333460330963,2,21,0.6776711940765381,0.5715497732162476,0.017293088138103485,2,22,0.3130892217159271,0.8803824782371521,-0.4280170500278473,2,23,0.47945693135261536,0.6617143750190735,0.09623093158006668,2,24,0.33217230439186096,0.611701250076294,-0.0954241007566452,2,25,0.4754171073436737,0.6970759034156799,0.5211228728294373,2,26,0.25859445333480835,0.6492928266525269,0.4061986207962036,2,27,0.40580397844314575,0.6629340648651123,1.1589795351028442,2,28,0.24485662579536438,0.5998797416687012,0.9556515216827393,2,29,0.3942998945713043,0.6197789907455444,1.227860689163208,2,30,0.239735409617424,0.5477749705314636,1.014418125152588,2,31,0.3713272511959076,0.7458454966545105,1.2548171281814575,2,32,0.2543557286262512,0.7110451459884644,1.0068565607070923,2
0,0.6166478991508484,0.9691992998123169,-0.4787694811820984,2,1,0.636496365070343,0.9592486619949341,-0.5283999443054199,2,2,0.6436614394187927,0.9453997611999512,-0.5281253457069397,2,3,0.6503174304962158,0.9346848726272583,-0.5280066728591919,2,4,0.6169828176498413,0.9584824442863464,-0.5617879033088684,2,5,0.6096652746200562,0.9492781758308411,-0.5622764825820923,2,6,0.6026020646095276,0.9409988522529602,-0.562579333782196,2,7,0.662472665309906,0.8485396504402161,-0.5896271467208862,2,8,0.5751532912254333,0.870537281036377,-0.7413359880447388,2,9,0.6195499897003174,0.9308796525001526,-0.47423362731933594,2,10,0.5967461466789246,0.9375016689300537,-0.5185111165046692,2,11,0.6824042797088623,0.5677490830421448,-0.5304672122001648,2,12,0.4153375029563904,0.43827465176582336,-0.5843904614448547,2,13,0.6931745409965515,0.4542995095252991,-0.13993877172470093,2,14,0.15656064450740814,0.4479821026325226,-0.4965583384037018,2,15,0.7008895874023438,0.578480064868927,0.023787636309862137,2,16,0.24822068214416504,0.869377076625824,-0.41687947511672974,2,17,0.7432410717010498,0.5747702717781067,0.0018088778015226126,2,18,0.2814353406429291,0.9265332818031311,-0.44349080324172974,2,19,0.7068818807601929,0.5771934390068054,0.008544695563614368,2,20,0.32009151577949524,0.9009082913398743,-0.4127640724182129,2,21,0.6790622472763062,0.5741176009178162,0.027056491002440453,2,22,0.3133421242237091,0.8801432251930237,-0.397394597530365,2,23,0.4684896171092987,0.6824289560317993,0.10302232950925827,2,24,0.3076559603214264,0.6498086452484131,-0.1024094671010971,2,25,0.43239104747772217,0.6988010406494141,0.5302007794380188,2,26,0.2451295554637909,0.6724498271942139,0.3900904655456543,2,27,0.37732258439064026,0.6732916831970215,1.1506634950637817,2,28,0.2303992211818695,0.6374740600585938,0.9032097458839417,2,29,0.36696857213974,0.6316760778427124,1.2159221172332764,2,30,0.22255414724349976,0.5846971273422241,0.9573574662208557,2,31,0.34729641675949097,0.758256196975708,1.247558355331421,2,32,0.2465635985136032,0.7412513494491577,0.9540427327156067,2
0,0.6085761785507202,0.8989000916481018,-0.498853862285614,2,1,0.6300970315933228,0.8905153274536133,-0.5293026566505432,2,2,0.6369168758392334,0.8855229616165161,-0.5291593074798584,2,3,0.645842432975769,0.8835580348968506,-0.5292008519172668,2,4,0.6101289391517639,0.8888835310935974,-0.5622389316558838,2,5,0.6038351655006409,0.8858067989349365,-0.5627726316452026,2,6,0.5978911519050598,0.884093701839447,-0.5632381439208984,2,7,0.6549972891807556,0.8242633938789368,-0.5907230973243713,2,8,0.573038637638092,0.8434628248214722,-0.7374657392501831,2,9,0.6063430309295654,0.8716233968734741,-0.4786803424358368,2,10,0.5855475664138794,0.8722019791603088,-0.5215199589729309,2,11,0.6770757436752319,0.561853289604187,-0.5212196111679077,2,12,0.41422930359840393,0.43390852212905884,-0.5742809176445007,2,13,0.6879742741584778,0.4845123887062073,-0.1376030296087265,2,14,0.15527638792991638,0.44803816080093384,-0.47924506664276123,2,15,0.6894904971122742,0.6047407984733582,0.02003718726336956,2,16,0.2479601949453354,0.8696818351745605,-0.38398900628089905,2,17,0.728432297706604,0.5923693776130676,-0.00021473850938491523,2,18,0.2833020091056824,0.9269559979438782,-0.4065569043159485,2,19,0.6938404440879822,0.5895510911941528,0.007498288527131081,2,20,0.3202367424964905,0.9002982974052429,-0.37291160225868225,2,21,0.6680912375450134,0.5906376242637634,0.023637855425477028,2,22,0.31336644291877747,0.878704309463501,-0.3637174367904663,2,23,0.44526591897010803,0.71817547082901,0.10303782671689987,2,24,0.2889039218425751,0.6917892098426819,-0.10243703424930573,2,25,0.43448585271835327,0.7548233866691589,0.5288338661193848,2,26,0.22238507866859436,0.7317243814468384,0.3794126808643341,2,27,0.37933218479156494,0.7100424766540527,1.1403285264968872,2,28,0.20571276545524597,0.732306957244873,0.8822500109672546,2,29,0.3743356168270111,0.6666027903556824,1.2055901288986206,2,30,0.19999772310256958,0.6892147660255432,0.9361831545829773,2,31,0.36620965600013733,0.7818652391433716,1.2463351488113403,2,32,0.21820765733718872,0.8409408330917358,0.922055184841156,2
0,0.6013322472572327,0.8856550455093384,-0.5012776255607605,2,1,0.621342658996582,0.8774715065956116,-0.5391538143157959,2,2,0.6281916499137878,0.8742679953575134,-0.5389710068702698,2,3,0.6385548710823059,0.8736355900764465,-0.5389582514762878,2,4,0.6018099188804626,0.8743196129798889,-0.5715867877006531,2,5,0.596285879611969,0.8721590042114258,-0.5721017718315125,2,6,0.5915682315826416,0.8705902695655823,-0.5725317597389221,2,7,0.6460922360420227,0.8129863142967224,-0.5890648365020752,2,8,0.5694610476493835,0.8329148888587952,-0.744371235370636,2,9,0.5981777906417847,0.8570945262908936,-0.4851595163345337,2,10,0.578548014163971,0.8556951880455017,-0.5286558270454407,2,11,0.6710701584815979,0.5439063906669617,-0.5178041458129883,2,12,0.40972498059272766,0.43248313665390015,-0.5811084508895874,2,13,0.6676074266433716,0.4908239245414734,-0.10584504157304764,2,14,0.1533486396074295,0.4479970932006836,-0.4684734046459198,2,15,0.6800695061683655,0.6386153101921082,0.06260453909635544,2,16,0.2473655641078949,0.8689242601394653,-0.3604879379272461,2,17,0.7211011052131653,0.6307689547538757,0.050533369183540344,2,18,0.28421783447265625,0.9300897717475891,-0.3797439932823181,2,19,0.6879914402961731,0.6303644776344299,0.050092171877622604,2,20,0.3200628459453583,0.9003128409385681,-0.34841403365135193,2,21,0.661683976650238,0.6303596496582031,0.06428403407335281,2,22,0.31322771310806274,0.8779244422912598,-0.34058162569999695,2,23,0.42620787024497986,0.73598313331604,0.10828237980604172,2,24,0.27033814787864685,0.7218471169471741,-0.10768482089042664,2,25,0.41782739758491516,0.7769050002098083,0.5288081765174866,2,26,0.2084159404039383,0.7959645986557007,0.3555928170681,2,27,0.3654005825519562,0.7051198482513428,1.1396907567977905,2,28,0.19515559077262878,0.827244222164154,0.8627790212631226,2,29,0.3742881119251251,0.6820452213287354,1.2046294212341309,2,30,0.1890079379081726,0.7866354584693909,0.9175817370414734,2,31,0.3661104738712311,0.7924827933311462,1.2457841634750366,2,32,0.20976033806800842,0.9488525390625,0.9088691473007202,2
0,0.5998530983924866,0.8580350279808044,-0.580287516117096,2,1,0.6213582158088684,0.8517407178878784,-0.6229445934295654,2,2,0.6279371380805969,0.8458383679389954,-0.6227875351905823,2,3,0.6362174153327942,0.840588390827179,-0.6228154301643372,2,4,0.6022000908851624,0.8544415235519409,-0.6623040437698364,2,5,0.5968114137649536,0.8540955185890198,-0.6627550721168518,2,6,0.5904160737991333,0.8486865162849426,-0.6629610061645508,2,7,0.6417138576507568,0.7662221193313599,-0.6484463214874268,2,8,0.5646378397941589,0.7336721420288086,-0.829321563243866,2,9,0.5943769812583923,0.8205858469009399,-0.559394121170044,2,10,0.5772576928138733,0.822917640209198,-0.6121872067451477,2,11,0.6633294224739075,0.5145163536071777,-0.5579556822776794,2,12,0.4105566143989563,0.39057520031929016,-0.679313600063324,2,13,0.6562793850898743,0.5047893524169922,-0.15819376707077026,2,14,0.15309759974479675,0.44588103890419006,-0.5907031297683716,2,15,0.670541524887085,0.6588005423545837,0.0344247967004776,2,16,0.2454824149608612,0.8689820170402527,-0.5001715421676636,2,17,0.7105922698974609,0.6536720395088196,0.029475728049874306,2,18,0.2841840088367462,0.9311548471450806,-0.5371370911598206,2,19,0.6816433072090149,0.6558690071105957,0.015810687094926834,2,20,0.3199170231819153,0.9002666473388672,-0.5127041935920715,2,21,0.6549758315086365,0.6545377373695374,0.032662004232406616,2,22,0.3132927119731903,0.8773558735847473,-0.4861878454685211,2,23,0.4114127457141876,0.7354636788368225,0.11303946375846863,2,24,0.25800999999046326,0.7194240689277649,-0.11230330914258957,2,25,0.4194090962409973,0.7795329093933105,0.6051638722419739,2,26,0.18868951499462128,0.8012544512748718,0.3939254581928253,2,27,0.366505891084671,0.6708163022994995,1.284860610961914,2,28,0.17035675048828125,0.8468525409698486,0.98871248960495,2,29,0.3783990740776062,0.6820284724235535,1.3572617769241333,2,30,0.16129009425640106,0.8050529360771179,1.0522269010543823,2,31,0.37185871601104736,0.7946637868881226,1.3904813528060913,2,32,0.18398545682430267,0.9839041233062744,1.02700936794281,2
0,0.5930740833282471,0.8656846284866333,-0.6005329489707947,2,1,0.6157770156860352,0.8565406203269958,-0.6433439254760742,2,2,0.6231435537338257,0.8497742414474487,-0.643162190914154,2,3,0.6322548985481262,0.8442916870117188,-0.643154501914978,2,4,0.5968177914619446,0.8594345450401306,-0.6858235597610474,2,5,0.590476393699646,0.8579071164131165,-0.6863740682601929,2,6,0.5852277278900146,0.85263592004776,-0.6866047382354736,2,7,0.6416109800338745,0.7681488990783691,-0.6644742488861084,2,8,0.5638834834098816,0.7388855218887329,-0.8581733703613281,2,9,0.588962197303772,0.8299583196640015,-0.5792073607444763,2,10,0.570874810218811,0.8306605219841003,-0.6359468102455139,2,11,0.6624209880828857,0.5091935396194458,-0.5694311857223511,2,12,0.4126585125923157,0.35565441846847534,-0.703901469707489,2,13,0.6406741738319397,0.5051111578941345,-0.157989040017128,2,14,0.15194299817085266,0.44151878356933594,-0.6087114214897156,2,15,0.6480850577354431,0.6671739220619202,0.047513894736766815,2,16,0.24337640404701233,0.8681061863899231,-0.5090538859367371,2,17,0.688317596912384,0.6684188842773438,0.04415513202548027,2,18,0.2839212119579315,0.9314996600151062,-0.5425137281417847,2,19,0.6607417464256287,0.6696071028709412,0.03643978014588356,2,20,0.3201288878917694,0.8996765613555908,-0.5101458430290222,2,21,0.6343908905982971,0.6649614572525024,0.04788654297590256,2,22,0.31396064162254333,0.8757563829421997,-0.4900292158126831,2,23,0.4054702818393707,0.734586775302887,0.11620167642831802,2,24,0.24896930158138275,0.7104963064193726,-0.1155150830745697,2,25,0.40526261925697327,0.774342954158783,0.6160058975219727,2,26,0.19572600722312927,0.8001594543457031,0.4211583137512207,2,27,0.36562204360961914,0.6741159558296204,1.2889561653137207,2,28,0.18400059640407562,0.7929220199584961,1.0213595628738403,2,29,0.3610835075378418,0.6641255617141724,1.3614407777786255,2,30,0.17646440863609314,0.7380593419075012,1.0867724418640137,2,31,0.3536131680011749,0.787659227848053,1.4039708375930786,2,32,0.18826770782470703,0.9302720427513123,1.0875626802444458,2
0,0.5888878703117371,0.7483315467834473,-0.7616317272186279,2,1,0.6119909286499023,0.735268771648407,-0.7900173664093018,2,2,0.6193408966064453,0.7364079356193542,-0.7899065613746643,2,3,0.6284297108650208,0.7330698370933533,-0.789928138256073,2,4,0.5936389565467834,0.7150809168815613,-0.8348821401596069,2,5,0.5877540111541748,0.7022307515144348,-0.8354446291923523,2,6,0.5834048986434937,0.693465530872345,-0.8356918692588806,2,7,0.6367343664169312,0.6579874157905579,-0.7407367825508118,2,8,0.5642637610435486,0.6029893159866333,-0.948039174079895,2,9,0.5795139074325562,0.7040904760360718,-0.7162930965423584,2,10,0.5669854879379272,0.6859552264213562,-0.7768279314041138,2,11,0.661233127117157,0.48740828037261963,-0.5948078632354736,2,12,0.4122137427330017,0.29466983675956726,-0.7810859084129333,2,13,0.619755208492279,0.6000605821609497,-0.17702198028564453,2,14,0.15197066962718964,0.44156917929649353,-0.7165215611457825,2,15,0.620136559009552,0.7626031041145325,-0.03566256910562515,2,16,0.24418827891349792,0.8680123090744019,-0.6800870299339294,2,17,0.6513075232505798,0.7770974636077881,-0.04160476103425026,2,18,0.28664904832839966,0.9316348433494568,-0.730010449886322,2,19,0.6349447965621948,0.7726100087165833,-0.06445382535457611,2,20,0.32299795746803284,0.8966870903968811,-0.7020311951637268,2,21,0.6107653975486755,0.7586578130722046,-0.041576746851205826,2,22,0.3185237646102905,0.8726449608802795,-0.6634381413459778,2,23,0.409719318151474,0.7328477501869202,0.11366184055805206,2,24,0.25554540753364563,0.7052286863327026,-0.11302068084478378,2,25,0.3595844507217407,0.7811196446418762,0.6438575983047485,2,26,0.16709467768669128,0.7990294098854065,0.43312475085258484,2,27,0.3348912000656128,0.6717970371246338,1.3023110628128052,2,28,0.1633995622396469,0.7849504351615906,1.0504939556121826,2,29,0.3604861795902252,0.6972140669822693,1.3708996772766113,2,30,0.15817713737487793,0.7364825010299683,1.1154061555862427,2,31,0.3479907214641571,0.8214053511619568,1.3729692697525024,2,32,0.16392728686332703,0.9218761324882507,1.0690633058547974,2
0,0.5870867967605591,0.6700902581214905,-0.7316957116127014,2,1,0.6106213331222534,0.6617616415023804,-0.7626771330833435,2,2,0.6176406741142273,0.6628680229187012,-0.7626131176948547,2,3,0.6266391277313232,0.6665495038032532,-0.7626546025276184,2,4,0.593305230140686,0.6406134963035583,-0.8065508604049683,2,5,0.5882275700569153,0.6292990446090698,-0.8071467280387878,2,6,0.5838524699211121,0.618548572063446,-0.8073665499687195,2,7,0.6373428702354431,0.5888868570327759,-0.7167711853981018,2,8,0.5647143721580505,0.5050044059753418,-0.9184541702270508,2,9,0.5784400105476379,0.6500738859176636,-0.6855179071426392,2,10,0.5659146904945374,0.6225453019142151,-0.744808554649353,2,11,0.6565125584602356,0.4506470561027527,-0.588759183883667,2,12,0.4069630205631256,0.26235225796699524,-0.7431254982948303,2,13,0.6253529191017151,0.6156131029129028,-0.11777084320783615,2,14,0.15195220708847046,0.4491918385028839,-0.6525207757949829,2,15,0.6329671144485474,0.762579083442688,0.015717793256044388,2,16,0.2476852685213089,0.8683461546897888,-0.6280153393745422,2,17,0.6608752012252808,0.8056557178497314,0.014174855314195156,2,18,0.2913040220737457,0.9317287802696228,-0.6764155626296997,2,19,0.6449960470199585,0.7971540093421936,-0.05184056609869003,2,20,0.32631176710128784,0.8957151770591736,-0.6537450551986694,2,21,0.6174739003181458,0.7877078652381897,-0.0010301786242052913,2,22,0.3230648338794708,0.8717272281646729,-0.6133893132209778,2,23,0.40534907579421997,0.7334807515144348,0.10698427259922028,2,24,0.2501898407936096,0.7026536464691162,-0.1064673587679863,2,25,0.3265642523765564,0.8140050172805786,0.6343647837638855,2,26,0.1651533544063568,0.7850208878517151,0.4587431848049164,2,27,0.30520713329315186,0.8145589828491211,1.3090661764144897,2,28,0.17206570506095886,0.8047332763671875,1.0850160121917725,2,29,0.30684894323349,0.7852761149406433,1.3803125619888306,2,30,0.1683465540409088,0.762359619140625,1.1513005495071411,2,31,0.2776429355144501,0.9275158047676086,1.3766939640045166,2,32,0.17341209948062897,0.9534785747528076,1.1058461666107178,2
0,0.57706218957901,0.6065807342529297,-0.551199197769165,2,1,0.6022741794586182,0.5996741652488708,-0.5895177721977234,2,2,0.6091228723526001,0.5982013940811157,-0.5895911455154419,2,3,0.617615818977356,0.5996128916740417,-0.589709460735321,2,4,0.5864890217781067,0.5757078528404236,-0.6284613013267517,2,5,0.5822833776473999,0.5613266825675964,-0.6291401386260986,2,6,0.5767996907234192,0.5419674515724182,-0.6293196082115173,2,7,0.6324710249900818,0.5215297341346741,-0.5891860127449036,2,8,0.552149772644043,0.4468591511249542,-0.7659732699394226,2,9,0.5694536566734314,0.5828758478164673,-0.5221896767616272,2,10,0.5580229163169861,0.5534774661064148,-0.5748094916343689,2,11,0.638684868812561,0.3956737816333771,-0.4667817950248718,2,12,0.40177834033966064,0.22211696207523346,-0.5910802483558655,2,13,0.6318219304084778,0.5979750156402588,0.02265062928199768,2,14,0.1530596762895584,0.45504817366600037,-0.4776393175125122,2,15,0.6354861855506897,0.7745075821876526,0.19525164365768433,2,16,0.24980944395065308,0.8782215714454651,-0.49770769476890564,2,17,0.6607704162597656,0.825692892074585,0.20510102808475494,2,18,0.2944773733615875,0.9372284412384033,-0.5353633165359497,2,19,0.6494113206863403,0.8178364038467407,0.16466297209262848,2,20,0.32973340153694153,0.8987630605697632,-0.5353116393089294,2,21,0.6185371279716492,0.7989257574081421,0.1884707808494568,2,22,0.3265951871871948,0.87544846534729,-0.49112269282341003,2,23,0.3770752251148224,0.7331627607345581,0.07429841160774231,2,24,0.20358237624168396,0.6759652495384216,-0.07332467287778854,2,25,0.21675507724285126,0.9741150736808777,0.4474734663963318,2,26,0.08279617130756378,0.8578293323516846,0.319599449634552,2,27,0.1336302012205124,1.15912663936615,1.0319044589996338,2,28,-0.016918202862143517,1.0931065082550049,0.8147728443145752,2,29,0.12738724052906036,1.145491361618042,1.0874837636947632,2,30,-0.031201891601085663,1.0807230472564697,0.8597923517227173,2,31,0.07834804058074951,1.2861802577972412,0.9974509477615356,2,32,-0.03981926664710045,1.2590246200561523,0.7260211706161499,2
0,0.5819383263587952,0.6018730998039246,-0.6675465106964111,2,1,0.606562077999115,0.5832470655441284,-0.6862844228744507,2,2,0.6138283610343933,0.5829200744628906,-0.6863453984260559,2,3,0.6210708618164062,0.5813027620315552,-0.6865227818489075,2,4,0.591235876083374,0.5666230320930481,-0.7282413244247437,2,5,0.5869750380516052,0.5557641983032227,-0.7287750244140625,2,6,0.5804425477981567,0.5404272675514221,-0.7289093732833862,2,7,0.6331521272659302,0.5141087770462036,-0.6096089482307434,2,8,0.5526401400566101,0.43698039650917053,-0.7687509059906006,2,9,0.5713514685630798,0.5842268466949463,-0.6131594777107239,2,10,0.5597513914108276,0.5615513324737549,-0.6685676574707031,2,11,0.6454545259475708,0.3796057403087616,-0.49571600556373596,2,12,0.40135881304740906,0.21926432847976685,-0.6158626079559326,2,13,0.6337504982948303,0.5898421406745911,-0.020303627476096153,2,14,0.15562285482883453,0.4565819203853607,-0.5124458074569702,2,15,0.6390498876571655,0.772597074508667,0.0055911485105752945,2,16,0.2565435469150543,0.8803271651268005,-0.5128675103187561,2,17,0.6642805933952332,0.8248743414878845,-0.01155768521130085,2,18,0.296558678150177,0.9375525712966919,-0.5621091723442078,2,19,0.6516368985176086,0.8171198964118958,-0.05654337257146835,2,20,0.3342791199684143,0.8997921347618103,-0.5419455170631409,2,21,0.6280396580696106,0.7966610789299011,-0.009861632250249386,2,22,0.3304942548274994,0.8766145706176758,-0.5007814764976501,2,23,0.38804641366004944,0.7311908602714539,0.07690040022134781,2,24,0.22047355771064758,0.6723418235778809,-0.07562117278575897,2,25,0.2798396050930023,0.848537027835846,0.48513779044151306,2,26,0.13835348188877106,0.7133922576904297,0.36733248829841614,2,27,0.27320846915245056,0.8752009272575378,1.1101088523864746,2,28,0.1734124720096588,0.7462373375892639,0.852330207824707,2,29,0.24939657747745514,0.8102884292602539,1.173042893409729,2,30,0.1739863008260727,0.7059693336486816,0.9049224853515625,2,31,0.21710103750228882,0.8920799493789673,1.149049997329712,2,32,0.1984081268310547,0.7835944890975952,0.9119634628295898,2
0,0.5802773833274841,0.6184272766113281,-0.7505385875701904,2,1,0.6073626279830933,0.5735780000686646,-0.7718790769577026,2,2,0.6145712733268738,0.5707243084907532,-0.7718811631202698,2,3,0.6225534677505493,0.5701069235801697,-0.7720008492469788,2,4,0.5915554761886597,0.5547633767127991,-0.8130704760551453,2,5,0.5872095823287964,0.5439726114273071,-0.8136246204376221,2,6,0.580830454826355,0.5285468697547913,-0.8137962818145752,2,7,0.633321225643158,0.4939531087875366,-0.671377956867218,2,8,0.5533037185668945,0.39952704310417175,-0.8555986285209656,2,9,0.5744936466217041,0.5700939893722534,-0.6882864236831665,2,10,0.5614795088768005,0.5460799336433411,-0.7432729601860046,2,11,0.6485633254051208,0.39516979455947876,-0.4986037611961365,2,12,0.40081581473350525,0.1922047734260559,-0.6676580905914307,2,13,0.6532824039459229,0.585188627243042,-0.04136333242058754,2,14,0.15564660727977753,0.4554135203361511,-0.5534945130348206,2,15,0.6398696899414062,0.7794094681739807,-0.00028946835664100945,2,16,0.25632405281066895,0.8805298805236816,-0.5674782395362854,2,17,0.6671581864356995,0.8271780610084534,-0.013647624291479588,2,18,0.2938304841518402,0.9388530254364014,-0.6192426085472107,2,19,0.6527566909790039,0.8175026178359985,-0.05226612091064453,2,20,0.3339768350124359,0.9018376469612122,-0.5941911339759827,2,21,0.6363451480865479,0.7976009845733643,-0.012472407892346382,2,22,0.32994362711906433,0.8784758448600769,-0.5521548390388489,2,23,0.3892518877983093,0.7413795590400696,0.0790303573012352,2,24,0.23175422847270966,0.673760712146759,-0.07817136496305466,2,25,0.32113370299339294,0.8294469714164734,0.5543184280395508,2,26,0.15331944823265076,0.6859146356582642,0.4406241178512573,2,27,0.2917971909046173,0.8133408427238464,1.1970809698104858,2,28,0.1734040081501007,0.6868906617164612,1.0253797769546509,2,29,0.2808215320110321,0.746308445930481,1.2667127847671509,2,30,0.17347115278244019,0.6420588493347168,1.0901432037353516,2,31,0.252938449382782,0.8728957772254944,1.2822421789169312,2,32,0.19281013309955597,0.7963263392448425,1.0833579301834106,2
0,0.5628052949905396,0.519463062286377,-0.8359436392784119,2,1,0.590995728969574,0.5103403925895691,-0.8693033456802368,2,2,0.5989367365837097,0.5124424695968628,-0.8692758679389954,2,3,0.6093308329582214,0.5172130465507507,-0.8693371415138245,2,4,0.5739967226982117,0.4855627119541168,-0.9050901532173157,2,5,0.5694426894187927,0.46868324279785156,-0.9056693911552429,2,6,0.5653666257858276,0.4547146260738373,-0.9058770537376404,2,7,0.6267280578613281,0.45335909724235535,-0.783827006816864,2,8,0.5522864460945129,0.36061394214630127,-0.9460508227348328,2,9,0.558579683303833,0.5044510364532471,-0.7716505527496338,2,10,0.5460954308509827,0.47456827759742737,-0.8196908831596375,2,11,0.6523349285125732,0.37476471066474915,-0.5677950382232666,2,12,0.397482693195343,0.1599637269973755,-0.7507898807525635,2,13,0.6692051291465759,0.581716001033783,-0.07143726199865341,2,14,0.15838460624217987,0.45384150743484497,-0.6526859402656555,2,15,0.6419827342033386,0.787085235118866,0.031205344945192337,2,16,0.25579798221588135,0.8813860416412354,-0.7107628583908081,2,17,0.667768120765686,0.8343714475631714,0.03408199921250343,2,18,0.2915501296520233,0.942171573638916,-0.7717110514640808,2,19,0.6537754535675049,0.819476306438446,-0.014709877781569958,2,20,0.3338720202445984,0.9054077863693237,-0.750797688961029,2,21,0.6372771859169006,0.7993583679199219,0.01941942423582077,2,22,0.32962921261787415,0.8805672526359558,-0.6963791251182556,2,23,0.3885918855667114,0.7520256042480469,0.06465097516775131,2,24,0.23362626135349274,0.6739678382873535,-0.0640796646475792,2,25,0.30467167496681213,0.8652816414833069,0.5836912393569946,2,26,0.14292070269584656,0.7087165713310242,0.4789636731147766,2,27,0.2537793517112732,0.9116874933242798,1.2965160608291626,2,28,0.13396912813186646,0.8072073459625244,1.1387873888015747,2,29,0.24941858649253845,0.8705471754074097,1.370568871498108,2,30,0.1343914419412613,0.7756231427192688,1.2092913389205933,2,31,0.19990649819374084,1.01591956615448,1.3325656652450562,2,32,0.12798237800598145,0.9634445905685425,1.1430319547653198,2
0,0.5605459213256836,0.4584817886352539,-0.8964576125144958,2,1,0.5859196782112122,0.4473196566104889,-0.9276166558265686,2,2,0.5953856706619263,0.44904908537864685,-0.9275884628295898,2,3,0.606390655040741,0.4516560435295105,-0.9277703762054443,2,4,0.5635269284248352,0.42399996519088745,-0.9636125564575195,2,5,0.5570724010467529,0.41105639934539795,-0.9641711711883545,2,6,0.5505009889602661,0.3971453309059143,-0.9644314050674438,2,7,0.6274288296699524,0.40468868613243103,-0.820989727973938,2,8,0.5377067923545837,0.3157428801059723,-0.9831164479255676,2,9,0.5597613453865051,0.4501888155937195,-0.8234681487083435,2,10,0.5419018864631653,0.4227290153503418,-0.8708351850509644,2,11,0.6805561184883118,0.30693843960762024,-0.628493070602417,2,12,0.3894888162612915,0.13693733513355255,-0.7478410601615906,2,13,0.7057278752326965,0.4988473951816559,-0.1827635020017624,2,14,0.1627473384141922,0.4504675269126892,-0.6240178346633911,2,15,0.6571226716041565,0.7768312692642212,-0.07524707168340683,2,16,0.2555670142173767,0.8824172616004944,-0.6323521733283997,2,17,0.6703512072563171,0.8283918499946594,-0.09260356426239014,2,18,0.29154470562934875,0.9433413743972778,-0.6861507892608643,2,19,0.6541770100593567,0.8209523558616638,-0.13956362009048462,2,20,0.3335381746292114,0.9095010161399841,-0.6640851497650146,2,21,0.6400190591812134,0.7992850542068481,-0.08854876458644867,2,22,0.3293485939502716,0.8838114142417908,-0.6170181632041931,2,23,0.4030015170574188,0.7441128492355347,0.04900830611586571,2,24,0.25183865427970886,0.6471747756004333,-0.04874042794108391,2,25,0.3317939043045044,0.8125681281089783,0.6096658110618591,2,26,0.16120545566082,0.6508225202560425,0.5210527181625366,2,27,0.3216383159160614,0.7408514618873596,1.2768611907958984,2,28,0.2162296175956726,0.5517149567604065,1.1531742811203003,2,29,0.3202742338180542,0.6937330365180969,1.3508092164993286,2,30,0.19693732261657715,0.5540849566459656,1.2250046730041504,2,31,0.288482666015625,0.8033447861671448,1.3569315671920776,2,32,0.20198313891887665,0.6207098960876465,1.2193461656570435,2
0,0.5529823303222656,0.4188961386680603,-0.90607088804245,2,1,0.5777456164360046,0.4116297960281372,-0.9351697564125061,2,2,0.5879146456718445,0.4148838520050049,-0.9351723194122314,2,3,0.6002520322799683,0.42007747292518616,-0.9354076981544495,2,4,0.5551727414131165,0.3863261044025421,-0.9687187671661377,2,5,0.5482111573219299,0.3721773326396942,-0.9692232012748718,2,6,0.5422829985618591,0.35980743169784546,-0.9694465398788452,2,7,0.622063398361206,0.371777206659317,-0.8222605586051941,2,8,0.5318931937217712,0.28918567299842834,-0.9735332131385803,2,9,0.5546712279319763,0.41360747814178467,-0.8314171433448792,2,10,0.5342429876327515,0.3826560974121094,-0.8752927780151367,2,11,0.6896631717681885,0.2818198502063751,-0.6265989542007446,2,12,0.38367408514022827,0.1183992326259613,-0.7403756976127625,2,13,0.7061486840248108,0.49674880504608154,-0.21589632332324982,2,14,0.16808365285396576,0.4383997619152069,-0.6203648447990417,2,15,0.6634190678596497,0.777957022190094,-0.1336357295513153,2,16,0.2555074095726013,0.8797100186347961,-0.635973334312439,2,17,0.6739541292190552,0.8278651237487793,-0.15487295389175415,2,18,0.2915177345275879,0.9429560303688049,-0.6946678161621094,2,19,0.6551189422607422,0.8256502151489258,-0.19985517859458923,2,20,0.3334183692932129,0.9093740582466125,-0.6720921993255615,2,21,0.6439489722251892,0.8042755722999573,-0.14713968336582184,2,22,0.3291949927806854,0.8837460875511169,-0.6205332279205322,2,23,0.40832823514938354,0.7250828146934509,0.04374387115240097,2,24,0.25972822308540344,0.6396929025650024,-0.043528325855731964,2,25,0.3364633321762085,0.7955108284950256,0.600104570388794,2,26,0.17423070967197418,0.6566327214241028,0.5164204835891724,2,27,0.33047372102737427,0.7466930747032166,1.2594943046569824,2,28,0.22375939786434174,0.6277710795402527,1.129534125328064,2,29,0.33174726366996765,0.7088145613670349,1.3298053741455078,2,30,0.22862885892391205,0.6033822298049927,1.1986668109893799,2,31,0.3000028729438782,0.8199763298034668,1.332607626914978,2,32,0.22930815815925598,0.6581849455833435,1.188240647315979,2
0,0.5486478805541992,0.4082002341747284,-0.9142272472381592,2,1,0.5741264224052429,0.3948797881603241,-0.9454794526100159,2,2,0.585048496723175,0.39839476346969604,-0.945466935634613,2,3,0.597358763217926,0.4024931788444519,-0.9456825852394104,2,4,0.5496066212654114,0.36597925424575806,-0.9765316843986511,2,5,0.5426424741744995,0.35145020484924316,-0.9770007729530334,2,6,0.5366670489311218,0.337789922952652,-0.9772165417671204,2,7,0.6212061047554016,0.3530955910682678,-0.8368152379989624,2,8,0.5274084210395813,0.26304909586906433,-0.9760511517524719,2,9,0.5529366135597229,0.40347325801849365,-0.8409375548362732,2,10,0.5310472846031189,0.37166255712509155,-0.8813594579696655,2,11,0.6889420747756958,0.28066784143447876,-0.634020209312439,2,12,0.37867245078086853,0.10886285454034805,-0.7392972111701965,2,13,0.7010133266448975,0.48541688919067383,-0.22096048295497894,2,14,0.17030276358127594,0.42877188324928284,-0.6129596829414368,2,15,0.6676570177078247,0.7898364067077637,-0.13883157074451447,2,16,0.2560388445854187,0.8797405958175659,-0.6201648116111755,2,17,0.6764463782310486,0.8395476341247559,-0.16070879995822906,2,18,0.2928304076194763,0.9431153535842896,-0.6769667863845825,2,19,0.6566133499145508,0.8306646347045898,-0.20717494189739227,2,20,0.33419591188430786,0.9105610847473145,-0.6547631025314331,2,21,0.6475684642791748,0.8095728158950806,-0.15295645594596863,2,22,0.330440491437912,0.8848289251327515,-0.6047133803367615,2,23,0.4102468192577362,0.7097541689872742,0.04271218553185463,2,24,0.2615121603012085,0.6335047483444214,-0.04250902682542801,2,25,0.3408915400505066,0.7921761870384216,0.6066417694091797,2,26,0.17446234822273254,0.6615868210792542,0.5227267742156982,2,27,0.3337160348892212,0.7533709406852722,1.251094102859497,2,28,0.21688519418239594,0.6532728672027588,1.1447367668151855,2,29,0.33590251207351685,0.7182550430297852,1.3219563961029053,2,30,0.22492355108261108,0.6229780912399292,1.2148412466049194,2,31,0.3072648346424103,0.8354388475418091,1.3251879215240479,2,32,0.22253616154193878,0.6794772744178772,1.2022759914398193,2
0,0.5477828979492188,0.3998841643333435,-0.8703573942184448,2,1,0.5727456212043762,0.3879530429840088,-0.9012224078178406,2,2,0.5833558440208435,0.39271628856658936,-0.9012452363967896,2,3,0.5952907204627991,0.3977181315422058,-0.9014666676521301,2,4,0.5497934818267822,0.3603310286998749,-0.9316160082817078,2,5,0.543119490146637,0.3456494212150574,-0.9320592880249023,2,6,0.5374251008033752,0.3319546580314636,-0.9322797656059265,2,7,0.6199896335601807,0.34886473417282104,-0.8032994866371155,2,8,0.5286487936973572,0.2573179602622986,-0.9488056302070618,2,9,0.5519067049026489,0.39970889687538147,-0.8020098805427551,2,10,0.5305985808372498,0.36446836590766907,-0.8420040011405945,2,11,0.6876504421234131,0.2690487504005432,-0.6174386739730835,2,12,0.3771335184574127,0.10839668661355972,-0.72282475233078,2,13,0.706807553768158,0.4773924648761749,-0.21962237358093262,2,14,0.17236201465129852,0.4254413843154907,-0.5945808291435242,2,15,0.6745245456695557,0.7830706834793091,-0.1519021838903427,2,16,0.25589123368263245,0.8798309564590454,-0.6109983325004578,2,17,0.6824629902839661,0.8352966904640198,-0.1765146106481552,2,18,0.29368552565574646,0.9436262249946594,-0.6678728461265564,2,19,0.6585370302200317,0.8284229636192322,-0.22093835473060608,2,20,0.3346571624279022,0.9113686084747314,-0.6466525793075562,2,21,0.6502031683921814,0.8060975074768066,-0.16593347489833832,2,22,0.3312072455883026,0.8853502869606018,-0.5960276126861572,2,23,0.4139266014099121,0.7070836424827576,0.041555006057024,2,24,0.26389434933662415,0.6367119550704956,-0.04137561097741127,2,25,0.35163381695747375,0.8112211227416992,0.5874601006507874,2,26,0.180986687541008,0.666358232498169,0.5069297552108765,2,27,0.3499264717102051,0.8038482666015625,1.1940457820892334,2,28,0.22944967448711395,0.6655890941619873,1.1101535558700562,2,29,0.3520025610923767,0.772746205329895,1.2609270811080933,2,30,0.23997549712657928,0.6403904557228088,1.1770747900009155,2,31,0.34121236205101013,0.8413199186325073,1.257153868675232,2,32,0.2309470772743225,0.7185900211334229,1.1607005596160889,2
0,0.5423544049263,0.39203301072120667,-0.8027948141098022,2,1,0.5686836838722229,0.3790454566478729,-0.8262518048286438,2,2,0.5791952610015869,0.3810386061668396,-0.8264118432998657,2,3,0.5920636057853699,0.3876163065433502,-0.8266902565956116,2,4,0.5455834865570068,0.349469393491745,-0.8466541171073914,2,5,0.5391311645507812,0.3339439630508423,-0.8469008803367615,2,6,0.5327181816101074,0.31487685441970825,-0.8471243381500244,2,7,0.6178005337715149,0.3299671709537506,-0.7242786288261414,2,8,0.5255969762802124,0.23459039628505707,-0.8321365118026733,2,9,0.5472850799560547,0.39672085642814636,-0.7334014773368835,2,10,0.5249409675598145,0.3550049960613251,-0.7613480091094971,2,11,0.6708491444587708,0.26675137877464294,-0.5534650683403015,2,12,0.3772293031215668,0.09429188817739487,-0.6142128109931946,2,13,0.6870079040527344,0.5296869874000549,-0.20328472554683685,2,14,0.1777142882347107,0.42061847448349,-0.5079405307769775,2,15,0.6734040379524231,0.7915880680084229,-0.138265460729599,2,16,0.25616368651390076,0.8770322203636169,-0.5571531653404236,2,17,0.6818035244941711,0.8475644588470459,-0.16666394472122192,2,18,0.2970770597457886,0.9433425068855286,-0.6149736642837524,2,19,0.6587849259376526,0.8362796902656555,-0.21228818595409393,2,20,0.33696699142456055,0.911306619644165,-0.6017490029335022,2,21,0.6493061780929565,0.8087090253829956,-0.15367965400218964,2,22,0.33372679352760315,0.885123074054718,-0.5465152263641357,2,23,0.40885037183761597,0.7149257063865662,0.01898849382996559,2,24,0.2629319429397583,0.6389404535293579,-0.018681811168789864,2,25,0.35476329922676086,0.8666695356369019,0.503719687461853,2,26,0.18504634499549866,0.7361792325973511,0.4998156428337097,2,27,0.3459876477718353,0.9081351161003113,1.0915045738220215,2,28,0.2210758626461029,0.7898439764976501,1.0433635711669922,2,29,0.34744903445243835,0.8818769454956055,1.1529701948165894,2,30,0.22862114012241364,0.7728633880615234,1.103367567062378,2,31,0.33197295665740967,0.87198805809021,1.1318590641021729,2,32,0.22441887855529785,0.885579526424408,1.0715452432632446,2
0,0.5385464429855347,0.3770870864391327,-0.718540608882904,2,1,0.5666977167129517,0.361712783575058,-0.7412392497062683,2,2,0.5756961703300476,0.363943487405777,-0.7413885593414307,2,3,0.5857533812522888,0.36606135964393616,-0.7416032552719116,2,4,0.5455398559570312,0.3278605043888092,-0.7684813737869263,2,5,0.538312554359436,0.30562710762023926,-0.7687832713127136,2,6,0.5332036018371582,0.2899203896522522,-0.7689898610115051,2,7,0.6059731841087341,0.29784563183784485,-0.6541233658790588,2,8,0.5243593454360962,0.2126394361257553,-0.781316339969635,2,9,0.5412715077400208,0.3716906011104584,-0.6570621728897095,2,10,0.5210287570953369,0.3276039958000183,-0.6933229565620422,2,11,0.655767023563385,0.2580064535140991,-0.503288984298706,2,12,0.37333521246910095,0.08570600301027298,-0.5761939883232117,2,13,0.6843621730804443,0.5371766686439514,-0.20526985824108124,2,14,0.18360881507396698,0.42170414328575134,-0.4798736274242401,2,15,0.6731783747673035,0.787363588809967,-0.22919930517673492,2,16,0.25702133774757385,0.8737671971321106,-0.5339881777763367,2,17,0.6842330098152161,0.8414085507392883,-0.27375030517578125,2,18,0.29829421639442444,0.9426030516624451,-0.5922260880470276,2,19,0.6590867638587952,0.829585075378418,-0.3150075376033783,2,20,0.3374522924423218,0.9108874797821045,-0.5816166996955872,2,21,0.6483307480812073,0.8058704137802124,-0.2458566576242447,2,22,0.33447694778442383,0.8838834166526794,-0.5246163010597229,2,23,0.40663501620292664,0.7166951894760132,0.007534228265285492,2,24,0.26137807965278625,0.6401688456535339,-0.0071731205098330975,2,25,0.36073750257492065,0.928301215171814,0.4420899748802185,2,26,0.20024217665195465,0.7559264302253723,0.44641050696372986,2,27,0.3438829481601715,1.0262176990509033,1.0246219635009766,2,28,0.19564157724380493,0.9313706159591675,0.9587516188621521,2,29,0.3448503911495209,1.008265495300293,1.0828362703323364,2,30,0.206386536359787,0.9276623129844666,1.0128365755081177,2,31,0.3038865029811859,1.127446174621582,1.0471433401107788,2,32,0.1562226563692093,1.0313589572906494,0.9554506540298462,2
END PUSHUP
